,Player,Matches,Innings,Not_Out,Runs,Highest_Score,Average,Balls_Faced,SR,Hundreds,Fifties,Zeros,Fours,Sixes,Player_Name,Country
0,MR Adair (IRE),56,36,6,498,72,16.6,370,134.59,0,1,3,39,23,MR Adair,IRE
1,R Shepherd (WI),33,22,8,453,52*,32.35,316,143.35,0,1,0,29,31,R Shepherd,WI
2,Rashid Khan (AFG),43,30,9,348,48*,16.57,264,131.81,0,0,1,27,21,Rashid Khan,AFG
3,Shaheen Shah Afridi (PAK),58,34,15,292,33*,15.36,229,127.51,0,0,6,16,22,Shaheen Shah Afridi,PAK
4,Faheem Ashraf (PAK),34,23,5,284,51,15.77,202,140.59,0,1,2,24,14,Faheem Ashraf,PAK
5,LM Jongwe (ZIM),35,25,7,279,35,15.5,228,122.36,0,0,2,27,7,LM Jongwe,ZIM
6,Karan KC (NEP),48,28,12,250,33*,15.62,166,150.6,0,0,2,13,19,Karan KC,NEP
7,Shakeel Ahmed (OMA),46,25,7,243,45,13.5,253,96.04,0,0,3,16,9,Shakeel Ahmed,OMA
8,Z Bimenyimana (RWN),80,51,16,233,25*,6.65,197,118.27,0,0,13,13,13,Z Bimenyimana,RWN
9,BJ McCarthy (IRE),52,31,12,225,51*,11.84,193,116.58,0,1,3,14,13,BJ McCarthy,IRE
10,AM Kimote (TAN),50,31,15,222,32,13.87,216,102.77,0,0,3,24,2,AM Kimote,TAN
11,AJ Hosein (WI),76,25,11,215,44*,15.35,173,124.27,0,0,4,15,11,AJ Hosein,WI
12,Saad Bin Zafar (CAN),32,14,11,213,33*,71,150,142,0,0,0,20,8,Saad Bin Zafar,CAN
13,Rizwan Butt (BHR),68,32,11,212,34*,10.09,178,119.1,0,0,7,6,15,Rizwan Butt,BHR
14,JO Holder (WI),29,17,8,208,34*,23.11,122,170.49,0,0,4,14,14,JO Holder,WI
15,D Heyliger (CAN),30,18,11,204,28*,29.14,132,154.54,0,0,0,19,11,D Heyliger,CAN
16,Ehsan Khan (HKG),65,38,18,202,22*,10.1,195,103.58,0,0,4,12,6,Ehsan Khan,HKG
17,Khalid Ahmadi (BEL),28,18,6,191,25*,15.91,120,159.16,0,0,2,7,18,Khalid Ahmadi,BEL
18,IO Okpe (NGA),25,19,4,191,35*,12.73,196,97.44,0,0,3,10,5,IO Okpe,NGA
19,Zain Ul Abidin (KSA),29,18,6,190,58,15.83,152,125,0,1,3,10,12,Zain Ul Abidin,KSA
20,LN Oluoch (KENYA),31,24,10,189,29,13.5,171,110.52,0,0,2,11,8,LN Oluoch,KENYA
21,WP Masakadza (ZIM),50,28,7,184,34,8.76,188,97.87,0,0,2,12,5,WP Masakadza,ZIM
22,K Irakoze (RWN),34,23,6,182,23,10.7,206,88.34,0,0,5,13,4,K Irakoze,RWN
23,Rishad Hossain (BAN),44,24,6,181,53,10.05,132,137.12,0,1,5,13,14,Rishad Hossain,BAN
24,SA Jumbe (TAN),22,14,6,173,76*,21.62,146,118.49,0,1,1,17,7,SA Jumbe,TAN
25,C Bah (SLE),29,20,3,172,43*,10.11,166,103.61,0,0,2,11,6,C Bah,SLE
26,P Useni (NGA),20,13,3,171,37,17.1,111,154.05,0,0,0,7,15,P Useni,NGA
27,Muslim Yar (GER),23,13,6,170,39,24.28,123,138.21,0,0,1,11,9,Muslim Yar,GER
28,F Nsubuga (UGA),49,21,7,162,31*,11.57,155,104.51,0,0,5,9,8,F Nsubuga,UGA
29,C Karunaratne (SL),21,17,8,161,31,17.88,159,101.25,0,0,4,13,4,C Karunaratne,SL
30,Naseem Khushi (OMA),12,8,1,160,47*,22.85,108,148.14,0,0,0,8,12,Naseem Khushi,OMA
31,Muhammad Nadir (RWN),57,32,15,157,17*,9.23,190,82.63,0,0,3,13,5,Muhammad Nadir,RWN
32,Sayed Monib (KUW),26,18,5,157,22,12.07,91,172.52,0,0,2,7,14,Sayed Monib,KUW
33,Tanzim Hasan Sakib (BAN),36,20,8,157,50,13.08,152,103.28,0,1,2,9,7,Tanzim Hasan Sakib,BAN
34,DJ Hawoe (INA),46,24,7,156,40,9.17,128,121.87,0,0,4,11,9,DJ Hawoe,INA
35,IS Sodhi (NZ),70,31,10,156,33,7.42,140,111.42,0,0,4,7,8,IS Sodhi,NZ
36,Taskin Ahmed (BAN),53,24,8,155,31,9.68,151,102.64,0,0,5,13,6,Taskin Ahmed,BAN
37,MJ Santner (NZ),21,8,4,149,55*,37.25,92,161.95,0,1,0,13,9,MJ Santner,NZ
38,S Thakor (TAN),20,14,4,149,44,14.9,115,129.56,0,0,1,17,5,S Thakor,TAN
39,B Evans (ZIM),31,17,4,140,43,10.76,122,114.75,0,0,0,7,7,B Evans,ZIM
40,S Vijay Unni (MAS),38,20,12,140,18,17.5,152,92.1,0,0,0,7,3,S Vijay Unni,MAS
41,Vinay Ravi (NOR),30,20,9,140,24,12.72,124,112.9,0,0,2,10,5,Vinay Ravi,NOR
42,M Akayezu (RWN),44,33,1,139,14*,4.34,187,74.33,0,0,8,9,3,M Akayezu,RWN
43,Haris Rauf (PAK),59,27,12,137,34*,9.13,114,120.17,0,0,4,8,8,Haris Rauf,PAK
44,S Koppolu (SVN),9,9,4,137,34*,27.4,129,106.2,0,0,1,9,5,S Koppolu,SVN
45,MRJ Watt (SCOT),25,13,5,136,31*,17,115,118.26,0,0,2,10,4,MRJ Watt,SCOT
46,Bilal Tahir (KUW),12,6,2,135,40*,33.75,83,162.65,0,0,0,5,12,Bilal Tahir,KUW
47,A Dutt (NED),20,12,6,135,30,22.5,120,112.5,0,0,0,9,4,A Dutt,NED
48,IKEG Artawan (INA),44,26,10,133,31,8.31,137,97.08,0,0,3,11,5,IKEG Artawan,INA
49,M Yunusu Issa (TAN),28,17,8,133,33*,14.77,105,126.66,0,0,1,9,7,M Yunusu Issa,TAN
50,G Motie (WI),44,19,10,132,33,14.66,96,137.5,0,0,2,12,8,G Motie,WI
51,N Senamontree (THA),45,25,15,132,17*,13.2,201,65.67,0,0,1,3,0,N Senamontree,THA
52,Usman Najeeb (KSA),30,15,6,132,20*,14.66,102,129.41,0,0,2,4,10,Usman Najeeb,KSA
53,KDA Lukies (PHI),30,15,6,130,43,14.44,128,101.56,0,0,0,8,4,KDA Lukies,PHI
54,AS Joseph (WI),45,19,11,129,21*,16.12,125,103.2,0,0,2,9,5,AS Joseph,WI
55,Rafiullah (OMA),14,10,2,129,33,16.12,78,165.38,0,0,1,8,11,Rafiullah,OMA
56,Amjad Sher (FIN),14,12,2,126,28,12.6,107,117.75,0,0,1,8,6,Amjad Sher,FIN
57,Sompal Kami (NEP),42,22,11,125,26*,11.36,93,134.4,0,0,1,8,5,Sompal Kami,NEP
58,Abbas Afridi (PAK),21,12,3,119,22,13.22,105,113.33,0,0,1,8,9,Abbas Afridi,PAK
59,H Rathod (QAT),12,6,5,119,47,119,90,132.22,0,0,0,11,4,H Rathod,QAT
60,Hamid Safi (AUT),8,6,3,116,58*,38.66,56,207.14,0,1,1,4,13,Hamid Safi,AUT
61,CJ Jordan (ENG),22,17,7,116,28,11.6,102,113.72,0,0,0,8,6,CJ Jordan,ENG
62,Junaid Aziz (BHR),23,9,4,116,29*,23.2,82,141.46,0,0,0,8,6,Junaid Aziz,BHR
63,E Sebareme (RWN),24,16,6,116,24,11.6,118,98.3,0,0,1,5,3,E Sebareme,RWN
64,YI Patel (KUW),41,22,14,115,27*,14.37,123,93.49,0,0,1,5,4,YI Patel,KUW
65,H Venkataram (SGP),12,10,8,114,27*,57,112,101.78,0,0,0,10,2,H Venkataram,SGP
66,T Wangchuk (BHU),24,19,4,114,31,7.6,133,85.71,0,0,3,10,3,T Wangchuk,BHU
67,ZE Green (NAM),20,8,7,113,42*,113,61,185.24,0,0,0,11,6,ZE Green,NAM
68,MW Forde (WI),19,11,4,112,29*,16,74,151.35,0,0,1,11,6,MW Forde,WI
69,SA Okpe (NGA),20,10,5,111,35,22.2,113,98.23,0,0,1,6,4,SA Okpe,NGA
70,Bilal Hassun (UGA),32,15,7,110,20*,13.75,96,114.58,0,0,2,7,6,Bilal Hassun,UGA
71,G Coetzee (SA),13,12,2,110,23,11,83,132.53,0,0,3,8,6,G Coetzee,SA
72,Ali Nayyer (SUI),9,7,3,110,48*,27.5,62,177.41,0,0,0,5,7,Ali Nayyer,SUI
73,Anoop Orsu (LUX),5,4,4,104,58*,0,65,160,0,1,0,7,6,Anoop Orsu,LUX
74,KA Maharaj (SA),40,16,7,104,41,11.55,116,89.65,0,0,2,6,5,KA Maharaj,SA
75,Abdul Naser Baluch (SWE),15,11,2,103,23*,11.44,85,121.17,0,0,1,6,5,Abdul Naser Baluch,SWE
76,SO Ngoche (KENYA),29,14,5,103,33*,11.44,73,141.09,0,0,4,8,5,SO Ngoche,KENYA
77,AU Rashid (ENG),74,22,9,103,22,7.92,107,96.26,0,0,4,9,1,AU Rashid,ENG
78,Sahel Zadran (AUT),30,15,3,102,22*,8.5,96,106.25,0,0,3,12,4,Sahel Zadran,AUT
79,Samiullah Rahmani (SWE),9,7,1,102,41,17,73,139.72,0,0,0,4,9,Samiullah Rahmani,SWE
80,Murid Ekrami (BEL),17,11,2,101,28,11.22,97,104.12,0,0,4,10,3,Murid Ekrami,BEL
81,GH Dockrell (IRE),5,5,1,100,41,25,74,135.13,0,0,1,8,4,GH Dockrell,IRE
82,B Masaba (UGA),26,14,5,100,18,11.11,116,86.2,0,0,1,7,3,B Masaba,UGA
83,P Aho (NGA),40,20,11,99,14,11,80,123.75,0,0,2,8,4,P Aho,NGA
84,D Jakiel (MWI),18,11,4,99,38*,14.14,124,79.83,0,0,1,9,0,D Jakiel,MWI
85,Qamar Mushtaque (NOR),25,15,6,99,17,11,85,116.47,0,0,0,6,4,Qamar Mushtaque,NOR
86,ED Silva (KUW),4,3,0,99,56,33,53,186.79,0,1,0,4,10,ED Silva,KUW
87,OF Smith (WI),14,11,3,99,27*,12.37,77,128.57,0,0,2,7,5,OF Smith,WI
88,Ahmad Ramdoni (INA),15,10,6,98,31,24.5,100,98,0,0,1,6,4,Ahmad Ramdoni,INA
89,PJ Cummins (AUS),20,13,6,98,28,14,88,111.36,0,0,2,8,3,PJ Cummins,AUS
90,M Theekshana (SL),73,35,13,98,14,4.45,166,59.03,0,0,7,5,2,M Theekshana,SL
91,AR Patel (IND),28,13,4,97,21*,10.77,67,144.77,0,0,2,7,3,AR Patel,IND
92,Sajad Ahmadzai (BEL),17,12,5,97,26*,13.85,102,95.09,0,0,3,4,5,Sajad Ahmadzai,BEL
93,JC Archer (ENG),31,16,7,95,21,10.55,67,141.79,0,0,4,6,6,JC Archer,ENG
94,R Ngarava (ZIM),73,31,13,95,12*,5.27,79,120.25,0,0,8,10,4,R Ngarava,ZIM
95,M Taniyama (JPN),36,17,7,95,19,9.5,129,73.64,0,0,2,3,3,M Taniyama,JPN
96,JK Theodore (GHA),19,17,3,93,22*,6.64,104,89.42,0,0,3,3,3,JK Theodore,GHA
97,TT Maposa (ZIM),21,13,6,92,32,13.14,76,121.05,0,0,0,9,1,TT Maposa,ZIM
98,PA van Meekeren (NED),31,15,5,92,24,9.2,76,121.05,0,0,3,8,3,PA van Meekeren,NED
99,Ali Dawood (BHR),66,25,14,91,19,8.27,115,79.13,0,0,2,5,3,Ali Dawood,BHR
100,PW Hasaranga (SL),18,11,5,91,20*,15.16,71,128.16,0,0,0,9,3,PW Hasaranga,SL
101,Junaid Siddique (UAE),75,26,17,91,18,10.11,86,105.81,0,0,2,6,3,Junaid Siddique,UAE
102,Fitri Sham (MAS),19,8,2,90,40*,15,82,109.75,0,0,2,2,8,Fitri Sham,MAS
103,Amar Sharma (MLT),18,9,3,89,34*,14.83,75,118.66,0,0,2,6,2,Amar Sharma,MLT
104,Arshdeep Singh (IND),82,29,14,89,12,5.93,86,103.48,0,0,5,9,3,Arshdeep Singh,IND
105,M Faraz Akram (ZIM),7,6,3,89,34*,29.66,57,156.14,0,0,0,4,6,M Faraz Akram,ZIM
106,Ibrahim Hassan (MDV),16,12,5,89,20*,12.71,95,93.68,0,0,1,5,2,Ibrahim Hassan,MDV
107,Mehran Khan (OMA),12,10,1,89,27,9.88,83,107.22,0,0,3,7,3,Mehran Khan,OMA
108,Nasrulla Rana (HKG),27,14,6,89,26*,11.12,74,120.27,0,0,1,5,6,Nasrulla Rana,HKG
109,ZG Foulkes (NZ),19,11,6,88,27*,17.6,57,154.38,0,0,1,6,4,ZG Foulkes,NZ
110,TJG Pringle (NED),13,10,1,87,35*,9.66,86,101.16,0,0,1,4,4,TJG Pringle,NED
111,Ahmadullah Shinwari (NOR),27,11,4,86,34*,12.28,91,94.5,0,0,2,8,1,Ahmadullah Shinwari,NOR
112,KS Bagabena (GHA),28,19,8,86,21*,7.81,103,83.49,0,0,3,5,1,KS Bagabena,GHA
113,Kaleemullah (OMA),31,16,6,85,14*,8.5,89,95.5,0,0,1,2,5,Kaleemullah,OMA
114,Noor Ahmad (AFG),26,13,4,85,15*,9.44,85,100,0,0,1,2,7,Noor Ahmad,AFG
115,S Veerapathiran (BHR),16,11,3,85,18*,10.62,66,128.78,0,0,3,4,6,S Veerapathiran,BHR
116,Ainool Hafizs (MAS),38,17,4,84,18,6.46,93,90.32,0,0,1,4,3,Ainool Hafizs,MAS
117,Fayyaz Butt (OMA),30,13,6,84,23*,12,89,94.38,0,0,1,6,2,Fayyaz Butt,OMA
118,Khizar Hayat (MAS),36,14,6,83,18*,10.37,97,85.56,0,0,3,3,2,Khizar Hayat,MAS
119,C Bosch (SA),14,8,3,82,30*,16.4,70,117.14,0,0,0,6,2,C Bosch,SA
120,Sajid Liaqat (GER),10,6,1,81,30*,16.2,57,142.1,0,0,0,2,8,Sajid Liaqat,GER
121,Waqas Ahmad (MLT),7,6,2,81,27*,20.25,52,155.76,0,0,1,8,5,Waqas Ahmad,MLT
122,C Wright (CAY),18,12,5,81,21*,11.57,97,83.5,0,0,4,3,2,C Wright,CAY
123,S Godara (CAM),17,7,2,80,36*,16,60,133.33,0,0,2,4,7,S Godara,CAM
124,Huzaifa Mohammed (PHI),21,11,7,80,27*,20,109,73.39,0,0,0,1,1,Huzaifa Mohammed,PHI
125,A Nao (PNG),17,10,4,80,30*,13.33,74,108.1,0,0,2,7,3,A Nao,PNG
126,GR Russ (PHI),10,7,4,80,33*,26.66,68,117.64,0,0,1,7,2,GR Russ,PHI
127,Aamer Jamal (PAK),5,4,1,79,41,26.33,41,192.68,0,0,0,5,6,Aamer Jamal,PAK
128,Akhil Arjunan (FIN),11,8,2,79,24*,13.16,82,96.34,0,0,2,5,1,Akhil Arjunan,FIN
129,BC Fortuin (SA),12,10,6,79,32,19.75,66,119.69,0,0,1,7,2,BC Fortuin,SA
130,Ikramullah Khan (QAT),17,9,2,79,17,11.28,82,96.34,0,0,1,8,1,Ikramullah Khan,QAT
131,M Jele (SWZ),22,16,4,79,15,6.58,98,80.61,0,0,3,5,2,M Jele,SWZ
132,JB Little (IRE),48,19,15,79,22*,19.75,84,94.04,0,0,2,7,2,JB Little,IRE
133,SA Mohandas (HUN),29,16,10,79,26*,13.16,90,87.77,0,0,3,6,0,SA Mohandas,HUN
134,AA Rahayu (INA),23,9,4,79,19*,15.8,86,91.86,0,0,1,5,2,AA Rahayu,INA
135,Shoriful Islam (BAN),41,17,6,78,16*,7.09,63,123.8,0,0,3,8,3,Shoriful Islam,BAN
136,P Thongsa (THA),17,14,7,78,18*,11.14,113,69.02,0,0,1,3,0,P Thongsa,THA
137,Mujeeb Ur Rahman (AFG),42,14,5,77,23*,8.55,66,116.66,0,0,3,10,3,Mujeeb Ur Rahman,AFG
138,Nasum Ahmed (BAN),29,15,7,77,20,9.62,76,101.31,0,0,3,8,1,Nasum Ahmed,BAN
139,Nyein Cham Soe (MYAN),24,16,6,77,27,7.7,101,76.23,0,0,4,5,2,Nyein Cham Soe,MYAN
140,B Yadav (NEP),11,5,1,77,39,19.25,49,157.14,0,0,0,2,8,B Yadav,NEP
141,Faheem Nellancheri (FIN),6,5,1,76,35,19,50,152,0,0,0,4,5,Faheem Nellancheri,FIN
142,R Sakurano-Thomas (JPN),24,14,4,76,17*,7.6,89,85.39,0,0,2,3,0,R Sakurano-Thomas,JPN
143,R Trumpelmann (NAM),14,8,4,76,25*,19,76,100,0,0,1,3,4,R Trumpelmann,NAM
144,Waqar Zalmai (AUT),19,10,7,76,17,25.33,65,116.92,0,0,0,8,2,Waqar Zalmai,AUT
145,Akif Raja (UAE),20,7,4,75,28,25,67,111.94,0,0,0,7,2,Akif Raja,UAE
146,MB Tambe (FIN),18,15,5,75,20*,7.5,121,61.98,0,0,3,3,1,MB Tambe,FIN
147,Zaheer Zahiri (Fran),12,8,5,75,34*,25,55,136.36,0,0,1,7,3,Zaheer Zahiri,Fran
148,A Reyes (GIBR),15,7,2,74,26*,14.8,71,104.22,0,0,1,7,2,A Reyes,GIBR
149,XC Bartlett (AUS),19,11,4,73,34*,10.42,70,104.28,0,0,3,7,3,XC Bartlett,AUS
150,MD Shanaka (SL),8,7,1,73,26*,12.16,62,117.74,0,0,0,7,2,MD Shanaka,SL
151,S Muniandy (MAS),13,7,2,72,20,14.4,84,85.71,0,0,0,4,1,S Muniandy,MAS
152,JTS Sumerauer (JER),9,5,1,72,31*,18,49,146.93,0,0,0,2,4,JTS Sumerauer,JER
153,C Hinze (JPN),23,8,5,71,23*,23.66,63,112.69,0,0,1,6,0,C Hinze,JPN
154,FL Patel (PAN),6,6,0,71,32,11.83,65,109.23,0,0,0,8,2,FL Patel,PAN
155,SK Springer (WI),6,4,2,71,39,35.5,45,157.77,0,0,0,7,3,SK Springer,WI
156,Amjad Mahboob (SGP),14,10,5,70,38,14,55,127.27,0,0,0,1,7,Amjad Mahboob,SGP
157,PVD Chameera (SL),38,18,6,70,24*,5.83,89,78.65,0,0,5,5,1,PVD Chameera,SL
158,NK Patel (USA),7,5,3,69,28,34.5,57,121.05,0,0,0,5,2,NK Patel,USA
159,Waseem Abbas (MLT),35,22,11,69,12*,6.27,72,95.83,0,0,4,4,4,Waseem Abbas,MLT
160,DS Airee (NEP),7,3,2,68,44*,68,36,188.88,0,0,0,5,6,DS Airee,NEP
161,G Bakiweyem (GHA),18,13,5,68,15,8.5,91,74.72,0,0,1,1,0,G Bakiweyem,GHA
162,Delawar Khan (DEN),7,6,2,68,40,17,41,165.85,0,0,1,6,2,Delawar Khan,DEN
163,M Dixit (LUX),17,12,3,68,25*,7.55,70,97.14,0,0,2,4,1,M Dixit,LUX
164,W Nalisa (VAN),20,10,5,68,31*,13.6,57,119.29,0,0,0,7,1,W Nalisa,VAN
165,P Murungi (UGA),16,8,4,68,31,17,53,128.3,0,0,0,6,2,P Murungi,UGA
166,CW Perchard (JER),30,10,3,68,26*,9.71,70,97.14,0,0,2,3,3,CW Perchard,JER
167,G Sesay (SLE),22,12,4,68,14*,8.5,84,80.95,0,0,3,2,4,G Sesay,SLE
168,NK Yadav (NEP),15,7,4,68,37,22.66,29,234.48,0,0,1,4,6,NK Yadav,NEP
169,DK Anefie (GHA),5,4,2,67,46,33.5,51,131.37,0,0,1,4,3,DK Anefie,GHA
170,JR Barry (BHM),8,6,3,67,22,22.33,99,67.67,0,0,0,4,0,JR Barry,BHM
171,G Chohan (PHI),12,7,2,67,18,13.4,58,115.51,0,0,1,6,1,G Chohan,PHI
172,Ibrahim Rizan (MDV),29,21,11,67,11*,6.7,95,70.52,0,0,4,4,1,Ibrahim Rizan,MDV
173,Jaskaran Singh (CAN),4,3,2,67,60*,67,40,167.5,0,1,1,5,5,Jaskaran Singh,CAN
174,Jaswinder Singh (MLT),15,15,5,67,23*,6.7,87,77.01,0,0,2,4,1,Jaswinder Singh,MLT
175,E Rukiriza (RWN),40,23,10,67,14*,5.15,103,65.04,0,0,4,3,1,E Rukiriza,RWN
176,BM Scholtz (NAM),49,17,11,67,9,11.16,67,100,0,0,1,7,0,BM Scholtz,NAM
177,SZ Vayani (MWI),27,10,4,67,27,11.16,84,79.76,0,0,1,6,0,SZ Vayani,MWI
178,SB Patel (MLT),8,7,0,66,31,9.42,52,126.92,0,0,1,4,4,SB Patel,MLT
179,K Piet (BOT),32,20,8,66,13,5.5,97,68.04,0,0,3,4,0,K Piet,BOT
180,D Suzuki (JPN),15,9,4,66,22,13.2,64,103.12,0,0,0,7,1,D Suzuki,JPN
181,NK Aneesh Kumar (SUI),23,11,6,65,25,13,63,103.17,0,0,3,2,4,NK Aneesh Kumar,SUI
182,Danyal Raja (BUL),10,7,1,65,19,10.83,63,103.17,0,0,0,6,1,Danyal Raja,BUL
183,Haroon Arshad (HKG),16,10,5,65,27*,13,60,108.33,0,0,2,6,0,Haroon Arshad,HKG
184,C Kyewuta (UGA),33,15,11,65,17*,16.25,73,89.04,0,0,0,3,2,C Kyewuta,UGA
185,Mohammad Nadeem (OMA),12,5,4,65,24*,65,30,216.66,0,0,0,9,2,Mohammad Nadeem,OMA
186,Ravi Bishnoi (IND),43,14,7,65,10*,9.28,52,125,0,0,2,9,1,Ravi Bishnoi,IND
187,Sher Sahak (NOR),7,5,1,65,21*,16.25,48,135.41,0,0,1,6,2,Sher Sahak,NOR
188,Zuhaib Zubair (UAE),13,7,1,65,26*,10.83,36,180.55,0,0,1,4,4,Zuhaib Zubair,UAE
189,S Tosic (SRB),18,10,5,64,20*,12.8,100,64,0,0,2,6,0,S Tosic,SRB
190,RE van der Merwe (NED),17,9,5,64,23*,16,57,112.28,0,0,0,2,2,RE van der Merwe,NED
191,S Bodha (GIBR),26,11,5,63,25,10.5,53,118.86,0,0,1,6,1,S Bodha,GIBR
192,BJ Dwarshuis (AUS),14,11,3,63,17,7.87,79,79.74,0,0,1,2,1,BJ Dwarshuis,AUS
193,F Hand (IRE),13,10,3,63,36,9,48,131.25,0,0,2,8,2,F Hand,IRE
194,Jaweed Sadran (AUT),11,7,2,63,18*,12.6,46,136.95,0,0,1,5,2,Jaweed Sadran,AUT
195,W Miyauchi (JPN),8,6,2,63,45*,15.75,52,121.15,0,0,1,4,2,W Miyauchi,JPN
196,K Rabada (SA),38,15,6,63,10,7,55,114.54,0,0,3,7,1,K Rabada,SA
197,I Takahashi (JPN),6,5,1,63,29,15.75,51,123.52,0,0,0,4,3,I Takahashi,JPN
198,LV van Beek (NED),14,8,4,63,23,15.75,66,95.45,0,0,0,4,1,LV van Beek,NED
199,Khalid Zahid (SWE),13,7,1,62,21,10.33,57,108.77,0,0,1,3,3,Khalid Zahid,SWE
200,Meet Bhavsar (KUW),1,1,0,62,62,62,38,163.15,0,1,0,5,4,Meet Bhavsar,KUW
201,Naseem Shah (PAK),36,14,5,62,16,6.88,57,108.77,0,0,4,6,3,Naseem Shah,PAK
202,J Overton (ENG),17,10,4,62,19,10.33,59,105.08,0,0,1,3,3,J Overton,ENG
203,A Prashar (HUN),5,4,1,62,33*,20.66,34,182.35,0,0,0,4,4,A Prashar,HUN
204,R Abdulkareem (NGA),22,8,5,61,19*,20.33,55,110.9,0,0,0,4,2,R Abdulkareem,NGA
205,R Ashwin (IND),13,7,4,61,15*,20.33,45,135.55,0,0,0,3,3,R Ashwin,IND
206,RJ Hatchman (GIBR),9,6,1,61,24,12.2,37,164.86,0,0,1,4,5,RJ Hatchman,GIBR
207,Mahedi Hasan (BAN),16,12,4,61,22,7.62,55,110.9,0,0,2,7,1,Mahedi Hasan,BAN
208,SH Obed (VAN),14,10,5,61,21*,12.2,65,93.84,0,0,1,4,2,SH Obed,VAN
209,K Senamontree (THA),27,17,4,61,13*,4.69,99,61.61,0,0,3,1,1,K Senamontree,THA
210,HA Chohan (TAN),16,10,6,60,26,15,41,146.34,0,0,0,4,2,HA Chohan,TAN
211,LA Dawson (ENG),24,7,2,60,34,12,52,115.38,0,0,0,7,1,LA Dawson,ENG
212,Haider Ali (UAE),24,13,3,60,15*,6,58,103.44,0,0,2,4,1,Haider Ali,UAE
213,Iftikhar Ahmed (PAK),2,1,0,60,60,60,24,250,0,1,0,3,6,Iftikhar Ahmed,PAK
214,E Kubwimana (RWN),36,23,10,60,14*,4.61,108,55.55,0,0,4,3,0,E Kubwimana,RWN
215,L Lamin (SLE),6,5,2,60,52*,20,50,120,0,1,2,4,3,L Lamin,SLE
216,Naveed Ahmed (CZK-R),21,11,6,60,17*,12,68,88.23,0,0,2,4,0,Naveed Ahmed,CZK-R
217,Dawood Ahmadzai (Fran),23,12,5,59,20*,8.42,60,98.33,0,0,2,5,1,Dawood Ahmadzai,Fran
218,P Kotoisuva (Fiji),8,7,1,59,28*,9.83,44,134.09,0,0,3,2,5,P Kotoisuva,Fiji
219,J Miyagi (UGA),22,12,4,59,26,7.37,69,85.5,0,0,4,1,4,J Miyagi,UGA
220,Mustafizur Rahman (BAN),64,16,11,59,11*,11.8,64,92.18,0,0,1,3,2,Mustafizur Rahman,BAN
221,A Shahi (CYP),9,5,2,59,42*,19.66,31,190.32,0,0,1,4,5,A Shahi,CYP
222,Syazrul Idrus (MAS),20,12,6,59,13*,9.83,61,96.72,0,0,3,4,3,Syazrul Idrus,MAS
223,SC van Schalkwyk (USA),12,8,6,59,18,29.5,51,115.68,0,0,0,5,1,SC van Schalkwyk,USA
224,Ishtiaq Ahmad (KSA),41,13,5,58,16,7.25,41,141.46,0,0,3,1,6,Ishtiaq Ahmad,KSA
225,I Mugisha (RWN),12,8,2,58,16,9.66,53,109.43,0,0,0,1,5,I Mugisha,RWN
226,CA Soper (PNG),10,8,4,58,17*,14.5,73,79.45,0,0,0,4,0,CA Soper,PNG
227,Rehan Ahmed (ENG),10,7,3,57,19*,14.25,36,158.33,0,0,1,5,4,Rehan Ahmed,ENG
228,H Fennell (Arg),15,9,1,57,19,7.12,53,107.54,0,0,2,4,2,H Fennell,Arg
229,CE McConchie (NZ),5,3,1,57,31*,28.5,44,129.54,0,0,0,7,2,CE McConchie,NZ
230,Noman Amjad (Fran),9,7,2,57,19*,11.4,58,98.27,0,0,0,1,2,Noman Amjad,Fran
231,MK Thakur (THA),6,3,0,57,49,19,43,132.55,0,0,0,5,2,MK Thakur,THA
232,J Vira (VAN),6,6,0,57,15,9.5,79,72.15,0,0,0,3,0,J Vira,VAN
233,S Yeshey (BHU),39,19,7,57,13*,4.75,85,67.05,0,0,7,5,2,S Yeshey,BHU
234,Amandeep Singh (POR),7,5,1,56,22,14,48,116.66,0,0,0,6,1,Amandeep Singh,POR
235,S Lamichhane (NEP),44,14,7,56,16*,8,54,103.7,0,0,1,2,2,S Lamichhane,NEP
236,B Balala (MWI),23,15,9,55,13*,9.16,97,56.7,0,0,1,2,0,B Balala,MWI
237,PF Gallagher (FIN),5,5,3,55,34*,27.5,33,166.66,0,0,1,3,4,PF Gallagher,FIN
238,K Kato-Stafford (JPN),9,6,4,55,21,27.5,41,134.14,0,0,0,7,1,K Kato-Stafford,JPN
239,M Koli (ROM),24,7,5,55,33*,27.5,60,91.66,0,0,2,2,1,M Koli,ROM
240,CJ Langford (IOM),11,7,1,55,23,9.16,53,103.77,0,0,0,2,1,CJ Langford,IOM
241,DAM Louis (QAT),11,6,3,55,17*,18.33,47,117.02,0,0,1,1,3,DAM Louis,QAT
242,Mohammad Saifuddin (BAN),15,7,6,55,35*,55,48,114.58,0,0,0,4,2,Mohammad Saifuddin,BAN
243,KV Morea (PNG),18,12,6,55,16*,9.16,51,107.84,0,0,2,5,2,KV Morea,PNG
244,I Ntirenganya (RWN),44,27,16,55,16*,5,88,62.5,0,0,6,5,0,I Ntirenganya,RWN
245,Jasdeep Singh (USA),22,9,1,54,16,6.75,63,85.71,0,0,1,2,2,Jasdeep Singh,USA
246,Kamran Ahmadzai (Fran),2,2,1,54,37*,54,29,186.2,0,0,0,3,4,Kamran Ahmadzai,Fran
247,TG Southee (NZ),34,14,9,54,8,10.8,43,125.58,0,0,2,4,2,TG Southee,NZ
248,Umair Tariq (AUT),35,7,2,54,25*,10.8,52,103.84,0,0,0,5,1,Umair Tariq,AUT
249,M Fontaine (HUN),9,7,4,53,24*,17.66,53,100,0,0,0,1,1,M Fontaine,HUN
250,J Horrocks (GIBR),17,9,4,53,20*,10.6,55,96.36,0,0,2,1,1,J Horrocks,GIBR
251,V Zimonjic (SRB),13,8,2,53,27*,8.83,47,112.76,0,0,2,8,1,V Zimonjic,SRB
252,DO Leicher (NAM),12,8,5,52,12*,17.33,61,85.24,0,0,1,4,1,DO Leicher,NAM
253,M Mooketsi (BOT),32,16,5,52,10,4.72,94,55.31,0,0,3,2,0,M Mooketsi,BOT
254,L Ngidi (SA),40,13,12,52,13*,52,55,94.54,0,0,0,5,1,L Ngidi,SA
255,SF Tiai (Samoa),5,3,1,52,37,26,50,104,0,0,0,8,0,SF Tiai,Samoa
256,Utkarsh Jain (CAM),21,9,6,52,24*,17.33,59,88.13,0,0,1,3,1,Utkarsh Jain,CAM
257,Abdullah Akbarjan (AUT),20,14,4,51,13,5.1,74,68.91,0,0,3,3,1,Abdullah Akbarjan,AUT
258,Bilal Muhammad (MLT),10,6,0,51,19,8.5,53,96.22,0,0,0,4,3,Bilal Muhammad,MLT
259,GJ Delany (IRE),5,3,2,51,26*,51,32,159.37,0,0,0,4,2,GJ Delany,IRE
260,CK Jasmat (Samoa),4,2,1,51,41*,51,35,145.71,0,0,0,5,2,CK Jasmat,Samoa
261,Kaleem Sana (CAN),45,9,5,51,13*,12.75,54,94.44,0,0,0,2,3,Kaleem Sana,CAN
262,TD Chaoana (LES),10,9,3,50,26,8.33,59,84.74,0,0,1,4,0,TD Chaoana,LES
263,Hasan Mahmud (BAN),25,9,7,50,26*,25,51,98.03,0,0,1,0,4,Hasan Mahmud,BAN
264,E Mathew (MLT),11,7,3,50,18,12.5,44,113.63,0,0,1,4,0,E Mathew,MLT
265,EB Ringera (KENYA),18,8,4,50,21*,12.5,48,104.16,0,0,0,2,1,EB Ringera,KENYA
266,R Sharma (SGP),6,3,1,50,42,25,28,178.57,0,0,1,1,5,R Sharma,SGP
267,F Achelam (UGA),15,7,2,49,27*,9.8,60,81.66,0,0,1,3,3,F Achelam,UGA
268,A Martel (GUE),15,7,3,49,18*,12.25,50,98,0,0,1,5,1,A Martel,GUE
269,Mohameed Taiwo (NGA),30,15,7,49,19*,6.12,58,84.48,0,0,4,4,2,Mohameed Taiwo,NGA
270,Muhammad Usman (HUN),3,2,1,49,29*,49,27,181.48,0,0,0,2,3,Muhammad Usman,HUN
271,Aayan Afzal Khan (UAE),23,10,4,48,10,8,57,84.21,0,0,0,1,2,Aayan Afzal Khan,UAE
272,AN Aminou (CAM),11,10,1,48,22,5.33,48,100,0,0,5,1,4,AN Aminou,CAM
273,MJ Ansell (IOM),16,11,3,48,17,6,63,76.19,0,0,2,1,3,MJ Ansell,IOM
274,K Hinds (BHM),1,1,0,48,48,48,33,145.45,0,0,0,5,2,K Hinds,BHM
275,R Klein (NED),4,3,1,48,36*,24,33,145.45,0,0,0,5,1,R Klein,NED
276,GC Murtaza (CAM),28,11,3,48,12,6,65,73.84,0,0,3,2,1,GC Murtaza,CAM
277,Sandeep Goud (BHM),16,10,1,48,22,5.33,81,59.25,0,0,1,1,3,Sandeep Goud,BHM
278,S Shrivastava (OMA),20,7,5,48,22*,24,55,87.27,0,0,1,4,1,S Shrivastava,OMA
279,R Athapaththu (ROM),7,5,5,47,28*,0,31,151.61,0,0,0,2,3,R Athapaththu,ROM
280,Bilal Ahmad Mir (SKOR),4,4,1,47,24*,15.66,38,123.68,0,0,0,4,3,Bilal Ahmad Mir,SKOR
281,Ijaz Hussain (ROM),5,5,3,47,24*,23.5,41,114.63,0,0,0,5,0,Ijaz Hussain,ROM
282,Kabir Berlia (SGP),6,5,2,47,28*,15.66,32,146.87,0,0,0,5,2,Kabir Berlia,SGP
283,UT Kaisala (Samoa),2,2,1,47,35*,47,46,102.17,0,0,0,3,2,UT Kaisala,Samoa
284,Mohammad Wasim (1) (PAK),24,11,8,47,12*,15.66,56,83.92,0,0,1,4,2,Mohammad Wasim,1
285,Mohammed Alamgir (SWZ),7,4,3,47,20*,47,47,100,0,0,0,1,2,Mohammed Alamgir,SWZ
286,Shoaib Rafiq (Mex),8,6,3,47,24*,15.66,42,111.9,0,0,1,0,3,Shoaib Rafiq,Mex
287,JJ Smit (NAM),3,3,2,47,31*,47,28,167.85,0,0,0,3,3,JJ Smit,NAM
288,B Arora (MLT),11,8,3,46,13,9.2,55,83.63,0,0,0,1,1,B Arora,MLT
289,LT Bichard (GUE),29,9,4,46,25*,9.2,62,74.19,0,0,1,3,0,LT Bichard,GUE
290,Ilyas Ataullah (TKY),2,2,2,46,26*,0,26,176.92,0,0,0,5,2,Ilyas Ataullah,TKY
291,P Mishra (BUL),12,7,3,46,25,11.5,46,100,0,0,1,3,2,P Mishra,BUL
292,JS Pita (Samoa),1,1,0,46,46,46,39,117.94,0,0,0,7,1,JS Pita,Samoa
293,Rupesh Singh (NEP),3,2,1,46,43*,46,29,158.62,0,0,0,1,3,Rupesh Singh,NEP
294,Abdul Majid (BHR),68,18,12,45,8*,7.5,78,57.69,0,0,2,1,1,Abdul Majid,BHR
295,A Kheterpal (HUN),2,2,2,45,24*,0,33,136.36,0,0,0,3,1,A Kheterpal,HUN
296,Muhammad Burhan (HUN),9,7,0,45,16,6.42,38,118.42,0,0,0,5,0,Muhammad Burhan,HUN
297,Waqar Khan (SVN),8,6,2,45,20*,11.25,40,112.5,0,0,0,4,3,Waqar Khan,SVN
298,Ghulam Ahmadi (GER),32,14,11,44,15*,14.66,44,100,0,0,0,4,0,Ghulam Ahmadi,GER
299,JAM Henri (POR),12,6,1,44,25*,8.8,38,115.78,0,0,2,2,1,JAM Henri,POR
300,S Jamil (BEL),4,3,2,44,30,44,35,125.71,0,0,0,5,0,S Jamil,BEL
301,Muhammad Murad (QAT),12,5,2,44,14*,14.66,49,89.79,0,0,0,1,2,Muhammad Murad,QAT
302,Nimish Lathief (KUW),13,7,4,44,11*,14.66,37,118.91,0,0,0,3,2,Nimish Lathief,KUW
303,Usman Arif (NOR),1,1,0,44,44,44,14,314.28,0,0,0,1,6,Usman Arif,NOR
304,BA Carse (ENG),11,6,3,43,31,14.33,31,138.7,0,0,1,2,3,BA Carse,ENG
305,J Fernando (ROM),2,2,0,43,31,21.5,27,159.25,0,0,0,4,2,J Fernando,ROM
306,Hamid Mahmood (SWE),6,3,3,43,22*,0,31,138.7,0,0,0,2,3,Hamid Mahmood,SWE
307,Haseeb Ghafoor (KSA),9,5,4,43,28*,43,34,126.47,0,0,1,0,4,Haseeb Ghafoor,KSA
308,Iftekar Jaman (CYP),3,3,1,43,22,21.5,28,153.57,0,0,0,3,3,Iftekar Jaman,CYP
309,Mujeeb-ur-Rehman (QAT),19,8,2,43,14,7.16,58,74.13,0,0,0,4,0,Mujeeb-ur-Rehman,QAT
310,A Nanda (LUX),26,12,3,43,13,4.77,49,87.75,0,0,2,3,2,A Nanda,LUX
311,AD Russell (WI),2,2,1,43,29*,43,21,204.76,0,0,0,4,3,AD Russell,WI
312,DN Wellalage (SL),9,5,3,43,29,21.5,42,102.38,0,0,0,3,2,DN Wellalage,SL
313,J Albin (BUL),12,8,4,42,16*,10.5,56,75,0,0,0,3,0,J Albin,BUL
314,JD Baker (Samoa),3,3,2,42,40*,42,30,140,0,0,0,2,3,JD Baker,Samoa
315,JM Iradukunda (RWN),10,7,1,42,25*,7,41,102.43,0,0,3,0,4,JM Iradukunda,RWN
316,K Mirpuri (GIBR),19,10,10,42,18*,0,58,72.41,0,0,0,0,0,K Mirpuri,GIBR
317,DK Pallekonda (SVN),9,8,5,42,17*,14,55,76.36,0,0,0,4,0,DK Pallekonda,SVN
318,Serdar Burak Emir (TKY),4,3,0,42,42,14,30,140,0,0,2,5,3,Serdar Burak Emir,TKY
319,K Klein (NED),18,10,3,41,16,5.85,52,78.84,0,0,2,1,0,K Klein,NED
320,Akhil Kumar (CAN),14,6,3,41,14*,13.66,36,113.88,0,0,1,3,2,Akhil Kumar,CAN
321,Madhawa Basnayaka (FIN),6,4,1,41,20*,13.66,43,95.34,0,0,1,2,2,Madhawa Basnayaka,FIN
322,P Malav (LUX),19,10,3,41,10*,5.85,53,77.35,0,0,1,3,0,P Malav,LUX
323,Muhammad Arfan (UAE),2,2,1,41,26*,41,32,128.12,0,0,0,3,1,Muhammad Arfan,UAE
324,HV Patel (IND),19,7,3,41,13,10.25,33,124.24,0,0,1,5,1,HV Patel,IND
325,AR Puri (SGP),37,14,5,41,13*,4.55,77,53.24,0,0,3,1,1,AR Puri,SGP
326,Shahzaib Jamil (QAT),2,2,1,41,41*,41,22,186.36,0,0,1,4,2,Shahzaib Jamil,QAT
327,FA Allen (WI),6,4,2,40,19,20,29,137.93,0,0,0,5,1,FA Allen,WI
328,Baseer Khan (AUT),16,5,2,40,26*,13.33,24,166.66,0,0,1,3,2,Baseer Khan,AUT
329,Elias Hasan (EST),8,6,3,40,11,13.33,31,129.03,0,0,0,2,3,Elias Hasan,EST
330,Gagandeep Singh (BUL),14,8,3,40,13*,8,39,102.56,0,0,1,4,1,Gagandeep Singh,BUL
331,M Magagula (SWZ),14,9,6,40,12,13.33,33,121.21,0,0,1,2,2,M Magagula,SWZ
332,Junaid Mehmood (NOR),4,3,0,40,26,13.33,38,105.26,0,0,1,4,0,Junaid Mehmood,NOR
333,AF Milne (NZ),21,9,2,40,16*,5.71,41,97.56,0,0,2,0,4,AF Milne,NZ
334,SM Sharif (SCOT),23,10,5,40,14,8,60,66.66,0,0,1,1,1,SM Sharif,SCOT
335,HGV Vare (PNG),11,8,2,40,10,6.66,48,83.33,0,0,1,3,0,HGV Vare,PNG
336,Amal Jacob (HUN),13,10,7,39,17*,13,51,76.47,0,0,2,3,0,Amal Jacob,HUN
337,Bukhar Illikkal (QAT),12,6,2,39,25,9.75,41,95.12,0,0,0,2,1,Bukhar Illikkal,QAT
338,J Gallimore (BHM),5,3,2,39,14*,39,40,97.5,0,0,0,4,0,J Gallimore,BHM
339,DR Hooper (GUE),13,5,3,39,11*,19.5,39,100,0,0,0,2,0,DR Hooper,GUE
340,Muhammad Wafiq (MAS),29,13,5,39,16*,4.87,52,75,0,0,4,2,2,Muhammad Wafiq,MAS
341,Saghir Khan (UAE),4,3,1,39,28*,19.5,25,156,0,0,1,4,3,Saghir Khan,UAE
342,R Sandeep (SWZ),7,4,2,39,22*,19.5,28,139.28,0,0,1,3,2,R Sandeep,SWZ
343,Shahnawaz Patel (Zamb),4,4,1,39,29,13,33,118.18,0,0,0,4,0,Shahnawaz Patel,Zamb
344,Arafat Minhas (PAK),3,2,0,38,25,19,30,126.66,0,0,0,3,2,Arafat Minhas,PAK
345,GK Berg (ITA),9,5,2,38,26,12.66,26,146.15,0,0,2,4,0,GK Berg,ITA
346,MPS Cheema (AUT),15,7,1,38,11,6.33,67,56.71,0,0,1,2,0,MPS Cheema,AUT
347,JSE Dunford (JER),15,7,6,38,18*,38,26,146.15,0,0,1,5,0,JSE Dunford,JER
348,NT Ellis (AUS),32,10,6,38,12,9.5,54,70.37,0,0,2,2,1,NT Ellis,AUS
349,GI Hume (IRE),9,5,3,38,20*,19,29,131.03,0,0,0,2,2,GI Hume,IRE
350,GBW Munaweera (QAT),10,7,5,38,22,19,27,140.74,0,0,1,3,2,GBW Munaweera,QAT
351,Ngawang Thinley (BHU),11,9,3,38,11*,6.33,48,79.16,0,0,1,3,1,Ngawang Thinley,BHU
352,T van der Gugten (NED),8,3,0,38,24,12.66,38,100,0,0,1,2,1,T van der Gugten,NED
353,KJ Ferrary (GIBR),4,2,1,37,30,37,29,127.58,0,0,0,4,0,KJ Ferrary,GIBR
354,JA Fitzgerald (GIBR),8,7,3,37,16*,9.25,31,119.35,0,0,2,2,2,JA Fitzgerald,GIBR
355,MJ Henry (NZ),33,11,5,37,12,6.16,44,84.09,0,0,2,2,1,MJ Henry,NZ
356,Janak Prakash (SGP),2,2,2,37,26*,0,26,142.3,0,0,0,3,2,Janak Prakash,SGP
357,AR McBrine (IRE),10,4,1,37,14*,12.33,26,142.3,0,0,0,2,2,AR McBrine,IRE
358,O Manishimwe (RWN),10,3,1,37,27*,18.5,29,127.58,0,0,0,4,0,O Manishimwe,RWN
359,Myat Thu Aung (MYAN),17,8,4,37,8*,9.25,86,43.02,0,0,0,1,0,Myat Thu Aung,MYAN
360,Naveen-ul-Haq (AFG),35,12,4,37,13,4.62,58,63.79,0,0,3,4,1,Naveen-ul-Haq,AFG
361,NM Salonen (FIN),3,2,1,37,36*,37,23,160.86,0,0,0,3,2,NM Salonen,FIN
362,ASF Sirah (PHI),7,3,0,36,21,12,35,102.85,0,0,0,2,1,ASF Sirah,PHI
363,V Baskaran (SGP),20,12,3,36,14*,4,66,54.54,0,0,2,0,1,V Baskaran,SGP
364,KN Gabhane (HUN),3,2,2,36,26*,0,39,92.3,0,0,0,3,0,KN Gabhane,HUN
365,Garret Banner (Blz),4,3,0,36,22,12,27,133.33,0,0,1,1,3,Garret Banner,Blz
366,OD Hald (DEN),10,4,2,36,21,18,36,100,0,0,0,3,1,OD Hald,DEN
367,O Lutbayar (MNG),7,7,0,36,18,5.14,61,59.01,0,0,2,2,1,O Lutbayar,MNG
368,Rahat Ali (CZK-R),6,5,2,36,17,12,36,100,0,0,0,3,0,Rahat Ali,CZK-R
369,Rizwan Haider (MAS),33,8,6,36,17*,18,28,128.57,0,0,1,1,3,Rizwan Haider,MAS
370,S Sola (Samoa),8,6,2,36,15,9,40,90,0,0,0,5,0,S Sola,Samoa
371,Ali Yalmaz (HUN),5,5,0,35,19,7,38,92.1,0,0,0,1,2,Ali Yalmaz,HUN
372,Fanyan Mughal (MLT),5,5,1,35,22*,8.75,30,116.66,0,0,1,1,2,Fanyan Mughal,MLT
373,LB Ferbrache (GUE),7,3,2,35,34,35,32,109.37,0,0,0,4,0,LB Ferbrache,GUE
374,KA Jamieson (NZ),17,8,3,35,9,7,32,109.37,0,0,1,3,0,KA Jamieson,NZ
375,Manoj Adhikari (BHU),11,7,4,35,9*,11.66,56,62.5,0,0,0,3,0,Manoj Adhikari,BHU
376,Mohammad Nawaz (3) (PAK),10,6,1,35,25,7,28,125,0,0,2,1,2,Mohammad Nawaz,3
377,AM Patel (PAN),9,7,4,35,9,11.66,44,79.54,0,0,0,3,0,AM Patel,PAN
378,NT Rajendran (KUW),9,6,3,35,11,11.66,32,109.37,0,0,1,4,0,NT Rajendran,KUW
379,Shamim Hossain (BAN),1,1,1,35,35*,0,17,205.88,0,0,0,2,2,Shamim Hossain,BAN
380,A Shukla (HKG),55,18,8,35,10,3.5,53,66.03,0,0,6,2,1,A Shukla,HKG
381,M Stanikzai (SUI),2,2,0,35,34,17.5,15,233.33,0,0,0,3,3,M Stanikzai,SUI
382,CR Woakes (ENG),13,6,3,35,13*,11.66,37,94.59,0,0,0,3,1,CR Woakes,ENG
383,A Zampa (AUS),57,17,7,35,9,3.5,49,71.42,0,0,3,3,0,A Zampa,AUS
384,DK Dahyabhai Ahir (PAN),8,6,3,34,12*,11.33,46,73.91,0,0,0,1,0,DK Dahyabhai Ahir,PAN
385,JA Duffy (NZ),40,10,7,34,9*,11.33,31,109.67,0,0,1,3,0,JA Duffy,NZ
386,Harmeet Singh (USA),4,1,1,34,34*,0,17,200,0,0,0,3,2,Harmeet Singh,USA
387,AA Hawoe (INA),10,5,3,34,30*,17,18,188.88,0,0,0,0,4,AA Hawoe,INA
388,Jay Odedra (OMA),8,6,5,34,25*,34,36,94.44,0,0,1,3,1,Jay Odedra,OMA
389,B Jerkovic (CRT),9,7,5,34,11*,17,73,46.57,0,0,0,1,0,B Jerkovic,CRT
390,CN Kakuru (UGA),22,8,5,34,16*,11.33,30,113.33,0,0,1,2,1,CN Kakuru,UGA
391,W Perchard (JER),4,3,3,34,29*,0,31,109.67,0,0,0,2,0,W Perchard,JER
392,P Suanchuai (THA),6,4,1,34,18,11.33,41,82.92,0,0,0,1,2,P Suanchuai,THA
393,DR Sams (AUS),5,2,1,34,28*,34,24,141.66,0,0,0,2,2,DR Sams,AUS
394,A Simelane (SA),8,6,1,34,13,6.8,35,97.14,0,0,0,1,2,A Simelane,SA
395,Tejwinder Singh (CYP),3,3,1,34,22*,17,17,200,0,0,1,2,2,Tejwinder Singh,CYP
396,SA Abbott (AUS),21,11,5,33,13*,5.5,33,100,0,0,3,3,0,SA Abbott,AUS
397,Anas Khan (HKG),20,6,1,33,18,6.6,24,137.5,0,0,3,3,2,Anas Khan,HKG
398,IK Gamantika (INA),8,3,2,33,31*,33,22,150,0,0,0,2,2,IK Gamantika,INA
399,GK Ghalley (BHU),4,3,1,33,25*,16.5,21,157.14,0,0,1,3,1,GK Ghalley,BHU
400,Ibrahim Rahimi (NOR),4,3,1,33,23,16.5,33,100,0,0,1,2,3,Ibrahim Rahimi,NOR
401,S Maduranga (SKOR),4,4,2,33,14,16.5,63,52.38,0,0,0,2,1,S Maduranga,SKOR
402,B Muzarabani (ZIM),65,21,8,33,9*,2.53,53,62.26,0,0,6,3,1,B Muzarabani,ZIM
403,LJ Myott (PHI),22,9,5,33,13*,8.25,40,82.5,0,0,0,1,1,LJ Myott,PHI
404,Nay Lin Htun (MYAN),9,7,4,33,11*,11,37,89.18,0,0,1,2,0,Nay Lin Htun,MYAN
405,Qais Ahmad (AFG),10,5,0,33,18,6.6,30,110,0,0,2,4,1,Qais Ahmad,AFG
406,C Sudarsanan (MLT),19,9,5,33,10*,8.25,48,68.75,0,0,0,1,1,C Sudarsanan,MLT
407,DPS Tyagi (SGP),10,8,4,33,14,8.25,30,110,0,0,1,2,2,DPS Tyagi,SGP
408,DJ Willey (ENG),10,4,3,33,33*,33,26,126.92,0,0,1,3,2,DJ Willey,ENG
409,VD Adewoye (NGA),8,5,3,32,22,16,26,123.07,0,0,0,4,0,VD Adewoye,NGA
410,RDB Ahir (PAN),3,3,1,32,21,16,27,118.51,0,0,0,2,1,RDB Ahir,PAN
411,Ayyaz Qureshi (SVN),2,2,1,32,20*,32,59,54.23,0,0,0,2,0,Ayyaz Qureshi,SVN
412,JS Henriksen (DEN),3,3,1,32,22*,16,31,103.22,0,0,0,1,0,JS Henriksen,DEN
413,S Joseph (WI),22,7,6,32,21*,32,24,133.33,0,0,1,2,2,S Joseph,WI
414,A Krishna (SGP),11,8,6,32,21*,16,44,72.72,0,0,2,3,0,A Krishna,SGP
415,OC McCoy (WI),29,8,5,32,23*,10.66,41,78.04,0,0,1,4,1,OC McCoy,WI
416,D Panda (Mex),2,1,0,32,32,32,17,188.23,0,0,0,1,2,D Panda,Mex
417,Sheraz Sarwari (SUI),5,3,0,32,30,10.66,17,188.23,0,0,0,0,4,Sheraz Sarwari,SUI
418,Aqib Iqbal (AUT),11,5,2,31,15,10.33,40,77.5,0,0,0,1,0,Aqib Iqbal,AUT
419,GD Arta (INA),24,8,3,31,9*,6.2,37,83.78,0,0,0,2,1,GD Arta,INA
420,SK Atai (PNG),11,7,2,31,17,6.2,24,129.16,0,0,2,3,1,SK Atai,PNG
421,J Baguma (UGA),16,8,4,31,11*,7.75,47,65.95,0,0,1,1,0,J Baguma,UGA
422,DL Chahar (IND),7,2,0,31,31,15.5,19,163.15,0,0,1,2,3,DL Chahar,IND
423,TL Chatara (ZIM),30,11,9,31,6*,15.5,50,62,0,0,0,1,0,TL Chatara,ZIM
424,Jakob Gul (BUL),4,2,0,31,18,15.5,32,96.87,0,0,0,1,2,Jakob Gul,BUL
425,D Marks (MLT),17,6,3,31,10,10.33,35,88.57,0,0,0,1,1,D Marks,MLT
426,A Ndlovu (ZIM),8,4,3,31,13*,31,37,83.78,0,0,0,4,0,A Ndlovu,ZIM
427,C Pengkumta (THA),7,4,1,31,19,10.33,32,96.87,0,0,2,1,2,C Pengkumta,THA
428,M Podosky (PHI),3,3,0,31,20,10.33,24,129.16,0,0,0,2,2,M Podosky,PHI
429,Raaz Mohammad (FIN),19,11,9,31,9*,15.5,44,70.45,0,0,1,1,0,Raaz Mohammad,FIN
430,S Sarthak (BHR),6,2,0,31,26,15.5,28,110.71,0,0,0,1,1,S Sarthak,BHR
431,Shariz Ahmad (NED),10,4,2,31,16*,15.5,23,134.78,0,0,0,4,0,Shariz Ahmad,NED
432,Shiraz Khan (KUW),17,6,3,31,18,10.33,42,73.8,0,0,1,2,0,Shiraz Khan,KUW
433,Syed Maisam Ali (POR),10,5,3,31,18*,15.5,25,124,0,0,1,1,2,Syed Maisam Ali,POR
434,T Taylor (CAY),15,9,4,31,11,6.2,44,70.45,0,0,1,1,0,T Taylor,CAY
435,G Venkateswaran (LUX),3,3,0,31,13,10.33,32,96.87,0,0,0,3,0,G Venkateswaran,LUX
436,Ali Nawaz (HUN),6,4,3,30,19*,30,16,187.5,0,0,1,1,3,Ali Nawaz,HUN
437,PS Bais (Mex),18,11,7,30,9*,7.5,52,57.69,0,0,2,0,0,PS Bais,Mex
438,F Banunaek (INA),44,14,7,30,8,4.28,47,63.82,0,0,1,2,0,F Banunaek,INA
439,ML Castillo (Blz),1,1,0,30,30,30,20,150,0,0,0,3,1,ML Castillo,Blz
440,D Ganesh (CRC),9,8,3,30,20*,6,42,71.42,0,0,2,4,0,D Ganesh,CRC
441,Gaurav Maithani (MLT),2,2,1,30,23*,30,18,166.66,0,0,0,3,2,Gaurav Maithani,MLT
442,SC Getkate (IRE),1,1,0,30,30,30,19,157.89,0,0,0,0,3,SC Getkate,IRE
443,Gulsan Jha (NEP),9,6,2,30,14,7.5,33,90.9,0,0,1,1,2,Gulsan Jha,NEP
444,A Harris (BHM),16,10,6,30,12,7.5,39,76.92,0,0,2,0,3,A Harris,BHM
445,L Karlsson (SWE),9,4,1,30,14,10,27,111.11,0,0,0,2,1,L Karlsson,SWE
446,B Maphosa (BOT),9,4,2,30,18,15,37,81.08,0,0,0,1,1,B Maphosa,BOT
447,Mohammad Ihsan (ESP),4,4,2,30,22*,15,28,107.14,0,0,0,4,0,Mohammad Ihsan,ESP
448,SN Pathirana (CYP),12,7,4,30,13*,10,39,76.92,0,0,0,0,1,SN Pathirana,CYP
449,Sufyan Mehmood (OMA),12,6,1,30,10,6,43,69.76,0,0,1,2,0,Sufyan Mehmood,OMA
450,Thuya Aung (MYAN),4,4,0,30,11,7.5,75,40,0,0,0,2,0,Thuya Aung,MYAN
451,Zeerak Chughtai (BUL),6,5,3,30,12*,15,34,88.23,0,0,0,1,0,Zeerak Chughtai,BUL
452,Zong Yuechao (CHN),6,5,2,30,19*,10,54,55.55,0,0,2,3,0,Zong Yuechao,CHN
453,Abdul Rahman (SGP),3,2,1,29,22*,29,41,70.73,0,0,0,1,0,Abdul Rahman,SGP
454,T Amarmend (MNG),5,4,1,29,21*,9.66,65,44.61,0,0,2,3,0,T Amarmend,MNG
455,Awais Ikram (SVN),6,6,2,29,10*,7.25,30,96.66,0,0,1,3,1,Awais Ikram,SVN
456,MS Diakite (Mali),7,7,0,29,14,4.14,37,78.37,0,0,3,6,0,MS Diakite,Mali
457,Fazil Muhammad (SKOR),5,4,1,29,15,9.66,43,67.44,0,0,0,1,0,Fazil Muhammad,SKOR
458,A Ilaoa (Samoa),8,6,1,29,12,5.8,28,103.57,0,0,1,2,1,A Ilaoa,Samoa
459,Jahandad Khan (PAK),6,5,1,29,17,7.25,34,85.29,0,0,1,0,2,Jahandad Khan,PAK
460,Khalid Niazi (SUI),6,3,2,29,13*,29,36,80.55,0,0,0,1,0,Khalid Niazi,SUI
461,A Magdalenic (CRT),10,8,2,29,14*,4.83,48,60.41,0,0,4,3,0,A Magdalenic,CRT
462,L Maximo (BRA),7,6,2,29,9*,7.25,59,49.15,0,0,1,0,0,L Maximo,BRA
463,Mosaddek Hossain (BAN),2,2,2,29,20*,0,22,131.81,0,0,0,2,1,Mosaddek Hossain,BAN
464,F Mutua (KENYA),20,7,1,29,11*,4.83,30,96.66,0,0,2,2,1,F Mutua,KENYA
465,Y Naing Tun (MYAN),5,4,1,29,19,9.66,39,74.35,0,0,1,4,0,Y Naing Tun,MYAN
466,D Parashar (UAE),11,6,4,29,13*,14.5,17,170.58,0,0,1,2,2,D Parashar,UAE
467,A Paul (EST),19,7,3,29,14*,7.25,37,78.37,0,0,2,1,0,A Paul,EST
468,Pavandeep Singh (MAS),55,11,10,29,12*,29,55,52.72,0,0,1,0,0,Pavandeep Singh,MAS
469,N Peter (SA),12,5,3,29,10*,14.5,25,116,0,0,0,3,0,N Peter,SA
470,T Sandeep (SWZ),1,1,1,29,29*,0,14,207.14,0,0,0,2,1,T Sandeep,SWZ
471,MM Siddique (JPN),3,2,0,29,28,14.5,20,145,0,0,0,4,1,MM Siddique,JPN
472,Soyeb Pendi (Zamb),7,5,3,29,16*,14.5,20,145,0,0,2,2,3,Soyeb Pendi,Zamb
473,Usman Khan (Fran),5,4,1,29,10,9.66,28,103.57,0,0,0,4,0,Usman Khan,Fran
474,S Vashisht (ROM),14,7,2,29,9*,5.8,41,70.73,0,0,1,1,1,S Vashisht,ROM
475,Zahid Ali (UAE),6,2,1,29,18*,29,23,126.08,0,0,0,3,0,Zahid Ali,UAE
476,Ali Farasat (HUN),3,2,0,28,21,14,20,140,0,0,0,2,2,Ali Farasat,HUN
477,S Ashwathnarayana (HUN),3,2,2,28,24*,0,15,186.66,0,0,0,0,2,S Ashwathnarayana,HUN
478,TA Boult (NZ),17,4,2,28,16,14,24,116.66,0,0,0,1,2,TA Boult,NZ
479,R Drake (JPN),14,8,7,28,11*,28,33,84.84,0,0,0,1,0,R Drake,JPN
480,CN Greaves (SCOT),8,6,2,28,11,7,23,121.73,0,0,1,3,1,CN Greaves,SCOT
481,M Jobarteh (GMB),12,9,2,28,10*,4,34,82.35,0,0,2,2,1,M Jobarteh,GMB
482,B Niaz (BEL),2,2,1,28,28*,28,24,116.66,0,0,1,1,2,B Niaz,BEL
483,Rahmatullah Mangal (Fran),16,10,2,28,7*,3.5,41,68.29,0,0,2,1,1,Rahmatullah Mangal,Fran
484,T Rapi (Samoa),1,1,0,28,28,28,19,147.36,0,0,0,3,1,T Rapi,Samoa
485,Sharafuddin Ashraf (AFG),10,5,5,28,17*,0,26,107.69,0,0,0,3,1,Sharafuddin Ashraf,AFG
486,Shivam Mavi (IND),6,2,0,28,26,14,18,155.55,0,0,0,2,2,Shivam Mavi,IND
487,OE Taylor (COK),6,4,1,28,10*,9.33,48,58.33,0,0,0,0,0,OE Taylor,COK
488,TS Waqavakatoga (Fiji),7,5,2,28,18,9.33,30,93.33,0,0,0,1,1,TS Waqavakatoga,Fiji
489,JB Abega (CAM),3,3,0,27,15,9,52,51.92,0,0,0,2,0,JB Abega,CAM
490,Amir Farooq (QAT),14,8,3,27,9*,5.4,34,79.41,0,0,1,1,1,Amir Farooq,QAT
491,Avesh Khan (IND),25,5,3,27,16,13.5,20,135,0,0,0,3,1,Avesh Khan,IND
492,DG Blampied (JER),12,6,3,27,14*,9,27,100,0,0,1,2,0,DG Blampied,JER
493,DL Brangman (BER),19,6,4,27,9*,13.5,28,96.42,0,0,1,2,0,DL Brangman,BER
494,M Cohen (ISR),1,1,1,27,27*,0,29,93.1,0,0,0,1,1,M Cohen,ISR
495,V Ganesan (GER),6,6,5,27,11,27,25,108,0,0,0,2,0,V Ganesan,GER
496,S Ghimire (POR),2,1,1,27,27*,0,13,207.69,0,0,0,2,2,S Ghimire,POR
497,R Kalimuthu (SGP),14,7,5,27,16*,13.5,27,100,0,0,1,2,1,R Kalimuthu,SGP
498,Mohamed Shafeeq (KUW),44,12,2,27,6,2.7,29,93.1,0,0,3,3,0,Mohamed Shafeeq,KUW
499,P Nedeljkovic (SRB),10,5,2,27,14*,9,41,65.85,0,0,0,2,1,P Nedeljkovic,SRB
500,Nurul Hasan (BAN),2,2,1,27,25*,27,18,150,0,0,0,1,2,Nurul Hasan,BAN
501,Salman Patel (Zamb),4,3,1,27,24*,13.5,23,117.39,0,0,0,2,1,Salman Patel,Zamb
502,S Selvaraj (TAN),5,3,1,27,20,13.5,24,112.5,0,0,0,4,0,S Selvaraj,TAN
503,DK Shetty (INA),19,3,1,27,14,13.5,22,122.72,0,0,0,1,1,DK Shetty,INA
504,Washington Sundar (IND),14,4,3,27,25,27,20,135,0,0,0,2,1,Washington Sundar,IND
505,AG Weligamage (HUN),7,6,3,27,11,9,32,84.37,0,0,0,0,2,AG Weligamage,HUN
506,DGAPD Wiswi (INA),12,5,0,27,12,5.4,39,69.23,0,0,0,2,0,DGAPD Wiswi,INA
507,N Ahir (PAN),3,2,2,26,15*,0,32,81.25,0,0,0,2,0,N Ahir,PAN
508,Ahmed Hassan (MDV),2,2,0,26,26,13,21,123.8,0,0,1,2,0,Ahmed Hassan,MDV
509,U Aryaman Sunil (SGP),4,3,2,26,21*,26,23,113.04,0,0,1,2,1,U Aryaman Sunil,SGP
510,R Hashu (POR),1,1,0,26,26,26,23,113.04,0,0,0,1,1,R Hashu,POR
511,MADI Hemantha (SL),7,4,1,26,14*,8.66,28,92.85,0,0,1,2,0,MADI Hemantha,SL
512,Junaed Mullah (SVN),1,1,0,26,26,26,33,78.78,0,0,0,2,0,Junaed Mullah,SVN
513,D Finau (Samoa),15,8,4,26,14*,6.5,16,162.5,0,0,3,1,2,D Finau,Samoa
514,PK Mohanarangam (Mex),2,2,0,26,26,13,41,63.41,0,0,1,0,1,PK Mohanarangam,Mex
515,Nadeem Khan (OMA),7,4,1,26,20,8.66,25,104,0,0,1,1,1,Nadeem Khan,OMA
516,S Nadigotla (ROM),4,1,0,26,26,26,19,136.84,0,0,0,2,1,S Nadigotla,ROM
517,A Nathwani (AUT),19,10,7,26,7*,8.66,46,56.52,0,0,2,1,0,A Nathwani,AUT
518,J Ramanandi (OMA),6,5,1,26,13,6.5,22,118.18,0,0,1,2,1,J Ramanandi,OMA
519,Sachin Kumar (BHR),12,4,1,26,19*,8.66,32,81.25,0,0,1,3,0,Sachin Kumar,BHR
520,Sarawut Maliwan (THA),39,16,6,26,5*,2.6,71,36.61,0,0,5,1,0,Sarawut Maliwan,THA
521,Siraj Ullah Khadem (POR),21,8,3,26,8,5.2,38,68.42,0,0,2,2,0,Siraj Ullah Khadem,POR
522,Sufiyan Muqeem (PAK),19,11,6,26,10,5.2,27,96.29,0,0,2,3,0,Sufiyan Muqeem,PAK
523,Usman Qadir (PAK),8,5,3,26,18*,13,16,162.5,0,0,1,3,1,Usman Qadir,PAK
524,T Vanuarua (COK),5,3,1,26,14*,13,21,123.8,0,0,0,1,3,T Vanuarua,COK
525,L Zulu (SWZ),2,2,0,26,20,13,45,57.77,0,0,0,2,0,L Zulu,SWZ
526,Ashwin Vinod (SUI),19,8,4,25,8*,6.25,21,119.04,0,0,1,1,1,Ashwin Vinod,SUI
527,WJ Cope (LUX),4,2,1,25,18,25,25,100,0,0,0,2,0,WJ Cope,LUX
528,NRJ Croes (NED),1,1,1,25,25*,0,12,208.33,0,0,0,5,0,NRJ Croes,NED
529,M Dale-Bradley (GUE),12,4,2,25,8*,12.5,17,147.05,0,0,0,1,2,M Dale-Bradley,GUE
530,NR Johns-Wickberg (SRB),8,5,4,25,15,25,43,58.13,0,0,0,2,0,NR Johns-Wickberg,SRB
531,B Khumalo (BOT),23,8,6,25,10*,12.5,36,69.44,0,0,1,1,0,B Khumalo,BOT
532,Kim Daeyeon (SKOR),5,5,1,25,14,6.25,39,64.1,0,0,1,3,0,Kim Daeyeon,SKOR
533,S Mahmood (ENG),10,5,1,25,12,6.25,33,75.75,0,0,1,1,1,S Mahmood,ENG
534,Z Makadji (Mali),4,4,1,25,22,8.33,25,100,0,0,1,1,1,Z Makadji,Mali
535,A Morris (CAY),18,8,6,25,8*,12.5,50,50,0,0,2,2,0,A Morris,CAY
536,Muhammad Jawadullah (UAE),39,5,3,25,13*,12.5,26,96.15,0,0,1,2,0,Muhammad Jawadullah,UAE
537,G Oliveira (BRA),11,8,3,25,9,5,35,71.42,0,0,0,0,2,G Oliveira,BRA
538,AR Prasad (CAM),20,9,5,25,8*,6.25,56,44.64,0,0,2,1,0,AR Prasad,CAM
539,Raza Iqbal (NOR),2,2,2,25,15*,0,30,83.33,0,0,0,2,0,Raza Iqbal,NOR
540,Saqib Zulfiqar (NED),1,1,1,25,25*,0,12,208.33,0,0,0,1,2,Saqib Zulfiqar,NED
541,Shah Faisal (OMA),11,6,4,25,9*,12.5,32,78.12,0,0,0,2,0,Shah Faisal,OMA
542,M Turner (),3,2,2,25,18*,0,21,119.04,0,0,0,2,0,M Turner,
543,HER Tyler (PHI),7,5,0,25,12,5,22,113.63,0,0,2,1,3,HER Tyler,PHI
544,D Wheatley (BHM),4,4,2,25,16,12.5,25,100,0,0,0,1,2,D Wheatley,BHM
545,Y Saranonnakkun (THA),12,6,1,25,9,5,35,71.42,0,0,1,2,0,Y Saranonnakkun,THA
546,Zeshan Arif (AUT),6,1,1,25,25*,0,21,119.04,0,0,0,1,1,Zeshan Arif,AUT
547,Azmatullah Omarzai (AFG),7,2,1,24,21,24,24,100,0,0,0,2,1,Azmatullah Omarzai,AFG
548,SFS Cheema (AUT),17,4,2,24,21*,12,17,141.17,0,0,1,0,3,SFS Cheema,AUT
549,JA Clarkson (NZ),1,1,0,24,24,24,25,96,0,0,0,0,2,JA Clarkson,NZ
550,T Gwandu (ZIM),19,7,5,24,8*,12,36,66.66,0,0,1,1,0,T Gwandu,ZIM
551,S Hook (EST),8,4,2,24,18,12,27,88.88,0,0,0,2,1,S Hook,EST
552,Imran Ameer (MLT),5,3,1,24,11,12,19,126.31,0,0,0,2,0,Imran Ameer,MLT
553,RM Koda (INA),64,16,9,24,6,3.42,45,53.33,0,0,3,1,0,RM Koda,INA
554,Luca Petre (ROM),18,5,3,24,7*,12,23,104.34,0,0,0,0,0,Luca Petre,ROM
555,D Maisuria (BOT),25,11,0,24,6,2.18,62,38.7,0,0,5,1,0,D Maisuria,BOT
556,Mohammed Faraazuddin (UAE),5,3,1,24,21*,12,24,100,0,0,1,1,0,Mohammed Faraazuddin,UAE
557,M Prasanna (ROM),4,3,1,24,18*,12,13,184.61,0,0,0,4,0,M Prasanna,ROM
558,G Schachat (ISR),1,1,1,24,24*,0,21,114.28,0,0,0,2,0,G Schachat,ISR
559,Taranjit Singh (CYP),7,4,1,24,20*,8,15,160,0,0,1,3,1,Taranjit Singh,CYP
560,A Turkmen (TKY),3,3,2,24,14*,24,23,104.34,0,0,1,1,0,A Turkmen,TKY
561,A Busing-Volschenk (NAM),3,2,2,24,20*,0,14,171.42,0,0,0,0,2,A Busing-Volschenk,NAM
562,Yasir Mohammad (USA),10,4,1,24,16,8,38,63.15,0,0,0,0,0,Yasir Mohammad,USA
563,Sarfraz Butt (KSA),3,3,1,24,13,12,25,96,0,0,0,1,0,Sarfraz Butt,KSA
564,RGA Amah (CAM),2,2,0,23,18,11.5,28,82.14,0,0,0,3,0,RGA Amah,CAM
565,MFI Assuncao (BRA),4,2,0,23,13,11.5,20,115,0,0,0,3,1,MFI Assuncao,BRA
566,S Chaudhary (CZK-R),9,4,1,23,12,7.66,27,85.18,0,0,0,1,1,S Chaudhary,CZK-R
567,Gaurav Mishra (ROM),6,3,1,23,15,11.5,20,115,0,0,0,0,1,Gaurav Mishra,ROM
568,J Ghelzai (AUT),7,3,0,23,17,7.66,16,143.75,0,0,1,0,2,J Ghelzai,AUT
569,M Iturbe (Arg),8,2,0,23,16,11.5,22,104.54,0,0,0,2,0,M Iturbe,Arg
570,H Lin Oo (MYAN),7,5,4,23,11*,23,29,79.31,0,0,0,0,0,H Lin Oo,MYAN
571,DM Nakrani (UGA),1,1,1,23,23*,0,15,153.33,0,0,0,2,0,DM Nakrani,UGA
572,JDS Neesham (NZ),6,1,1,23,23*,0,15,153.33,0,0,0,3,0,JDS Neesham,NZ
573,Parveen Kumar (CAN),7,3,0,23,19,7.66,24,95.83,0,0,1,0,2,Parveen Kumar,CAN
574,Parvindar Kumar (KUW),7,3,0,23,19,7.66,18,127.77,0,0,0,0,2,Parvindar Kumar,KUW
575,IKA Pastika (INA),3,2,2,23,14*,0,17,135.29,0,0,0,1,0,IKA Pastika,INA
576,WA Peatfield (GUE),12,5,4,23,12*,23,17,135.29,0,0,1,3,0,WA Peatfield,GUE
577,N Pokana (PNG),7,4,0,23,12,5.75,23,100,0,0,1,0,2,N Pokana,PNG
578,CAK Rajitha (SL),8,4,3,23,9*,23,30,76.66,0,0,0,2,0,CAK Rajitha,SL
579,R Ravindra (NZ),2,2,1,23,21*,23,15,153.33,0,0,0,1,1,R Ravindra,NZ
580,Saud Munir (DEN),15,6,4,23,6*,11.5,40,57.5,0,0,1,0,0,Saud Munir,DEN
581,XSD Smith (Sur),4,4,1,23,14,7.66,35,65.71,0,0,0,1,0,XSD Smith,Sur
582,F Stoman (POR),12,4,2,23,10,11.5,26,88.46,0,0,0,0,1,F Stoman,POR
583,Tashi Dorji (BHU),10,8,1,23,9*,3.28,30,76.66,0,0,2,1,1,Tashi Dorji,BHU
584,J Tuffin (PHI),5,3,1,23,12,11.5,32,71.87,0,0,0,1,0,J Tuffin,PHI
585,Umair Qasim (SWZ),7,4,2,23,15,11.5,19,121.05,0,0,1,1,1,Umair Qasim,SWZ
586,B White (IRE),28,7,5,23,7*,11.5,45,51.11,0,0,0,2,0,B White,IRE
587,Zeeshan Ali (HKG),6,3,0,23,21,7.66,14,164.28,0,0,1,3,0,Zeeshan Ali,HKG
588,GG Alta (TKY),4,4,0,22,18,5.5,29,75.86,0,0,0,2,1,GG Alta,TKY
589,Anjar Tadarus (INA),9,3,2,22,17*,22,16,137.5,0,0,0,2,1,Anjar Tadarus,INA
590,NN Banner (Blz),4,3,3,22,12*,0,17,129.41,0,0,0,1,1,NN Banner,Blz
591,DE Burgess (Samoa),5,3,3,22,16*,0,36,61.11,0,0,0,0,0,DE Burgess,Samoa
592,YP Dayal (Sur),1,1,0,22,22,22,28,78.57,0,0,0,0,1,YP Dayal,Sur
593,Hassan Khan Mohammad (HKG),4,4,1,22,16*,7.33,29,75.86,0,0,2,2,0,Hassan Khan Mohammad,HKG
594,Imad Wasim (PAK),2,1,0,22,22,22,13,169.23,0,0,0,2,1,Imad Wasim,PAK
595,Jaspreet Singh (ITA),15,5,2,22,12,7.33,21,104.76,0,0,1,1,1,Jaspreet Singh,ITA
596,CJPF Kalugamage (ITA),18,6,5,22,7,22,33,66.66,0,0,0,0,0,CJPF Kalugamage,ITA
597,PK Langat (KENYA),32,9,5,22,5,5.5,32,68.75,0,0,0,0,0,PK Langat,KENYA
598,S Kushretha (LUX),8,4,1,22,11,7.33,36,61.11,0,0,1,1,0,S Kushretha,LUX
599,Lucky Ali (DEN),7,4,4,22,8*,0,16,137.5,0,0,0,3,0,Lucky Ali,DEN
600,A Mustafa (Arg),6,4,3,22,10*,22,19,115.78,0,0,0,1,0,A Mustafa,Arg
601,A Nortje (SA),30,9,4,22,12,4.4,30,73.33,0,0,1,1,1,A Nortje,SA
602,Omid Mailk Khel (BEL),2,1,1,22,22*,0,8,275,0,0,0,3,1,Omid Mailk Khel,BEL
603,M Sarenac (SRB),26,10,4,22,10,3.66,46,47.82,0,0,1,1,0,M Sarenac,SRB
604,L Shafeeg (MDV),16,6,3,22,10*,7.33,35,62.85,0,0,1,1,0,L Shafeeg,MDV
605,F Suluoto (Samoa),1,1,0,22,22,22,16,137.5,0,0,0,2,1,F Suluoto,Samoa
606,M Vaik (EST),11,6,3,22,6*,7.33,25,88,0,0,0,0,0,M Vaik,EST
607,Virendra Kumar (ISR),4,4,2,22,8*,11,19,115.78,0,0,0,2,0,Virendra Kumar,ISR
608,D Wotu (VAN),17,7,6,22,7*,22,18,122.22,0,0,0,2,0,D Wotu,VAN
609,Andre Jarju (GMB),2,2,2,21,12*,0,27,77.77,0,0,0,2,0,Andre Jarju,GMB
610,JC Balt (NAM),5,3,1,21,11*,10.5,34,61.76,0,0,1,0,0,JC Balt,NAM
611,E Beukes (CAM),3,1,1,21,21*,0,20,105,0,0,0,1,2,E Beukes,CAM
612,O Davidson (SCOT),4,3,2,21,20*,21,17,123.52,0,0,1,2,1,O Davidson,SCOT
613,A Djorovic (SRB),5,2,0,21,15,10.5,37,56.75,0,0,0,3,0,A Djorovic,SRB
614,C Forshaw (GUE),13,4,2,21,12,10.5,26,80.76,0,0,0,0,1,C Forshaw,GUE
615,Imran Anwar (BHR),13,3,2,21,10*,21,24,87.5,0,0,0,2,0,Imran Anwar,BHR
616,GP Meade (ITA),8,6,2,21,7*,5.25,24,87.5,0,0,2,0,1,GP Meade,ITA
617,Mohammad Ghazanfar (HKG),23,10,4,21,7*,3.5,40,52.5,0,0,1,1,0,Mohammad Ghazanfar,HKG
618,AA Navicha (MOZ),10,5,3,21,12*,10.5,31,67.74,0,0,2,1,0,AA Navicha,MOZ
619,R Pisal (ROM),8,3,0,21,12,7,24,87.5,0,0,0,3,0,R Pisal,ROM
620,BV Sears (NZ),19,7,4,21,7*,7,25,84,0,0,1,2,0,BV Sears,NZ
621,Shahid Mahmood (BHR),12,4,3,21,17,21,26,80.76,0,0,0,0,2,Shahid Mahmood,BHR
622,U Shantu (POR),8,3,1,21,13*,10.5,18,116.66,0,0,1,1,0,U Shantu,POR
623,P Silas (BOT),4,1,1,21,21*,0,13,161.53,0,0,0,3,0,P Silas,BOT
624,S Singh (KENYA),6,4,2,21,13,10.5,14,150,0,0,1,3,0,S Singh,KENYA
625,H Ssenyondo (UGA),59,13,7,21,5*,3.5,36,58.33,0,0,4,0,0,H Ssenyondo,UGA
626,BK Stroud (STHEL),9,4,3,21,10*,21,55,38.18,0,0,0,1,0,BK Stroud,STHEL
627,Tshering Tashi (2) (BHU),13,9,5,21,7*,5.25,38,55.26,0,0,1,2,0,Tshering Tashi,2
628,C Udekwe (NGA),24,6,4,21,11*,10.5,23,91.3,0,0,0,1,1,C Udekwe,NGA
629,Vishil Patel (KENYA),19,8,5,21,10*,7,40,52.5,0,0,3,1,0,Vishil Patel,KENYA
630,MNM Aslam (KUW),13,6,1,20,7,4,20,100,0,0,1,1,1,MNM Aslam,KUW
631,Atif Mehmood (ESP),15,3,2,20,10*,20,17,117.64,0,0,1,1,1,Atif Mehmood,ESP
632,Ayaz Dadabhai (Zamb),1,1,0,20,20,20,20,100,0,0,0,1,1,Ayaz Dadabhai,Zamb
633,Fakhrul Mohon (POR),3,2,2,20,12*,0,12,166.66,0,0,0,0,2,Fakhrul Mohon,POR
634,AM Hardie (AUS),2,1,1,20,20*,0,9,222.22,0,0,0,2,1,AM Hardie,AUS
635,Kamal Soukhiya (LUX),4,3,0,20,10,6.66,20,100,0,0,0,1,1,Kamal Soukhiya,LUX
636,Mohammad Kamran (ESP),12,3,1,20,17,10,20,100,0,0,0,2,0,Mohammad Kamran,ESP
637,V Pulibanti (CRT),3,3,2,20,10,20,29,68.96,0,0,0,3,0,V Pulibanti,CRT
638,Saeed Ahmed (SWE),2,2,0,20,18,10,13,153.84,0,0,0,1,2,Saeed Ahmed,SWE
639,Samader Shadab (GRC),2,2,0,20,14,10,16,125,0,0,0,0,2,Samader Shadab,GRC
640,S Rungrueang (THA),7,5,0,20,7,4,33,60.6,0,0,1,0,0,S Rungrueang,THA
641,R Siriwardena (CYP),8,4,2,20,9*,10,31,64.51,0,0,0,2,0,R Siriwardena,CYP
642,ACF Stokes (GUE),9,5,2,20,18*,6.66,27,74.07,0,0,2,0,1,ACF Stokes,GUE
643,PSRK Sudarshan (SGP),14,5,1,20,11,5,20,100,0,0,3,1,1,PSRK Sudarshan,SGP
644,TG Thamae (LES),10,6,1,20,10,4,25,80,0,0,3,1,1,TG Thamae,LES
645,JDF Vandersay (SL),7,3,1,20,8,10,23,86.95,0,0,0,1,1,JDF Vandersay,SL
646,UT Yadav (IND),2,1,1,20,20*,0,17,117.64,0,0,0,2,0,UT Yadav,IND
647,CA Young (IRE),29,11,7,20,7*,5,33,60.6,0,0,1,1,0,CA Young,IRE
648,Adnan Mirza (QAT),3,1,0,19,19,19,8,237.5,0,0,0,4,0,Adnan Mirza,QAT
649,Aizaz Khan (HKG),2,2,0,19,13,9.5,20,95,0,0,0,1,0,Aizaz Khan,HKG
650,Brima Ansumana (SLE),4,2,0,19,12,9.5,30,63.33,0,0,0,0,0,Brima Ansumana,SLE
651,M Choamba (MWI),18,6,2,19,12*,4.75,38,50,0,0,2,1,0,M Choamba,MWI
652,BJ Currie (SCOT),22,6,4,19,8*,9.5,32,59.37,0,0,0,0,0,BJ Currie,SCOT
653,J Dzulfikar (INA),3,2,2,19,17*,0,8,237.5,0,0,0,2,1,J Dzulfikar,INA
654,R Francis (STHEL),3,2,0,19,15,9.5,17,111.76,0,0,0,0,2,R Francis,STHEL
655,N Hirani (KENYA),3,1,0,19,19,19,11,172.72,0,0,0,3,0,N Hirani,KENYA
656,V Hirlal (Sur),2,1,0,19,19,19,15,126.66,0,0,0,1,2,V Hirlal,Sur
657,Junaid Khan (POR),15,5,2,19,14*,6.33,11,172.72,0,0,3,2,1,Junaid Khan,POR
658,JP Kaltapau (VAN),3,1,1,19,19*,0,17,111.76,0,0,0,0,1,JP Kaltapau,VAN
659,B Kgosiemang (BOT),18,7,6,19,6*,19,42,45.23,0,0,0,1,0,B Kgosiemang,BOT
660,R Khanyapa (LES),3,3,1,19,14,9.5,21,90.47,0,0,0,1,1,R Khanyapa,LES
661,Kuldeep Gurjar (SKOR),3,2,0,19,16,9.5,18,105.55,0,0,0,0,2,Kuldeep Gurjar,SKOR
662,AR Leo (STHEL),1,1,0,19,19,19,29,65.51,0,0,0,2,0,AR Leo,STHEL
663,KT Maphaka (SA),18,6,4,19,12*,9.5,24,79.16,0,0,2,2,0,KT Maphaka,SA
664,KP Meiyappan (UAE),13,6,4,19,12,9.5,23,82.6,0,0,0,2,0,KP Meiyappan,UAE
665,Mohammad Hasnain (PAK),10,5,5,19,8*,0,13,146.15,0,0,0,1,1,Mohammad Hasnain,PAK
666,Fahim Bhatti (BEL),12,3,2,19,13*,19,25,76,0,0,0,1,1,Fahim Bhatti,BEL
667,Muhammad Farooq (UAE),14,2,1,19,18,19,15,126.66,0,0,0,1,1,Muhammad Farooq,UAE
668,CB Ondoa (CAM),5,4,2,19,10,9.5,44,43.18,0,0,0,0,0,CB Ondoa,CAM
669,Ousman Bah (GMB),7,6,3,19,8*,6.33,42,45.23,0,0,2,0,0,Ousman Bah,GMB
670,M Pathirana (SL),28,11,5,19,6,3.16,37,51.35,0,0,4,1,0,M Pathirana,SL
671,KMA Paul (WI),2,1,1,19,19*,0,22,86.36,0,0,0,2,0,KMA Paul,WI
672,Z Shurentsetseg (MNG),11,10,4,19,13,3.16,58,32.75,0,0,4,0,1,Z Shurentsetseg,MNG
673,N Vanua (PNG),9,4,0,19,14,4.75,31,61.29,0,0,2,1,1,N Vanua,PNG
674,Abdul Samad (JPN),11,4,4,18,11*,0,27,66.66,0,0,0,1,0,Abdul Samad,JPN
675,KS Airee (NEP),8,3,0,18,13,6,18,100,0,0,0,1,1,KS Airee,NEP
676,Amar Naeem (AUT),5,3,2,18,16*,18,14,128.57,0,0,1,0,1,Amar Naeem,AUT
677,Ateeq Iqbal (HKG),37,12,10,18,5*,9,25,72,0,0,1,1,0,Ateeq Iqbal,HKG
678,Atif-Ur-Rehman (KSA),15,7,5,18,6*,9,21,85.71,0,0,1,0,0,Atif-Ur-Rehman,KSA
679,Aung Ko Ko (MYAN),13,8,3,18,10,3.6,40,45,0,0,2,1,0,Aung Ko Ko,MYAN
680,Basil George (MLT),1,1,0,18,18,18,9,200,0,0,0,1,2,Basil George,MLT
681,R Coker (SLE),15,6,3,18,11,6,39,46.15,0,0,1,2,0,R Coker,SLE
682,AA Gajic (SRB),22,6,3,18,9,6,38,47.36,0,0,0,1,0,AA Gajic,SRB
683,R Galgalikar (Mex),1,1,0,18,18,18,18,100,0,0,0,1,0,R Galgalikar,Mex
684,Gaurav Tiwari (INA),3,2,1,18,18*,18,23,78.26,0,0,1,0,0,Gaurav Tiwari,INA
685,A Gbla (SLE),4,4,0,18,6,4.5,33,54.54,0,0,1,0,1,A Gbla,SLE
686,NT Gireesh (CAM),18,5,1,18,14,4.5,21,85.71,0,0,3,2,1,NT Gireesh,CAM
687,Hasan Ali (PAK),8,4,1,18,9,6,19,94.73,0,0,1,0,1,Hasan Ali,PAK
688,Hisham Shaikh (KSA),4,2,2,18,13*,0,17,105.88,0,0,0,0,1,Hisham Shaikh,KSA
689,ZR Jabeneke (TAN),3,2,1,18,12*,18,19,94.73,0,0,0,0,1,ZR Jabeneke,TAN
690,T Jamtsho (BHU),3,3,0,18,10,6,24,75,0,0,0,1,1,T Jamtsho,BHU
691,V Jatinder Kumar (GER),5,3,0,18,13,6,20,90,0,0,0,3,0,V Jatinder Kumar,GER
692,Kapil Kumar (PHI),1,1,0,18,18,18,18,100,0,0,0,1,1,Kapil Kumar,PHI
693,J Kariko (PNG),20,8,5,18,9*,6,30,60,0,0,1,1,1,J Kariko,PNG
694,SSB Magala (SA),2,1,1,18,18*,0,5,360,0,0,0,1,2,SSB Magala,SA
695,LF Mavume (MOZ),7,3,1,18,8*,9,43,41.86,0,0,0,1,0,LF Mavume,MOZ
696,SS McKechnie (HKG),7,4,1,18,9,6,20,90,0,0,0,2,0,SS McKechnie,HKG
697,Nawazish Akhtar (KSA),6,4,2,18,18,9,18,100,0,0,1,0,1,Nawazish Akhtar,KSA
698,Noorkhan Ahmedi (SUI),3,2,0,18,16,9,19,94.73,0,0,0,1,1,Noorkhan Ahmedi,SUI
699,C Rumistrzewicz (ESP),23,6,5,18,8*,18,28,64.28,0,0,0,0,0,C Rumistrzewicz,ESP
700,Shehzad Patel (SWZ),2,2,0,18,17,9,15,120,0,0,0,2,0,Shehzad Patel,SWZ
701,Surya Anand (DEN),5,2,1,18,10*,18,14,128.57,0,0,0,1,1,Surya Anand,DEN
702,JL Tutty (COK),7,4,1,18,9,6,29,62.06,0,0,1,1,0,JL Tutty,COK
703,Waqas Ali (BEL),4,2,0,18,12,9,24,75,0,0,0,0,0,Waqas Ali,BEL
704,B Ward (JER),5,1,0,18,18,18,14,128.57,0,0,0,0,1,B Ward,JER
705,SM Warnakulasuriya (Fran),7,3,0,18,10,6,19,94.73,0,0,1,1,0,SM Warnakulasuriya,Fran
706,Aamir Kaleem (OMA),2,2,1,17,17*,17,8,212.5,0,0,1,2,1,Aamir Kaleem,OMA
707,Adil Khan (GER),4,2,0,17,17,8.5,23,73.91,0,0,1,0,2,Adil Khan,GER
708,Ahmed Daniyal (PAK),2,1,0,17,17,17,11,154.54,0,0,0,3,0,Ahmed Daniyal,PAK
709,JA Burrows (IOM),7,4,1,17,10,5.66,12,141.66,0,0,1,1,1,JA Burrows,IOM
710,H Dandapani (FIN),1,1,0,17,17,17,19,89.47,0,0,0,2,0,H Dandapani,FIN
711,Danyal Akbar (HUN),1,1,0,17,17,17,22,77.27,0,0,0,1,0,Danyal Akbar,HUN
712,P Desungnoen (THA),4,3,0,17,14,5.66,24,70.83,0,0,1,1,0,P Desungnoen,THA
713,Dharmang Patel (QAT),3,1,0,17,17,17,28,60.71,0,0,0,1,0,Dharmang Patel,QAT
714,N Dutta (CAN),10,1,1,17,17*,0,13,130.76,0,0,0,1,1,N Dutta,CAN
715,Fayaz Khan (GER),4,2,1,17,15*,17,13,130.76,0,0,0,1,1,Fayaz Khan,GER
716,LH Ferguson (NZ),35,14,7,17,5*,2.42,29,58.62,0,0,4,0,0,LH Ferguson,NZ
717,S Guruvayoorappan (Mex),5,2,1,17,17*,17,23,73.91,0,0,1,2,0,S Guruvayoorappan,Mex
718,Irfan Safi (AUT),2,1,1,17,17*,0,8,212.5,0,0,0,0,2,Irfan Safi,AUT
719,JM Joao (MOZ),9,3,1,17,9,8.5,20,85,0,0,0,2,0,JM Joao,MOZ
720,Jobayer Hossen (SEY),4,3,1,17,10,8.5,23,73.91,0,0,0,2,0,Jobayer Hossen,SEY
721,N Krishna (SEY),6,3,2,17,10,17,22,77.27,0,0,0,2,0,N Krishna,SEY
722,AJ Mosca (ITA),3,2,2,17,13*,0,17,100,0,0,0,1,0,AJ Mosca,ITA
723,S Muthusamy (SA),4,4,1,17,9,5.66,14,121.42,0,0,1,1,1,S Muthusamy,SA
724,J Pickering (COK),4,4,1,17,13,5.66,22,77.27,0,0,1,1,0,J Pickering,COK
725,B Pita (Samoa),1,1,0,17,17,17,9,188.88,0,0,0,2,0,B Pita,Samoa
726,M Shahbaz Butt (NOR),6,5,2,17,5*,5.66,21,80.95,0,0,1,1,0,M Shahbaz Butt,NOR
727,CB Sole (SCOT),10,6,3,17,6,5.66,23,73.91,0,0,1,1,0,CB Sole,SCOT
728,Swann Htet Ko Ko (MYAN),12,9,5,17,9,4.25,23,73.91,0,0,2,0,1,Swann Htet Ko Ko,MYAN
729,UNGB Thenannahelage (CZK-R),7,3,1,17,10,8.5,21,80.95,0,0,0,0,0,UNGB Thenannahelage,CZK-R
730,M Thurgate (JPN),2,1,0,17,17,17,11,154.54,0,0,0,2,1,M Thurgate,JPN
731,K Vislapuu (EST),16,7,4,17,12*,5.66,18,94.44,0,0,1,3,0,K Vislapuu,EST
732,Ali Hussain (ROM),7,4,1,16,9,5.33,18,88.88,0,0,2,2,0,Ali Hussain,ROM
733,Anique Uddin (DEN),2,1,0,16,16,16,18,88.88,0,0,0,0,0,Anique Uddin,DEN
734,Aslan Jafri (SGP),4,3,0,16,11,5.33,18,88.88,0,0,0,1,0,Aslan Jafri,SGP
735,ML Bojang (GMB),4,4,0,16,10,4,22,72.72,0,0,1,1,0,ML Bojang,GMB
736,RP Burl (ZIM),2,1,1,16,16*,0,10,160,0,0,0,0,1,RP Burl,ZIM
737,J Butler (IOM),9,5,2,16,8*,5.33,28,57.14,0,0,0,0,0,J Butler,IOM
738,RL Chase (WI),8,3,2,16,6*,16,8,200,0,0,0,2,1,RL Chase,WI
739,Fazalhaq Farooqi (AFG),52,15,11,16,4*,4,35,45.71,0,0,3,1,0,Fazalhaq Farooqi,AFG
740,Huzaif Yousuf (BUL),5,2,2,16,9*,0,16,100,0,0,0,2,0,Huzaif Yousuf,BUL
741,Ibrahim Jabarkhel (Fran),8,4,3,16,12*,16,19,84.21,0,0,1,0,1,Ibrahim Jabarkhel,Fran
742,M Jansen (SA),5,2,0,16,14,8,12,133.33,0,0,0,0,2,M Jansen,SA
743,B Mahesh (CYP),6,4,1,16,8,5.33,10,160,0,0,0,0,2,B Mahesh,CYP
744,L McCarthy (IRE),1,1,1,16,16*,0,15,106.66,0,0,0,1,1,L McCarthy,IRE
745,Mohamed Turay (SLE),10,7,4,16,9*,5.33,22,72.72,0,0,1,1,0,Mohamed Turay,SLE
746,Mohammad Shamshad Khan (SLE),4,2,1,16,16*,16,11,145.45,0,0,1,2,1,Mohammad Shamshad Khan,SLE
747,GM Mwendwa (KENYA),28,5,4,16,6*,16,25,64,0,0,0,1,0,GM Mwendwa,KENYA
748,SN Netravalkar (USA),29,6,2,16,8*,4,24,66.66,0,0,2,1,0,SN Netravalkar,USA
749,Nilansh Keswani (UAE),10,4,4,16,8*,0,10,160,0,0,0,2,0,Nilansh Keswani,UAE
750,NM Odhiambo (KENYA),8,3,1,16,13*,8,9,177.77,0,0,1,1,1,NM Odhiambo,KENYA
751,AA Paradkar (USA),4,2,1,16,10*,16,13,123.07,0,0,0,2,0,AA Paradkar,USA
752,J Rasu (VAN),2,2,0,16,16,8,13,123.07,0,0,1,1,1,J Rasu,VAN
753,D Ravu (PNG),6,4,2,16,5*,8,18,88.88,0,0,0,3,0,D Ravu,PNG
754,T Ritawa (COK),9,5,1,16,8,4,28,57.14,0,0,0,1,0,T Ritawa,COK
755,Rizwan Zahoor (SVN),2,2,2,16,15*,0,19,84.21,0,0,0,2,0,Rizwan Zahoor,SVN
756,Saeed Waqar Ali (SVN),10,8,4,16,5*,4,43,37.2,0,0,1,0,0,Saeed Waqar Ali,SVN
757,BA Sambo (MOZ),3,2,2,16,9*,0,19,84.21,0,0,0,2,0,BA Sambo,MOZ
758,RR Saun (CRC),2,2,1,16,15*,16,25,64,0,0,0,2,0,RR Saun,CRC
759,Shadab Khan (PAK),9,3,0,16,8,5.33,12,133.33,0,0,0,1,1,Shadab Khan,PAK
760,Shafiullah Zakhel (BEL),5,3,2,16,9*,16,9,177.77,0,0,1,2,0,Shafiullah Zakhel,BEL
761,Shahnawaz Dahani (PAK),9,1,0,16,16,16,6,266.66,0,0,0,0,2,Shahnawaz Dahani,PAK
762,Simi Singh (IRE),10,5,3,16,9*,8,16,100,0,0,2,1,0,Simi Singh,IRE
763,Tahir Patel (SWZ),3,3,1,16,8*,8,38,42.1,0,0,0,1,0,Tahir Patel,SWZ
764,R Thapliyal (BEL),8,4,3,16,7*,16,24,66.66,0,0,1,1,0,R Thapliyal,BEL
765,RJW Topley (ENG),29,9,7,16,9,8,18,88.88,0,0,1,1,0,RJW Topley,ENG
766,MA Wood (ENG),18,4,2,16,10*,8,15,106.66,0,0,1,1,0,MA Wood,ENG
767,Ali Khan (USA),16,3,2,15,14*,15,9,166.66,0,0,1,1,1,Ali Khan,USA
768,R Ankad (Mex),7,3,1,15,8,7.5,15,100,0,0,0,1,0,R Ankad,Mex
769,Awais Ahmed (ESP),2,1,0,15,15,15,14,107.14,0,0,0,2,0,Awais Ahmed,ESP
770,R Baruah (EST),3,3,1,15,8,7.5,9,166.66,0,0,1,1,1,R Baruah,EST
771,C Bevin (CRT),2,2,1,15,9*,15,12,125,0,0,0,1,0,C Bevin,CRT
772,P Campbell (GMB),5,5,2,15,10,5,32,46.87,0,0,2,1,0,P Campbell,GMB
773,C Chete (MWI),9,5,1,15,10,3.75,21,71.42,0,0,1,1,0,C Chete,MWI
774,JJ Chicuele (MOZ),4,3,2,15,8*,15,20,75,0,0,0,2,0,JJ Chicuele,MOZ
775,J Dickinson (SCOT),1,1,0,15,15,15,14,107.14,0,0,0,1,0,J Dickinson,SCOT
776,E Kuchey (FIN),6,4,2,15,14*,7.5,26,57.69,0,0,1,0,1,E Kuchey,FIN
777,B Fernando (SL),19,6,3,15,6,5,23,65.21,0,0,1,1,0,B Fernando,SL
778,J Grzinic (CRT),6,4,2,15,8*,7.5,40,37.5,0,0,2,1,0,J Grzinic,CRT
779,V Hampihallikar (SGP),6,3,0,15,6,5,41,36.58,0,0,0,1,0,V Hampihallikar,SGP
780,HL Harji (SEY),4,4,0,15,14,3.75,22,68.18,0,0,2,1,1,HL Harji,SEY
781,J Hill (PHI),2,2,1,15,8*,15,19,78.94,0,0,0,0,0,J Hill,PHI
782,Imran Khan (BHR),51,14,5,15,3*,1.66,28,53.57,0,0,4,0,0,Imran Khan,BHR
783,J Jarvis (SCOT),5,4,1,15,10,5,14,107.14,0,0,1,0,1,J Jarvis,SCOT
784,D Johnson (CAY),6,4,2,15,9*,7.5,24,62.5,0,0,1,0,1,D Johnson,CAY
785,Karma Dorji (BHU),15,8,5,15,6,5,11,136.36,0,0,2,3,0,Karma Dorji,BHU
786,P Kumbhare (JPN),17,9,4,15,5*,3,27,55.55,0,0,3,0,0,P Kumbhare,JPN
787,JN Loftie-Eaton (NAM),9,2,1,15,14*,15,8,187.5,0,0,0,0,2,JN Loftie-Eaton,NAM
788,Lokesh Bam (NEP),3,3,0,15,9,5,23,65.21,0,0,1,3,0,Lokesh Bam,NEP
789,C Madande (ZIM),5,1,1,15,15*,0,5,300,0,0,0,0,2,C Madande,ZIM
790,L Monanthane (LES),7,5,0,15,7,3,42,35.71,0,0,1,0,0,L Monanthane,LES
791,A Mongar (BHU),7,4,2,15,8*,7.5,32,46.87,0,0,0,0,0,A Mongar,BHU
792,R Nath (TKY),2,2,0,15,9,7.5,31,48.38,0,0,0,0,0,R Nath,TKY
793,AR Ramjani (UGA),11,1,1,15,15*,0,11,136.36,0,0,0,2,0,AR Ramjani,UGA
794,CR Richards (STHEL),5,4,2,15,10*,7.5,16,93.75,0,0,2,0,0,CR Richards,STHEL
795,Shivam Sharma (CAN),10,1,0,15,15,15,6,250,0,0,0,0,2,Shivam Sharma,CAN
796,H Srinivasan (GER),1,1,0,15,15,15,12,125,0,0,0,1,0,H Srinivasan,GER
797,MA Starc (AUS),17,5,3,15,6*,7.5,21,71.42,0,0,0,0,0,MA Starc,AUS
798,T Takada (JPN),2,2,1,15,12*,15,14,107.14,0,0,0,1,0,T Takada,JPN
799,Tashi Phuntsho (BHU),8,5,3,15,7*,7.5,20,75,0,0,1,0,0,Tashi Phuntsho,BHU
800,BTJ Wheal (SCOT),12,3,1,15,8*,7.5,15,100,0,0,0,1,0,BTJ Wheal,SCOT
801,P Zuze (MWI),12,5,3,15,11*,7.5,28,53.57,0,0,2,0,0,P Zuze,MWI
802,Areeb Quadir (FIN),1,1,0,14,14,14,14,100,0,0,0,0,0,Areeb Quadir,FIN
803,Atif Kamal (LUX),3,3,2,14,10*,14,19,73.68,0,0,1,0,0,Atif Kamal,LUX
804,OEG Baartman (SA),17,5,1,14,12,3.5,29,48.27,0,0,1,1,0,OEG Baartman,SA
805,LS Barkania (TAN),14,4,3,14,9*,14,25,56,0,0,0,0,0,LS Barkania,TAN
806,S Bevin (CRT),2,2,1,14,14,14,13,107.69,0,0,0,1,1,S Bevin,CRT
807,P Cabebula (Fiji),8,6,2,14,6*,3.5,11,127.27,0,0,2,1,0,P Cabebula,Fiji
808,A Chaubey (CRT),4,4,0,14,7,3.5,21,66.66,0,0,1,0,2,A Chaubey,CRT
809,K Doriga (PNG),2,1,0,14,14,14,14,100,0,0,0,1,1,K Doriga,PNG
810,B Dugic (SRB),9,5,2,14,8*,4.66,32,43.75,0,0,1,0,0,B Dugic,SRB
811,L Fereti (Samoa),2,2,1,14,14*,14,15,93.33,0,0,1,3,0,L Fereti,Samoa
812,Festus Benn (BHM),3,1,1,14,14*,0,9,155.55,0,0,0,0,0,Festus Benn,BHM
813,AK Gokoel (Sur),3,2,0,14,14,7,24,58.33,0,0,1,1,0,AK Gokoel,Sur
814,A Kalasi (THA),11,6,4,14,8*,7,16,87.5,0,0,2,0,1,A Kalasi,THA
815,DK Kesuma (INA),3,2,0,14,11,7,18,77.77,0,0,0,0,1,DK Kesuma,INA
816,FJ Klaassen (NED),17,7,2,14,7*,2.8,19,73.68,0,0,3,0,0,FJ Klaassen,NED
817,T Lungameni (NAM),31,4,3,14,12*,14,9,155.55,0,0,1,3,0,T Lungameni,NAM
818,A Manepalli (LUX),1,1,0,14,14,14,10,140,0,0,0,0,1,A Manepalli,LUX
819,A Mehmood (HKG),5,1,1,14,14*,0,4,350,0,0,0,1,1,A Mehmood,HKG
820,Mohammad Waheed (HKG),4,3,2,14,7,14,16,87.5,0,0,0,2,0,Mohammad Waheed,HKG
821,Mohammed Siraj (IND),13,4,2,14,7*,7,16,87.5,0,0,1,1,0,Mohammed Siraj,IND
822,A Shirai-Patmore (JPN),8,2,1,14,14,14,12,116.66,0,0,0,1,0,A Shirai-Patmore,JPN
823,K Pierre (WI),6,3,0,14,11,4.66,15,93.33,0,0,1,1,1,K Pierre,WI
824,Rakibul Hasan (BAN),2,1,0,14,14,14,6,233.33,0,0,0,2,1,Rakibul Hasan,BAN
825,AJA Samuels (COK),6,2,2,14,11*,0,29,48.27,0,0,0,0,0,AJA Samuels,COK
826,J Shaju (MLT),20,9,4,14,4*,2.8,37,37.83,0,0,1,0,0,J Shaju,MLT
827,C Sridev (SGP),3,2,1,14,14*,14,12,116.66,0,0,1,1,0,C Sridev,SGP
828,I Stewart (SUI),3,1,1,14,14*,0,4,350,0,0,0,2,1,I Stewart,SUI
829,Syed Aqeel Israr (GHA),9,7,4,14,10*,4.66,28,50,0,0,2,0,1,Syed Aqeel Israr,GHA
830,Vraj Patel (KENYA),51,8,5,14,4*,4.66,23,60.86,0,0,1,0,0,Vraj Patel,KENYA
831,K Waiswa (UGA),6,2,2,14,7*,0,21,66.66,0,0,0,1,0,K Waiswa,UGA
832,Zaki Ul Hassan (BEL),11,5,4,14,11*,14,14,100,0,0,1,1,0,Zaki Ul Hassan,BEL
833,CC Machado (BRA),3,3,1,13,8,6.5,30,43.33,0,0,0,0,0,CC Machado,BRA
834,Abdul Wahid (KSA),2,1,0,13,13,13,11,118.18,0,0,0,1,1,Abdul Wahid,KSA
835,Adnan Razzaq (BEL),9,3,3,13,7*,0,7,185.71,0,0,0,1,1,Adnan Razzaq,BEL
836,YJO Altamirano (CRC),2,2,2,13,12*,0,14,92.85,0,0,0,1,0,YJO Altamirano,CRC
837,Anwar Rahman (MAS),7,3,1,13,12,6.5,11,118.18,0,0,1,2,0,Anwar Rahman,MAS
838,R Avery (BRA),8,6,1,13,11,2.6,26,50,0,0,3,1,0,R Avery,BRA
839,Aziz Sualley (GHA),9,7,3,13,4*,3.25,22,59.09,0,0,1,1,0,Aziz Sualley,GHA
840,D Birrell (JER),11,3,1,13,6*,6.5,14,92.85,0,0,0,0,0,D Birrell,JER
841,S Conteh (SLE),18,5,2,13,9*,4.33,20,65,0,0,1,1,0,S Conteh,SLE
842,TL Cutler (VAN),9,4,2,13,5,6.5,24,54.16,0,0,0,0,0,TL Cutler,VAN
843,A Dhabe (SWE),7,4,2,13,8*,6.5,24,54.16,0,0,1,1,0,A Dhabe,SWE
844,Y Divekar (ISR),2,2,1,13,11,13,16,81.25,0,0,0,0,1,Y Divekar,ISR
845,Divyendra Singh (CZK-R),5,2,0,13,7,6.5,16,81.25,0,0,0,0,0,Divyendra Singh,CZK-R
846,Harshit Rana (IND),6,1,1,13,13*,0,8,162.5,0,0,0,0,1,Harshit Rana,IND
847,AL Leutogi (Samoa),2,1,1,13,13*,0,6,216.66,0,0,0,0,1,AL Leutogi,Samoa
848,Ilyas Ahmed (KUW),12,4,4,13,4*,0,11,118.18,0,0,0,1,0,Ilyas Ahmed,KUW
849,Kashif Khan (SGP),1,1,0,13,13,13,28,46.42,0,0,0,0,0,Kashif Khan,SGP
850,Y Konate (Mali),4,4,0,13,11,3.25,28,46.42,0,0,2,2,0,Y Konate,Mali
851,A Kuthalingham (),2,1,0,13,13,13,15,86.66,0,0,0,0,0,A Kuthalingham,
852,CM McBride (SCOT),3,2,0,13,13,6.5,9,144.44,0,0,1,2,0,CM McBride,SCOT
853,Merwais Shinwari (SVN),6,4,2,13,12,6.5,22,59.09,0,0,1,0,1,Merwais Shinwari,SVN
854,D Mullen (GUE),10,3,2,13,9*,13,14,92.85,0,0,0,0,0,D Mullen,GUE
855,A Natubhai Ahir (PAN),1,1,0,13,13,13,12,108.33,0,0,0,2,0,A Natubhai Ahir,PAN
856,Niaz Ali (HKG),5,3,0,13,12,4.33,15,86.66,0,0,1,1,1,Niaz Ali,HKG
857,Noah Mead (Samoa),12,4,1,13,7*,4.33,20,65,0,0,1,1,0,Noah Mead,Samoa
858,J Paveley (Falk),3,3,0,13,6,4.33,34,38.23,0,0,0,1,0,J Paveley,Falk
859,S Periyalwar (ROM),4,3,0,13,7,4.33,16,81.25,0,0,1,1,0,S Periyalwar,ROM
860,P Pirabakaran (Fran),1,1,0,13,13,13,13,100,0,0,0,2,0,P Pirabakaran,Fran
861,AAP Rivero (Arg),9,5,0,13,5,2.6,23,56.52,0,0,2,0,0,AAP Rivero,Arg
862,Shakeel Zeb (DEN),3,1,0,13,13,13,10,130,0,0,0,2,0,Shakeel Zeb,DEN
863,T Shanmugam (SEY),4,2,1,13,8*,13,13,100,0,0,0,0,0,T Shanmugam,SEY
864,S Smith (BER),24,7,2,13,6,2.6,30,43.33,0,0,1,0,0,S Smith,BER
865,CAH Stevenson (USA),4,3,0,13,8,4.33,19,68.42,0,0,1,0,0,CAH Stevenson,USA
866,S Sugaya-Slater (JPN),10,4,2,13,9*,6.5,21,61.9,0,0,1,1,0,S Sugaya-Slater,JPN
867,M Ozturk (TKY),4,4,1,13,9,4.33,30,43.33,0,0,1,0,1,M Ozturk,TKY
868,V Viyaskanth (SL),2,2,2,13,13*,0,21,61.9,0,0,0,1,0,V Viyaskanth,SL
869,A Wright (CAY),20,9,4,13,6,2.6,34,38.23,0,0,3,0,0,A Wright,CAY
870,Abdul-Shakoor Rahimzei (GER),2,1,1,12,12*,0,7,171.42,0,0,0,1,0,Abdul-Shakoor Rahimzei,GER
871,Abul Farhad (CZK-R),13,5,2,12,6*,4,25,48,0,0,1,1,0,Abul Farhad,CZK-R
872,MA Algi (MOZ),3,3,1,12,10,6,14,85.71,0,0,0,2,0,MA Algi,MOZ
873,PS Athavale (OMA),3,1,0,12,12,12,11,109.09,0,0,0,2,0,PS Athavale,OMA
874,MA Baig (MWI),4,1,1,12,12*,0,15,80,0,0,0,0,1,MA Baig,MWI
875,S Bangera (ISR),1,1,0,12,12,12,9,133.33,0,0,0,2,0,S Bangera,ISR
876,A Bhargava (SGP),5,3,1,12,5,6,9,133.33,0,0,0,2,0,A Bhargava,SGP
877,Z Burgess (BER),13,5,1,12,12,3,22,54.54,0,0,3,2,0,Z Burgess,BER
878,M Campopiano (ITA),2,2,1,12,8*,12,14,85.71,0,0,0,1,0,M Campopiano,ITA
879,F Clarke (IOM),7,5,2,12,9*,4,29,41.37,0,0,2,0,1,F Clarke,IOM
880,Dayal Joy (SVN),3,3,0,12,9,4,13,92.3,0,0,0,0,1,Dayal Joy,SVN
881,R Dhiman (BUL),3,2,1,12,9*,12,12,100,0,0,0,1,0,R Dhiman,BUL
882,L Erdenebulgan (MNG),7,6,0,12,5,2,57,21.05,0,0,1,1,0,L Erdenebulgan,MNG
883,M Gunasekara (CYP),2,1,0,12,12,12,5,240,0,0,0,0,1,M Gunasekara,CYP
884,Haroon Shahid (KUW),2,2,1,12,7,12,6,200,0,0,0,0,1,Haroon Shahid,KUW
885,MJ Humphreys (IRE),17,6,2,12,7,3,16,75,0,0,1,1,0,MJ Humphreys,IRE
886,S Iturbe (Arg),12,4,2,12,9*,6,21,57.14,0,0,0,0,0,S Iturbe,Arg
887,NA Karnik (SGP),7,2,1,12,10,12,31,38.7,0,0,0,0,0,NA Karnik,SGP
888,GT Main (SCOT),11,3,2,12,12*,12,17,70.58,0,0,1,2,0,GT Main,SCOT
889,MCE Manalo (PHI),1,1,0,12,12,12,14,85.71,0,0,0,0,0,MCE Manalo,PHI
890,G Mangau (VAN),3,2,2,12,9*,0,10,120,0,0,0,2,0,G Mangau,VAN
891,DA Mehta (TAN),2,1,0,12,12,12,9,133.33,0,0,0,0,1,DA Mehta,TAN
892,RTM Mendis (SL),1,1,0,12,12,12,10,120,0,0,0,0,1,RTM Mendis,SL
893,Muhammad Amir (MAS),10,3,1,12,10,6,12,100,0,0,0,1,0,Muhammad Amir,MAS
894,T Musekiwa (ZIM),3,1,1,12,12*,0,8,150,0,0,0,1,0,T Musekiwa,ZIM
895,WP Myburgh (NAM),3,2,0,12,8,6,18,66.66,0,0,0,0,0,WP Myburgh,NAM
896,PV Naringrekar (CRC),8,6,2,12,5,3,18,66.66,0,0,2,1,0,PV Naringrekar,CRC
897,BA Pai (GIBR),2,1,1,12,12*,0,7,171.42,0,0,0,1,0,BA Pai,GIBR
898,R Panchal (ESP),3,2,0,12,9,6,11,109.09,0,0,0,0,0,R Panchal,ESP
899,S Pradhan (BHU),3,2,0,12,12,6,14,85.71,0,0,1,2,0,S Pradhan,BHU
900,Rahman Ademi (SRB),5,3,1,12,11*,6,45,26.66,0,0,1,0,0,Rahman Ademi,SRB
901,Rasheed Rassam (MDV),3,1,1,12,12*,0,29,41.37,0,0,0,1,0,Rasheed Rassam,MDV
902,A Razmilic (CRT),6,3,2,12,6*,12,15,80,0,0,0,1,1,A Razmilic,CRT
903,SR Rocket (SEY),8,5,1,12,4,3,31,38.7,0,0,1,1,0,SR Rocket,SEY
904,Sanjay Kumar Ahir (PAN),7,5,3,12,4*,6,20,60,0,0,1,0,0,Sanjay Kumar Ahir,PAN
905,S Sengupta (CZK-R),5,2,1,12,7*,12,13,92.3,0,0,0,1,0,S Sengupta,CZK-R
906,Tanvir Islam (BAN),6,3,2,12,8,12,16,75,0,0,0,1,0,Tanvir Islam,BAN
907,S Vasilakis (GRC),4,4,2,12,7*,6,20,60,0,0,1,1,0,S Vasilakis,GRC
908,KA Vimlesh (ROM),2,2,2,12,7*,0,15,80,0,0,0,0,0,KA Vimlesh,ROM
909,Wahidullah Sahak (NOR),5,3,0,12,10,4,27,44.44,0,0,0,1,0,Wahidullah Sahak,NOR
910,Zahid Zadran (GER),8,4,1,12,4*,4,17,70.58,0,0,0,0,0,Zahid Zadran,GER
911,Zohaib Sarwar (POR),4,3,1,12,6*,6,21,57.14,0,0,1,1,0,Zohaib Sarwar,POR
912,Zou Kui (CHN),5,3,1,12,10,6,24,50,0,0,1,0,0,Zou Kui,CHN
913,AG Achar (SGP),8,4,2,11,5*,5.5,16,68.75,0,0,0,1,0,AG Achar,SGP
914,F Akankwasa (UGA),1,1,0,11,11,11,13,84.61,0,0,0,1,0,F Akankwasa,UGA
915,Ali Zaheer (KUW),2,1,1,11,11*,0,9,122.22,0,0,0,2,0,Ali Zaheer,KUW
916,Asif Shaikh (BHR),15,5,3,11,9,5.5,13,84.61,0,0,1,0,1,Asif Shaikh,BHR
917,F Baaleri (GHA),3,1,0,11,11,11,17,64.7,0,0,0,0,0,F Baaleri,GHA
918,K Bhurtel (NEP),1,1,0,11,11,11,4,275,0,0,0,1,1,K Bhurtel,NEP
919,JEA Doctora (PHI),4,3,1,11,8,5.5,16,68.75,0,0,0,0,1,JEA Doctora,PHI
920,J Dowling (BUL),8,4,2,11,5*,5.5,19,57.89,0,0,0,0,0,J Dowling,BUL
921,TJ Draca (ITA),11,3,1,11,5,5.5,14,78.57,0,0,0,1,0,TJ Draca,ITA
922,AM Fernando (SL),7,3,3,11,10*,0,5,220,0,0,0,2,0,AM Fernando,SL
923,Jun Hyunwoo (SKOR),2,2,0,11,6,5.5,17,64.7,0,0,0,1,0,Jun Hyunwoo,SKOR
924,J Lassayo (SLE),10,6,2,11,5,2.75,18,61.11,0,0,3,0,0,J Lassayo,SLE
925,J Marples (GIBR),10,4,2,11,5,5.5,17,64.7,0,0,0,0,0,J Marples,GIBR
926,Iqbal Mudassir (SKOR),2,2,1,11,9*,11,20,55,0,0,0,1,0,Iqbal Mudassir,SKOR
927,FC Muniz (BRA),5,5,3,11,8*,5.5,33,33.33,0,0,1,0,0,FC Muniz,BRA
928,K Namchaikul (THA),18,8,4,11,5*,2.75,26,42.3,0,0,2,0,0,K Namchaikul,THA
929,Nawaf Ahmed (KUW),5,4,2,11,10*,5.5,12,91.66,0,0,1,1,1,Nawaf Ahmed,KUW
930,Nirmaljit Singh (CAM),6,3,2,11,7*,11,27,40.74,0,0,1,0,1,Nirmaljit Singh,CAM
931,JJ Nyambo (TAN),13,6,2,11,4,2.75,29,37.93,0,0,1,0,0,JJ Nyambo,TAN
932,Owais Ahmed (QAT),18,4,3,11,10*,11,12,91.66,0,0,1,2,0,Owais Ahmed,QAT
933,RJG Palmer (JER),6,3,3,11,5*,0,23,47.82,0,0,0,0,0,RJG Palmer,JER
934,Rhys Burinaga (PHI),5,4,2,11,5,5.5,21,52.38,0,0,0,0,0,Rhys Burinaga,PHI
935,CB Roposo (MOZ),16,4,3,11,8*,11,24,45.83,0,0,0,0,0,CB Roposo,MOZ
936,Sohel Ebrahim Desai (PAN),4,4,1,11,5*,3.66,16,68.75,0,0,1,0,0,Sohel Ebrahim Desai,PAN
937,J Sebanja (UGA),6,4,1,11,8,3.66,15,73.33,0,0,0,1,0,J Sebanja,UGA
938,Shahzeb Choudhry (SWE),3,2,1,11,11,11,20,55,0,0,0,0,0,Shahzeb Choudhry,SWE
939,R Tari (VAN),2,1,0,11,11,11,8,137.5,0,0,0,0,1,R Tari,VAN
940,M Tuilaepa (Samoa),2,2,1,11,9*,11,8,137.5,0,0,0,2,0,M Tuilaepa,Samoa
941,DG Weakley (BHM),11,4,1,11,9,3.66,19,57.89,0,0,0,0,1,DG Weakley,BHM
942,NP Kenjige (USA),23,8,3,10,6*,2,21,47.61,0,0,3,0,0,NP Kenjige,USA
943,Acrey Hugo (TAN),4,2,2,10,10*,0,12,83.33,0,0,0,1,0,Acrey Hugo,TAN
944,Ahsan Khan (BUL),7,2,2,10,8*,0,8,125,0,0,0,1,0,Ahsan Khan,BUL
945,Ali Hasan (ITA),11,4,1,10,10*,3.33,15,66.66,0,0,3,0,1,Ali Hasan,ITA
946,Ali Rasool (BUL),9,3,1,10,4*,5,21,47.61,0,0,0,0,0,Ali Rasool,BUL
947,Ashish Bam (CYP),3,2,2,10,9*,0,6,166.66,0,0,0,1,0,Ashish Bam,CYP
948,AAP Atkinson (ENG),4,2,1,10,8*,10,23,43.47,0,0,0,0,0,AAP Atkinson,ENG
949,K Babu (SKOR),8,7,5,10,3*,5,23,43.47,0,0,0,0,0,K Babu,SKOR
950,H Beresford-Peirse (CRT),3,2,0,10,7,5,13,76.92,0,0,0,0,0,H Beresford-Peirse,CRT
951,L Berthe (Mali),5,5,2,10,7,3.33,14,71.42,0,0,2,1,0,L Berthe,Mali
952,K Boniface (NGA),5,3,2,10,4,10,20,50,0,0,0,0,0,K Boniface,NGA
953,N Burger (SA),8,3,1,10,9,5,21,47.61,0,0,0,0,0,N Burger,SA
954,DC Drakes (WI),7,3,0,10,5,3.33,12,83.33,0,0,0,2,0,DC Drakes,WI
955,P Gheewala (EST),12,4,1,10,7*,3.33,14,71.42,0,0,1,0,1,P Gheewala,EST
956,Hammad Mirza (OMA),1,1,0,10,10,10,9,111.11,0,0,0,1,0,Hammad Mirza,OMA
957,JR Hazlewood (AUS),35,7,6,10,5*,10,17,58.82,0,0,1,0,0,JR Hazlewood,AUS
958,Ijaz Ahmad Ahmadzai (AFG),1,1,0,10,10,10,4,250,0,0,0,1,1,Ijaz Ahmad Ahmadzai,AFG
959,Ismaeel Zia (SWE),2,1,0,10,10,10,12,83.33,0,0,0,0,0,Ismaeel Zia,SWE
960,B Jagroo (BHM),5,2,2,10,5*,0,9,111.11,0,0,0,0,0,B Jagroo,BHM
961,YYM Jakda (LES),2,1,0,10,10,10,5,200,0,0,0,0,1,YYM Jakda,LES
962,AA Jimoh (NGA),5,3,1,10,7*,5,17,58.82,0,0,0,0,0,AA Jimoh,NGA
963,S Kubheka (SWZ),5,4,2,10,5*,5,19,52.63,0,0,0,1,0,S Kubheka,SWZ
964,B Kumar (IND),32,8,5,10,4*,3.33,18,55.55,0,0,1,0,0,B Kumar,IND
965,Luke Ward (IOM),2,2,1,10,8,10,9,111.11,0,0,0,1,0,Luke Ward,IOM
966,WJ Malinda (MDV),5,2,1,10,5*,10,10,100,0,0,0,0,0,WJ Malinda,MDV
967,Ma Qiancheng (CHN),10,7,2,10,7,2,51,19.6,0,0,2,0,0,Ma Qiancheng,CHN
968,Milad Momend (LUX),13,8,3,10,6,2,36,27.77,0,0,4,1,0,Milad Momend,LUX
969,LG Moras (BRA),4,4,0,10,5,2.5,28,35.71,0,0,0,0,0,LG Moras,BRA
970,Muhammad Umar (KUW),2,1,1,10,10*,0,4,250,0,0,0,0,1,Muhammad Umar,KUW
971,C Munoz-Mills (ESP),7,2,1,10,10*,10,7,142.85,0,0,1,2,0,C Munoz-Mills,ESP
972,Najibullah Zadran (AFG),2,2,1,10,9,10,16,62.5,0,0,0,1,0,Najibullah Zadran,AFG
973,N Ndouteng (CAM),4,3,1,10,9*,5,20,50,0,0,1,1,0,N Ndouteng,CAM
974,TW Nightingale (GUE),2,1,1,10,10*,0,10,100,0,0,0,0,0,TW Nightingale,GUE
975,Niv Nagavkar (ISR),3,1,0,10,10,10,14,71.42,0,0,0,0,0,Niv Nagavkar,ISR
976,YM Nkanya (TAN),49,13,7,10,4*,1.66,33,30.3,0,0,6,0,0,YM Nkanya,TAN
977,GA Priandana (INA),3,3,0,10,8,3.33,15,66.66,0,0,1,0,0,GA Priandana,INA
978,TJ Ramphoma (LES),4,4,1,10,5,3.33,15,66.66,0,0,1,0,0,TJ Ramphoma,LES
979,S Ravoka (Fiji),4,4,2,10,4,5,16,62.5,0,0,0,0,0,S Ravoka,Fiji
980,Salman Nazar (CAN),4,1,0,10,10,10,9,111.11,0,0,0,1,0,Salman Nazar,CAN
981,T Sandaruwan (ROM),2,2,1,10,10*,10,7,142.85,0,0,1,0,1,T Sandaruwan,ROM
982,A Sathyan (CRT),2,2,1,10,10,10,15,66.66,0,0,0,1,0,A Sathyan,CRT
983,JM Sharma (IND),1,1,1,10,10*,0,5,200,0,0,0,0,1,JM Sharma,IND
984,LK Sharma (Mex),1,1,0,10,10,10,14,71.42,0,0,0,2,0,LK Sharma,Mex
985,J Singye (BHU),1,1,0,10,10,10,13,76.92,0,0,0,0,0,J Singye,BHU
986,DC Stovell (BER),1,1,0,10,10,10,9,111.11,0,0,0,2,0,DC Stovell,BER
987,TE Sumiya (MNG),3,3,3,10,9*,0,19,52.63,0,0,0,1,0,TE Sumiya,MNG
988,Suraj Kumar (OMA),2,1,1,10,10*,0,7,142.85,0,0,0,1,0,Suraj Kumar,OMA
989,T Yotharat (THA),6,3,3,10,6*,0,24,41.66,0,0,0,0,0,T Yotharat,THA
990,N Thushara (SL),30,10,8,10,6,5,29,34.48,0,0,1,1,0,N Thushara,SL
991,T Tumursukh (MNG),9,9,4,10,6*,2,38,26.31,0,0,4,0,0,T Tumursukh,MNG
992,Ubaid Martuza (BHR),6,1,1,10,10*,0,9,111.11,0,0,0,0,0,Ubaid Martuza,BHR
993,TV Valivarthi (HUN),1,1,0,10,10,10,7,142.85,0,0,0,0,1,TV Valivarthi,HUN
994,BA Viraliliu (VAN),2,1,0,10,10,10,10,100,0,0,0,1,0,BA Viraliliu,VAN
995,HR Walsh (WI),7,3,3,10,10*,0,15,66.66,0,0,0,0,1,HR Walsh,WI
996,SMK Waththage (CZK-R),8,3,2,10,5*,10,12,83.33,0,0,0,0,0,SMK Waththage,CZK-R
997,LB Williams (SA),14,8,2,10,5,1.66,19,52.63,0,0,3,0,0,LB Williams,SA
998,T Wuatai (COK),6,4,2,10,7*,5,29,34.48,0,0,1,1,0,T Wuatai,COK
999,Abdullah Jasat (PAN),4,4,1,9,6*,3,12,75,0,0,2,1,0,Abdullah Jasat,PAN
1000,Abdullah Mahmood (DEN),12,6,2,9,3,2.25,13,69.23,0,0,1,0,0,Abdullah Mahmood,DEN
1001,Abdul Hashmi (DEN),6,3,2,9,6*,9,7,128.57,0,0,1,0,0,Abdul Hashmi,DEN
1002,CJA Amini (PNG),1,1,1,9,9*,0,7,128.57,0,0,0,0,1,CJA Amini,PNG
1003,P Arrighi (Arg),1,1,0,9,9,9,9,100,0,0,0,0,0,P Arrighi,Arg
1004,Atif Rasheed (FIN),1,1,0,9,9,9,9,100,0,0,0,0,0,Atif Rasheed,FIN
1005,Baljit Singh (ITA),1,1,1,9,9*,0,7,128.57,0,0,0,1,0,Baljit Singh,ITA
1006,S Banamali (SGP),5,2,1,9,8*,9,15,60,0,0,0,0,0,S Banamali,SGP
1007,J Barker (LUX),4,3,3,9,5*,0,7,128.57,0,0,0,0,0,J Barker,LUX
1008,LA Burns (ESP),18,4,2,9,4,4.5,13,69.23,0,0,0,0,0,LA Burns,ESP
1009,GF Cardos (TLS),1,1,0,9,9,9,17,52.94,0,0,0,1,0,GF Cardos,TLS
1010,S Chophel (BHU),4,3,0,9,4,3,13,69.23,0,0,0,0,0,S Chophel,BHU
1011,L Denny (COK),2,1,0,9,9,9,10,90,0,0,0,0,0,L Denny,COK
1012,A Dhingra (LUX),15,6,3,9,5*,3,11,81.81,0,0,1,1,0,A Dhingra,LUX
1013,SG Diaby (Mali),5,4,2,9,8,4.5,17,52.94,0,0,1,0,0,SG Diaby,Mali
1014,Ehsan Nawaz (HKG),1,1,1,9,9*,0,4,225,0,0,0,2,0,Ehsan Nawaz,HKG
1015,Eric Phiri (SWZ),4,2,1,9,5*,9,8,112.5,0,0,0,1,0,Eric Phiri,SWZ
1016,Fareed Ahmad (AFG),22,5,3,9,5,4.5,24,37.5,0,0,0,1,0,Fareed Ahmad,AFG
1017,GC Galanis (GRC),4,3,2,9,5,9,11,81.81,0,0,0,0,0,GC Galanis,GRC
1018,Hasan Yanar (TKY),3,3,3,9,7*,0,10,90,0,0,0,1,0,Hasan Yanar,TKY
1019,OJ Herrington (BEL),3,1,0,9,9,9,8,112.5,0,0,0,0,0,OJ Herrington,BEL
1020,AF Ifill (CAY),13,5,4,9,4*,9,10,90,0,0,1,0,0,AF Ifill,CAY
1021,Iftikhar Kankhel (BEL),11,4,2,9,8*,4.5,13,69.23,0,0,1,1,0,Iftikhar Kankhel,BEL
1022,Itibarshah Deedar (AUT),10,4,3,9,5*,9,12,75,0,0,1,1,0,Itibarshah Deedar,AUT
1023,B Ito-Davis (JPN),4,2,1,9,8,9,5,180,0,0,0,1,0,B Ito-Davis,JPN
1024,E Jabarkhel (LUX),5,4,1,9,3*,3,22,40.9,0,0,1,0,0,E Jabarkhel,LUX
1025,Jamshid Nasiri (Fran),1,1,0,9,9,9,16,56.25,0,0,0,0,0,Jamshid Nasiri,Fran
1026,Y Jasti (Mex),6,3,0,9,7,3,15,60,0,0,1,0,0,Y Jasti,Mex
1027,MW Jones (SCOT),1,1,0,9,9,9,6,150,0,0,0,0,1,MW Jones,SCOT
1028,RR Joshi (CAN),4,2,0,9,8,4.5,8,112.5,0,0,0,0,1,RR Joshi,CAN
1029,I Katzarski (BUL),8,4,1,9,5,3,18,50,0,0,1,0,0,I Katzarski,BUL
1030,V Khanduri (CYP),4,3,1,9,6,4.5,20,45,0,0,1,0,0,V Khanduri,CYP
1031,S Kimura (JPN),1,1,0,9,9,9,14,64.28,0,0,0,0,0,S Kimura,JPN
1032,FA Klokker (DEN),4,2,2,9,5*,0,3,300,0,0,0,1,0,FA Klokker,DEN
1033,Lee Kangmin (SKOR),5,3,2,9,9*,9,12,75,0,0,1,1,0,Lee Kangmin,SKOR
1034,W Madhevere (ZIM),3,1,1,9,9*,0,8,112.5,0,0,0,1,0,W Madhevere,ZIM
1035,D Matla (SVN),4,3,1,9,4,4.5,17,52.94,0,0,0,0,0,D Matla,SVN
1036,Mansoor Safi (AUT),2,1,0,9,9,9,5,180,0,0,0,0,1,Mansoor Safi,AUT
1037,Mazhar Khan (SVN),4,3,1,9,7,4.5,18,50,0,0,1,1,0,Mazhar Khan,SVN
1038,Y Mitari (RWN),13,7,3,9,3*,2.25,19,47.36,0,0,2,0,0,Y Mitari,RWN
1039,JQK Moala (Fiji),6,4,0,9,5,2.25,21,42.85,0,0,1,0,0,JQK Moala,Fiji
1040,Mohammad Abrar (QAT),4,2,1,9,8*,9,16,56.25,0,0,0,1,0,Mohammad Abrar,QAT
1041,Mohammad Mohsin (USA),4,3,1,9,8,4.5,11,81.81,0,0,1,1,0,Mohammad Mohsin,USA
1042,FJ Mpegna (CAM),7,6,1,9,3,1.8,23,39.13,0,0,2,0,0,FJ Mpegna,CAM
1043,Muhamad Syahadat (MAS),9,2,1,9,5,9,13,69.23,0,0,0,0,0,Muhamad Syahadat,MAS
1044,Nazmul Huda (TLS),3,2,2,9,8*,0,13,69.23,0,0,0,1,0,Nazmul Huda,TLS
1045,W Niyitanga (RWN),2,1,0,9,9,9,8,112.5,0,0,0,0,0,W Niyitanga,RWN
1046,R Poojary (Mex),8,5,0,9,6,1.8,30,30,0,0,2,0,0,R Poojary,Mex
1047,Prashant Shukla (SWE),6,2,2,9,6*,0,7,128.57,0,0,0,1,0,Prashant Shukla,SWE
1048,GY Prastama (INA),4,3,2,9,5*,9,13,69.23,0,0,0,0,0,GY Prastama,INA
1049,KB Ahir (PAN),7,4,4,9,7*,0,10,90,0,0,0,0,1,KB Ahir,PAN
1050,JA Richardson (AUS),4,1,1,9,9*,0,20,45,0,0,0,0,0,JA Richardson,AUS
1051,Rohan Mustafa (UAE),3,1,1,9,9*,0,5,180,0,0,0,0,1,Rohan Mustafa,UAE
1052,Salman Mirza (PAK),16,5,3,9,4*,4.5,8,112.5,0,0,1,1,0,Salman Mirza,PAK
1053,S Sankar (KSA),5,2,1,9,8,9,13,69.23,0,0,0,1,0,S Sankar,KSA
1054,Shaik Basha (TAN),6,2,1,9,9,9,8,112.5,0,0,0,0,0,Shaik Basha,TAN
1055,R Smith (BHM),8,6,2,9,5,2.25,37,24.32,0,0,2,0,0,R Smith,BHM
1056,Sumit Singh (FIN),2,2,0,9,7,4.5,12,75,0,0,0,0,1,Sumit Singh,FIN
1057,S Thakur (ROM),3,2,1,9,5*,9,19,47.36,0,0,0,0,0,S Thakur,ROM
1058,VL Mukesh (SEY),1,1,0,9,9,9,6,150,0,0,0,2,0,VL Mukesh,SEY
1059,M Whelan (GIBR),6,2,1,9,8*,9,12,75,0,0,0,0,0,M Whelan,GIBR
1060,K Yamamoto-Lake (JPN),6,1,0,9,9,9,8,112.5,0,0,0,0,0,K Yamamoto-Lake,JPN
1061,Zaker Taqawi (SWE),9,6,2,9,3*,2.25,21,42.85,0,0,1,0,0,Zaker Taqawi,SWE
1062,V Zanko (CRT),4,3,0,9,5,3,37,24.32,0,0,1,0,0,V Zanko,CRT
1063,Zeeshan Ali (EST),1,1,0,9,9,9,8,112.5,0,0,0,0,0,Zeeshan Ali,EST
1064,Mohammad Aadil Alam (NEP),1,1,0,8,8,8,15,53.33,0,0,0,0,0,Mohammad Aadil Alam,NEP
1065,Abdul Salam Khan (KSA),2,2,1,8,7*,8,11,72.72,0,0,0,1,0,Abdul Salam Khan,KSA
1066,M Aboagye (GHA),3,2,0,8,8,4,7,114.28,0,0,1,0,0,M Aboagye,GHA
1067,M Altankhuyag (MNG),2,2,0,8,8,4,25,32,0,0,1,0,0,M Altankhuyag,MNG
1068,AR Balla (CAM),8,7,0,8,3,1.14,38,21.05,0,0,3,0,0,AR Balla,CAM
1069,JW Batinibulu (Fiji),4,3,1,8,6*,4,18,44.44,0,0,0,0,0,JW Batinibulu,Fiji
1070,Bilal Khan (OMA),39,12,8,8,4*,2,19,42.1,0,0,4,0,0,Bilal Khan,OMA
1071,JT Brassell (NAM),19,4,3,8,5*,8,11,72.72,0,0,1,1,0,JT Brassell,NAM
1072,A Chenthamara (KUW),11,3,3,8,5*,0,15,53.33,0,0,0,1,0,A Chenthamara,KUW
1073,Deng Jinqi (CHN),1,1,1,8,8*,0,14,57.14,0,0,0,0,0,Deng Jinqi,CHN
1074,P Deol (CYP),1,1,0,8,8,8,9,88.88,0,0,0,0,0,P Deol,CYP
1075,R Edwards (CAY),2,1,1,8,8*,0,19,42.1,0,0,0,0,0,R Edwards,CAY
1076,AC Evans (SCOT),1,1,0,8,8,8,5,160,0,0,0,1,0,AC Evans,SCOT
1077,A Gorawara (HKG),1,1,0,8,8,8,12,66.66,0,0,0,0,0,A Gorawara,HKG
1078,S Grover (CZK-R),2,2,1,8,7*,8,7,114.28,0,0,0,1,0,S Grover,CZK-R
1079,E Haven (BHM),6,2,0,8,5,4,28,28.57,0,0,0,1,0,E Haven,BHM
1080,Hazrat Luqman (UAE),2,1,0,8,8,8,6,133.33,0,0,0,0,0,Hazrat Luqman,UAE
1081,Ibrahim Nashath (MDV),5,3,1,8,8,4,10,80,0,0,1,0,0,Ibrahim Nashath,MDV
1082,Ibrar Ahmad (HUN),2,2,0,8,8,4,6,133.33,0,0,1,2,0,Ibrar Ahmad,HUN
1083,YI Kachhalia (PAN),1,1,0,8,8,8,7,114.28,0,0,0,1,0,YI Kachhalia,PAN
1084,SI Kamea (PNG),19,8,4,8,2*,2,19,42.1,0,0,2,0,0,SI Kamea,PNG
1085,Kawsar Khan (BRA),2,1,0,8,8,8,6,133.33,0,0,0,1,0,Kawsar Khan,BRA
1086,K Kekez (CRT),3,3,1,8,6,4,19,42.1,0,0,1,1,0,K Kekez,CRT
1087,Khin Aye (MYAN),2,2,1,8,8*,8,15,53.33,0,0,1,0,1,Khin Aye,MYAN
1088,D Klein (GER),10,4,0,8,6,2,13,61.53,0,0,2,1,0,D Klein,GER
1089,DS Maraiwai (Fiji),1,1,1,8,8*,0,4,200,0,0,0,0,0,DS Maraiwai,Fiji
1090,AB Mengoumou (CAM),4,3,1,8,7,4,20,40,0,0,1,0,0,AB Mengoumou,CAM
1091,EJB Miles (JER),16,5,2,8,7*,2.66,17,47.05,0,0,3,1,0,EJB Miles,JER
1092,TS Mills (ENG),7,4,2,8,7,4,10,80,0,0,1,0,1,TS Mills,ENG
1093,Muhammad Safdar (BHR),2,1,1,8,8*,0,6,133.33,0,0,0,1,0,Muhammad Safdar,BHR
1094,Murat Yilmaz (TKY),5,3,1,8,6,4,17,47.05,0,0,1,0,0,Murat Yilmaz,TKY
1095,NZ Nhaduate (MOZ),2,1,0,8,8,8,15,53.33,0,0,0,0,0,NZ Nhaduate,MOZ
1096,MMR Obili (EST),3,1,1,8,8*,0,7,114.28,0,0,0,1,0,MMR Obili,EST
1097,MV Pavlovic (SRB),8,1,0,8,8,8,10,80,0,0,0,1,0,MV Pavlovic,SRB
1098,Rafiulah Alokozai (BEL),5,3,0,8,7,2.66,11,72.72,0,0,1,0,1,Rafiulah Alokozai,BEL
1099,JB Richards (BOT),2,2,2,8,7*,0,15,53.33,0,0,0,0,0,JB Richards,BOT
1100,Sajid Khan (CRT),6,5,2,8,4*,2.66,24,33.33,0,0,2,0,0,Sajid Khan,CRT
1101,L Sanogo (Mali),7,6,3,8,4,2.66,22,36.36,0,0,1,1,0,L Sanogo,Mali
1102,MA Sherry (SGP),1,1,0,8,8,8,7,114.28,0,0,0,1,0,MA Sherry,SGP
1103,S Simpson (JER),2,1,1,8,8*,0,9,88.88,0,0,0,1,0,S Simpson,JER
1104,U Sofi (Samoa),3,1,0,8,8,8,6,133.33,0,0,0,0,1,U Sofi,Samoa
1105,Tarun Yadav (BUL),2,1,0,8,8,8,5,160,0,0,0,0,1,Tarun Yadav,BUL
1106,Tayyeb Javed (TLS),1,1,0,8,8,8,5,160,0,0,0,2,0,Tayyeb Javed,TLS
1107,Vichanath Singh (THA),1,1,1,8,8*,0,6,133.33,0,0,0,1,0,Vichanath Singh,THA
1108,S Weleilakeba (Fiji),3,1,0,8,8,8,3,266.66,0,0,0,0,1,S Weleilakeba,Fiji
1109,C Wickramasinghe (SL),2,2,2,8,4*,0,5,160,0,0,0,1,0,C Wickramasinghe,SL
1110,ZM Tribe (JER),3,1,0,8,8,8,12,66.66,0,0,0,1,0,ZM Tribe,JER
1111,Zaman Khan (PAK),9,2,2,8,8*,0,9,88.88,0,0,0,0,1,Zaman Khan,PAK
1112,Zulqarnain Haider (ESP),6,3,1,8,4,4,12,66.66,0,0,0,0,0,Zulqarnain Haider,ESP
1113,Abdulla Bhoola (PAN),1,1,1,7,7*,0,9,77.77,0,0,0,1,0,Abdulla Bhoola,PAN
1114,JKC Ahir (PAN),2,1,0,7,7,7,15,46.66,0,0,0,1,0,JKC Ahir,PAN
1115,K Akurugoda (HUN),1,1,0,7,7,7,6,116.66,0,0,0,0,1,K Akurugoda,HUN
1116,Aminul Islam (CYP),1,1,1,7,7*,0,6,116.66,0,0,0,1,0,Aminul Islam,CYP
1117,Amir Zaib (POR),3,1,1,7,7*,0,3,233.33,0,0,0,0,1,Amir Zaib,POR
1118,J Baleicikoibia (Fiji),1,1,0,7,7,7,5,140,0,0,0,0,1,J Baleicikoibia,Fiji
1119,A Bishnoi (MLT),5,5,4,7,4*,7,13,53.84,0,0,1,0,0,A Bishnoi,MLT
1120,N Casson (Falk),3,3,2,7,3*,7,24,29.16,0,0,0,0,0,N Casson,Falk
1121,ARA Chambers (POR),1,1,0,7,7,7,5,140,0,0,0,1,0,ARA Chambers,POR
1122,R Cunningham (GIBR),3,2,2,7,7*,0,9,77.77,0,0,0,0,0,R Cunningham,GIBR
1123,JJ Davidson (SCOT),4,2,2,7,4*,0,10,70,0,0,0,0,0,JJ Davidson,SCOT
1124,S Desungnoen (THA),3,2,1,7,6,7,23,30.43,0,0,0,0,0,S Desungnoen,THA
1125,NH Ekanayake (BHM),1,1,1,7,7*,0,13,53.84,0,0,0,0,0,NH Ekanayake,BHM
1126,Faizalmahmed Patel (SWZ),2,1,1,7,7*,0,4,175,0,0,0,1,0,Faizalmahmed Patel,SWZ
1127,Fazil Rahman (MLT),6,5,2,7,6*,2.33,16,43.75,0,0,3,1,0,Fazil Rahman,MLT
1128,JN Frylinck (NAM),6,1,1,7,7*,0,7,100,0,0,0,0,0,JN Frylinck,NAM
1129,AM Ghazanfar (AFG),5,3,0,7,7,2.33,9,77.77,0,0,2,0,1,AM Ghazanfar,AFG
1130,Ilyas Cetin (TKY),3,1,0,7,7,7,3,233.33,0,0,0,0,1,Ilyas Cetin,TKY
1131,JNT Seales (WI),9,3,2,7,4*,7,6,116.66,0,0,1,1,0,JNT Seales,WI
1132,J Jemison (BHM),2,1,0,7,7,7,11,63.63,0,0,0,1,0,J Jemison,BHM
1133,R Jones (Blz),3,1,0,7,7,7,9,77.77,0,0,0,0,0,R Jones,Blz
1134,S Kamate (Mali),4,3,0,7,7,2.33,20,35,0,0,2,0,0,S Kamate,Mali
1135,E Karimi (DEN),11,5,2,7,2,2.33,19,36.84,0,0,0,0,0,E Karimi,DEN
1136,MP Kuhnemann (AUS),7,3,0,7,5,2.33,13,53.84,0,0,1,0,0,MP Kuhnemann,AUS
1137,G Kuthalingham (),2,2,1,7,5*,7,12,58.33,0,0,0,0,0,G Kuthalingham,
1138,Lee Hyosin (SKOR),4,2,1,7,7*,7,14,50,0,0,1,0,0,Lee Hyosin,SKOR
1139,ME Leoela (LES),5,4,3,7,3*,7,22,31.81,0,0,1,0,0,ME Leoela,LES
1140,DV Macome (MOZ),16,5,2,7,6,2.33,14,50,0,0,1,1,0,DV Macome,MOZ
1141,Manpreet Singh (ITA),2,2,2,7,5*,0,5,140,0,0,0,0,0,Manpreet Singh,ITA
1142,Muhammad Salman (BHR),14,4,2,7,6,3.5,12,58.33,0,0,0,1,0,Muhammad Salman,BHR
1143,Muhammed Turkmen (TKY),2,2,0,7,6,3.5,7,100,0,0,0,1,0,Muhammed Turkmen,TKY
1144,T Munyonga (ZIM),1,1,0,7,7,7,13,53.84,0,0,0,0,0,T Munyonga,ZIM
1145,A Nagarajan (QAT),4,2,1,7,7,7,6,116.66,0,0,0,1,0,A Nagarajan,QAT
1146,D Ndikubwimana (RWN),6,4,2,7,3*,3.5,13,53.84,0,0,1,0,0,D Ndikubwimana,RWN
1147,E Ndubudem (NGA),7,4,2,7,4,3.5,11,63.63,0,0,1,0,0,E Ndubudem,NGA
1148,OB Nightingale (GUE),5,2,1,7,4,7,10,70,0,0,0,0,0,OB Nightingale,GUE
1149,D Nikolov (BUL),5,3,0,7,4,2.33,10,70,0,0,1,1,0,D Nikolov,BUL
1150,Paing Danu (MYAN),3,3,0,7,5,2.33,17,41.17,0,0,1,0,0,Paing Danu,MYAN
1151,J Pakeman (Blz),3,1,0,7,7,7,10,70,0,0,0,1,0,J Pakeman,Blz
1152,P Suman Bhai Ahir (PAN),3,2,0,7,6,3.5,11,63.63,0,0,0,1,0,P Suman Bhai Ahir,PAN
1153,Pratis GC (NEP),9,5,3,7,6*,3.5,11,63.63,0,0,2,0,0,Pratis GC,NEP
1154,PS Roberts (CRT),1,1,0,7,7,7,9,77.77,0,0,0,0,0,PS Roberts,CRT
1155,C Rubagumya (RWN),5,2,1,7,7*,7,11,63.63,0,0,1,0,0,C Rubagumya,RWN
1156,S Samarawickrama (SL),1,1,1,7,7*,0,7,100,0,0,0,1,0,S Samarawickrama,SL
1157,IP Swaney (SGP),2,1,0,7,7,7,11,63.63,0,0,0,1,0,IP Swaney,SGP
1158,JOP Scamans (FIN),2,2,0,7,7,3.5,5,140,0,0,1,1,0,JOP Scamans,FIN
1159,V Shaw (Sur),2,1,1,7,7*,0,17,41.17,0,0,0,1,0,V Shaw,Sur
1160,Shoaib Khan (OMA),4,3,3,7,5*,0,4,175,0,0,0,1,0,Shoaib Khan,OMA
1161,M Shumba (ZIM),1,1,1,7,7*,0,3,233.33,0,0,0,1,0,M Shumba,ZIM
1162,R Swart (BOT),4,3,1,7,6*,3.5,5,140,0,0,1,1,0,R Swart,BOT
1163,S Tabuisulu (Fiji),10,5,1,7,3,1.75,17,41.17,0,0,1,0,0,S Tabuisulu,Fiji
1164,Taher Muhammad (SVN),1,1,0,7,7,7,13,53.84,0,0,0,0,0,Taher Muhammad,SVN
1165,S Tharanga (CYP),2,1,1,7,7*,0,9,77.77,0,0,0,0,1,S Tharanga,CYP
1166,Usama Mir (PAK),5,4,1,7,5,2.33,7,100,0,0,1,1,0,Usama Mir,PAK
1167,P Vailoa (COK),1,1,1,7,7*,0,4,175,0,0,0,1,0,P Vailoa,COK
1168,M Yambayamba (Zamb),7,4,3,7,3*,7,13,53.84,0,0,0,0,0,M Yambayamba,Zamb
1169,Yasim Murtaza (HKG),6,1,0,7,7,7,4,175,0,0,0,0,1,Yasim Murtaza,HKG
1170,Abdollah Ahmadzai (AFG),9,3,2,6,6*,6,2,300,0,0,1,0,1,Abdollah Ahmadzai,AFG
1171,BP Adapaka (HUN),17,7,4,6,2,2,18,33.33,0,0,1,0,0,BP Adapaka,HUN
1172,Aaftab Alam Khan (MLT),1,1,0,6,6,6,6,100,0,0,0,0,0,Aaftab Alam Khan,MLT
1173,AC Agar (AUS),7,3,1,6,4*,3,8,75,0,0,1,1,0,AC Agar,AUS
1174,Ahmed Raza (UAE),9,2,1,6,6*,6,6,100,0,0,1,1,0,Ahmed Raza,UAE
1175,SRMJJ Arachchilage (CYP),4,3,2,6,6,6,12,50,0,0,0,0,0,SRMJJ Arachchilage,CYP
1176,Aritra Bhakat (SWE),2,2,1,6,3*,6,4,150,0,0,0,0,0,Aritra Bhakat,SWE
1177,Baljinder Singh (ROM),1,1,0,6,6,6,7,85.71,0,0,0,1,0,Baljinder Singh,ROM
1178,E Batkhuyag (MNG),4,4,1,6,4*,2,13,46.15,0,0,1,1,0,E Batkhuyag,MNG
1179,KA Bazil (CAY),12,6,3,6,2*,2,15,40,0,0,0,0,0,KA Bazil,CAY
1180,Abdullah Mohd Yousaf (BHR),3,1,0,6,6,6,8,75,0,0,0,0,0,Abdullah Mohd Yousaf,BHR
1181,E Bhonkar (ISR),2,2,0,6,3,3,12,50,0,0,0,0,0,E Bhonkar,ISR
1182,A Bohara (NEP),32,10,7,6,3*,2,14,42.85,0,0,3,0,0,A Bohara,NEP
1183,A Brownlee (Falk),3,3,2,6,3*,6,33,18.18,0,0,0,0,0,A Brownlee,Falk
1184,A Carthew (Chile),1,1,1,6,6*,0,6,100,0,0,0,0,0,A Carthew,Chile
1185,David Demba (GMB),2,2,1,6,6*,6,10,60,0,0,1,0,0,David Demba,GMB
1186,R Davson (BHM),5,3,1,6,3,3,10,60,0,0,0,0,0,R Davson,BHM
1187,R Dhakal (NEP),7,2,1,6,5,6,6,100,0,0,0,0,0,R Dhakal,NEP
1188,A Donovan (PHI),6,4,2,6,2*,3,18,33.33,0,0,0,0,0,A Donovan,PHI
1189,S Draunivudi (Fiji),3,1,1,6,6*,0,4,150,0,0,0,1,0,S Draunivudi,Fiji
1190,K Fletcher (SUI),18,4,2,6,3*,3,17,35.29,0,0,1,0,0,K Fletcher,SUI
1191,R Fox (BHM),2,2,0,6,4,3,17,35.29,0,0,0,0,0,R Fox,BHM
1192,E Frimpong (GHA),4,2,1,6,6*,6,4,150,0,0,1,1,0,E Frimpong,GHA
1193,A Gulati (BHM),8,2,1,6,4*,6,4,150,0,0,0,1,0,A Gulati,BHM
1194,Ihsanullah (PAK),4,1,1,6,6*,0,8,75,0,0,0,1,0,Ihsanullah,PAK
1195,K Juma (TAN),14,5,1,6,6,1.5,9,66.66,0,0,3,1,0,K Juma,TAN
1196,T Kahamker (ISR),6,3,2,6,4*,6,4,150,0,0,0,1,0,T Kahamker,ISR
1197,Khurram Nawaz (OMA),1,1,1,6,6*,0,7,85.71,0,0,0,0,0,Khurram Nawaz,OMA
1198,Luo Shilin (CHN),11,7,2,6,3*,1.2,36,16.66,0,0,2,0,0,Luo Shilin,CHN
1199,R Mangal (Fran),18,7,2,6,2*,1.2,15,40,0,0,3,0,0,R Mangal,Fran
1200,B Mavuta (ZIM),7,4,2,6,4,3,11,54.54,0,0,0,0,0,B Mavuta,ZIM
1201,Mohammad Amir (PAK),11,3,2,6,5,6,4,150,0,0,0,1,0,Mohammad Amir,PAK
1202,Mohammad Haris (PAK),2,1,1,6,6*,0,1,600,0,0,0,0,1,Mohammad Haris,PAK
1203,Mohammed Shami (IND),8,3,1,6,6,3,10,60,0,0,1,0,1,Mohammed Shami,IND
1204,Mohmedazim Abbasbhai (Zamb),2,1,0,6,6,6,2,300,0,0,0,0,1,Mohmedazim Abbasbhai,Zamb
1205,Muhammad Jabir (QAT),27,9,5,6,4*,1.5,23,26.08,0,0,3,0,0,Muhammad Jabir,QAT
1206,JK Mukhiya (NEP),5,2,1,6,5,6,12,50,0,0,0,0,0,JK Mukhiya,NEP
1207,S Murari (CRC),5,4,0,6,3,1.5,17,35.29,0,0,1,0,0,S Murari,CRC
1208,Mustapha Suwareh (GMB),2,2,0,6,3,3,15,40,0,0,0,0,0,Mustapha Suwareh,GMB
1209,Nazwan Ismail (MDV),8,5,4,6,2*,6,18,33.33,0,0,0,0,0,Nazwan Ismail,MDV
1210,W Ngowhuad (THA),13,8,4,6,3,1.5,18,33.33,0,0,2,0,0,W Ngowhuad,THA
1211,Noorullah Sidiqi (BEL),1,1,1,6,6*,0,1,600,0,0,0,0,1,Noorullah Sidiqi,BEL
1212,S Norman (JER),3,2,0,6,6,3,10,60,0,0,1,0,0,S Norman,JER
1213,Omar Hayat (DEN),4,1,0,6,6,6,4,150,0,0,0,1,0,Omar Hayat,DEN
1214,JM Polarouthu (HUN),1,1,1,6,6*,0,5,120,0,0,0,0,0,JM Polarouthu,HUN
1215,Rohit Kumar (ROM),2,1,0,6,6,6,8,75,0,0,0,0,0,Rohit Kumar,ROM
1216,Sai Hla Htwe (MYAN),6,2,2,6,3*,0,10,60,0,0,0,0,0,Sai Hla Htwe,MYAN
1217,A Sethunathan (CRT),3,1,1,6,6*,0,7,85.71,0,0,0,0,0,A Sethunathan,CRT
1218,KD Shah (HKG),2,1,0,6,6,6,5,120,0,0,0,1,0,KD Shah,HKG
1219,T Shamsi (SA),23,5,3,6,4*,3,8,75,0,0,2,0,0,T Shamsi,SA
1220,Shoaib Khan (GER),2,1,1,6,6*,0,5,120,0,0,0,0,0,Shoaib Khan,GER
1221,LA Simango (MOZ),8,3,1,6,4,3,18,33.33,0,0,0,0,0,LA Simango,MOZ
1222,Sohail Ahmad (CRT),3,1,0,6,6,6,7,85.71,0,0,0,0,0,Sohail Ahmad,CRT
1223,Suhail Sattar (TLS),2,2,0,6,6,3,11,54.54,0,0,1,1,0,Suhail Sattar,TLS
1224,CJ Stamp (PHI),2,1,1,6,6*,0,9,66.66,0,0,0,0,0,CJ Stamp,PHI
1225,O Touray (GMB),3,2,0,6,6,3,9,66.66,0,0,1,0,0,O Touray,GMB
1226,N Tyagi (CZK-R),7,3,1,6,3,3,17,35.29,0,0,0,0,0,N Tyagi,CZK-R
1227,Q Utmanzai (AUT),1,1,0,6,6,6,9,66.66,0,0,0,0,0,Q Utmanzai,AUT
1228,DV Varghese (BUL),15,5,2,6,3,2,13,46.15,0,0,1,0,0,DV Varghese,BUL
1229,N Vimukthi (SL),1,1,0,6,6,6,12,50,0,0,0,0,0,N Vimukthi,SL
1230,Walter Behr (GER),3,1,1,6,6*,0,5,120,0,0,0,1,0,Walter Behr,GER
1231,Zahid Khan (SLE),1,1,0,6,6,6,12,50,0,0,0,0,0,Zahid Khan,SLE
1232,Zahoor Ahmad (KSA),3,1,0,6,6,6,15,40,0,0,0,0,0,Zahoor Ahmad,KSA
1233,Zhao Tianle (CHN),7,6,0,6,4,1,28,21.42,0,0,3,0,0,Zhao Tianle,CHN
1234,T Zotos (GRC),3,3,0,6,6,2,7,85.71,0,0,2,1,0,T Zotos,GRC
1235,Ajhar Alam (CZK-R),3,3,1,5,4,2.5,11,45.45,0,0,1,0,0,Ajhar Alam,CZK-R
1236,M Akhigbe (NGA),2,1,0,5,5,5,2,250,0,0,0,1,0,M Akhigbe,NGA
1237,Ankit Dubey (SWE),2,1,1,5,5*,0,3,166.66,0,0,0,0,0,Ankit Dubey,SWE
1238,VRB Arachchige (MLT),4,2,2,5,5*,0,3,166.66,0,0,0,1,0,VRB Arachchige,MLT
1239,Arif Ullah (MAS),7,1,1,5,5*,0,6,83.33,0,0,0,1,0,Arif Ullah,MAS
1240,RD Atangana (CAM),10,7,4,5,2,1.66,21,23.8,0,0,1,0,0,RD Atangana,CAM
1241,A Awasthi (CRT),2,2,2,5,3*,0,11,45.45,0,0,0,0,0,A Awasthi,CRT
1242,TV Badri Narayanan (CRC),1,1,1,5,5*,0,4,125,0,0,0,0,0,TV Badri Narayanan,CRC
1243,GG Banner (Blz),3,2,0,5,4,2.5,13,38.46,0,0,0,0,0,GG Banner,Blz
1244,Bashir Ahmad (SUI),1,1,0,5,5,5,4,125,0,0,0,1,0,Bashir Ahmad,SUI
1245,U Bhagwan (CAN),4,2,1,5,4,5,4,125,0,0,0,1,0,U Bhagwan,CAN
1246,SVE Bharathi (GER),19,3,1,5,4*,2.5,9,55.55,0,0,1,0,0,SVE Bharathi,GER
1247,Bipin Kumar (QAT),9,4,2,5,3,2.5,12,41.66,0,0,0,0,0,Bipin Kumar,QAT
1248,J Blades (WI),6,3,3,5,3*,0,13,38.46,0,0,0,0,0,J Blades,WI
1249,A Chaudhary (SGP),2,2,0,5,3,2.5,15,33.33,0,0,0,0,0,A Chaudhary,SGP
1250,YS Chauhan (SWE),1,1,1,5,5*,0,3,166.66,0,0,0,1,0,YS Chauhan,SWE
1251,P Chin (CAY),4,2,0,5,5,2.5,17,29.41,0,0,1,0,0,P Chin,CAY
1252,Danish Jasnaik (BHR),6,2,1,5,3,5,7,71.42,0,0,0,0,0,Danish Jasnaik,BHR
1253,Devender Singh (GHA),1,1,0,5,5,5,5,100,0,0,0,0,0,Devender Singh,GHA
1254,DV Devjani Mutreja (Mex),6,4,1,5,4,1.66,14,35.71,0,0,2,0,0,DV Devjani Mutreja,Mex
1255,Dhananjay Rao (HKG),8,3,0,5,5,1.66,8,62.5,0,0,2,0,0,Dhananjay Rao,HKG
1256,J Drysdale (USA),10,3,2,5,4*,5,5,100,0,0,1,1,0,J Drysdale,USA
1257,S Dube (IND),3,2,0,5,4,2.5,4,125,0,0,0,1,0,S Dube,IND
1258,J Edwards (AUS),1,1,0,5,5,5,6,83.33,0,0,0,0,0,J Edwards,AUS
1259,SJ French (Samoa),4,2,2,5,5*,0,2,250,0,0,0,1,0,SJ French,Samoa
1260,A Gasteratos (GRC),4,3,0,5,4,1.66,18,27.77,0,0,1,0,0,A Gasteratos,GRC
1261,SK Gedara (SWE),3,1,1,5,5*,0,5,100,0,0,0,0,0,SK Gedara,SWE
1262,FFJ Heo (INA),1,1,0,5,5,5,6,83.33,0,0,0,0,0,FFJ Heo,INA
1263,T Hinds (WI),2,1,1,5,5*,0,3,166.66,0,0,0,1,0,T Hinds,WI
1264,A Husain (Arg),6,3,3,5,5*,0,7,71.42,0,0,0,1,0,A Husain,Arg
1265,AN Hyobeom (SKOR),5,2,0,5,4,2.5,7,71.42,0,0,0,1,0,AN Hyobeom,SKOR
1266,Ikbal Hossain (Fran),2,1,1,5,5*,0,3,166.66,0,0,0,1,0,Ikbal Hossain,Fran
1267,O Isiyaku (NGA),8,2,2,5,4*,0,14,35.71,0,0,0,0,0,O Isiyaku,NGA
1268,B Ivanov (BUL),1,1,1,5,5*,0,11,45.45,0,0,0,0,0,B Ivanov,BUL
1269,Jaison Jerome (MLT),9,4,1,5,3,1.66,17,29.41,0,0,1,0,0,Jaison Jerome,MLT
1270,Jaker Ali (BAN),1,1,0,5,5,5,3,166.66,0,0,0,1,0,Jaker Ali,BAN
1271,G Johnson (STHEL),5,2,1,5,3,5,13,38.46,0,0,0,0,0,G Johnson,STHEL
1272,R Johnson (),2,2,0,5,5,2.5,10,50,0,0,1,1,0,R Johnson,
1273,Joshua Asia (NGA),23,6,2,5,2*,1.25,17,29.41,0,0,2,0,0,Joshua Asia,NGA
1274,Kalyan Manne (Mex),1,1,0,5,5,5,3,166.66,0,0,0,1,0,Kalyan Manne,Mex
1275,Kamal Raiz (CYP),3,1,0,5,5,5,10,50,0,0,0,0,0,Kamal Raiz,CYP
1276,B Keganne (BOT),3,2,1,5,4,5,8,62.5,0,0,0,0,0,B Keganne,BOT
1277,CA Keita (Mali),5,5,0,5,4,1,22,22.72,0,0,3,0,0,CA Keita,Mali
1278,H Khogiyani (AUT),4,1,0,5,5,5,4,125,0,0,0,1,0,H Khogiyani,AUT
1279,VJ Kingma (NED),16,3,1,5,4,2.5,7,71.42,0,0,1,0,0,VJ Kingma,NED
1280,Kuldeep Yadav (IND),31,7,2,5,3,1,23,21.73,0,0,3,0,0,Kuldeep Yadav,IND
1281,T Makaya (MWI),9,4,2,5,4*,2.5,12,41.66,0,0,2,1,0,T Makaya,MWI
1282,MV Matsau (LES),8,6,3,5,2*,1.66,18,27.77,0,0,2,0,0,MV Matsau,LES
1283,D Mauro (Arg),2,1,1,5,5*,0,9,55.55,0,0,0,0,0,D Mauro,Arg
1284,Mayank Nagayach (LUX),1,1,0,5,5,5,3,166.66,0,0,0,1,0,Mayank Nagayach,LUX
1285,G Miller (COK),2,2,2,5,5*,0,10,50,0,0,0,0,0,G Miller,COK
1286,B Mngoma (SWZ),3,3,2,5,3*,5,16,31.25,0,0,0,0,0,B Mngoma,SWZ
1287,Mohsin Zaki (BHR),5,2,2,5,4*,0,9,55.55,0,0,0,0,0,Mohsin Zaki,BHR
1288,Mokbul Ahammed (QAT),2,1,0,5,5,5,16,31.25,0,0,0,0,0,Mokbul Ahammed,QAT
1289,Muhammad Asim (QAT),2,1,1,5,5*,0,3,166.66,0,0,0,1,0,Muhammad Asim,QAT
1290,Muhammad Farooq (CYP),1,1,0,5,5,5,4,125,0,0,0,1,0,Muhammad Farooq,CYP
1291,Mukesh Kumar (IND),17,4,3,5,4*,5,5,100,0,0,1,1,0,Mukesh Kumar,IND
1292,CT Mumba (ZIM),6,1,0,5,5,5,12,41.66,0,0,0,0,0,CT Mumba,ZIM
1293,Nangeyalia Kharote (AFG),5,4,3,5,4*,5,12,41.66,0,0,1,0,0,Nangeyalia Kharote,AFG
1294,OE Olaleye (NGA),1,1,1,5,5*,0,5,100,0,0,0,0,0,OE Olaleye,NGA
1295,A Osei (GHA),2,1,0,5,5,5,10,50,0,0,0,0,0,A Osei,GHA
1296,LW Potthoff (CRT),2,1,1,5,5*,0,9,55.55,0,0,0,0,0,LW Potthoff,CRT
1297,J Proctor (BER),10,3,1,5,5,2.5,18,27.77,0,0,1,0,0,J Proctor,BER
1298,Raja Adeel (ESP),18,5,1,5,2*,1.25,12,41.66,0,0,1,0,0,Raja Adeel,ESP
1299,LN Rajbanshi (NEP),25,5,3,5,2*,2.5,11,45.45,0,0,1,0,0,LN Rajbanshi,NEP
1300,D Ramani (CZK-R),6,2,1,5,5*,5,11,45.45,0,0,1,0,0,D Ramani,CZK-R
1301,G Riley (GMB),2,2,0,5,3,2.5,14,35.71,0,0,0,0,0,G Riley,GMB
1302,Saad Khan (KSA),1,1,0,5,5,5,5,100,0,0,0,0,0,Saad Khan,KSA
1303,Bilal Safdar (NOR),1,1,1,5,5*,0,2,250,0,0,0,0,0,Bilal Safdar,NOR
1304,N Salekar (THA),1,1,0,5,5,5,7,71.42,0,0,0,0,0,N Salekar,THA
1305,Saurabh Kumar (SKOR),4,4,0,5,2,1.25,26,19.23,0,0,1,0,0,Saurabh Kumar,SKOR
1306,R Sekaran (EST),5,2,2,5,3*,0,8,62.5,0,0,0,0,0,R Sekaran,EST
1307,B Siddharth (OMA),2,2,0,5,5,2.5,5,100,0,0,1,1,0,B Siddharth,OMA
1308,Simranjeet Singh (UAE),17,3,1,5,3*,2.5,13,38.46,0,0,0,0,0,Simranjeet Singh,UAE
1309,L Sipamla (SA),4,2,0,5,3,2.5,9,55.55,0,0,0,0,0,L Sipamla,SA
1310,Sivakumar (CAM),6,2,2,5,3*,0,10,50,0,0,0,0,0,Sivakumar,CAM
1311,D Svilicic (CRT),5,4,2,5,4*,2.5,15,33.33,0,0,1,0,0,D Svilicic,CRT
1312,Umran Malik (IND),8,2,2,5,4*,0,2,250,0,0,0,1,0,Umran Malik,IND
1313,B Vakatini (COK),5,3,0,5,5,1.66,9,55.55,0,0,2,0,0,B Vakatini,COK
1314,J Yon (STHEL),2,1,1,5,5*,0,5,100,0,0,0,0,0,J Yon,STHEL
1315,Abrar Ahmed (PAK),37,9,6,4,2,1.33,12,33.33,0,0,2,0,0,Abrar Ahmed,PAK
1316,G Aburto (Chile),1,1,0,4,4,4,6,66.66,0,0,0,1,0,G Aburto,Chile
1317,Ahmad Khalid Ahmadzai (BEL),4,3,1,4,3*,2,13,30.76,0,0,1,0,0,Ahmad Khalid Ahmadzai,BEL
1318,C Alexander (Falk),2,2,0,4,4,2,6,66.66,0,0,1,1,0,C Alexander,Falk
1319,Ali Raza (EST),2,1,0,4,4,4,3,133.33,0,0,0,1,0,Ali Raza,EST
1320,Altaf Gill (SKOR),3,2,0,4,3,2,18,22.22,0,0,0,0,0,Altaf Gill,SKOR
1321,MP Ainsworth (HUN),5,2,2,4,3*,0,7,57.14,0,0,0,0,0,MP Ainsworth,HUN
1322,Arif Hosen (TLS),6,6,1,4,2,0.8,25,16,0,0,2,0,0,Arif Hosen,TLS
1323,Aslam Khan (MAS),4,2,0,4,4,2,5,80,0,0,1,1,0,Aslam Khan,MAS
1324,Avi Dixit (SGP),2,2,1,4,4*,4,9,44.44,0,0,1,0,0,Avi Dixit,SGP
1325,M Badenhorst (BOT),4,2,1,4,4*,4,9,44.44,0,0,1,0,0,M Badenhorst,BOT
1326,J Bangura (SLE),4,1,0,4,4,4,2,200,0,0,0,1,0,J Bangura,SLE
1327,JF Bangura (SLE),1,1,0,4,4,4,10,40,0,0,0,0,0,JF Bangura,SLE
1328,VF Bomnyuy (CAM),5,3,2,4,4*,4,8,50,0,0,1,0,0,VF Bomnyuy,CAM
1329,IW Budiarta (INA),3,2,1,4,4*,4,4,100,0,0,1,1,0,IW Budiarta,INA
1330,JJ Bumrah (IND),39,6,2,4,4,1,5,80,0,0,3,1,0,JJ Bumrah,IND
1331,S Burdekin (CYP),1,1,0,4,4,4,9,44.44,0,0,0,0,0,S Burdekin,CYP
1332,K Burrows (BHM),6,2,0,4,4,2,9,44.44,0,0,1,0,0,K Burrows,BHM
1333,F Campbell (GMB),1,1,0,4,4,4,6,66.66,0,0,0,0,0,F Campbell,GMB
1334,M Cope (LUX),3,2,1,4,3*,4,7,57.14,0,0,0,0,0,M Cope,LUX
1335,FA Cossa (MOZ),3,1,0,4,4,4,11,36.36,0,0,0,0,0,FA Cossa,MOZ
1336,A Dananjaya (SL),2,1,1,4,4*,0,1,400,0,0,0,1,0,A Dananjaya,SL
1337,JH Davey (SCOT),3,1,1,4,4*,0,3,133.33,0,0,0,0,0,JH Davey,SCOT
1338,A Dawson (Falk),3,3,1,4,3,2,14,28.57,0,0,1,0,0,A Dawson,Falk
1339,D Dewald (BEL),6,3,0,4,3,1.33,13,30.76,0,0,1,0,0,D Dewald,BEL
1340,DT Doram (NED),13,3,3,4,2*,0,6,66.66,0,0,0,0,0,DT Doram,NED
1341,KR Ebanks (CAY),2,2,0,4,3,2,13,30.76,0,0,0,0,0,KR Ebanks,CAY
1342,Elan Talker (ISR),8,1,1,4,4*,0,3,133.33,0,0,0,0,0,Elan Talker,ISR
1343,D Faletar (CRT),3,3,1,4,4*,2,15,26.66,0,0,2,1,0,D Faletar,CRT
1344,Fiaz Ahmed (BHR),1,1,1,4,4*,0,2,200,0,0,0,1,0,Fiaz Ahmed,BHR
1345,Gagandeep Singh (GHA),2,2,2,4,3*,0,6,66.66,0,0,0,0,0,Gagandeep Singh,GHA
1346,BD Glover (NED),3,1,1,4,4*,0,1,400,0,0,0,1,0,BD Glover,NED
1347,Hardeep Singh (CYP),4,1,1,4,4*,0,1,400,0,0,0,1,0,Hardeep Singh,CYP
1348,Harry Johnson (GUE),12,3,2,4,2*,4,4,100,0,0,0,0,0,Harry Johnson,GUE
1349,RW Hartley (SRB),3,2,1,4,4*,4,14,28.57,0,0,1,0,0,RW Hartley,SRB
1350,L Hermida (Mex),1,1,0,4,4,4,6,66.66,0,0,0,0,0,L Hermida,Mex
1351,Javid Patel (Zamb),2,1,0,4,4,4,5,80,0,0,0,0,0,Javid Patel,Zamb
1352,J Jojo (DEN),5,2,0,4,4,2,3,133.33,0,0,1,1,0,J Jojo,DEN
1353,Kalhan Challu (HKG),1,1,1,4,4*,0,3,133.33,0,0,0,0,0,Kalhan Challu,HKG
1354,Kamran Wahid (HUN),5,3,2,4,4,4,6,66.66,0,0,0,0,0,Kamran Wahid,HUN
1355,N Katechis (GRC),4,2,1,4,3*,4,17,23.52,0,0,0,0,0,N Katechis,GRC
1356,Kaung Htet Kyaw (MYAN),8,2,0,4,2,2,10,40,0,0,0,0,0,Kaung Htet Kyaw,MYAN
1357,Kaung Ko Ko (MYAN),2,2,1,4,3,4,6,66.66,0,0,0,0,0,Kaung Ko Ko,MYAN
1358,J Kemp (JER),4,2,0,4,3,2,7,57.14,0,0,0,0,0,J Kemp,JER
1359,Khalander Mustafa (KSA),6,1,1,4,4*,0,1,400,0,0,0,1,0,Khalander Mustafa,KSA
1360,Khandubhai Ahir (PAN),2,2,1,4,3*,4,12,33.33,0,0,0,0,0,Khandubhai Ahir,PAN
1361,Komang Putra (INA),4,1,1,4,4*,0,6,66.66,0,0,0,0,0,Komang Putra,INA
1362,CBRLS Kumara (SL),12,1,0,4,4,4,5,80,0,0,0,1,0,CBRLS Kumara,SL
1363,W Landman (SWZ),2,2,0,4,3,2,7,57.14,0,0,0,0,0,W Landman,SWZ
1364,C Liebenberg (IOM),2,2,0,4,4,2,7,57.14,0,0,1,0,0,C Liebenberg,IOM
1365,D Malinga (SWZ),3,3,0,4,3,1.33,10,40,0,0,1,0,0,D Malinga,SWZ
1366,M Manivannan (CAY),1,1,1,4,4*,0,7,57.14,0,0,0,1,0,M Manivannan,CAY
1367,Mohammed Nadeem (QAT),14,4,2,4,4*,2,7,57.14,0,0,2,1,0,Mohammed Nadeem,QAT
1368,Mrittunjoy Chowdhury (BAN),1,1,0,4,4,4,11,36.36,0,0,0,0,0,Mrittunjoy Chowdhury,BAN
1369,Muhammad Rohid (UAE),17,3,2,4,2*,4,3,133.33,0,0,0,0,0,Muhammad Rohid,UAE
1370,Musa Twala (SWZ),5,3,1,4,2*,2,13,30.76,0,0,1,0,0,Musa Twala,SWZ
1371,M Musinguzi (UGA),5,1,1,4,4*,0,4,100,0,0,0,0,0,M Musinguzi,UGA
1372,V Nagpaul (SGP),6,2,1,4,2*,4,6,66.66,0,0,0,0,0,V Nagpaul,SGP
1373,N Nuntarach (THA),5,3,0,4,3,1.33,9,44.44,0,0,1,0,0,N Nuntarach,THA
1374,SM Nash (Samoa),7,3,2,4,4*,4,5,80,0,0,1,0,0,SM Nash,Samoa
1375,Neeraj Mishra (CZK-R),6,3,1,4,4*,2,9,44.44,0,0,2,1,0,Neeraj Mishra,CZK-R
1376,Nijat Masood (AFG),3,1,1,4,4*,0,5,80,0,0,0,0,0,Nijat Masood,AFG
1377,A Nimaga (Mali),2,2,1,4,2*,4,5,80,0,0,0,0,0,A Nimaga,Mali
1378,E Niyomugabo (RWN),3,1,0,4,4,4,2,200,0,0,0,1,0,E Niyomugabo,RWN
1379,VS Padhaal (FIN),2,1,0,4,4,4,15,26.66,0,0,0,0,0,VS Padhaal,FIN
1380,J Pakhiaokajee (THA),1,1,1,4,4*,0,1,400,0,0,0,1,0,J Pakhiaokajee,THA
1381,R Parkin (EST),4,2,0,4,4,2,4,100,0,0,1,1,0,R Parkin,EST
1382,Parveen Kumar (FIN),6,4,1,4,3,1.33,20,20,0,0,2,0,0,Parveen Kumar,FIN
1383,ARH Patel (CRC),8,4,0,4,2,1,16,25,0,0,2,0,0,ARH Patel,CRC
1384,HJ Patel (PAN),1,1,0,4,4,4,5,80,0,0,0,0,0,HJ Patel,PAN
1385,AEV Puentes (Chile),2,1,1,4,4*,0,14,28.57,0,0,0,0,0,AEV Puentes,Chile
1386,RJ Ramjiawan (Sur),2,1,0,4,4,4,8,50,0,0,0,0,0,RJ Ramjiawan,Sur
1387,D Robson (EST),7,1,0,4,4,4,7,57.14,0,0,0,0,0,D Robson,EST
1388,S Rukmal (SEY),10,5,2,4,4*,1.33,14,28.57,0,0,3,1,0,S Rukmal,SEY
1389,Saqlain Arshad (QAT),1,1,1,4,4*,0,3,133.33,0,0,0,0,0,Saqlain Arshad,QAT
1390,Saqib Naveed (EST),1,1,1,4,4*,0,14,28.57,0,0,0,0,0,Saqib Naveed,EST
1391,JE Scott (BHM),4,2,0,4,4,2,7,57.14,0,0,1,0,0,JE Scott,BHM
1392,Shan Siddiqui (GMB),2,1,0,4,4,4,3,133.33,0,0,0,1,0,Shan Siddiqui,GMB
1393,Sikander Billah (BHR),3,2,1,4,4,4,7,57.14,0,0,0,0,0,Sikander Billah,BHR
1394,Syed Ali Gillani (SWE),3,3,3,4,3*,0,4,100,0,0,0,0,0,Syed Ali Gillani,SWE
1395,GT Taylor (BHM),1,1,1,4,4*,0,4,100,0,0,0,0,0,GT Taylor,BHM
1396,C Tchale (MWI),11,4,0,4,4,1,9,44.44,0,0,3,1,0,C Tchale,MWI
1397,D Traore (Mali),3,2,2,4,4*,0,9,44.44,0,0,0,1,0,D Traore,Mali
1398,JK Vifah (GHA),1,1,1,4,4*,0,3,133.33,0,0,0,0,0,JK Vifah,GHA
1399,Arjun Vinod (SUI),1,1,1,4,4*,0,2,200,0,0,0,1,0,Arjun Vinod,SUI
1400,FN Walsh (PHI),3,2,1,4,3,4,7,57.14,0,0,0,0,0,FN Walsh,PHI
1401,S Williams (SLE),7,3,1,4,4,2,12,33.33,0,0,1,0,0,S Williams,SLE
1402,L Wood (ENG),15,2,1,4,3,4,5,80,0,0,0,0,0,L Wood,ENG
1403,W Wotu (VAN),3,1,0,4,4,4,7,57.14,0,0,0,0,0,W Wotu,VAN
1404,Yair Nagavkar (ISR),2,1,1,4,4*,0,3,133.33,0,0,0,0,0,Yair Nagavkar,ISR
1405,Yousuf Ali (QAT),4,1,0,4,4,4,3,133.33,0,0,0,1,0,Yousuf Ali,QAT
1406,Zain Ahmad (Fran),3,2,0,4,4,2,8,50,0,0,1,0,0,Zain Ahmad,Fran
1407,Abdullah Sheikh (NOR),3,2,1,3,2,3,7,42.85,0,0,0,0,0,Abdullah Sheikh,NOR
1408,Adnan Idrees (KUW),8,4,2,3,2*,1.5,10,30,0,0,1,0,0,Adnan Idrees,KUW
1409,Adnan Shnwarei (NOR),4,2,0,3,2,1.5,7,42.85,0,0,0,0,0,Adnan Shnwarei,NOR
1410,Avishka Iroshan (ROM),3,1,1,3,3*,0,8,37.5,0,0,0,0,0,Avishka Iroshan,ROM
1411,DS Bajwa (CAN),1,1,0,3,3,3,7,42.85,0,0,0,0,0,DS Bajwa,CAN
1412,Basharat Hussain (SKOR),5,3,2,3,3,3,15,20,0,0,0,0,0,Basharat Hussain,SKOR
1413,Baz Aybui (SWE),6,2,1,3,2*,3,16,18.75,0,0,0,0,0,Baz Aybui,SWE
1414,D Bourne (),2,1,0,3,3,3,6,50,0,0,0,0,0,D Bourne,
1415,MG Bracewell (NZ),1,1,1,3,3*,0,2,150,0,0,0,0,0,MG Bracewell,NZ
1416,R Brar (CYP),4,2,1,3,2*,3,5,60,0,0,0,0,0,R Brar,CYP
1417,L Canessane (Fran),1,1,0,3,3,3,2,150,0,0,0,0,0,L Canessane,Fran
1418,Y Cariah (WI),2,2,2,3,2*,0,4,75,0,0,0,0,0,Y Cariah,WI
1419,C Cassell (SCOT),2,2,1,3,2*,3,6,50,0,0,0,0,0,C Cassell,SCOT
1420,Charles Trott (BER),3,2,1,3,3*,3,7,42.85,0,0,1,0,0,Charles Trott,BER
1421,AT Chuvale (MOZ),1,1,1,3,3*,0,8,37.5,0,0,0,0,0,AT Chuvale,MOZ
1422,C Connolly (AUS),4,2,0,3,3,1.5,6,50,0,0,1,0,0,C Connolly,AUS
1423,AG Cremer (ZIM),6,2,1,3,3*,3,10,30,0,0,1,0,0,AG Cremer,ZIM
1424,A Curavic (CRT),2,2,0,3,3,1.5,13,23.07,0,0,1,0,0,A Curavic,CRT
1425,D Dawa (BHU),5,2,2,3,2*,0,7,42.85,0,0,0,0,0,D Dawa,BHU
1426,N Dhamba (OMA),1,1,0,3,3,3,6,50,0,0,0,0,0,N Dhamba,OMA
1427,KK Dobell (JPN),2,2,1,3,3*,3,6,50,0,0,1,0,0,KK Dobell,JPN
1428,O Duff (BUL),4,2,0,3,3,1.5,2,150,0,0,1,0,0,O Duff,BUL
1429,KDACK Gunarathne (CAM),2,2,0,3,3,1.5,16,18.75,0,0,1,0,0,KDACK Gunarathne,CAM
1430,A Gupta (NOR),3,1,1,3,3*,0,3,100,0,0,0,0,0,A Gupta,NOR
1431,H Hajnic (CRT),3,3,1,3,3*,1.5,42,7.14,0,0,2,0,0,H Hajnic,CRT
1432,Hamza Tahir (SCOT),4,2,1,3,3*,3,7,42.85,0,0,1,0,0,Hamza Tahir,SCOT
1433,K Hardat (Sur),2,2,1,3,2,3,7,42.85,0,0,0,0,0,K Hardat,Sur
1434,Hussain Saadhin (MDV),1,1,0,3,3,3,9,33.33,0,0,0,0,0,Hussain Saadhin,MDV
1435,KAB Hynam-Nyberg (Samoa),7,2,1,3,2,3,4,75,0,0,0,0,0,KAB Hynam-Nyberg,Samoa
1436,Ibrahim Kursad Dalyan (TKY),2,2,1,3,2,3,5,60,0,0,0,0,0,Ibrahim Kursad Dalyan,TKY
1437,Ibrahim Karim (SLE),3,3,1,3,2,1.5,6,50,0,0,0,0,0,Ibrahim Karim,SLE
1438,Imran Yousaf (KSA),4,2,1,3,2*,3,6,50,0,0,0,0,0,Imran Yousaf,KSA
1439,JMV Junior (Fiji),1,1,1,3,3*,0,8,37.5,0,0,0,0,0,JMV Junior,Fiji
1440,A Kainessie (SLE),2,1,0,3,3,3,7,42.85,0,0,0,0,0,A Kainessie,SLE
1441,M Kpaka (SLE),3,1,0,3,3,3,14,21.42,0,0,0,0,0,M Kpaka,SLE
1442,K Kubota (JPN),17,5,4,3,2,3,6,50,0,0,0,0,0,K Kubota,JPN
1443,TK Lal (CZK-R),8,3,2,3,3*,3,10,30,0,0,1,0,0,TK Lal,CZK-R
1444,M Leporoporo (LES),3,1,1,3,3*,0,4,75,0,0,0,0,0,M Leporoporo,LES
1445,B Lewis (Blz),6,3,2,3,2,3,8,37.5,0,0,0,0,0,B Lewis,Blz
1446,Lwin Maw (MYAN),2,1,0,3,3,3,5,60,0,0,0,0,0,Lwin Maw,MYAN
1447,DJ Malan (ENG),2,1,1,3,3*,0,1,300,0,0,0,0,0,DJ Malan,ENG
1448,DE Martel (GUE),4,1,1,3,3*,0,5,60,0,0,0,0,0,DE Martel,GUE
1449,Mohamed Azzam (MDV),4,3,1,3,1*,1.5,5,60,0,0,0,0,0,Mohamed Azzam,MDV
1450,Z Motara (WI),1,1,0,3,3,3,4,75,0,0,0,0,0,Z Motara,WI
1451,Muhammad Amin (SWZ),1,1,1,3,3*,0,4,75,0,0,0,0,0,Muhammad Amin,SWZ
1452,Muhammad Tahir (GRC),2,1,0,3,3,3,10,30,0,0,0,0,0,Muhammad Tahir,GRC
1453,N Naranbaatar (MNG),4,3,1,3,3,1.5,16,18.75,0,0,1,0,0,N Naranbaatar,MNG
1454,N Nazmussakib (SKOR),3,1,0,3,3,3,7,42.85,0,0,0,0,0,N Nazmussakib,SKOR
1455,E Ochieng (KENYA),2,1,1,3,3*,0,4,75,0,0,0,0,0,E Ochieng,KENYA
1456,CG Osborne (CRT),1,1,0,3,3,3,7,42.85,0,0,0,0,0,CG Osborne,CRT
1457,NMS Param (SGP),2,1,1,3,3*,0,4,75,0,0,0,0,0,NMS Param,SGP
1458,B Pondani (MWI),27,4,3,3,2*,3,8,37.5,0,0,1,0,0,B Pondani,MWI
1459,Raja Shoaib (SKOR),1,1,1,3,3*,0,4,75,0,0,0,0,0,Raja Shoaib,SKOR
1460,T Ramautar (Sur),3,2,1,3,2,3,14,21.42,0,0,0,0,0,T Ramautar,Sur
1461,Rameez Khan (ROM),5,2,1,3,2,3,5,60,0,0,0,0,0,Rameez Khan,ROM
1462,Rashid Khan (NEP),1,1,0,3,3,3,5,60,0,0,0,0,0,Rashid Khan,NEP
1463,Raunaq Kapur (HKG),1,1,0,3,3,3,5,60,0,0,0,0,0,Raunaq Kapur,HKG
1464,JDA Richardson (BER),6,3,1,3,3*,1.5,14,21.42,0,0,2,0,0,JDA Richardson,BER
1465,AK Roger (CIV),1,1,0,3,3,3,17,17.64,0,0,0,0,0,AK Roger,CIV
1466,Sadat Said (HUN),5,2,0,3,3,1.5,3,100,0,0,1,0,0,Sadat Said,HUN
1467,Sandeep Goud (OMA),2,1,0,3,3,3,5,60,0,0,0,0,0,Sandeep Goud,OMA
1468,Shagharai Sefat (BEL),6,3,1,3,3,1.5,5,60,0,0,1,0,0,Shagharai Sefat,BEL
1469,KK Sharma (SVN),3,2,1,3,2*,3,8,37.5,0,0,0,0,0,KK Sharma,SVN
1470,SS Shukla (BHR),6,1,1,3,3*,0,2,150,0,0,0,0,0,SS Shukla,BHR
1471,Shunan Ali (MDV),9,1,1,3,3*,0,4,75,0,0,0,0,0,Shunan Ali,MDV
1472,Sulaiman Ali (BUL),3,1,1,3,3*,0,11,27.27,0,0,0,0,0,Sulaiman Ali,BUL
1473,NK Tiwari (CYP),5,3,1,3,3,1.5,8,37.5,0,0,1,0,0,NK Tiwari,CYP
1474,S Toutai (Samoa),2,2,0,3,2,1.5,6,50,0,0,0,0,0,S Toutai,Samoa
1475,MJ Tugaga (Samoa),2,1,1,3,3*,0,2,150,0,0,0,0,0,MJ Tugaga,Samoa
1476,NL Ujawe (SVN),4,3,2,3,1*,3,4,75,0,0,0,0,0,NL Ujawe,SVN
1477,A Vala (PNG),2,1,1,3,3*,0,7,42.85,0,0,0,0,0,A Vala,PNG
1478,SA van Breda (JER),2,1,0,3,3,3,8,37.5,0,0,0,0,0,SA van Breda,JER
1479,CV Varun (IND),38,9,6,3,1*,1,13,23.07,0,0,3,0,0,CV Varun,IND
1480,E Walker (IOM),4,4,4,3,2*,0,19,15.78,0,0,0,0,0,E Walker,IOM
1481,Yash Singh (MLT),6,1,0,3,3,3,12,25,0,0,0,0,0,Yash Singh,MLT
1482,Yogev Nagavkar (ISR),1,1,0,3,3,3,3,100,0,0,0,0,0,Yogev Nagavkar,ISR
1483,Zwe Htet Paing (MYAN),3,2,1,3,3*,3,6,50,0,0,1,0,0,Zwe Htet Paing,MYAN
1484,Aakash Chand (NEP),3,2,1,2,2,2,6,33.33,0,0,0,0,0,Aakash Chand,NEP
1485,Aarif Sheikh (NEP),3,3,1,2,2*,1,3,66.66,0,0,2,0,0,Aarif Sheikh,NEP
1486,N Advani (GIBR),7,2,1,2,2*,2,7,28.57,0,0,1,0,0,N Advani,GIBR
1487,Ahmad Raza (KSA),4,2,2,2,2*,0,4,50,0,0,0,0,0,Ahmad Raza,KSA
1488,RJ Ainsworth (HUN),2,1,0,2,2,2,4,50,0,0,0,0,0,RJ Ainsworth,HUN
1489,Ali Muaaz (GRC),2,2,0,2,2,1,9,22.22,0,0,1,0,0,Ali Muaaz,GRC
1490,Anmoldeep Singh (ITA),4,1,0,2,2,2,7,28.57,0,0,0,0,0,Anmoldeep Singh,ITA
1491,Anskumar Ahir (PAN),2,1,1,2,2*,0,6,33.33,0,0,0,0,0,Anskumar Ahir,PAN
1492,CV Anto (KUW),1,1,0,2,2,2,3,66.66,0,0,0,0,0,CV Anto,KUW
1493,PUKK Arachchige (FIN),1,1,0,2,2,2,8,25,0,0,0,0,0,PUKK Arachchige,FIN
1494,B Arends (Falk),6,5,3,2,2,1,11,18.18,0,0,1,0,0,B Arends,Falk
1495,Asad Mahmood (SUI),6,1,1,2,2*,0,1,200,0,0,0,0,0,Asad Mahmood,SUI
1496,Asif Ali (PAK),2,1,0,2,2,2,3,66.66,0,0,0,0,0,Asif Ali,PAK
1497,Aslam Bera (Zamb),9,4,0,2,1,0.5,9,22.22,0,0,2,0,0,Aslam Bera,Zamb
1498,Aviel Warsulkar (ISR),2,2,2,2,2*,0,3,66.66,0,0,0,0,0,Aviel Warsulkar,ISR
1499,Azin Rafeeg (MDV),1,1,1,2,2*,0,5,40,0,0,0,0,0,Azin Rafeeg,MDV
1500,I Bardis (GRC),2,2,1,2,2*,2,6,33.33,0,0,1,0,0,I Bardis,GRC
1501,Bashir Ahmad (AFG),1,1,1,2,2*,0,5,40,0,0,0,0,0,Bashir Ahmad,AFG
1502,JP Behrendorff (AUS),8,1,1,2,2*,0,2,100,0,0,0,0,0,JP Behrendorff,AUS
1503,AAH Bhikari (Sur),5,2,0,2,1,1,11,18.18,0,0,0,0,0,AAH Bhikari,Sur
1504,N Bidaisee (WI),2,1,0,2,2,2,5,40,0,0,0,0,0,N Bidaisee,WI
1505,M Brasier (FIN),3,3,1,2,1*,1,9,22.22,0,0,1,0,0,M Brasier,FIN
1506,C Brennan (JER),2,1,0,2,2,2,5,40,0,0,0,0,0,C Brennan,JER
1507,T Buri (THA),1,1,0,2,2,2,6,33.33,0,0,0,0,0,T Buri,THA
1508,G Campbell (),1,1,0,2,2,2,8,25,0,0,0,0,0,G Campbell,
1509,C Chatphaisan (THA),2,1,0,2,2,2,4,50,0,0,0,0,0,C Chatphaisan,THA
1510,Chen Zhuo Yue (CHN),1,1,1,2,2*,0,6,33.33,0,0,0,0,0,Chen Zhuo Yue,CHN
1511,MS Diawara (Mali),1,1,0,2,2,2,3,66.66,0,0,0,0,0,MS Diawara,Mali
1512,S di Bartolomeo (ITA),7,1,1,2,2*,0,2,100,0,0,0,0,0,S di Bartolomeo,ITA
1513,PK Dimitri (CIV),5,5,3,2,2*,1,10,20,0,0,2,0,0,PK Dimitri,CIV
1514,W Dlamini (SWZ),2,1,0,2,2,2,5,40,0,0,0,0,0,W Dlamini,SWZ
1515,A Dowling (BUL),1,1,0,2,2,2,3,66.66,0,0,0,0,0,A Dowling,BUL
1516,Ronald Ebanks (CAY),6,3,0,2,2,0.66,6,33.33,0,0,2,0,0,Ronald Ebanks,CAY
1517,S Elayaperumal (Mex),1,1,0,2,2,2,3,66.66,0,0,0,0,0,S Elayaperumal,Mex
1518,H Elder (SUI),2,2,1,2,2*,2,3,66.66,0,0,1,0,0,H Elder,SUI
1519,EF Faalupega (Samoa),1,1,0,2,2,2,3,66.66,0,0,0,0,0,EF Faalupega,Samoa
1520,Faizal Salehji (PAN),3,1,0,2,2,2,2,100,0,0,0,0,0,Faizal Salehji,PAN
1521,Franz Bur (Arg),3,1,1,2,2*,0,7,28.57,0,0,0,0,0,Franz Bur,Arg
1522,K Fubler (BER),15,2,2,2,2*,0,2,100,0,0,0,0,0,K Fubler,BER
1523,GHS Garton (ENG),1,1,0,2,2,2,4,50,0,0,0,0,0,GHS Garton,ENG
1524,M Gherasim (ROM),10,2,0,2,2,1,3,66.66,0,0,1,0,0,M Gherasim,ROM
1525,RJ Gleeson (ENG),6,2,0,2,2,1,4,50,0,0,1,0,0,RJ Gleeson,ENG
1526,GI Gokoel (Sur),4,2,2,2,2*,0,7,28.57,0,0,0,0,0,GI Gokoel,Sur
1527,R Goodwin (PHI),3,3,1,2,1*,1,10,20,0,0,1,0,0,R Goodwin,PHI
1528,PB Gouge (JER),2,1,0,2,2,2,2,100,0,0,0,0,0,PB Gouge,JER
1529,CJ Green (AUS),1,1,1,2,2*,0,3,66.66,0,0,0,0,0,CJ Green,AUS
1530,JJ Griffin (IOM),5,2,1,2,2,2,8,25,0,0,0,0,0,JJ Griffin,IOM
1531,M Grzinic (CRT),1,1,0,2,2,2,4,50,0,0,0,0,0,M Grzinic,CRT
1532,MJ Hay (NZ),1,1,0,2,2,2,3,66.66,0,0,0,0,0,MJ Hay,NZ
1533,B Isaac (STHEL),4,1,0,2,2,2,4,50,0,0,0,0,0,B Isaac,STHEL
1534,RA Jadeja (IND),3,2,0,2,2,1,3,66.66,0,0,1,0,0,RA Jadeja,IND
1535,Junaid Siddiqui (CAN),5,1,0,2,2,2,4,50,0,0,0,0,0,Junaid Siddiqui,CAN
1536,DC Jurel (IND),1,1,0,2,2,2,4,50,0,0,0,0,0,DC Jurel,IND
1537,I Kamara (SLE),4,2,1,2,2*,2,10,20,0,0,1,0,0,I Kamara,SLE
1538,J Khadka (ROM),4,3,2,2,1*,2,4,50,0,0,1,0,0,J Khadka,ROM
1539,H Klazinge (NAM),5,3,2,2,1*,2,4,50,0,0,0,0,0,H Klazinge,NAM
1540,W Kokaua (COK),3,1,1,2,2*,0,4,50,0,0,0,0,0,W Kokaua,COK
1541,S Kollery (BOT),1,1,1,2,2*,0,2,100,0,0,0,0,0,S Kollery,BOT
1542,J Kunnanchirakkal (MLT),3,3,2,2,1*,2,3,66.66,0,0,1,0,0,J Kunnanchirakkal,MLT
1543,A Lazic (SRB),6,3,2,2,2*,2,3,66.66,0,0,1,0,0,A Lazic,SRB
1544,Lemar Momand (SWE),3,2,1,2,2*,2,5,40,0,0,1,0,0,Lemar Momand,SWE
1545,I Lisboa (Chile),1,1,0,2,2,2,6,33.33,0,0,0,0,0,I Lisboa,Chile
1546,D Madushanka (SL),19,6,1,2,1*,0.4,9,22.22,0,0,4,0,0,D Madushanka,SL
1547,SG Mangela (UGA),1,1,0,2,2,2,5,40,0,0,0,0,0,SG Mangela,UGA
1548,Mansoor Shah (NOR),5,1,0,2,2,2,2,100,0,0,0,0,0,Mansoor Shah,NOR
1549,I Master (BOT),2,2,1,2,2*,2,3,66.66,0,0,1,0,0,I Master,BOT
1550,AS Mehmi (GRC),1,1,0,2,2,2,4,50,0,0,0,0,0,AS Mehmi,GRC
1551,B Mejaro (LES),3,3,0,2,2,0.66,13,15.38,0,0,2,0,0,B Mejaro,LES
1552,AR Menon (SGP),1,1,0,2,2,2,5,40,0,0,0,0,0,AR Menon,SGP
1553,A Modi (SGP),3,2,1,2,2*,2,4,50,0,0,1,0,0,A Modi,SGP
1554,Mohammed Irshad (QAT),3,1,0,2,2,2,5,40,0,0,0,0,0,Mohammed Irshad,QAT
1555,Mongdara Sok (CAM),9,5,3,2,1*,1,9,22.22,0,0,2,0,0,Mongdara Sok,CAM
1556,RDS Morein (TLS),8,4,3,2,2,2,11,18.18,0,0,0,0,0,RDS Morein,TLS
1557,Muhammad Usman (UAE),1,1,1,2,2*,0,1,200,0,0,0,0,0,Muhammad Usman,UAE
1558,L Mutale (Zamb),2,1,1,2,2*,0,3,66.66,0,0,0,0,0,L Mutale,Zamb
1559,Nazmus Sakib (MAS),1,1,0,2,2,2,6,33.33,0,0,0,0,0,Nazmus Sakib,MAS
1560,Niyas Pullariyil (MLT),1,1,1,2,2*,0,5,40,0,0,0,0,0,Niyas Pullariyil,MLT
1561,F Nkhoma (MWI),2,1,0,2,2,2,8,25,0,0,0,0,0,F Nkhoma,MWI
1562,S Nsubuga (UGA),12,3,1,2,1*,1,6,33.33,0,0,1,0,0,S Nsubuga,UGA
1563,Omar Hussain (LES),3,3,1,2,2*,1,9,22.22,0,0,2,0,0,Omar Hussain,LES
1564,AJ Parmar (NOR),21,6,5,2,1*,2,8,25,0,0,1,0,0,AJ Parmar,NOR
1565,WD Parnell (SA),4,1,1,2,2*,0,4,50,0,0,0,0,0,WD Parnell,SA
1566,AP Patel (CAN),9,2,2,2,2*,0,6,33.33,0,0,0,0,0,AP Patel,CAN
1567,SJ Patel (CZK-R),5,1,1,2,2*,0,5,40,0,0,0,0,0,SJ Patel,CZK-R
1568,R Patten (BHM),4,3,2,2,2*,2,9,22.22,0,0,1,0,0,R Patten,BHM
1569,EDS Pimheiro (TLS),5,3,2,2,2*,2,11,18.18,0,0,1,0,0,EDS Pimheiro,TLS
1570,SA Pradhan (SGP),2,1,1,2,2*,0,6,33.33,0,0,0,0,0,SA Pradhan,SGP
1571,Pramod Madushan (SL),9,3,1,2,1*,1,4,50,0,0,1,0,0,Pramod Madushan,SL
1572,P Pustoslemsek (SVN),1,1,0,2,2,2,3,66.66,0,0,0,0,0,P Pustoslemsek,SVN
1573,A Randhawa (AUT),2,1,1,2,2*,0,2,100,0,0,0,0,0,A Randhawa,AUT
1574,Ronitkumar Ahir (PAN),2,1,0,2,2,2,3,66.66,0,0,0,0,0,Ronitkumar Ahir,PAN
1575,Salvin Stanly (CAM),2,1,0,2,2,2,4,50,0,0,0,0,0,Salvin Stanly,CAM
1576,BS Sandhu (SVN),1,1,0,2,2,2,5,40,0,0,0,0,0,BS Sandhu,SVN
1577,T Sangha (AUS),7,1,1,2,2*,0,4,50,0,0,0,0,0,T Sangha,AUS
1578,Sareer Shah (LUX),6,4,2,2,1*,1,6,33.33,0,0,2,0,0,Sareer Shah,LUX
1579,Sathya Narayanan (SUI),2,2,0,2,2,1,6,33.33,0,0,1,0,0,Sathya Narayanan,SUI
1580,S Savkovic (SRB),1,1,0,2,2,2,2,100,0,0,0,0,0,S Savkovic,SRB
1581,Shahrukh Quddus (KUW),11,3,3,2,2*,0,5,40,0,0,0,0,0,Shahrukh Quddus,KUW
1582,SM Sharma (UAE),3,1,1,2,2*,0,2,100,0,0,0,0,0,SM Sharma,UAE
1583,HB Shipley (NZ),5,2,2,2,1*,0,2,100,0,0,0,0,0,HB Shipley,NZ
1584,IC Simao (BRA),9,6,3,2,2*,0.66,11,18.18,0,0,3,0,0,IC Simao,BRA
1585,VA Singh (Sur),2,2,1,2,1*,2,7,28.57,0,0,0,0,0,VA Singh,Sur
1586,U Sorovakatini (Fiji),1,1,1,2,2*,0,1,200,0,0,0,0,0,U Sorovakatini,Fiji
1587,S Stanikzay (Fran),9,3,0,2,2,0.66,5,40,0,0,2,0,0,S Stanikzay,Fran
1588,L Stubbs (CRT),1,1,0,2,2,2,19,10.52,0,0,0,0,0,L Stubbs,CRT
1589,MJ Swepson (AUS),1,1,1,2,2*,0,1,200,0,0,0,0,0,MJ Swepson,AUS
1590,Syed Faizan Tahir (KSA),3,1,0,2,2,2,5,40,0,0,0,0,0,Syed Faizan Tahir,KSA
1591,Talha Khan (GER),1,1,0,2,2,2,4,50,0,0,0,0,0,Talha Khan,GER
1592,R Tanna (EST),1,1,1,2,2*,0,3,66.66,0,0,0,0,0,R Tanna,EST
1593,K Thuchila (MWI),18,6,1,2,1*,0.4,11,18.18,0,0,4,0,0,K Thuchila,MWI
1594,OSB Tilley (CRT),2,1,1,2,2*,0,2,100,0,0,0,0,0,OSB Tilley,CRT
1595,A Tripathi (Mex),4,2,0,2,1,1,13,15.38,0,0,0,0,0,A Tripathi,Mex
1596,Usman Khalid (KSA),7,3,3,2,1*,0,3,66.66,0,0,0,0,0,Usman Khalid,KSA
1597,FAS Villalobos (CRC),1,1,0,2,2,2,3,66.66,0,0,0,0,0,FAS Villalobos,CRC
1598,Vineet Shah (INA),3,1,1,2,2*,0,1,200,0,0,0,0,0,Vineet Shah,INA
1599,Waseeq Ahmed (BHR),12,2,2,2,1*,0,3,66.66,0,0,0,0,0,Waseeq Ahmed,BHR
1600,Yin Chenhao (CHN),2,1,0,2,2,2,4,50,0,0,0,0,0,Yin Chenhao,CHN
1601,Zawar Farid (UAE),2,1,0,2,2,2,4,50,0,0,0,0,0,Zawar Farid,UAE
1602,Aarnav Patel (KENYA),2,1,1,1,1*,0,5,20,0,0,0,0,0,Aarnav Patel,KENYA
1603,Abdul Rahman (Fran),1,1,1,1,1*,0,2,50,0,0,0,0,0,Abdul Rahman,Fran
1604,Afsar Zazai (AFG),1,1,0,1,1,1,3,33.33,0,0,0,0,0,Afsar Zazai,AFG
1605,Aftab Hussain (HKG),1,1,1,1,1*,0,1,100,0,0,0,0,0,Aftab Hussain,HKG
1606,Ahmed Khan (HUN),2,1,0,1,1,1,2,50,0,0,0,0,0,Ahmed Khan,HUN
1607,Ameel Mauroof (MDV),6,2,1,1,1*,1,5,20,0,0,1,0,0,Ameel Mauroof,MDV
1608,TM Anker (COK),1,1,1,1,1*,0,7,14.28,0,0,0,0,0,TM Anker,COK
1609,Aqif Farooq (KUW),4,1,0,1,1,1,4,25,0,0,0,0,0,Aqif Farooq,KUW
1610,Asad Ali Rehemtulla (BUL),8,3,1,1,1*,0.5,6,16.66,0,0,2,0,0,Asad Ali Rehemtulla,BUL
1611,Asad Rasheed (HKG),2,2,2,1,1*,0,3,33.33,0,0,0,0,0,Asad Rasheed,HKG
1612,Aslam Mohammad (GRC),1,1,0,1,1,1,4,25,0,0,0,0,0,Aslam Mohammad,GRC
1613,Assad Borham (QAT),1,1,0,1,1,1,7,14.28,0,0,0,0,0,Assad Borham,QAT
1614,SYS Assegon (CAM),3,2,0,1,1,0.5,18,5.55,0,0,1,0,0,SYS Assegon,CAM
1615,R Baaleri (GHA),4,1,0,1,1,1,2,50,0,0,0,0,0,R Baaleri,GHA
1616,T Batjargal (MNG),2,2,1,1,1*,1,3,33.33,0,0,1,0,0,T Batjargal,MNG
1617,IIR Bhana (PAN),1,1,0,1,1,1,3,33.33,0,0,0,0,0,IIR Bhana,PAN
1618,H Bharadwaj (SGP),12,2,0,1,1,0.5,6,16.66,0,0,1,0,0,H Bharadwaj,SGP
1619,M Bhatia (SGP),1,1,0,1,1,1,3,33.33,0,0,0,0,0,M Bhatia,SGP
1620,Bilal Shah (OMA),1,1,1,1,1*,0,1,100,0,0,0,0,0,Bilal Shah,OMA
1621,P Bosnjak (CRT),7,4,0,1,1,0.25,15,6.66,0,0,3,0,0,P Bosnjak,CRT
1622,Breeze Ahir (PAN),1,1,1,1,1*,0,1,100,0,0,0,0,0,Breeze Ahir,PAN
1623,J Buchanan (CAY),4,2,1,1,1,1,4,25,0,0,0,0,0,J Buchanan,CAY
1624,FE Carava (MOZ),7,1,0,1,1,1,10,10,0,0,0,0,0,FE Carava,MOZ
1625,K Cawte (IOM),14,5,3,1,1*,0.5,9,11.11,0,0,2,0,0,K Cawte,IOM
1626,YS Chahal (IND),30,2,2,1,1*,0,2,50,0,0,0,0,0,YS Chahal,IND
1627,DKJ Claude (CIV),2,2,0,1,1,0.5,4,25,0,0,1,0,0,DKJ Claude,CIV
1628,Davion Codner (CAY),1,1,0,1,1,1,2,50,0,0,0,0,0,Davion Codner,CAY
1629,BRF Constanzo (Chile),1,1,0,1,1,1,5,20,0,0,0,0,0,BRF Constanzo,Chile
1630,A Conteh (GMB),2,1,0,1,1,1,5,20,0,0,0,0,0,A Conteh,GMB
1631,H Deshan (SUI),3,1,0,1,1,1,2,50,0,0,0,0,0,H Deshan,SUI
1632,JI de Villiers (NAM),6,1,1,1,1*,0,2,50,0,0,0,0,0,JI de Villiers,NAM
1633,QF Djakaridja (CIV),5,5,0,1,1,0.2,25,4,0,0,4,0,0,QF Djakaridja,CIV
1634,U Dorji (BHU),1,1,0,1,1,1,5,20,0,0,0,0,0,U Dorji,BHU
1635,S Duggan (Arg),6,1,1,1,1*,0,3,33.33,0,0,0,0,0,S Duggan,Arg
1636,Ehsan Adil (USA),1,1,1,1,1*,0,2,50,0,0,0,0,0,Ehsan Adil,USA
1637,Elias Tilman (TLS),5,5,2,1,1*,0.33,20,5,0,0,3,0,0,Elias Tilman,TLS
1638,C Floyd (NED),2,1,1,1,1*,0,1,100,0,0,0,0,0,C Floyd,NED
1639,AD Fofana (Mali),2,2,0,1,1,0.5,5,20,0,0,1,0,0,AD Fofana,Mali
1640,Gabor Torok (HUN),2,2,2,1,1*,0,1,100,0,0,0,0,0,Gabor Torok,HUN
1641,A Gall (HUN),1,1,1,1,1*,0,2,50,0,0,0,0,0,A Gall,HUN
1642,S Gill (KENYA),1,1,1,1,1*,0,2,50,0,0,0,0,0,S Gill,KENYA
1643,JOA Gordon (CAN),10,1,0,1,1,1,2,50,0,0,0,0,0,JOA Gordon,CAN
1644,A Govorko (CRT),4,1,1,1,1*,0,1,100,0,0,0,0,0,A Govorko,CRT
1645,GE Gutierrez Chavez (Mex),2,2,1,1,1*,1,2,50,0,0,1,0,0,GE Gutierrez Chavez,Mex
1646,Haris Karim (SVN),3,1,1,1,1*,0,3,33.33,0,0,0,0,0,Haris Karim,SVN
1647,Harprit Singh (Mex),2,1,1,1,1*,0,1,100,0,0,0,0,0,Harprit Singh,Mex
1648,Hassnain Shah (OMA),4,2,0,1,1,0.5,5,20,0,0,1,0,0,Hassnain Shah,OMA
1649,V Hettiarachchi (EST),1,1,0,1,1,1,2,50,0,0,0,0,0,V Hettiarachchi,EST
1650,P Hingorani (ROM),8,3,2,1,1,1,6,16.66,0,0,0,0,0,P Hingorani,ROM
1651,SJ Hughes-Pinan (ESP),6,1,1,1,1*,0,1,100,0,0,0,0,0,SJ Hughes-Pinan,ESP
1652,AA Hussein (TAN),2,2,2,1,1*,0,1,100,0,0,0,0,0,AA Hussein,TAN
1653,RF Hutton (PHI),1,1,1,1,1*,0,1,100,0,0,0,0,0,RF Hutton,PHI
1654,Lee Hwanhee (SKOR),1,1,0,1,1,1,3,33.33,0,0,0,0,0,Lee Hwanhee,SKOR
1655,Imtiaz Khan (KSA),5,3,3,1,1*,0,1,100,0,0,0,0,0,Imtiaz Khan,KSA
1656,W Jackson (MWI),2,1,0,1,1,1,7,14.28,0,0,0,0,0,W Jackson,MWI
1657,S Jele (SWZ),6,3,1,1,1,0.5,3,33.33,0,0,1,0,0,S Jele,SWZ
1658,KR Jha (AUT),3,1,0,1,1,1,8,12.5,0,0,0,0,0,KR Jha,AUT
1659,Jitesh Patel (MLT),4,1,0,1,1,1,6,16.66,0,0,0,0,0,Jitesh Patel,MLT
1660,Jonte Smith (BER),6,2,1,1,1,1,2,50,0,0,0,0,0,Jonte Smith,BER
1661,S Jora (NEP),6,1,0,1,1,1,2,50,0,0,0,0,0,S Jora,NEP
1662,Junaid Khan (FIN),3,1,1,1,1*,0,1,100,0,0,0,0,0,Junaid Khan,FIN
1663,Kashif Daud (UAE),3,2,0,1,1,0.5,6,16.66,0,0,1,0,0,Kashif Daud,UAE
1664,A Kaul (SGP),2,1,0,1,1,1,1,100,0,0,0,0,0,A Kaul,SGP
1665,N Khanna (MLT),1,1,0,1,1,1,1,100,0,0,0,0,0,N Khanna,MLT
1666,Khushdil Shah (PAK),2,1,0,1,1,1,3,33.33,0,0,0,0,0,Khushdil Shah,PAK
1667,Kristan Tillett (Blz),2,1,1,1,1*,0,2,50,0,0,0,0,0,Kristan Tillett,Blz
1668,MB Kruger (NAM),1,1,1,1,1*,0,1,100,0,0,0,0,0,MB Kruger,NAM
1669,BG Lister (NZ),12,3,1,1,1,0.5,6,16.66,0,0,1,0,0,BG Lister,NZ
1670,S Loday (BHU),3,2,1,1,1*,1,5,20,0,0,1,0,0,S Loday,BHU
1671,JR Lucky (CRC),4,2,1,1,1,1,8,12.5,0,0,0,0,0,JR Lucky,CRC
1672,TM Macalou (Mali),3,2,2,1,1*,0,10,10,0,0,0,0,0,TM Macalou,Mali
1673,A Maheshwari (CRT),4,2,0,1,1,0.5,7,14.28,0,0,1,0,0,A Maheshwari,CRT
1674,L Makgale (BOT),8,3,1,1,1*,0.5,4,25,0,0,2,0,0,L Makgale,BOT
1675,E Malinga (SL),8,3,2,1,1,1,7,14.28,0,0,0,0,0,E Malinga,SL
1676,MF Manjate (MOZ),4,1,0,1,1,1,3,33.33,0,0,0,0,0,MF Manjate,MOZ
1677,Mohammad Ali (PAK),3,2,2,1,1*,0,1,100,0,0,0,0,0,Mohammad Ali,PAK
1678,V Marghashayam (CZK-R),5,4,1,1,1*,0.33,4,25,0,0,3,0,0,V Marghashayam,CZK-R
1679,B Masauko (MWI),6,2,1,1,1,1,2,50,0,0,0,0,0,B Masauko,MWI
1680,Matiullah Khan (UAE),5,2,2,1,1*,0,5,20,0,0,0,0,0,Matiullah Khan,UAE
1681,ZE Matsinhe (MOZ),6,1,0,1,1,1,9,11.11,0,0,0,0,0,ZE Matsinhe,MOZ
1682,R Mazumder (CYP),2,1,1,1,1*,0,1,100,0,0,0,0,0,R Mazumder,CYP
1683,CM Mbebe (MOZ),2,1,1,1,1*,0,5,20,0,0,0,0,0,CM Mbebe,MOZ
1684,Md Shuayeb (CAM),4,2,1,1,1*,1,6,16.66,0,0,1,0,0,Md Shuayeb,CAM
1685,Mirza Ahmed (KUW),6,2,2,1,1*,0,2,50,0,0,0,0,0,Mirza Ahmed,KUW
1686,T Misi (Samoa),1,1,0,1,1,1,1,100,0,0,0,0,0,T Misi,Samoa
1687,Mohammad Asaduzzaman (FIN),9,2,1,1,1*,1,2,50,0,0,1,0,0,Mohammad Asaduzzaman,FIN
1688,Mohammad Atif (ESP),10,1,0,1,1,1,2,50,0,0,0,0,0,Mohammad Atif,ESP
1689,SR Mohan (SEY),2,1,0,1,1,1,2,50,0,0,0,0,0,SR Mohan,SEY
1690,Muzahir Raza (OMA),4,3,3,1,1*,0,1,100,0,0,0,0,0,Muzahir Raza,OMA
1691,Muhammed Imran (OMA),2,2,1,1,1*,1,2,50,0,0,1,0,0,Muhammed Imran,OMA
1692,Muhammet Bicer (TKY),4,3,2,1,1*,1,4,25,0,0,1,0,0,Muhammet Bicer,TKY
1693,E Munkhbat (MNG),2,2,0,1,1,0.5,8,12.5,0,0,1,0,0,E Munkhbat,MNG
1694,Murat Ipek (TKY),3,2,0,1,1,0.5,2,50,0,0,1,0,0,Murat Ipek,TKY
1695,R Murugan (CRT),3,3,1,1,1*,0.5,7,14.28,0,0,2,0,0,R Murugan,CRT
1696,Musawar Shah (QAT),6,2,2,1,1*,0,1,100,0,0,0,0,0,Musawar Shah,QAT
1697,AR Nair (BHM),3,2,0,1,1,0.5,2,50,0,0,1,0,0,AR Nair,BHM
1698,Namgay Thinley (BHU),4,4,0,1,1,0.25,8,12.5,0,0,3,0,0,Namgay Thinley,BHU
1699,E Ndzeute (MOZ),3,1,1,1,1*,0,2,50,0,0,0,0,0,E Ndzeute,MOZ
1700,VM Nyauchi (ZIM),2,1,1,1,1*,0,3,33.33,0,0,0,0,0,VM Nyauchi,ZIM
1701,Obed Yosef (VAN),8,1,1,1,1*,0,3,33.33,0,0,0,0,0,Obed Yosef,VAN
1702,MH Oman (SVN),2,1,1,1,1*,0,1,100,0,0,0,0,0,MH Oman,SVN
1703,E Otieno (KENYA),6,3,2,1,1,1,7,14.28,0,0,0,0,0,E Otieno,KENYA
1704,Ravinder Gill (ROM),2,1,1,1,1*,0,1,100,0,0,0,0,0,Ravinder Gill,ROM
1705,Riaz Afridi (CZK-R),1,1,0,1,1,1,2,50,0,0,0,0,0,Riaz Afridi,CZK-R
1706,DL Richards (STHEL),1,1,1,1,1*,0,1,100,0,0,0,0,0,DL Richards,STHEL
1707,KW Richardson (AUS),10,2,1,1,1,1,2,50,0,0,0,0,0,KW Richardson,AUS
1708,Ritik Tomar (CZK-R),2,1,0,1,1,1,5,20,0,0,0,0,0,Ritik Tomar,CZK-R
1709,Riyaz Kajalwala (CYP),2,2,1,1,1,1,9,11.11,0,0,0,0,0,Riyaz Kajalwala,CYP
1710,DE Roache (Samoa),2,1,1,1,1*,0,1,100,0,0,0,0,0,DE Roache,Samoa
1711,L Rossi (Arg),3,1,1,1,1*,0,2,50,0,0,0,0,0,L Rossi,Arg
1712,Saber Zakhil (BEL),2,1,1,1,1*,0,1,100,0,0,0,0,0,Saber Zakhil,BEL
1713,Sachin Mandy (GER),9,1,0,1,1,1,2,50,0,0,0,0,0,Sachin Mandy,GER
1714,P Sadev (ITA),3,1,0,1,1,1,4,25,0,0,0,0,0,P Sadev,ITA
1715,BC Sahin (TKY),1,1,0,1,1,1,7,14.28,0,0,0,0,0,BC Sahin,TKY
1716,Sajid Patel (LES),1,1,0,1,1,1,2,50,0,0,0,0,0,Sajid Patel,LES
1717,Sajid Safi (BEL),2,1,0,1,1,1,3,33.33,0,0,0,0,0,Sajid Safi,BEL
1718,SMLD Samarakoon (SL),1,1,0,1,1,1,3,33.33,0,0,0,0,0,SMLD Samarakoon,SL
1719,Seif Athumani (TAN),1,1,1,1,1*,0,6,16.66,0,0,0,0,0,Seif Athumani,TAN
1720,AZ Shah (Fiji),1,1,1,1,1*,0,6,16.66,0,0,0,0,0,AZ Shah,Fiji
1721,Shah Abrar Hussain (CAM),5,2,1,1,1*,1,3,33.33,0,0,1,0,0,Shah Abrar Hussain,CAM
1722,Shahid Wasif (HKG),3,2,1,1,1*,1,2,50,0,0,1,0,0,Shahid Wasif,HKG
1723,B Shikongo (NAM),23,3,1,1,1*,0.5,6,16.66,0,0,2,0,0,B Shikongo,NAM
1724,SPS Shikongo (NAM),3,1,1,1,1*,0,1,100,0,0,0,0,0,SPS Shikongo,NAM
1725,RR Simmonds (WI),4,1,0,1,1,1,2,50,0,0,0,0,0,RR Simmonds,WI
1726,C Smith (BER),10,3,2,1,1,1,5,20,0,0,0,0,0,C Smith,BER
1727,AL Stephen (VAN),10,4,0,1,1,0.25,7,14.28,0,0,3,0,0,AL Stephen,VAN
1728,C Stephenson (Blz),2,1,0,1,1,1,7,14.28,0,0,0,0,0,C Stephenson,Blz
1729,Sukhjinder Singh (CAN),6,1,1,1,1*,0,4,25,0,0,0,0,0,Sukhjinder Singh,CAN
1730,Sukhkaran Sahi (ROM),4,1,0,1,1,1,2,50,0,0,0,0,0,Sukhkaran Sahi,ROM
1731,Sultan Ahmed (UAE),2,2,0,1,1,0.5,4,25,0,0,1,0,0,Sultan Ahmed,UAE
1732,SN Swamy (SWE),2,1,1,1,1*,0,1,100,0,0,0,0,0,SN Swamy,SWE
1733,Syed Naqvi (ITA),1,1,0,1,1,1,2,50,0,0,0,0,0,Syed Naqvi,ITA
1734,Syed Rehmatullah (MAS),5,2,2,1,1*,0,3,33.33,0,0,0,0,0,Syed Rehmatullah,MAS
1735,Tarun Sharma (Mex),1,1,1,1,1*,0,1,100,0,0,0,0,0,Tarun Sharma,Mex
1736,B Terbish (MNG),2,2,1,1,1*,1,5,20,0,0,1,0,0,B Terbish,MNG
1737,J Theron (USA),5,2,2,1,1*,0,1,100,0,0,0,0,0,J Theron,USA
1738,TO Thilappan (SGP),1,1,0,1,1,1,4,25,0,0,0,0,0,TO Thilappan,SGP
1739,BM Tickner (NZ),10,1,0,1,1,1,5,20,0,0,0,0,0,BM Tickner,NZ
1740,DT Tiripano (ZIM),4,2,1,1,1*,1,3,33.33,0,0,1,0,0,DT Tiripano,ZIM
1741,Toqeer Ahmad (DEN),6,2,0,1,1,0.5,4,25,0,0,1,0,0,Toqeer Ahmad,DEN
1742,AN Toube (CAM),1,1,0,1,1,1,2,50,0,0,0,0,0,AN Toube,CAM
1743,T Turan (TKY),2,2,1,1,1*,1,6,16.66,0,0,1,0,0,T Turan,TKY
1744,I Uboh (NGA),10,2,2,1,1*,0,4,25,0,0,0,0,0,I Uboh,NGA
1745,T Ulutuna (TKY),3,1,0,1,1,1,2,50,0,0,0,0,0,T Ulutuna,TKY
1746,S Vaz (POR),2,1,1,1,1*,0,1,100,0,0,0,0,0,S Vaz,POR
1747,H Virdee (LUX),1,1,1,1,1*,0,1,100,0,0,0,0,0,H Virdee,LUX
1748,Waqas Barkat (HKG),7,1,0,1,1,1,4,25,0,0,0,0,0,Waqas Barkat,HKG
1749,B Wentzel (GUE),1,1,0,1,1,1,2,50,0,0,0,0,0,B Wentzel,GUE
1750,SV Wiig (USA),2,1,1,1,1*,0,1,100,0,0,0,0,0,SV Wiig,USA
1751,MB Williams (SLE),3,2,2,1,1*,0,3,33.33,0,0,0,0,0,MB Williams,SLE
1752,MP Yadav (IND),3,1,1,1,1*,0,1,100,0,0,0,0,0,MP Yadav,IND
1753,HN Ya France (NAM),6,2,0,1,1,0.5,4,25,0,0,1,0,0,HN Ya France,NAM
1754,ST Yalimaiwai (Fiji),3,2,1,1,1*,1,2,50,0,0,1,0,0,ST Yalimaiwai,Fiji
1755,Yasir Ali (BAN),1,1,1,1,1*,0,1,100,0,0,0,0,0,Yasir Ali,BAN
1756,Zabiullah Zahid (SWE),3,2,0,1,1,0.5,4,25,0,0,1,0,0,Zabiullah Zahid,SWE
1757,Zahoor Khan (UAE),31,2,2,1,1*,0,3,33.33,0,0,0,0,0,Zahoor Khan,UAE
1758,C Zavoiu (ROM),10,3,3,1,1*,0,4,25,0,0,0,0,0,C Zavoiu,ROM
1759,Zuber Sunasara (KSA),1,1,0,1,1,1,7,14.28,0,0,0,0,0,Zuber Sunasara,KSA
1760,RGD Mitchell (PHI),1,1,0,0,0,0,1,0,0,0,1,0,0,RGD Mitchell,PHI
1761,P Abanda (CAM),1,1,0,0,0,0,2,0,0,0,1,0,0,P Abanda,CAM
1762,Abdulla Popalzae (GRC),1,1,0,0,0,0,3,0,0,0,1,0,0,Abdulla Popalzae,GRC
1763,Ahmadi Ravat (PAN),2,1,0,0,0,0,1,0,0,0,1,0,0,Ahmadi Ravat,PAN
1764,KK Ahmed (IND),4,1,1,0,0*,0,1,0,0,0,0,0,0,KK Ahmed,IND
1765,Ahmed Baladraf (KSA),9,1,0,0,0,0,1,0,0,0,1,0,0,Ahmed Baladraf,KSA
1766,Akash Babu (QAT),2,1,0,0,0,0,1,0,0,0,1,0,0,Akash Babu,QAT
1767,Akramullah Malikzada (HUN),5,2,1,0,0*,0,2,0,0,0,1,0,0,Akramullah Malikzada,HUN
1768,Alam Nakash (SKOR),1,1,0,0,0,0,1,0,0,0,1,0,0,Alam Nakash,SKOR
1769,KO Altamirano (CRC),2,1,0,0,0,0,1,0,0,0,1,0,0,KO Altamirano,CRC
1770,Amir Khan (MAS),2,1,0,0,0,0,1,0,0,0,1,0,0,Amir Khan,MAS
1771,Ammar Zuhdi Hazalan (MAS),3,1,0,0,0,0,3,0,0,0,1,0,0,Ammar Zuhdi Hazalan,MAS
1772,DNA Ankrah (NGA),2,1,1,0,0*,0,1,0,0,0,0,0,0,DNA Ankrah,NGA
1773,Khan Arbaaz (LES),1,1,0,0,0,0,2,0,0,0,1,0,0,Khan Arbaaz,LES
1774,Arif Nasir Uddin (QAT),3,1,0,0,0,0,1,0,0,0,1,0,0,Arif Nasir Uddin,QAT
1775,Arshad Iqbal (PAK),2,1,0,0,0,0,1,0,0,0,1,0,0,Arshad Iqbal,PAK
1776,Asif Javed (BHR),4,1,0,0,0,0,2,0,0,0,1,0,0,Asif Javed,BHR
1777,SMHH Aung (MYAN),1,1,0,0,0,0,1,0,0,0,1,0,0,SMHH Aung,MYAN
1778,G Axtell (BHR),2,1,1,0,0*,0,2,0,0,0,0,0,0,G Axtell,BHR
1779,P Ayoleyine (GHA),6,2,0,0,0,0,3,0,0,0,2,0,0,P Ayoleyine,GHA
1780,Basil Hameed (UAE),1,1,0,0,0,0,2,0,0,0,1,0,0,Basil Hameed,UAE
1781,Basir Ahamad (NEP),2,1,1,0,0*,0,1,0,0,0,0,0,0,Basir Ahamad,NEP
1782,PD Blignaut (NAM),4,1,0,0,0,0,1,0,0,0,1,0,0,PD Blignaut,NAM
1783,L Bloomfield (HUN),2,1,1,0,0*,0,4,0,0,0,0,0,0,L Bloomfield,HUN
1784,C Bogdanos (GRC),1,1,1,0,0*,0,2,0,0,0,0,0,0,C Bogdanos,GRC
1785,Boio Ray (PNG),1,1,0,0,0,0,1,0,0,0,1,0,0,Boio Ray,PNG
1786,MD Byrne (INA),2,1,0,0,0,0,1,0,0,0,1,0,0,MD Byrne,INA
1787,G Cambell (Falk),1,1,0,0,0,0,3,0,0,0,1,0,0,G Cambell,Falk
1788,T Chopel (BHU),2,1,0,0,0,0,1,0,0,0,1,0,0,T Chopel,BHU
1789,F Choudary (SWE),2,1,1,0,0*,0,1,0,0,0,0,0,0,F Choudary,SWE
1790,Choudhry Md Imran (KSA),1,1,0,0,0,0,1,0,0,0,1,0,0,Choudhry Md Imran,KSA
1791,KDC Clarke (NZ),1,1,0,0,0,0,1,0,0,0,1,0,0,KDC Clarke,NZ
1792,S Clarke (IOM),1,1,0,0,0,0,3,0,0,0,1,0,0,S Clarke,IOM
1793,SL Clephane (CZK-R),1,1,1,0,0*,0,0,0,0,0,0,0,0,SL Clephane,CZK-R
1794,Dane Leo (STHEL),3,1,0,0,0,0,5,0,0,0,1,0,0,Dane Leo,STHEL
1795,J Danikula (CRT),1,1,0,0,0,0,2,0,0,0,1,0,0,J Danikula,CRT
1796,S Dhakal (NEP),5,3,3,0,0*,0,5,0,0,0,0,0,0,S Dhakal,NEP
1797,LE Dlamini (SWZ),6,2,1,0,0*,0,5,0,0,0,1,0,0,LE Dlamini,SWZ
1798,TW Dlamini (SWZ),6,1,0,0,0,0,1,0,0,0,1,0,0,TW Dlamini,SWZ
1799,K Dorji (BHU),2,2,0,0,0,0,4,0,0,0,2,0,0,K Dorji,BHU
1800,AC Douglas (BER),1,1,0,0,0,0,1,0,0,0,1,0,0,AC Douglas,BER
1801,LKW Ezechiel (CIV),3,3,1,0,0*,0,13,0,0,0,2,0,0,LKW Ezechiel,CIV
1802,A Faletar (CRT),3,2,1,0,0*,0,2,0,0,0,1,0,0,A Faletar,CRT
1803,I Ganness (),1,1,1,0,0*,0,0,0,0,0,0,0,0,I Ganness,
1804,JWW Gardner (PNG),6,2,1,0,0*,0,3,0,0,0,1,0,0,JWW Gardner,PNG
1805,R Gaznavi (SGP),2,2,2,0,0*,0,1,0,0,0,0,0,0,R Gaznavi,SGP
1806,N Gnanapragasam (SEY),1,1,0,0,0,0,3,0,0,0,1,0,0,N Gnanapragasam,SEY
1807,S Gooch (EST),1,1,0,0,0,0,2,0,0,0,1,0,0,S Gooch,EST
1808,P Gopalkrishnan (QAT),1,1,0,0,0,0,2,0,0,0,1,0,0,P Gopalkrishnan,QAT
1809,M Gouws (GIBR),6,1,0,0,0,0,1,0,0,0,1,0,0,M Gouws,GIBR
1810,SU Halarnkar (CRC),1,1,0,0,0,0,3,0,0,0,1,0,0,SU Halarnkar,CRC
1811,Hasan Cakir (TKY),2,2,1,0,0*,0,2,0,0,0,1,0,0,Hasan Cakir,TKY
1812,Hein Zin Aung (MYAN),4,2,1,0,0*,0,11,0,0,0,1,0,0,Hein Zin Aung,MYAN
1813,N Henderson (SUI),2,1,1,0,0*,0,0,0,0,0,0,0,0,N Henderson,SUI
1814,M Heingo (NAM),4,1,1,0,0*,0,2,0,0,0,0,0,0,M Heingo,NAM
1815,Het Patel (SWZ),3,1,0,0,0,0,2,0,0,0,1,0,0,Het Patel,SWZ
1816,T Hewa (CAY),3,2,1,0,0*,0,2,0,0,0,1,0,0,T Hewa,CAY
1817,M Ibrahim (CIV),2,2,1,0,0*,0,8,0,0,0,1,0,0,M Ibrahim,CIV
1818,Ibrahim Altinoluk (TKY),2,1,0,0,0,0,3,0,0,0,1,0,0,Ibrahim Altinoluk,TKY
1819,Imran Ahmed Kaneez (CRC),3,2,1,0,0*,0,5,0,0,0,1,0,0,Imran Ahmed Kaneez,CRC
1820,AE Isesele (NGA),2,1,1,0,0*,0,0,0,0,0,0,0,0,AE Isesele,NGA
1821,O Issouf (CIV),2,2,0,0,0,0,7,0,0,0,2,0,0,O Issouf,CIV
1822,Ivan Splicevic (CRT),2,2,1,0,0*,0,11,0,0,0,1,0,0,Ivan Splicevic,CRT
1823,JP Izeta (Falk),1,1,0,0,0,0,2,0,0,0,1,0,0,JP Izeta,Falk
1824,HA Jackson (Fran),2,1,1,0,0*,0,2,0,0,0,0,0,0,HA Jackson,Fran
1825,K Jaikaran (Sur),1,1,0,0,0,0,1,0,0,0,1,0,0,K Jaikaran,Sur
1826,Abduljabar Jabarkhail (BEL),4,1,0,0,0,0,1,0,0,0,1,0,0,Abduljabar Jabarkhail,BEL
1827,V Jayant (LES),3,1,0,0,0,0,2,0,0,0,1,0,0,V Jayant,LES
1828,SH Johnson (AUS),8,1,0,0,0,0,1,0,0,0,1,0,0,SH Johnson,AUS
1829,Kamrul Hasan (SWZ),1,1,0,0,0,0,6,0,0,0,1,0,0,Kamrul Hasan,SWZ
1830,Karanbir Singh (AUT),2,1,0,0,0,0,1,0,0,0,1,0,0,Karanbir Singh,AUT
1831,MJM Kavana (COK),5,1,0,0,0,0,1,0,0,0,1,0,0,MJM Kavana,COK
1832,S Kaveri (Mex),2,1,0,0,0,0,4,0,0,0,1,0,0,S Kaveri,Mex
1833,J Kila (PNG),2,1,0,0,0,0,3,0,0,0,1,0,0,J Kila,PNG
1834,H Kinga (CAM),3,2,0,0,0,0,5,0,0,0,2,0,0,H Kinga,CAM
1835,RK Kiseto (TAN),4,2,1,0,0*,0,1,0,0,0,1,0,0,RK Kiseto,TAN
1836,R Kumar (ROM),6,1,0,0,0,0,0,0,0,0,1,0,0,R Kumar,ROM
1837,E Kuyumcu (TKY),1,1,0,0,0,0,1,0,0,0,1,0,0,E Kuyumcu,TKY
1838,YC Latouche (CRC),1,1,1,0,0*,0,0,0,0,0,0,0,0,YC Latouche,CRC
1839,MA Leask (SCOT),1,1,0,0,0,0,1,0,0,0,1,0,0,MA Leask,SCOT
1840,B Leo (STHEL),3,1,0,0,0,0,1,0,0,0,1,0,0,B Leo,STHEL
1841,CA Liyanage (MDV),1,1,0,0,0,0,1,0,0,0,1,0,0,CA Liyanage,MDV
1842,HAG Madhushanka (SEY),2,1,0,0,0,0,1,0,0,0,1,0,0,HAG Madhushanka,SEY
1843,Mahmad Data (PAN),2,1,0,0,0,0,1,0,0,0,1,0,0,Mahmad Data,PAN
1844,Mahmud Jasat (PAN),1,1,0,0,0,0,1,0,0,0,1,0,0,Mahmud Jasat,PAN
1845,C Malaya (MWI),4,1,1,0,0*,0,1,0,0,0,0,0,0,C Malaya,MWI
1846,M Malle (Mali),3,3,0,0,0,0,6,0,0,0,3,0,0,M Malle,Mali
1847,Manish Sharma (CAM),3,1,1,0,0*,0,2,0,0,0,0,0,0,Manish Sharma,CAM
1848,L Maphane (BOT),1,1,0,0,0,0,1,0,0,0,1,0,0,L Maphane,BOT
1849,Z Marosy (HUN),1,1,0,0,0,0,1,0,0,0,1,0,0,Z Marosy,HUN
1850,ID Matic (CRT),2,2,0,0,0,0,8,0,0,0,2,0,0,ID Matic,CRT
1851,J Mees (LUX),1,1,0,0,0,0,1,0,0,0,1,0,0,J Mees,LUX
1852,D Mendonca (TLS),1,1,0,0,0,0,1,0,0,0,1,0,0,D Mendonca,TLS
1853,Michael Charlie (PNG),2,1,0,0,0,0,2,0,0,0,1,0,0,Michael Charlie,PNG
1854,Mohamed Fadiga (Mali),1,1,0,0,0,0,4,0,0,0,1,0,0,Mohamed Fadiga,Mali
1855,Mohamed Ishmath (MDV),8,2,0,0,0,0,3,0,0,0,2,0,0,Mohamed Ishmath,MDV
1856,Mohamed Miuvaan (MDV),3,2,0,0,0,0,2,0,0,0,2,0,0,Mohamed Miuvaan,MDV
1857,R Mondol (BAN),3,1,0,0,0,0,7,0,0,0,1,0,0,R Mondol,BAN
1858,AL Motshegetsi (BOT),2,1,1,0,0*,0,1,0,0,0,0,0,0,AL Motshegetsi,BOT
1859,T Mpatane (BOT),3,1,0,0,0,0,1,0,0,0,1,0,0,T Mpatane,BOT
1860,Muhammad Afis (INA),4,2,0,0,0,0,3,0,0,0,2,0,0,Muhammad Afis,INA
1861,Muhammad Ajmal (MLT),2,1,0,0,0,0,1,0,0,0,1,0,0,Muhammad Ajmal,MLT
1862,Muhammad Saqlain (HUN),13,2,1,0,0*,0,4,0,0,0,1,0,0,Muhammad Saqlain,HUN
1863,Muhammad Usman (EST),2,1,0,0,0,0,1,0,0,0,1,0,0,Muhammad Usman,EST
1864,Muhammed Basil (BHR),3,1,0,0,0,0,5,0,0,0,1,0,0,Muhammed Basil,BHR
1865,Muhammet Kursat (TKY),3,2,0,0,0,0,9,0,0,0,2,0,0,Muhammet Kursat,TKY
1866,IS Munir (UGA),1,1,1,0,0*,0,0,0,0,0,0,0,0,IS Munir,UGA
1867,Mustafa Balkis (TKY),1,1,0,0,0,0,3,0,0,0,1,0,0,Mustafa Balkis,TKY
1868,D Mutu (TKY),1,1,1,0,0*,0,3,0,0,0,0,0,0,D Mutu,TKY
1869,Muzammil Shahzad (PHI),1,1,0,0,0,0,4,0,0,0,1,0,0,Muzammil Shahzad,PHI
1870,B Namsrai (MNG),2,2,1,0,0*,0,7,0,0,0,1,0,0,B Namsrai,MNG
1871,Naseer Naail Ismail (MDV),1,1,0,0,0,0,2,0,0,0,1,0,0,Naseer Naail Ismail,MDV
1872,Nazir Patel (PAN),1,1,0,0,0,0,6,0,0,0,1,0,0,Nazir Patel,PAN
1873,K Nestor (GIBR),9,3,1,0,0*,0,3,0,0,0,2,0,0,K Nestor,GIBR
1874,Nurudeen Ibrahim (GHA),1,1,0,0,0,0,2,0,0,0,1,0,0,Nurudeen Ibrahim,GHA
1875,L Nyarko (GHA),5,2,0,0,0,0,5,0,0,0,2,0,0,L Nyarko,GHA
1876,W O'Rourke (NZ),7,1,0,0,0,0,0,0,0,0,1,0,0,W O'Rourke,NZ
1877,JM Obando (CRC),1,1,0,0,0,0,5,0,0,0,1,0,0,JM Obando,CRC
1878,NN Odhiambo (KENYA),3,1,0,0,0,0,0,0,0,0,1,0,0,NN Odhiambo,KENYA
1879,Omid Shafi Rahman (UAE),5,1,0,0,0,0,6,0,0,0,1,0,0,Omid Shafi Rahman,UAE
1880,CL Outerbridge (BER),4,1,0,0,0,0,3,0,0,0,1,0,0,CL Outerbridge,BER
1881,MW Parkinson (ENG),2,2,0,0,0,0,5,0,0,0,2,0,0,MW Parkinson,ENG
1882,Pel Vannak (CAM),7,2,0,0,0,0,3,0,0,0,2,0,0,Pel Vannak,CAM
1883,Phon Bunthean (CAM),15,2,2,0,0*,0,7,0,0,0,0,0,0,Phon Bunthean,CAM
1884,S Pitabeddara (SKOR),2,1,0,0,0,0,1,0,0,0,1,0,0,S Pitabeddara,SKOR
1885,D Polpitiya (SWZ),6,1,0,0,0,0,1,0,0,0,1,0,0,D Polpitiya,SWZ
1886,J Pook (Blz),2,1,0,0,0,0,1,0,0,0,1,0,0,J Pook,Blz
1887,VRCF Poubel (BRA),1,1,0,0,0,0,1,0,0,0,1,0,0,VRCF Poubel,BRA
1888,Ramiz Rao (Falk),2,2,1,0,0*,0,8,0,0,0,1,0,0,Ramiz Rao,Falk
1889,C Rathanak (CAM),4,1,0,0,0,0,1,0,0,0,1,0,0,C Rathanak,CAM
1890,PF Ravarua (COK),2,1,0,0,0,0,2,0,0,0,1,0,0,PF Ravarua,COK
1891,S Rossi (Arg),2,2,0,0,0,0,5,0,0,0,2,0,0,S Rossi,Arg
1892,Sabir Ali (UAE),3,1,1,0,0*,0,0,0,0,0,0,0,0,Sabir Ali,UAE
1893,E Samson (ISR),2,1,0,0,0,0,1,0,0,0,1,0,0,E Samson,ISR
1894,P Sapesa (MWI),3,1,0,0,0,0,1,0,0,0,1,0,0,P Sapesa,MWI
1895,Shafiq Jan (OMA),2,1,0,0,0,0,1,0,0,0,1,0,0,Shafiq Jan,OMA
1896,Shahab Alam (NEP),4,2,2,0,0*,0,2,0,0,0,0,0,0,Shahab Alam,NEP
1897,Shahidullah (AFG),1,1,0,0,0,0,1,0,0,0,1,0,0,Shahidullah,AFG
1898,S Shanmugam (CRC),3,2,0,0,0,0,3,0,0,0,2,0,0,S Shanmugam,CRC
1899,PK Shoufeer (CAM),5,1,1,0,0*,0,0,0,0,0,0,0,0,PK Shoufeer,CAM
1900,BA Simango (MOZ),2,2,0,0,0,0,4,0,0,0,2,0,0,BA Simango,MOZ
1901,RK Singh (IND),1,1,0,0,0,0,2,0,0,0,1,0,0,RK Singh,IND
1902,OP Stone (ENG),1,1,0,0,0,0,1,0,0,0,1,0,0,OP Stone,ENG
1903,P Sua (Samoa),2,1,0,0,0,0,2,0,0,0,1,0,0,P Sua,Samoa
1904,Tasaduq Hussain (SWE),2,1,0,0,0,0,2,0,0,0,1,0,0,Tasaduq Hussain,SWE
1905,Te Senglong (CAM),3,1,0,0,0,0,1,0,0,0,1,0,0,Te Senglong,CAM
1906,F Thorpe (GMB),2,2,1,0,0*,0,1,0,0,0,1,0,0,F Thorpe,GMB
1907,C Tommy (VAN),2,1,0,0,0,0,2,0,0,0,1,0,0,C Tommy,VAN
1908,Ugyen Dorji (BHU),3,1,0,0,0,0,5,0,0,0,1,0,0,Ugyen Dorji,BHU
1909,Sana Ullah (SKOR),4,2,1,0,0*,0,2,0,0,0,1,0,0,Sana Ullah,SKOR
1910,Usman Khan (PAK),2,1,0,0,0,0,1,0,0,0,1,0,0,Usman Khan,PAK
1911,Usman Tariq (PAK),8,1,0,0,0,0,3,0,0,0,1,0,0,Usman Tariq,PAK
1912,Uzair Amir (QAT),1,1,0,0,0,0,1,0,0,0,1,0,0,Uzair Amir,QAT
1913,D Wabwire (UGA),6,2,1,0,0*,0,2,0,0,0,1,0,0,D Wabwire,UGA
1914,Waleed Waqar (BUL),2,1,1,0,0*,0,0,0,0,0,0,0,0,Waleed Waqar,BUL
1915,Wang Qi (CHN),1,1,0,0,0,0,2,0,0,0,1,0,0,Wang Qi,CHN
1916,DKD Warnakulasuriya (ITA),6,1,0,0,0,0,7,0,0,0,1,0,0,DKD Warnakulasuriya,ITA
1917,P Yevugah (GHA),2,1,0,0,0,0,1,0,0,0,1,0,0,P Yevugah,GHA
1918,Zafer Durmaz (TKY),2,2,0,0,0,0,6,0,0,0,2,0,0,Zafer Durmaz,TKY
1919,Zahir Khan (AFG),4,1,0,0,0,0,2,0,0,0,1,0,0,Zahir Khan,AFG
1920,Zain Ali (ITA),2,1,0,0,0,0,1,0,0,0,1,0,0,Zain Ali,ITA
1921,Ziaurahman Shinwari (AUT),9,1,0,0,0,0,1,0,0,0,1,0,0,Ziaurahman Shinwari,AUT
1922,Ziaur Rehman (FIN),1,1,1,0,0*,0,0,0,0,0,0,0,0,Ziaur Rehman,FIN
1923,N Zimonjic (SRB),6,1,0,0,0,0,1,0,0,0,1,0,0,N Zimonjic,SRB
1924,Abdullahi Ismail (NGA),4,0,0,0,0,0,0,0,0,0,0,0,0,Abdullahi Ismail,NGA
1925,Abdullah Rana (SUI),2,0,0,0,0,0,0,0,0,0,0,0,0,Abdullah Rana,SUI
1926,Abdulmalik Jabarkhel (Fran),2,0,0,0,0,0,0,0,0,0,0,0,0,Abdulmalik Jabarkhel,Fran
1927,Abdul Bashir (GER),4,0,0,0,0,0,0,0,0,0,0,0,0,Abdul Bashir,GER
1928,Abdul Majid Malik (BHR),3,0,0,0,0,0,0,0,0,0,0,0,0,Abdul Majid Malik,BHR
1929,Abdul Makda (PAN),1,0,0,0,0,0,0,0,0,0,0,0,0,Abdul Makda,PAN
1930,Abdul Waheed (KSA),1,0,0,0,0,0,0,0,0,0,0,0,0,Abdul Waheed,KSA
1931,KD Abeyrathna (NOR),1,0,0,0,0,0,0,0,0,0,0,0,0,KD Abeyrathna,NOR
1932,P Abhijit (SEY),1,0,0,0,0,0,0,0,0,0,0,0,0,P Abhijit,SEY
1933,Abhishek Ahuja (HUN),1,0,0,0,0,0,0,0,0,0,0,0,0,Abhishek Ahuja,HUN
1934,YK Abovat (PAN),1,0,0,0,0,0,0,0,0,0,0,0,0,YK Abovat,PAN
1935,Abrar Bilal (AUT),1,0,0,0,0,0,0,0,0,0,0,0,0,Abrar Bilal,AUT
1936,Adam Khalaf (MDV),1,0,0,0,0,0,0,0,0,0,0,0,0,Adam Khalaf,MDV
1937,S Adedeji (NGA),1,0,0,0,0,0,0,0,0,0,0,0,0,S Adedeji,NGA
1938,Adeel Tariq (AUT),2,0,0,0,0,0,0,0,0,0,0,0,0,Adeel Tariq,AUT
1939,Aditya Panwar (EST),1,0,0,0,0,0,0,0,0,0,0,0,0,Aditya Panwar,EST
1940,Adnan Gondal (POR),2,0,0,0,0,0,0,0,0,0,0,0,0,Adnan Gondal,POR
1941,Adnan Tahir (ESP),1,0,0,0,0,0,0,0,0,0,0,0,0,Adnan Tahir,ESP
1942,Afif Khattak (SUI),1,0,0,0,0,0,0,0,0,0,0,0,0,Afif Khattak,SUI
1943,Aftab Kayani (ROM),1,0,0,0,0,0,0,0,0,0,0,0,0,Aftab Kayani,ROM
1944,SA Ahmad (DEN),1,0,0,0,0,0,0,0,0,0,0,0,0,SA Ahmad,DEN
1945,A Ahmadhel (BUL),1,0,0,0,0,0,0,0,0,0,0,0,0,A Ahmadhel,BUL
1946,Ahmed Faiz (MAS),7,0,0,0,0,0,0,0,0,0,0,0,0,Ahmed Faiz,MAS
1947,Ahmed Hassan (SUI),1,0,0,0,0,0,0,0,0,0,0,0,0,Ahmed Hassan,SUI
1948,Ahmer Bin (BHR),6,0,0,0,0,0,0,0,0,0,0,0,0,Ahmer Bin,BHR
1949,D Ajekun (NGA),1,0,0,0,0,0,0,0,0,0,0,0,0,D Ajekun,NGA
1950,B Akhilesh Reddy (USA),3,0,0,0,0,0,0,0,0,0,0,0,0,B Akhilesh Reddy,USA
1951,Akhil Anil (TAN),1,0,0,0,0,0,0,0,0,0,0,0,0,Akhil Anil,TAN
1952,JDP Albertze (BER),4,0,0,0,0,0,0,0,0,0,0,0,0,JDP Albertze,BER
1953,J Alegra (PHI),1,0,0,0,0,0,0,0,0,0,0,0,0,J Alegra,PHI
1954,Ali Naseer (UAE),7,0,0,0,0,0,0,0,0,0,0,0,0,Ali Naseer,UAE
1955,Ali Saleem (NOR),1,0,0,0,0,0,0,0,0,0,0,0,0,Ali Saleem,NOR
1956,Ali Sheikh (USA),1,0,0,0,0,0,0,0,0,0,0,0,0,Ali Sheikh,USA
1957,Aman Desai (SGP),1,0,0,0,0,0,0,0,0,0,0,0,0,Aman Desai,SGP
1958,MHSMS Amaradasa (MDV),1,0,0,0,0,0,0,0,0,0,0,0,0,MHSMS Amaradasa,MDV
1959,Ameer Hamzah (ESP),4,0,0,0,0,0,0,0,0,0,0,0,0,Ameer Hamzah,ESP
1960,Ammar Khalid (CAN),7,0,0,0,0,0,0,0,0,0,0,0,0,Ammar Khalid,CAN
1961,PK Ananya (GHA),1,0,0,0,0,0,0,0,0,0,0,0,0,PK Ananya,GHA
1962,B Angeltti (Arg),1,0,0,0,0,0,0,0,0,0,0,0,0,B Angeltti,Arg
1963,Ansar Iqbal (NOR),1,0,0,0,0,0,0,0,0,0,0,0,0,Ansar Iqbal,NOR
1964,Aqeel Wahid (MAS),4,0,0,0,0,0,0,0,0,0,0,0,0,Aqeel Wahid,MAS
1965,V Aravind (UAE),1,0,0,0,0,0,0,0,0,0,0,0,0,V Aravind,UAE
1966,Arsalan Arif (AUT),6,0,0,0,0,0,0,0,0,0,0,0,0,Arsalan Arif,AUT
1967,Arslan Amjad (EST),1,0,0,0,0,0,0,0,0,0,0,0,0,Arslan Amjad,EST
1968,Ashish Rana (EST),1,0,0,0,0,0,0,0,0,0,0,0,0,Ashish Rana,EST
1969,A Ashok (NZ),1,0,0,0,0,0,0,0,0,0,0,0,0,A Ashok,NZ
1970,Imran Asif (AUT),1,0,0,0,0,0,0,0,0,0,0,0,0,Imran Asif,AUT
1971,Asif Bevinje (ROM),1,0,0,0,0,0,0,0,0,0,0,0,0,Asif Bevinje,ROM
1972,Assad Mehmood (POR),2,0,0,0,0,0,0,0,0,0,0,0,0,Assad Mehmood,POR
1973,V Ateak (GHA),2,0,0,0,0,0,0,0,0,0,0,0,0,V Ateak,GHA
1974,JJ Atkinson (HKG),1,0,0,0,0,0,0,0,0,0,0,0,0,JJ Atkinson,HKG
1975,KM Awala (GHA),1,0,0,0,0,0,0,0,0,0,0,0,0,KM Awala,GHA
1976,Ayaan Khan (OMA),2,0,0,0,0,0,0,0,0,0,0,0,0,Ayaan Khan,OMA
1977,Azeem Nazir (SUI),2,0,0,0,0,0,0,0,0,0,0,0,0,Azeem Nazir,SUI
1978,EI Azine (MOZ),1,0,0,0,0,0,0,0,0,0,0,0,0,EI Azine,MOZ
1979,Azri Azhar (MAS),4,0,0,0,0,0,0,0,0,0,0,0,0,Azri Azhar,MAS
1980,Babar Hayat (HKG),2,0,0,0,0,0,0,0,0,0,0,0,0,Babar Hayat,HKG
1981,MM Baig (QAT),1,0,0,0,0,0,0,0,0,0,0,0,0,MM Baig,QAT
1982,S Baker (ENG),1,0,0,0,0,0,0,0,0,0,0,0,0,S Baker,ENG
1983,Bakhtiar Tahiri (BUL),3,0,0,0,0,0,0,0,0,0,0,0,0,Bakhtiar Tahiri,BUL
1984,V Balakrishnan (BOT),2,0,0,0,0,0,0,0,0,0,0,0,0,V Balakrishnan,BOT
1985,W Barresi (NED),1,0,0,0,0,0,0,0,0,0,0,0,0,W Barresi,NED
1986,Bashar Khan (ITA),5,0,0,0,0,0,0,0,0,0,0,0,0,Bashar Khan,ITA
1987,Basiru Jaye (GMB),1,0,0,0,0,0,0,0,0,0,0,0,0,Basiru Jaye,GMB
1988,M Beardman (AUS),1,0,0,0,0,0,0,0,0,0,0,0,0,M Beardman,AUS
1989,HS Bedi (SRB),1,0,0,0,0,0,0,0,0,0,0,0,0,HS Bedi,SRB
1990,Benjamin Embleton (LUX),2,0,0,0,0,0,0,0,0,0,0,0,0,Benjamin Embleton,LUX
1991,Benson Chama (Zamb),1,0,0,0,0,0,0,0,0,0,0,0,0,Benson Chama,Zamb
1992,A Beresford-Peirse (CRT),2,0,0,0,0,0,0,0,0,0,0,0,0,A Beresford-Peirse,CRT
1993,SR Bhudia (KENYA),3,0,0,0,0,0,0,0,0,0,0,0,0,SR Bhudia,KENYA
1994,S Biko (KENYA),2,0,0,0,0,0,0,0,0,0,0,0,0,S Biko,KENYA
1995,Bilal Sami (AFG),1,0,0,0,0,0,0,0,0,0,0,0,0,Bilal Sami,AFG
1996,Bilal Zalmai (AUT),1,0,0,0,0,0,0,0,0,0,0,0,0,Bilal Zalmai,AUT
1997,C Birch (GUE),2,0,0,0,0,0,0,0,0,0,0,0,0,C Birch,GUE
1998,AR Bisht (OMA),2,0,0,0,0,0,0,0,0,0,0,0,0,AR Bisht,OMA
1999,WK Bitis (CRT),1,0,0,0,0,0,0,0,0,0,0,0,0,WK Bitis,CRT
2000,DA Blignaut (GER),2,0,0,0,0,0,0,0,0,0,0,0,0,DA Blignaut,GER
2001,DM Bravo (WI),1,0,0,0,0,0,0,0,0,0,0,0,0,DM Bravo,WI
2002,T Britton (JER),1,0,0,0,0,0,0,0,0,0,0,0,0,T Britton,JER
2003,L Bruce (GIBR),1,0,0,0,0,0,0,0,0,0,0,0,0,L Bruce,GIBR
2004,A Bushell (GUE),1,0,0,0,0,0,0,0,0,0,0,0,0,A Bushell,GUE
2005,JP Cabrera (Arg),2,0,0,0,0,0,0,0,0,0,0,0,0,JP Cabrera,Arg
2006,KU Carty (WI),1,0,0,0,0,0,0,0,0,0,0,0,0,KU Carty,WI
2007,CPPM Sadun (CYP),1,0,0,0,0,0,0,0,0,0,0,0,0,CPPM Sadun,CYP
2008,Chaudhary Akram (NOR),2,0,0,0,0,0,0,0,0,0,0,0,0,Chaudhary Akram,NOR
2009,N Chejay (BHU),2,0,0,0,0,0,0,0,0,0,0,0,0,N Chejay,BHU
2010,TL Chivanga (ZIM),3,0,0,0,0,0,0,0,0,0,0,0,0,TL Chivanga,ZIM
2011,R Chopra (UAE),1,0,0,0,0,0,0,0,0,0,0,0,0,R Chopra,UAE
2012,C Cirino (BRA),1,0,0,0,0,0,0,0,0,0,0,0,0,C Cirino,BRA
2013,O Clapham (GUE),1,0,0,0,0,0,0,0,0,0,0,0,0,O Clapham,GUE
2014,M Coetzee (HKG),1,0,0,0,0,0,0,0,0,0,0,0,0,M Coetzee,HKG
2015,DP Conway (NZ),1,0,0,0,0,0,0,0,0,0,0,0,0,DP Conway,NZ
2016,SS Cottrell (WI),11,0,0,0,0,0,0,0,0,0,0,0,0,SS Cottrell,WI
2017,E Cruz (CRC),1,0,0,0,0,0,0,0,0,0,0,0,0,E Cruz,CRC
2018,G Cupido (SUI),1,0,0,0,0,0,0,0,0,0,0,0,0,G Cupido,SUI
2019,SM Curran (ENG),6,0,0,0,0,0,0,0,0,0,0,0,0,SM Curran,ENG
2020,EC D'Souza (UAE),1,0,0,0,0,0,0,0,0,0,0,0,0,EC D'Souza,UAE
2021,P Dakainivanua (Fiji),1,0,0,0,0,0,0,0,0,0,0,0,0,P Dakainivanua,Fiji
2022,IDA Damarell (GUE),2,0,0,0,0,0,0,0,0,0,0,0,0,IDA Damarell,GUE
2023,F Damiao Couana (MOZ),1,0,0,0,0,0,0,0,0,0,0,0,0,F Damiao Couana,MOZ
2024,I Danladi (NGA),2,0,0,0,0,0,0,0,0,0,0,0,0,I Danladi,NGA
2025,Darwish Rasooli (AFG),1,0,0,0,0,0,0,0,0,0,0,0,0,Darwish Rasooli,AFG
2026,A Davidson Soler (ESP),2,0,0,0,0,0,0,0,0,0,0,0,0,A Davidson Soler,ESP
2027,S Davizi (CZK-R),1,0,0,0,0,0,0,0,0,0,0,0,0,S Davizi,CZK-R
2028,Delroy Leo (STHEL),1,0,0,0,0,0,0,0,0,0,0,0,0,Delroy Leo,STHEL
2029,A Denuwan (ITA),3,0,0,0,0,0,0,0,0,0,0,0,0,A Denuwan,ITA
2030,A Desai (USA),4,0,0,0,0,0,0,0,0,0,0,0,0,A Desai,USA
2031,TU Deshpande (IND),2,0,0,0,0,0,0,0,0,0,0,0,0,TU Deshpande,IND
2032,SM Dhakal (NEP),2,0,0,0,0,0,0,0,0,0,0,0,0,SM Dhakal,NEP
2033,P Dhanuka (SGP),1,0,0,0,0,0,0,0,0,0,0,0,0,P Dhanuka,SGP
2034,C Dickson (COK),2,0,0,0,0,0,0,0,0,0,0,0,0,C Dickson,COK
2035,SDJJ Dima (MOZ),3,0,0,0,0,0,0,0,0,0,0,0,0,SDJJ Dima,MOZ
2036,Divyes Kumar (MLT),1,0,0,0,0,0,0,0,0,0,0,0,0,Divyes Kumar,MLT
2037,BM Dlamini (SWZ),1,0,0,0,0,0,0,0,0,0,0,0,0,BM Dlamini,SWZ
2038,AD Dore (BER),1,0,0,0,0,0,0,0,0,0,0,0,0,AD Dore,BER
2039,CP Dowle (HUN),1,0,0,0,0,0,0,0,0,0,0,0,0,CP Dowle,HUN
2040,TA Dudnath (Sur),1,0,0,0,0,0,0,0,0,0,0,0,0,TA Dudnath,Sur
2041,ROC Dunka (CAY),3,0,0,0,0,0,0,0,0,0,0,0,0,ROC Dunka,CAY
2042,Ebadot Hossain (BAN),4,0,0,0,0,0,0,0,0,0,0,0,0,Ebadot Hossain,BAN
2043,D Eckstein (AUT),1,0,0,0,0,0,0,0,0,0,0,0,0,D Eckstein,AUT
2044,JKP Ellick (STHEL),1,0,0,0,0,0,0,0,0,0,0,0,0,JKP Ellick,STHEL
2045,L Emilio (MOZ),3,0,0,0,0,0,0,0,0,0,0,0,0,L Emilio,MOZ
2046,SA Engelbrecht (NED),1,0,0,0,0,0,0,0,0,0,0,0,0,SA Engelbrecht,NED
2047,R Escobar (Arg),1,0,0,0,0,0,0,0,0,0,0,0,0,R Escobar,Arg
2048,Faisal Raza (NOR),1,0,0,0,0,0,0,0,0,0,0,0,0,Faisal Raza,NOR
2049,Fareed Shius (MDV),1,0,0,0,0,0,0,0,0,0,0,0,0,Fareed Shius,MDV
2050,Fayaz Mohammad (BUL),1,0,0,0,0,0,0,0,0,0,0,0,0,Fayaz Mohammad,BUL
2051,P Fernando (ITA),1,0,0,0,0,0,0,0,0,0,0,0,0,P Fernando,ITA
2052,BE Fletcher (NED),2,0,0,0,0,0,0,0,0,0,0,0,0,BE Fletcher,NED
2053,C Forbes (SWZ),1,0,0,0,0,0,0,0,0,0,0,0,0,C Forbes,SWZ
2054,S Foster (CAY),1,0,0,0,0,0,0,0,0,0,0,0,0,S Foster,CAY
2055,S Fouche (NAM),1,0,0,0,0,0,0,0,0,0,0,0,0,S Fouche,NAM
2056,S Fowler (BHM),1,0,0,0,0,0,0,0,0,0,0,0,0,S Fowler,BHM
2057,RE Francis (TAN),2,0,0,0,0,0,0,0,0,0,0,0,0,RE Francis,TAN
2058,TS Fray (BER),1,0,0,0,0,0,0,0,0,0,0,0,0,TS Fray,BER
2059,JD Freyone (GIBR),1,0,0,0,0,0,0,0,0,0,0,0,0,JD Freyone,GIBR
2060,D Gaikwad (HUN),1,0,0,0,0,0,0,0,0,0,0,0,0,D Gaikwad,HUN
2061,AD Galiem (SA),1,0,0,0,0,0,0,0,0,0,0,0,0,AD Galiem,SA
2062,L Gherasim (ROM),5,0,0,0,0,0,0,0,0,0,0,0,0,L Gherasim,ROM
2063,Ghayour Ahmad (KSA),2,0,0,0,0,0,0,0,0,0,0,0,0,Ghayour Ahmad,KSA
2064,P Ghosh (MLT),1,0,0,0,0,0,0,0,0,0,0,0,0,P Ghosh,MLT
2065,J Giyanani (UAE),1,0,0,0,0,0,0,0,0,0,0,0,0,J Giyanani,UAE
2066,MK Gnanasekaram (SUI),6,0,0,0,0,0,0,0,0,0,0,0,0,MK Gnanasekaram,SUI
2067,GF Gomes (MOZ),4,0,0,0,0,0,0,0,0,0,0,0,0,GF Gomes,MOZ
2068,Gulbadin Naib (AFG),1,0,0,0,0,0,0,0,0,0,0,0,0,Gulbadin Naib,AFG
2069,D Gumyusenge (RWN),1,0,0,0,0,0,0,0,0,0,0,0,0,D Gumyusenge,RWN
2070,C Gwilliam-Lopez (ESP),1,0,0,0,0,0,0,0,0,0,0,0,0,C Gwilliam-Lopez,ESP
2071,Haider Butt (BHR),1,0,0,0,0,0,0,0,0,0,0,0,0,Haider Butt,BHR
2072,Hamza Dar (ESP),1,0,0,0,0,0,0,0,0,0,0,0,0,Hamza Dar,ESP
2073,Hamza Tariq (CAN),1,0,0,0,0,0,0,0,0,0,0,0,0,Hamza Tariq,CAN
2074,LHB Harrington-Myers (CAY),1,0,0,0,0,0,0,0,0,0,0,0,0,LHB Harrington-Myers,CAY
2075,Hasan Murad (BAN),2,0,0,0,0,0,0,0,0,0,0,0,0,Hasan Murad,BAN
2076,Hassan Rasheed (MDV),1,0,0,0,0,0,0,0,0,0,0,0,0,Hassan Rasheed,MDV
2077,R Hekure (PNG),1,0,0,0,0,0,0,0,0,0,0,0,0,R Hekure,PNG
2078,H Hiri (PNG),2,0,0,0,0,0,0,0,0,0,0,0,0,H Hiri,PNG
2079,S Hirugade (Mex),1,0,0,0,0,0,0,0,0,0,0,0,0,S Hirugade,Mex
2080,V Hristov (BUL),1,0,0,0,0,0,0,0,0,0,0,0,0,V Hristov,BUL
2081,Htun Myat Hei (MYAN),2,0,0,0,0,0,0,0,0,0,0,0,0,Htun Myat Hei,MYAN
2082,S Hunter (),1,0,0,0,0,0,0,0,0,0,0,0,0,S Hunter,
2083,JD Inglis (Chile),1,0,0,0,0,0,0,0,0,0,0,0,0,JD Inglis,Chile
2084,JP Inglis (AUS),1,0,0,0,0,0,0,0,0,0,0,0,0,JP Inglis,AUS
2085,Irshad Mubbashar (KSA),1,0,0,0,0,0,0,0,0,0,0,0,0,Irshad Mubbashar,KSA
2086,H Isorena (PHI),1,0,0,0,0,0,0,0,0,0,0,0,0,H Isorena,PHI
2087,Izhar Hussain (SUI),1,0,0,0,0,0,0,0,0,0,0,0,0,Izhar Hussain,SUI
2088,AJ Jabiri (TAN),1,0,0,0,0,0,0,0,0,0,0,0,0,AJ Jabiri,TAN
2089,Jai Sinh (SUI),2,0,0,0,0,0,0,0,0,0,0,0,0,Jai Sinh,SUI
2090,Jai Tiwari (SUI),2,0,0,0,0,0,0,0,0,0,0,0,0,Jai Tiwari,SUI
2091,Y Jalloh (SLE),1,0,0,0,0,0,0,0,0,0,0,0,0,Y Jalloh,SLE
2092,D Jansen (IOM),2,0,0,0,0,0,0,0,0,0,0,0,0,D Jansen,IOM
2093,Jassim Khan (QAT),1,0,0,0,0,0,0,0,0,0,0,0,0,Jassim Khan,QAT
2094,Javed Maroofkhail (NOR),1,0,0,0,0,0,0,0,0,0,0,0,0,Javed Maroofkhail,NOR
2095,P Jayawickrama (SL),4,0,0,0,0,0,0,0,0,0,0,0,0,P Jayawickrama,SL
2096,B Jaye (GMB),1,0,0,0,0,0,0,0,0,0,0,0,0,B Jaye,GMB
2097,S Jegannathan (INA),2,0,0,0,0,0,0,0,0,0,0,0,0,S Jegannathan,INA
2098,Jitin Singh (TAN),3,0,0,0,0,0,0,0,0,0,0,0,0,Jitin Singh,TAN
2099,BE Johnson (GUE),1,0,0,0,0,0,0,0,0,0,0,0,0,BE Johnson,GUE
2100,Jordan O'Brien (FIN),1,0,0,0,0,0,0,0,0,0,0,0,0,Jordan O'Brien,FIN
2101,Jubaid Ahamed (Fran),1,0,0,0,0,0,0,0,0,0,0,0,0,Jubaid Ahamed,Fran
2102,M Jukic (CRT),2,0,0,0,0,0,0,0,0,0,0,0,0,M Jukic,CRT
2103,L Kamarlekar (ISR),1,0,0,0,0,0,0,0,0,0,0,0,0,L Kamarlekar,ISR
2104,Kamran Khan (QAT),1,0,0,0,0,0,0,0,0,0,0,0,0,Kamran Khan,QAT
2105,A Kansonkho (MWI),1,0,0,0,0,0,0,0,0,0,0,0,0,A Kansonkho,MWI
2106,G Kansonkho (MWI),2,0,0,0,0,0,0,0,0,0,0,0,0,G Kansonkho,MWI
2107,A Kapoor (CAN),1,0,0,0,0,0,0,0,0,0,0,0,0,A Kapoor,CAN
2108,IA Karim (KENYA),3,0,0,0,0,0,0,0,0,0,0,0,0,IA Karim,KENYA
2109,Karim Janat (AFG),2,0,0,0,0,0,0,0,0,0,0,0,0,Karim Janat,AFG
2110,SVA Karthikeyan (ROM),2,0,0,0,0,0,0,0,0,0,0,0,0,SVA Karthikeyan,ROM
2111,Karthik Jayaraj (CAY),1,0,0,0,0,0,0,0,0,0,0,0,0,Karthik Jayaraj,CAY
2112,Karthik Pillai (BUL),2,0,0,0,0,0,0,0,0,0,0,0,0,Karthik Pillai,BUL
2113,Kazim Somani (MWI),2,0,0,0,0,0,0,0,0,0,0,0,0,Kazim Somani,MWI
2114,A Khan (DEN),1,0,0,0,0,0,0,0,0,0,0,0,0,A Khan,DEN
2115,S Kharvi (INA),3,0,0,0,0,0,0,0,0,0,0,0,0,S Kharvi,INA
2116,Khawar Ali (OMA),1,0,0,0,0,0,0,0,0,0,0,0,0,Khawar Ali,OMA
2117,H Khuttan (POR),1,0,0,0,0,0,0,0,0,0,0,0,0,H Khuttan,POR
2118,MO Kitunda (TAN),6,0,0,0,0,0,0,0,0,0,0,0,0,MO Kitunda,TAN
2119,I Komba (SLE),1,0,0,0,0,0,0,0,0,0,0,0,0,I Komba,SLE
2120,ML Kostic (SRB),3,0,0,0,0,0,0,0,0,0,0,0,0,ML Kostic,SRB
2121,JP Kotze (NAM),1,0,0,0,0,0,0,0,0,0,0,0,0,JP Kotze,NAM
2122,K Krishnakumar (BUL),1,0,0,0,0,0,0,0,0,0,0,0,0,K Krishnakumar,BUL
2123,Kushal Malla (NEP),1,0,0,0,0,0,0,0,0,0,0,0,0,Kushal Malla,NEP
2124,SK Lahiri (Mex),1,0,0,0,0,0,0,0,0,0,0,0,0,SK Lahiri,Mex
2125,D Lambasa (CRT),1,0,0,0,0,0,0,0,0,0,0,0,0,D Lambasa,CRT
2126,JAD Lawrenson (JER),3,0,0,0,0,0,0,0,0,0,0,0,0,JAD Lawrenson,JER
2127,SE Leluma (LES),1,0,0,0,0,0,0,0,0,0,0,0,0,SE Leluma,LES
2128,B Schuster (Samoa),2,0,0,0,0,0,0,0,0,0,0,0,0,B Schuster,Samoa
2129,A Limdawala (MWI),7,0,0,0,0,0,0,0,0,0,0,0,0,A Limdawala,MWI
2130,GF Linde (SA),1,0,0,0,0,0,0,0,0,0,0,0,0,GF Linde,SA
2131,I Liyanage (QAT),1,0,0,0,0,0,0,0,0,0,0,0,0,I Liyanage,QAT
2132,Lovedeep Singh (CYP),5,0,0,0,0,0,0,0,0,0,0,0,0,Lovedeep Singh,CYP
2133,Luqman Butt (CAM),1,0,0,0,0,0,0,0,0,0,0,0,0,Luqman Butt,CAM
2134,R Lutaaya (UGA),1,0,0,0,0,0,0,0,0,0,0,0,0,R Lutaaya,UGA
2135,JMJ Lynn (INA),1,0,0,0,0,0,0,0,0,0,0,0,0,JMJ Lynn,INA
2136,Maaz Patel (SWZ),1,0,0,0,0,0,0,0,0,0,0,0,0,Maaz Patel,SWZ
2137,Mabsar Abdulla (MDV),1,0,0,0,0,0,0,0,0,0,0,0,0,Mabsar Abdulla,MDV
2138,P Madhukar (MAS),1,0,0,0,0,0,0,0,0,0,0,0,0,P Madhukar,MAS
2139,WL Madsen (ITA),1,0,0,0,0,0,0,0,0,0,0,0,0,WL Madsen,ITA
2140,P Magafas (GRC),1,0,0,0,0,0,0,0,0,0,0,0,0,P Magafas,GRC
2141,ML Maiava (Samoa),2,0,0,0,0,0,0,0,0,0,0,0,0,ML Maiava,Samoa
2142,MS Maker (TAN),1,0,0,0,0,0,0,0,0,0,0,0,0,MS Maker,TAN
2143,G Malla (NEP),2,0,0,0,0,0,0,0,0,0,0,0,0,G Malla,NEP
2144,S Malla (NEP),1,0,0,0,0,0,0,0,0,0,0,0,0,S Malla,NEP
2145,SKR Mallidi (SWE),1,0,0,0,0,0,0,0,0,0,0,0,0,SKR Mallidi,SWE
2146,V Manakitoga (Fiji),2,0,0,0,0,0,0,0,0,0,0,0,0,V Manakitoga,Fiji
2147,Manan Ali (KSA),2,0,0,0,0,0,0,0,0,0,0,0,0,Manan Ali,KSA
2148,Mandeep Singh (NOR),1,0,0,0,0,0,0,0,0,0,0,0,0,Mandeep Singh,NOR
2149,HJ Manenti (ITA),2,0,0,0,0,0,0,0,0,0,0,0,0,HJ Manenti,ITA
2150,Maqsood Ahmad (BEL),1,0,0,0,0,0,0,0,0,0,0,0,0,Maqsood Ahmad,BEL
2151,D Marsic (CRT),1,0,0,0,0,0,0,0,0,0,0,0,0,D Marsic,CRT
2152,J Martins (POR),1,0,0,0,0,0,0,0,0,0,0,0,0,J Martins,POR
2153,JK Masara (ZIM),1,0,0,0,0,0,0,0,0,0,0,0,0,JK Masara,ZIM
2154,J Matharu (CAN),1,0,0,0,0,0,0,0,0,0,0,0,0,J Matharu,CAN
2155,NP Mayavo (ZIM),1,0,0,0,0,0,0,0,0,0,0,0,0,NP Mayavo,ZIM
2156,R Mbaiwa (BOT),1,0,0,0,0,0,0,0,0,0,0,0,0,R Mbaiwa,BOT
2157,V Mbazo (BOT),2,0,0,0,0,0,0,0,0,0,0,0,0,V Mbazo,BOT
2158,MD Shoyaib (EST),1,0,0,0,0,0,0,0,0,0,0,0,0,MD Shoyaib,EST
2159,PHKD Mendis (SL),1,0,0,0,0,0,0,0,0,0,0,0,0,PHKD Mendis,SL
2160,A Mene-Ejegi (SRB),1,0,0,0,0,0,0,0,0,0,0,0,0,A Mene-Ejegi,SRB
2161,RP Meredith (AUS),1,0,0,0,0,0,0,0,0,0,0,0,0,RP Meredith,AUS
2162,J Meza (CRC),1,0,0,0,0,0,0,0,0,0,0,0,0,J Meza,CRC
2163,J Mikulic (SVN),1,0,0,0,0,0,0,0,0,0,0,0,0,J Mikulic,SVN
2164,Mirza Ahsan (AUT),1,0,0,0,0,0,0,0,0,0,0,0,0,Mirza Ahsan,AUT
2165,Mohamed Arief (MAS),3,0,0,0,0,0,0,0,0,0,0,0,0,Mohamed Arief,MAS
2166,Mohamed Shiyam (MDV),1,0,0,0,0,0,0,0,0,0,0,0,0,Mohamed Shiyam,MDV
2167,Mohammad Bhaidu (Zamb),1,0,0,0,0,0,0,0,0,0,0,0,0,Mohammad Bhaidu,Zamb
2168,Mohammad Nabi (AFG),2,0,0,0,0,0,0,0,0,0,0,0,0,Mohammad Nabi,AFG
2169,Mohammad Saleem (AFG),1,0,0,0,0,0,0,0,0,0,0,0,0,Mohammad Saleem,AFG
2170,S Movva (CAN),1,0,0,0,0,0,0,0,0,0,0,0,0,S Movva,CAN
2171,K Mtunduwatha (MWI),1,0,0,0,0,0,0,0,0,0,0,0,0,K Mtunduwatha,MWI
2172,Muaviath Ganee (MDV),1,0,0,0,0,0,0,0,0,0,0,0,0,Muaviath Ganee,MDV
2173,Mubeen Tariq (POR),1,0,0,0,0,0,0,0,0,0,0,0,0,Mubeen Tariq,POR
2174,Muhammad Imran (FIN),1,0,0,0,0,0,0,0,0,0,0,0,0,Muhammad Imran,FIN
2175,Muhammad Naeem (CAM),1,0,0,0,0,0,0,0,0,0,0,0,0,Muhammad Naeem,CAM
2176,Muhammad Saqib (KSA),5,0,0,0,0,0,0,0,0,0,0,0,0,Muhammad Saqib,KSA
2177,Muhammad Tanveer (QAT),1,0,0,0,0,0,0,0,0,0,0,0,0,Muhammad Tanveer,QAT
2178,Mukesh Singh (Mex),1,0,0,0,0,0,0,0,0,0,0,0,0,Mukesh Singh,Mex
2179,Mukhtar Ghulami (Fran),1,0,0,0,0,0,0,0,0,0,0,0,0,Mukhtar Ghulami,Fran
2180,Musa Shaheen (DEN),2,0,0,0,0,0,0,0,0,0,0,0,0,Musa Shaheen,DEN
2181,Mustafa Atmaca (TKY),1,0,0,0,0,0,0,0,0,0,0,0,0,Mustafa Atmaca,TKY
2182,A Mutreja (SGP),1,0,0,0,0,0,0,0,0,0,0,0,0,A Mutreja,SGP
2183,M Mwamadi (MWI),1,0,0,0,0,0,0,0,0,0,0,0,0,M Mwamadi,MWI
2184,I Mwebaze (UGA),2,0,0,0,0,0,0,0,0,0,0,0,0,I Mwebaze,UGA
2185,AS Nadkarni (USA),1,0,0,0,0,0,0,0,0,0,0,0,0,AS Nadkarni,USA
2186,Nahid Rana (BAN),1,0,0,0,0,0,0,0,0,0,0,0,0,Nahid Rana,BAN
2187,D Nanda (INA),1,0,0,0,0,0,0,0,0,0,0,0,0,D Nanda,INA
2188,BM Narasimha (Mex),1,0,0,0,0,0,0,0,0,0,0,0,0,BM Narasimha,Mex
2189,RV Nascimento (BRA),1,0,0,0,0,0,0,0,0,0,0,0,0,RV Nascimento,BRA
2190,Naseem Khan (CRT),2,0,0,0,0,0,0,0,0,0,0,0,0,Naseem Khan,CRT
2191,Ebrahim Naseri (AUT),2,0,0,0,0,0,0,0,0,0,0,0,0,Ebrahim Naseri,AUT
2192,K Nassoro (TAN),3,0,0,0,0,0,0,0,0,0,0,0,0,K Nassoro,TAN
2193,Nathan Ingleston (PAN),1,0,0,0,0,0,0,0,0,0,0,0,0,Nathan Ingleston,PAN
2194,Naveed Shahid (FIN),2,0,0,0,0,0,0,0,0,0,0,0,0,Naveed Shahid,FIN
2195,R Nehonde (BOT),4,0,0,0,0,0,0,0,0,0,0,0,0,R Nehonde,BOT
2196,S Nerandzic (SRB),1,0,0,0,0,0,0,0,0,0,0,0,0,S Nerandzic,SRB
2197,FFZ Nhaduate (MOZ),1,0,0,0,0,0,0,0,0,0,0,0,0,FFZ Nhaduate,MOZ
2198,W Nkosana (BOT),1,0,0,0,0,0,0,0,0,0,0,0,0,W Nkosana,BOT
2199,Nooruddin Mujadady (GER),1,0,0,0,0,0,0,0,0,0,0,0,0,Nooruddin Mujadady,GER
2200,Nouman Sarwar (QAT),1,0,0,0,0,0,0,0,0,0,0,0,0,Nouman Sarwar,QAT
2201,Numan Ahmadzai (SUI),1,0,0,0,0,0,0,0,0,0,0,0,0,Numan Ahmadzai,SUI
2202,AA Obanda (KENYA),1,0,0,0,0,0,0,0,0,0,0,0,0,AA Obanda,KENYA
2203,CO Obuya (KENYA),2,0,0,0,0,0,0,0,0,0,0,0,0,CO Obuya,KENYA
2204,R Obuya (UGA),2,0,0,0,0,0,0,0,0,0,0,0,0,R Obuya,UGA
2205,O Harvey (GHA),1,0,0,0,0,0,0,0,0,0,0,0,0,O Harvey,GHA
2206,C Olphert (IRE),2,0,0,0,0,0,0,0,0,0,0,0,0,C Olphert,IRE
2207,Omar Rassol (BUL),1,0,0,0,0,0,0,0,0,0,0,0,0,Omar Rassol,BUL
2208,Omid Rahimi (BEL),1,0,0,0,0,0,0,0,0,0,0,0,0,Omid Rahimi,BEL
2209,AA Onikoyi (NGA),1,0,0,0,0,0,0,0,0,0,0,0,0,AA Onikoyi,NGA
2210,CN Onwuzulike (NGA),1,0,0,0,0,0,0,0,0,0,0,0,0,CN Onwuzulike,NGA
2211,Osman Khan (AUT),1,0,0,0,0,0,0,0,0,0,0,0,0,Osman Khan,AUT
2212,MAP Ovalle (Chile),1,0,0,0,0,0,0,0,0,0,0,0,0,MAP Ovalle,Chile
2213,A Oxley (Blz),1,0,0,0,0,0,0,0,0,0,0,0,0,A Oxley,Blz
2214,Paras Singh (HKG),3,0,0,0,0,0,0,0,0,0,0,0,0,Paras Singh,HKG
2215,Pargat Singh (CAN),1,0,0,0,0,0,0,0,0,0,0,0,0,Pargat Singh,CAN
2216,DR Patankar (MLT),1,0,0,0,0,0,0,0,0,0,0,0,0,DR Patankar,MLT
2217,RR Patel (KENYA),2,0,0,0,0,0,0,0,0,0,0,0,0,RR Patel,KENYA
2218,K Penjor (BHU),1,0,0,0,0,0,0,0,0,0,0,0,0,K Penjor,BHU
2219,T Perera (BOT),1,0,0,0,0,0,0,0,0,0,0,0,0,T Perera,BOT
2220,H Pile (GIBR),1,0,0,0,0,0,0,0,0,0,0,0,0,H Pile,GIBR
2221,S Pillai (CRC),1,0,0,0,0,0,0,0,0,0,0,0,0,S Pillai,CRC
2222,JE Pitcher (BER),3,0,0,0,0,0,0,0,0,0,0,0,0,JE Pitcher,BER
2223,MJ Potts (ENG),1,0,0,0,0,0,0,0,0,0,0,0,0,MJ Potts,ENG
2224,M Prasidh Krishna (IND),5,0,0,0,0,0,0,0,0,0,0,0,0,M Prasidh Krishna,IND
2225,T Pullman (JER),1,0,0,0,0,0,0,0,0,0,0,0,0,T Pullman,JER
2226,Raag Kapur (HKG),3,0,0,0,0,0,0,0,0,0,0,0,0,Raag Kapur,HKG
2227,Rahim Khan (MAS),2,0,0,0,0,0,0,0,0,0,0,0,0,Rahim Khan,MAS
2228,Moshiur Rahman (EST),1,0,0,0,0,0,0,0,0,0,0,0,0,Moshiur Rahman,EST
2229,AP Rajeevan (TAN),2,0,0,0,0,0,0,0,0,0,0,0,0,AP Rajeevan,TAN
2230,Rajkumar Rajendran (MAS),1,0,0,0,0,0,0,0,0,0,0,0,0,Rajkumar Rajendran,MAS
2231,A Rajshekara (ROM),1,0,0,0,0,0,0,0,0,0,0,0,0,A Rajshekara,ROM
2232,R Ramadhasyena (INA),2,0,0,0,0,0,0,0,0,0,0,0,0,R Ramadhasyena,INA
2233,S Ramakrishnan (CZK-R),2,0,0,0,0,0,0,0,0,0,0,0,0,S Ramakrishnan,CZK-R
2234,Ram Krishan (EST),1,0,0,0,0,0,0,0,0,0,0,0,0,Ram Krishan,EST
2235,Ranjit Singh (AUT),3,0,0,0,0,0,0,0,0,0,0,0,0,Ranjit Singh,AUT
2236,S Ravichandran (JPN),1,0,0,0,0,0,0,0,0,0,0,0,0,S Ravichandran,JPN
2237,V Ravindran (HUN),1,0,0,0,0,0,0,0,0,0,0,0,0,V Ravindran,HUN
2238,DMW Rawlins (BER),1,0,0,0,0,0,0,0,0,0,0,0,0,DMW Rawlins,BER
2239,G Raymond (COK),1,0,0,0,0,0,0,0,0,0,0,0,0,G Raymond,COK
2240,RA Reifer (WI),1,0,0,0,0,0,0,0,0,0,0,0,0,RA Reifer,WI
2241,Riazat Ali Shah (UGA),1,0,0,0,0,0,0,0,0,0,0,0,0,Riazat Ali Shah,UGA
2242,DDE Richardson (BER),1,0,0,0,0,0,0,0,0,0,0,0,0,DDE Richardson,BER
2243,G Richardson (JER),1,0,0,0,0,0,0,0,0,0,0,0,0,G Richardson,JER
2244,MJ Richardson (GER),1,0,0,0,0,0,0,0,0,0,0,0,0,MJ Richardson,GER
2245,MJG Rippon (NZ),1,0,0,0,0,0,0,0,0,0,0,0,0,MJG Rippon,NZ
2246,Rizwan Mahmood (DEN),1,0,0,0,0,0,0,0,0,0,0,0,0,Rizwan Mahmood,DEN
2247,I Roberts (Arg),4,0,0,0,0,0,0,0,0,0,0,0,0,I Roberts,Arg
2248,Robiul Khan (ESP),1,0,0,0,0,0,0,0,0,0,0,0,0,Robiul Khan,ESP
2249,CM Rocca (GIBR),1,0,0,0,0,0,0,0,0,0,0,0,0,CM Rocca,GIBR
2250,T Rossi (Arg),2,0,0,0,0,0,0,0,0,0,0,0,0,T Rossi,Arg
2251,O Rowe (Arg),1,0,0,0,0,0,0,0,0,0,0,0,0,O Rowe,Arg
2252,D Sabir (BER),4,0,0,0,0,0,0,0,0,0,0,0,0,D Sabir,BER
2253,Shahbaz Ahmed (IND),1,0,0,0,0,0,0,0,0,0,0,0,0,Shahbaz Ahmed,IND
2254,Sahir Naqash (GER),3,0,0,0,0,0,0,0,0,0,0,0,0,Sahir Naqash,GER
2255,R Sai Kishore (IND),1,0,0,0,0,0,0,0,0,0,0,0,0,R Sai Kishore,IND
2256,Samiullah Shinwari (AFG),1,0,0,0,0,0,0,0,0,0,0,0,0,Samiullah Shinwari,AFG
2257,Sami Sohail (MWI),1,0,0,0,0,0,0,0,0,0,0,0,0,Sami Sohail,MWI
2258,RSK Samson (VAN),2,0,0,0,0,0,0,0,0,0,0,0,0,RSK Samson,VAN
2259,SV Samson (IND),1,0,0,0,0,0,0,0,0,0,0,0,0,SV Samson,IND
2260,Sandeep Nair (BUL),7,0,0,0,0,0,0,0,0,0,0,0,0,Sandeep Nair,BUL
2261,PR Santhanakrishnan (Mex),2,0,0,0,0,0,0,0,0,0,0,0,0,PR Santhanakrishnan,Mex
2262,Saran Aslam (DEN),3,0,0,0,0,0,0,0,0,0,0,0,0,Saran Aslam,DEN
2263,R Satheesan (ROM),1,0,0,0,0,0,0,0,0,0,0,0,0,R Satheesan,ROM
2264,Saud (KSA),1,0,0,0,0,0,0,0,0,0,0,0,0,Saud,KSA
2265,A Sawyer (GIBR),2,0,0,0,0,0,0,0,0,0,0,0,0,A Sawyer,GIBR
2266,Sazib Bhuiyan (CZK-R),1,0,0,0,0,0,0,0,0,0,0,0,0,Sazib Bhuiyan,CZK-R
2267,Sedik Sahak (SWE),2,0,0,0,0,0,0,0,0,0,0,0,0,Sedik Sahak,SWE
2268,Amoluk Singh (GHA),1,0,0,0,0,0,0,0,0,0,0,0,0,Amoluk Singh,GHA
2269,Shafat Ali Syed (ESP),3,0,0,0,0,0,0,0,0,0,0,0,0,Shafat Ali Syed,ESP
2270,Shahadat Hossain (3) (BAN),1,0,0,0,0,0,0,0,0,0,0,0,0,Shahadat Hossain,3
2271,Shahid Ahmadzai (CAN),2,0,0,0,0,0,0,0,0,0,0,0,0,Shahid Ahmadzai,CAN
2272,Shahil Momin (AUT),1,0,0,0,0,0,0,0,0,0,0,0,0,Shahil Momin,AUT
2273,Shahzaib (KSA),6,0,0,0,0,0,0,0,0,0,0,0,0,Shahzaib,KSA
2274,Shaof Hassan (MDV),1,0,0,0,0,0,0,0,0,0,0,0,0,Shaof Hassan,MDV
2275,Shariq Munir (QAT),2,0,0,0,0,0,0,0,0,0,0,0,0,Shariq Munir,QAT
2276,Sheraz Sheikh (BEL),3,0,0,0,0,0,0,0,0,0,0,0,0,Sheraz Sheikh,BEL
2277,C Shivakumar (SGP),1,0,0,0,0,0,0,0,0,0,0,0,0,C Shivakumar,SGP
2278,K Shivam (CRC),2,0,0,0,0,0,0,0,0,0,0,0,0,K Shivam,CRC
2279,L Siaka (PNG),1,0,0,0,0,0,0,0,0,0,0,0,0,L Siaka,PNG
2280,C Simmonds (GUE),1,0,0,0,0,0,0,0,0,0,0,0,0,C Simmonds,GUE
2281,D Simpson (COK),1,0,0,0,0,0,0,0,0,0,0,0,0,D Simpson,COK
2282,Z Simpson (GIBR),2,0,0,0,0,0,0,0,0,0,0,0,0,Z Simpson,GIBR
2283,M Simpson-Parker (AUT),1,0,0,0,0,0,0,0,0,0,0,0,0,M Simpson-Parker,AUT
2284,H Singh (GER),2,0,0,0,0,0,0,0,0,0,0,0,0,H Singh,GER
2285,S Singh (PHI),1,0,0,0,0,0,0,0,0,0,0,0,0,S Singh,PHI
2286,G Smith (CAY),2,0,0,0,0,0,0,0,0,0,0,0,0,G Smith,CAY
2287,NJA Smith (PHI),1,0,0,0,0,0,0,0,0,0,0,0,0,NJA Smith,PHI
2288,Sohail Ahmed (BHR),3,0,0,0,0,0,0,0,0,0,0,0,0,Sohail Ahmed,BHR
2289,LI Salomone (MOZ),2,0,0,0,0,0,0,0,0,0,0,0,0,LI Salomone,MOZ
2290,Soochan Park (SKOR),1,0,0,0,0,0,0,0,0,0,0,0,0,Soochan Park,SKOR
2291,J Stanigze (SWE),2,0,0,0,0,0,0,0,0,0,0,0,0,J Stanigze,SWE
2292,BS Stephenson (Blz),1,0,0,0,0,0,0,0,0,0,0,0,0,BS Stephenson,Blz
2293,G Stewart (ITA),1,0,0,0,0,0,0,0,0,0,0,0,0,G Stewart,ITA
2294,MP Stoinis (AUS),1,0,0,0,0,0,0,0,0,0,0,0,0,MP Stoinis,AUS
2295,Sumon Khan (BAN),1,0,0,0,0,0,0,0,0,0,0,0,0,Sumon Khan,BAN
2296,PR Surve (INA),2,0,0,0,0,0,0,0,0,0,0,0,0,PR Surve,INA
2297,M Swack (CAY),4,0,0,0,0,0,0,0,0,0,0,0,0,M Swack,CAY
2298,Shayan Khan (EST),1,0,0,0,0,0,0,0,0,0,0,0,0,Shayan Khan,EST
2299,Syed Aziz (MAS),2,0,0,0,0,0,0,0,0,0,0,0,0,Syed Aziz,MAS
2300,Syed Haider (UAE),2,0,0,0,0,0,0,0,0,0,0,0,0,Syed Haider,UAE
2301,Syed Hussain (CYP),1,0,0,0,0,0,0,0,0,0,0,0,0,Syed Hussain,CYP
2302,Khaled Ahmed (BAN),1,0,0,0,0,0,0,0,0,0,0,0,0,Khaled Ahmed,BAN
2303,Taimur Khan (SWE),1,0,0,0,0,0,0,0,0,0,0,0,0,Taimur Khan,SWE
2304,N Tanner (PHI),1,0,0,0,0,0,0,0,0,0,0,0,0,N Tanner,PHI
2305,Tanzeel Sheikh (KENYA),6,0,0,0,0,0,0,0,0,0,0,0,0,Tanzeel Sheikh,KENYA
2306,K Tari (VAN),1,0,0,0,0,0,0,0,0,0,0,0,0,K Tari,VAN
2307,LRPL Taylor (Samoa),1,0,0,0,0,0,0,0,0,0,0,0,0,LRPL Taylor,Samoa
2308,I Tchakou (CAM),1,0,0,0,0,0,0,0,0,0,0,0,0,I Tchakou,CAM
2309,KB Tember (INA),1,0,0,0,0,0,0,0,0,0,0,0,0,KB Tember,INA
2310,VE Tembo (MOZ),3,0,0,0,0,0,0,0,0,0,0,0,0,VE Tembo,MOZ
2311,N Thailappan (BHR),2,0,0,0,0,0,0,0,0,0,0,0,0,N Thailappan,BHR
2312,G Thakur (MLT),1,0,0,0,0,0,0,0,0,0,0,0,0,G Thakur,MLT
2313,VP Thamotharam (MLT),2,0,0,0,0,0,0,0,0,0,0,0,0,VP Thamotharam,MLT
2314,VT Thiyanesh (SGP),1,0,0,0,0,0,0,0,0,0,0,0,0,VT Thiyanesh,SGP
2315,Tholal Mohamed Raya (MDV),1,0,0,0,0,0,0,0,0,0,0,0,0,Tholal Mohamed Raya,MDV
2316,J Thomas (STHEL),1,0,0,0,0,0,0,0,0,0,0,0,0,J Thomas,STHEL
2317,O Thomas (WI),1,0,0,0,0,0,0,0,0,0,0,0,0,O Thomas,WI
2318,D Tresac (SRB),1,0,0,0,0,0,0,0,0,0,0,0,0,D Tresac,SRB
2319,A Trivedi (LUX),1,0,0,0,0,0,0,0,0,0,0,0,0,A Trivedi,LUX
2320,T Tshose (BOT),4,0,0,0,0,0,0,0,0,0,0,0,0,T Tshose,BOT
2321,LJ Tucker (IRE),1,0,0,0,0,0,0,0,0,0,0,0,0,LJ Tucker,IRE
2322,JA Turner (ENG),1,0,0,0,0,0,0,0,0,0,0,0,0,JA Turner,ENG
2323,O Tuyisenge (RWN),1,0,0,0,0,0,0,0,0,0,0,0,0,O Tuyisenge,RWN
2324,S Udhayan (SEY),1,0,0,0,0,0,0,0,0,0,0,0,0,S Udhayan,SEY
2325,Umair Sharif (KSA),1,0,0,0,0,0,0,0,0,0,0,0,0,Umair Sharif,KSA
2326,Usman Ghani (AFG),1,0,0,0,0,0,0,0,0,0,0,0,0,Usman Ghani,AFG
2327,Usman Patel (KUW),1,0,0,0,0,0,0,0,0,0,0,0,0,Usman Patel,KUW
2328,Usman Rafiq (USA),1,0,0,0,0,0,0,0,0,0,0,0,0,Usman Rafiq,USA
2329,VM Vaghela (USA),1,0,0,0,0,0,0,0,0,0,0,0,0,VM Vaghela,USA
2330,TF van Woerkom (IRE),1,0,0,0,0,0,0,0,0,0,0,0,0,TF van Woerkom,IRE
2331,E Van Reenen (SRB),1,0,0,0,0,0,0,0,0,0,0,0,0,E Van Reenen,SRB
2332,S Vats (LUX),1,0,0,0,0,0,0,0,0,0,0,0,0,S Vats,LUX
2333,VN Veetil (QAT),1,0,0,0,0,0,0,0,0,0,0,0,0,VN Veetil,QAT
2334,Vinay Iyer (JPN),1,0,0,0,0,0,0,0,0,0,0,0,0,Vinay Iyer,JPN
2335,TC Vine (ESP),1,0,0,0,0,0,0,0,0,0,0,0,0,TC Vine,ESP
2336,Virandeep Singh (MAS),1,0,0,0,0,0,0,0,0,0,0,0,0,Virandeep Singh,MAS
2337,RL Vitas (SRB),3,0,0,0,0,0,0,0,0,0,0,0,0,RL Vitas,SRB
2338,S Vithayathil (),2,0,0,0,0,0,0,0,0,0,0,0,0,S Vithayathil,
2339,Vivek Dixit (LUX),1,0,0,0,0,0,0,0,0,0,0,0,0,Vivek Dixit,LUX
2340,D Vora (HKG),1,0,0,0,0,0,0,0,0,0,0,0,0,D Vora,HKG
2341,Wafadar Momand (AFG),2,0,0,0,0,0,0,0,0,0,0,0,0,Wafadar Momand,AFG
2342,Waji Ul Hassan (KSA),5,0,0,0,0,0,0,0,0,0,0,0,0,Waji Ul Hassan,KSA
2343,M Walker (BER),1,0,0,0,0,0,0,0,0,0,0,0,0,M Walker,BER
2344,R Walker (CAY),2,0,0,0,0,0,0,0,0,0,0,0,0,R Walker,CAY
2345,Wan Azam (MAS),1,0,0,0,0,0,0,0,0,0,0,0,0,Wan Azam,MAS
2346,Waqar Ul Hassan (KSA),2,0,0,0,0,0,0,0,0,0,0,0,0,Waqar Ul Hassan,KSA
2347,Waqar Ali (CYP),10,0,0,0,0,0,0,0,0,0,0,0,0,Waqar Ali,CYP
2348,C Watuwa (UGA),2,0,0,0,0,0,0,0,0,0,0,0,0,C Watuwa,UGA
2349,D Wiese (NAM),4,0,0,0,0,0,0,0,0,0,0,0,0,D Wiese,NAM
2350,IGTP Wiguna (INA),6,0,0,0,0,0,0,0,0,0,0,0,0,IGTP Wiguna,INA
2351,SA Wijeyeratne (CAN),3,0,0,0,0,0,0,0,0,0,0,0,0,SA Wijeyeratne,CAN
2352,GPK Wijesingha (MDV),1,0,0,0,0,0,0,0,0,0,0,0,0,GPK Wijesingha,MDV
2353,OR Willis (CAY),1,0,0,0,0,0,0,0,0,0,0,0,0,OR Willis,CAY
2354,J Wilson (GIBR),3,0,0,0,0,0,0,0,0,0,0,0,0,J Wilson,GIBR
2355,PPS Win (MYAN),3,0,0,0,0,0,0,0,0,0,0,0,0,PPS Win,MYAN
2356,JJ Wright (SWZ),1,0,0,0,0,0,0,0,0,0,0,0,0,JJ Wright,SWZ
2357,SA Yadav (IND),1,0,0,0,0,0,0,0,0,0,0,0,0,SA Yadav,IND
2358,Yash Talati (KENYA),2,0,0,0,0,0,0,0,0,0,0,0,0,Yash Talati,KENYA
2359,Yasir Ali (ESP),2,0,0,0,0,0,0,0,0,0,0,0,0,Yasir Ali,ESP
2360,Ye Ko Ko (MYAN),1,0,0,0,0,0,0,0,0,0,0,0,0,Ye Ko Ko,MYAN
2361,D Young (STHEL),1,0,0,0,0,0,0,0,0,0,0,0,0,D Young,STHEL
2362,Yousif Wali (BHR),1,0,0,0,0,0,0,0,0,0,0,0,0,Yousif Wali,BHR
2363,Yves Cyusa (RWN),4,0,0,0,0,0,0,0,0,0,0,0,0,Yves Cyusa,RWN
2364,Zahir Mohammed (HUN),1,0,0,0,0,0,0,0,0,0,0,0,0,Zahir Mohammed,HUN
2365,Zeeshan Abbas (BHR),3,0,0,0,0,0,0,0,0,0,0,0,0,Zeeshan Abbas,BHR
2366,Zeeshan Goraya (AUT),5,0,0,0,0,0,0,0,0,0,0,0,0,Zeeshan Goraya,AUT
2367,Zeeshan Haider (QAT),2,0,0,0,0,0,0,0,0,0,0,0,0,Zeeshan Haider,QAT
2368,Zeeshan Maqsood (OMA),3,0,0,0,0,0,0,0,0,0,0,0,0,Zeeshan Maqsood,OMA
2369,Ziaur Rahman (AFG),5,0,0,0,0,0,0,0,0,0,0,0,0,Ziaur Rahman,AFG
2370,Zikria Islam (OMA),1,0,0,0,0,0,0,0,0,0,0,0,0,Zikria Islam,OMA
2371,F Zirahangaje (RWN),2,0,0,0,0,0,0,0,0,0,0,0,0,F Zirahangaje,RWN
2372,Zubaidi Zulkifle (MAS),1,0,0,0,0,0,0,0,0,0,0,0,0,Zubaidi Zulkifle,MAS
