,Player,Matches,Innings,Not_Out,Runs,Highest_Score,Average,Balls_Faced,SR,Hundreds,Fifties,Zeros,Fours,Sixes,Player_Name,Country
0,Sikandar Raza (ZIM),83,80,10,2242,133*,32.02,1561,143.62,1,12,6,170,112,Sikandar Raza,ZIM
1,SA Yadav (IND),68,66,11,2205,117,40.09,1336,165.04,3,17,2,192,122,SA Yadav,IND
2,R Powell (WI),82,77,12,1882,107,28.95,1274,147.72,1,8,0,106,134,R Powell,WI
3,HH Pandya (IND),83,72,19,1717,71*,32.39,1177,145.87,0,9,2,133,93,HH Pandya,IND
4,GD Phillips (NZ),59,53,8,1613,104,35.84,1121,143.88,1,10,1,126,70,GD Phillips,NZ
5,DS Airee (NEP),57,54,12,1464,110*,34.85,1027,142.55,1,10,1,100,64,DS Airee,NEP
6,DJ Mitchell (NZ),70,62,14,1423,72*,29.64,984,144.61,0,7,1,94,56,DJ Mitchell,NZ
7,Haider Butt (BHR),56,54,13,1384,79*,33.75,1134,122.04,0,8,1,88,62,Haider Butt,BHR
8,Sohail Ahmed (BHR),55,53,18,1382,80*,39.48,1104,125.18,0,11,4,89,64,Sohail Ahmed,BHR
9,Ahmer Bin (BHR),79,66,20,1337,68*,29.06,1044,128.06,0,6,1,103,45,Ahmer Bin,BHR
10,RP Burl (ZIM),79,75,21,1295,67*,23.98,1026,126.21,0,3,5,99,51,RP Burl,ZIM
11,Muhammad Tanveer (QAT),41,38,8,1247,88*,41.56,929,134.23,0,9,2,85,73,Muhammad Tanveer,QAT
12,HC Brook (ENG),58,52,12,1170,81*,29.25,766,152.74,0,6,1,93,54,HC Brook,ENG
13,MS Chapman (NZ),60,48,10,1152,104*,30.31,780,147.69,1,6,3,100,50,MS Chapman,NZ
14,Towhid Hridoy (BAN),53,48,8,1151,83*,28.77,921,124.97,0,5,3,75,43,Towhid Hridoy,BAN
15,MD Shanaka (SL),66,58,13,1132,76*,25.15,769,147.2,0,6,9,74,71,MD Shanaka,SL
16,Riazat Ali Shah (UGA),50,46,14,1115,98*,34.84,936,119.12,0,3,3,86,43,Riazat Ali Shah,UGA
17,RR Patel (KENYA),48,43,9,1055,120,31.02,772,136.65,1,5,2,86,53,RR Patel,KENYA
18,Luqman Butt (CAM),36,33,5,1051,80*,37.53,715,146.99,0,6,1,94,59,Luqman Butt,CAM
19,TH David (AUS),55,46,12,1044,102*,30.7,600,174,1,5,5,77,75,TH David,AUS
20,DA Miller (SA),44,40,13,1018,106*,37.7,713,142.77,1,5,3,65,62,DA Miller,SA
21,VP Thamotharam (MLT),44,43,5,997,63,26.23,678,147.05,0,8,2,62,69,VP Thamotharam,MLT
22,Usman Patel (KUW),52,51,12,982,111*,25.17,751,130.75,1,5,5,87,39,Usman Patel,KUW
23,KIC Asalanka (SL),54,52,7,976,69,21.68,763,127.91,0,4,5,60,49,KIC Asalanka,SL
24,Virandeep Singh (MAS),36,32,10,969,84*,44.04,726,133.47,0,8,2,68,47,Virandeep Singh,MAS
25,MP Stoinis (AUS),49,43,13,960,67*,32,629,152.62,0,5,0,75,50,MP Stoinis,AUS
26,C Campher (IRE),59,51,7,958,72*,21.77,764,125.39,0,4,5,77,29,C Campher,IRE
27,T Stubbs (SA),49,41,11,942,76,31.4,707,133.23,0,2,3,73,36,T Stubbs,SA
28,HT Tector (IRE),51,48,8,932,64*,23.3,803,116.06,0,4,4,75,22,HT Tector,IRE
29,MG Erasmus (NAM),36,34,9,931,100*,37.24,721,129.12,1,6,2,73,33,MG Erasmus,NAM
30,Aqib Iqbal (AUT),54,48,11,927,66*,25.05,751,123.43,0,4,4,75,33,Aqib Iqbal,AUT
31,MWR Stokes (GUE),34,33,14,926,73,48.73,711,130.23,0,6,1,80,21,MWR Stokes,GUE
32,GH Dockrell (IRE),64,58,19,925,58*,23.71,663,139.51,0,2,4,74,40,GH Dockrell,IRE
33,Mohammad Nabi (AFG),64,60,16,925,60,21.02,732,126.36,0,3,5,66,39,Mohammad Nabi,AFG
34,S Ravichandran (JPN),43,42,4,923,86*,24.28,745,123.89,0,5,2,86,21,S Ravichandran,JPN
35,Asif Khan (UAE),42,42,9,920,77,27.87,683,134.69,0,4,4,61,56,Asif Khan,UAE
36,GJ Maxwell (AUS),42,38,6,907,120*,28.34,618,146.76,2,3,2,80,42,GJ Maxwell,AUS
37,Manpreet Singh (SGP),40,38,1,903,71,24.4,673,134.17,0,5,5,47,44,Manpreet Singh,SGP
38,Babar Hayat (HKG),40,38,6,888,110,27.75,690,128.69,1,4,3,50,58,Babar Hayat,HKG
39,I Danladi (NGA),41,39,5,884,80,26,774,114.21,0,3,0,78,23,I Danladi,NGA
40,RK Paudel (NEP),33,32,8,871,61,36.29,705,123.54,0,5,0,65,30,RK Paudel,NEP
41,PR Surve (INA),33,33,11,844,71*,38.36,744,113.44,0,4,1,63,26,PR Surve,INA
42,S Dube (IND),44,34,12,831,66,37.77,533,155.9,0,5,2,52,54,S Dube,IND
43,Shaheryar Butt (BEL),38,36,7,811,91,27.96,626,129.55,0,2,1,63,46,Shaheryar Butt,BEL
44,AR Ramjani (UGA),52,42,10,807,78,25.21,611,132.07,0,5,3,61,30,AR Ramjani,UGA
45,AV Lazarus (THA),35,34,6,792,95,28.28,687,115.28,0,5,1,63,29,AV Lazarus,THA
46,SE Rutherford (WI),47,42,10,791,76*,24.71,524,150.95,0,5,7,61,49,SE Rutherford,WI
47,SA Edwards (NED),44,44,9,781,99,22.31,629,124.16,0,2,1,58,21,SA Edwards,NED
48,Syed Aziz (MAS),35,34,6,779,64,27.82,537,145.06,0,7,2,69,36,Syed Aziz,MAS
49,DM Nakrani (UGA),54,46,15,772,77*,24.9,636,121.38,0,2,2,44,44,DM Nakrani,UGA
50,H Thaker (CAN),46,39,9,772,53*,25.73,636,121.38,0,2,0,45,33,H Thaker,CAN
51,C Rubagumya (RWN),73,64,12,766,40,14.73,891,85.97,0,0,8,50,10,C Rubagumya,RWN
52,JJ Smit (NAM),42,36,12,763,111*,31.79,516,147.86,1,3,2,46,49,JJ Smit,NAM
53,V Saini (ROM),30,29,6,758,64,32.95,599,126.54,0,4,2,72,16,V Saini,ROM
54,RD Berrington (SCOT),32,30,4,757,60,29.11,538,140.7,0,3,1,54,34,RD Berrington,SCOT
55,Mohammad Nawaz (3) (PAK),56,49,10,749,45*,19.2,552,135.68,0,0,5,58,39,Mohammad Nawaz,3
56,MNM Aslam (KUW),50,39,5,747,55,21.97,626,119.32,0,3,2,67,19,MNM Aslam,KUW
57,Jaker Ali (BAN),47,42,13,747,72*,25.75,608,122.86,0,3,1,40,41,Jaker Ali,BAN
58,R Chopra (UAE),37,34,7,740,80,27.4,632,117.08,0,5,2,53,29,R Chopra,UAE
59,NT Tilak Varma (IND),27,25,8,733,69*,43.11,522,140.42,0,3,1,52,37,NT Tilak Varma,IND
60,Azmatullah Omarzai (AFG),55,49,9,721,53,18.02,567,127.16,0,1,6,44,35,Azmatullah Omarzai,AFG
61,Shadab Khan (PAK),48,40,6,718,52,21.11,487,147.43,0,1,3,57,32,Shadab Khan,PAK
62,Yasim Murtaza (HKG),56,50,8,717,60,17.07,616,116.39,0,2,1,42,33,Yasim Murtaza,HKG
63,LS Livingstone (ENG),44,37,8,703,87,24.24,489,143.76,0,2,2,41,41,LS Livingstone,ENG
64,Zeeshan Maqsood (OMA),35,33,5,700,102*,25,569,123.02,1,2,2,62,30,Zeeshan Maqsood,OMA
65,Saber Zakhil (BEL),37,34,5,697,65,24.03,426,163.61,0,1,2,41,60,Saber Zakhil,BEL
66,Basil Hameed (UAE),54,44,15,680,51,23.44,539,126.15,0,2,2,37,35,Basil Hameed,UAE
67,Iftikhar Ahmed (PAK),45,39,7,680,51,21.25,560,121.42,0,2,2,42,30,Iftikhar Ahmed,PAK
68,RK Singh (IND),43,32,16,665,69*,41.56,425,156.47,0,3,1,55,38,RK Singh,IND
69,MM Ali (ENG),43,32,7,659,63,26.36,429,153.61,0,4,3,39,43,MM Ali,ENG
70,D Brevis (SA),28,26,2,649,125*,27.04,400,162.25,1,1,1,36,51,D Brevis,SA
71,RL Chase (WI),43,33,6,649,67*,24.03,548,118.43,0,3,3,53,16,RL Chase,WI
72,AP Rajeevan (TAN),37,35,8,640,70,23.7,599,106.84,0,2,2,55,8,AP Rajeevan,TAN
73,Ahmed Faiz (MAS),42,37,3,627,71,18.44,545,115.04,0,2,3,40,23,Ahmed Faiz,MAS
74,NR Kirton (CAN),31,29,4,627,69*,25.08,482,130.08,0,2,0,44,26,NR Kirton,CAN
75,IK Gamantika (INA),50,41,6,623,78*,17.8,638,97.64,0,1,2,44,17,IK Gamantika,INA
76,Gulsan Jha (NEP),43,37,10,616,54,22.81,414,148.79,0,1,0,30,47,Gulsan Jha,NEP
77,Manan Ali (KSA),33,32,7,610,49,24.4,424,143.86,0,0,3,26,45,Manan Ali,KSA
78,Ahmad Ramdoni (INA),55,44,12,605,46,18.9,623,97.11,0,0,2,45,23,Ahmad Ramdoni,INA
79,SM Curran (ENG),51,39,10,605,58,20.86,487,124.22,0,2,0,34,26,SM Curran,ENG
80,Ayaan Khan (OMA),36,35,5,595,53*,19.83,544,109.37,0,1,1,38,18,Ayaan Khan,OMA
81,JDS Neesham (NZ),51,42,11,594,48,19.16,401,148.12,0,0,5,46,29,JDS Neesham,NZ
82,Aizaz Khan (HKG),52,44,8,592,48*,16.44,528,112.12,0,0,5,39,21,Aizaz Khan,HKG
83,V Vijh (LUX),32,32,4,587,53*,20.96,520,112.88,0,1,4,39,23,V Vijh,LUX
84,Muhammad Asim (QAT),20,20,6,586,67*,41.85,418,140.19,0,5,4,57,20,Muhammad Asim,QAT
85,Najibullah Zadran (AFG),36,33,10,586,57,25.47,437,134.09,0,2,4,41,32,Najibullah Zadran,AFG
86,Kushal Malla (NEP),36,34,6,580,92,20.71,468,123.93,0,2,2,26,36,Kushal Malla,NEP
87,K Nassoro (TAN),53,45,6,580,60,14.87,648,89.5,0,1,3,56,6,K Nassoro,TAN
88,SR Bhudia (KENYA),41,34,5,573,57*,19.75,468,122.43,0,2,1,49,17,SR Bhudia,KENYA
89,Afif Hossain (BAN),28,28,5,570,77*,24.78,479,118.99,0,2,1,42,16,Afif Hossain,BAN
90,Fakhar Zaman (PAK),26,24,2,570,78,25.9,395,144.3,0,3,0,40,35,Fakhar Zaman,PAK
91,SA Okpe (NGA),45,39,8,568,45*,18.32,512,110.93,0,0,3,37,20,SA Okpe,NGA
92,Salman Agha (PAK),37,34,7,559,63*,20.7,523,106.88,0,4,4,43,14,Salman Agha,PAK
93,E Beukes (CAM),39,36,12,547,39,22.79,434,126.03,0,0,4,32,33,E Beukes,CAM
94,JW Jenner (JER),24,24,5,547,53,28.78,389,140.61,0,1,2,42,23,JW Jenner,JER
95,H Klaasen (SA),28,27,5,543,81,24.68,376,144.41,0,2,1,39,31,H Klaasen,SA
96,IDM Latin (GIBR),26,26,5,542,65,25.8,420,129.04,0,3,1,48,23,IDM Latin,GIBR
97,SO Hetmyer (WI),29,26,1,533,61,21.32,367,145.23,0,3,1,35,37,SO Hetmyer,WI
98,Junaid Aziz (BHR),47,34,11,531,52,23.08,493,107.7,0,1,1,31,28,Junaid Aziz,BHR
99,Hamza Dar (ESP),28,24,7,525,91*,30.88,329,159.57,0,3,2,34,32,Hamza Dar,ESP
100,DMW Rawlins (BER),17,16,3,525,91,40.38,360,145.83,0,4,1,34,33,DMW Rawlins,BER
101,Aqeel Wahid (MAS),29,27,11,513,65*,32.06,423,121.27,0,1,2,27,19,Aqeel Wahid,MAS
102,AK Markram (SA),21,19,4,507,56,33.8,334,151.79,0,3,0,50,17,AK Markram,SA
103,AR Patel (IND),49,33,9,506,65,21.08,374,135.29,0,1,2,38,21,AR Patel,IND
104,Mohammad Nadeem (OMA),30,28,5,502,77*,21.82,496,101.2,0,2,1,27,14,Mohammad Nadeem,OMA
105,LJ Tucker (IRE),25,25,2,499,94*,21.69,416,119.95,0,2,2,37,17,LJ Tucker,IRE
106,PHKD Mendis (SL),31,27,4,495,65*,21.52,360,137.5,0,3,2,40,20,PHKD Mendis,SL
107,Bilal Tahir (KUW),39,35,9,494,61*,19,364,135.71,0,1,2,29,34,Bilal Tahir,KUW
108,D Gumyusenge (RWN),34,32,3,494,68,17.03,482,102.48,0,2,8,40,20,D Gumyusenge,RWN
109,Waji Ul Hassan (KSA),29,28,4,488,57,20.33,437,111.67,0,3,4,30,19,Waji Ul Hassan,KSA
110,GJ Delany (IRE),43,35,8,487,56,18.03,371,131.26,0,1,2,36,25,GJ Delany,IRE
111,Mahmudullah (BAN),28,25,3,473,54,21.5,410,115.36,0,2,1,32,17,Mahmudullah,BAN
112,I Takahashi (JPN),36,32,7,473,54*,18.92,329,143.76,0,1,5,35,27,I Takahashi,JPN
113,MS Wade (AUS),37,26,15,473,45*,43,322,146.89,0,0,0,41,17,MS Wade,AUS
114,MA Leask (SCOT),34,31,5,469,46,18.03,369,127.1,0,0,0,30,24,MA Leask,SCOT
115,Shakib Al Hasan (BAN),28,27,5,469,70,21.31,396,118.43,0,3,3,47,8,Shakib Al Hasan,BAN
116,JN Frylinck (NAM),21,19,3,466,57*,29.12,414,112.56,0,1,1,27,13,JN Frylinck,NAM
117,Aaron Jones (USA),26,24,5,464,94*,24.42,380,122.1,0,1,1,21,31,Aaron Jones,USA
118,SC Williams (ZIM),22,21,1,457,77,22.85,351,130.19,0,3,2,45,10,SC Williams,ZIM
119,JO Holder (WI),35,28,4,455,49,18.95,323,140.86,0,0,1,27,32,JO Holder,WI
120,C Madande (ZIM),32,29,6,452,53*,19.65,395,114.43,0,1,2,40,11,C Madande,ZIM
121,RM Dorji (BHU),28,28,1,450,73,16.66,432,104.16,0,2,3,32,17,RM Dorji,BHU
122,Darwish Rasooli (AFG),25,24,3,447,84,21.28,371,120.48,0,3,4,32,13,Darwish Rasooli,AFG
123,Sahil Chauhan (EST),21,20,5,447,144*,29.8,241,185.47,1,1,2,25,40,Sahil Chauhan,EST
124,V Shukla (OMA),23,22,5,447,52*,26.29,323,138.39,0,2,2,38,16,V Shukla,OMA
125,TP Ura (PNG),12,11,2,441,93*,49,218,202.29,0,5,2,24,39,TP Ura,PNG
126,K Waiswa (UGA),41,34,7,439,66*,16.25,374,117.37,0,1,3,42,11,K Waiswa,UGA
127,Karim Janat (AFG),40,34,8,431,56*,16.57,364,118.4,0,3,4,29,18,Karim Janat,AFG
128,Imran Anwar (BHR),45,27,0,426,69,15.77,330,129.09,0,3,4,24,29,Imran Anwar,BHR
129,MJ Santner (NZ),44,34,14,425,47*,21.25,328,129.57,0,0,2,33,16,MJ Santner,NZ
130,N Pooran (WI),21,21,1,424,74*,21.2,307,138.11,0,2,0,28,25,N Pooran,WI
131,SA Ahmad (DEN),20,19,3,422,66,26.37,362,116.57,0,3,1,40,10,SA Ahmad,DEN
132,PBB Rajapaksa (SL),26,24,4,422,71*,21.1,332,127.1,0,1,1,39,13,PBB Rajapaksa,SL
133,S Muniandy (MAS),52,40,12,421,41*,15.03,356,118.25,0,0,3,22,19,S Muniandy,MAS
134,Shamim Hossain (BAN),35,28,5,420,51,18.26,340,123.52,0,1,3,37,15,Shamim Hossain,BAN
135,JG Bethell (ENG),15,15,5,415,105,41.5,256,162.1,1,2,0,29,26,JG Bethell,ENG
136,MM Baig (QAT),32,30,9,412,60*,19.61,324,127.16,0,1,4,22,23,MM Baig,QAT
137,HJ Manenti (ITA),23,21,1,412,65,20.6,363,113.49,0,2,1,35,11,HJ Manenti,ITA
138,Janak Prakash (SGP),25,25,5,411,56,20.55,337,121.95,0,1,0,24,16,Janak Prakash,SGP
139,Hisham Shaikh (KSA),32,25,6,409,47*,21.52,434,94.23,0,0,1,24,2,Hisham Shaikh,KSA
140,MG Bracewell (NZ),42,29,8,408,61*,19.42,301,135.54,0,2,4,34,16,MG Bracewell,NZ
141,Jaspal Singh (MLT),29,29,5,408,58,17,370,110.27,0,2,1,31,17,Jaspal Singh,MLT
142,KC D'Souza (BUL),17,16,4,405,92*,33.75,244,165.98,0,2,1,21,31,KC D'Souza,BUL
143,O Tuyisenge (RWN),37,34,2,405,40,12.65,464,87.28,0,0,3,30,8,O Tuyisenge,RWN
144,MH Cross (SCOT),25,22,5,404,49,23.76,351,115.09,0,0,0,29,9,MH Cross,SCOT
145,AE Paraam (SGP),11,10,4,401,100*,66.83,280,143.21,1,3,1,35,15,AE Paraam,SGP
146,Zeeshan Ali (HKG),30,24,9,401,55*,26.73,322,124.53,0,1,1,35,12,Zeeshan Ali,HKG
147,T Jamtsho (BHU),24,24,5,398,66*,20.94,309,128.8,0,2,2,36,22,T Jamtsho,BHU
148,L Canessane (Fran),28,27,3,397,89*,16.54,337,117.8,0,2,1,35,12,L Canessane,Fran
149,PW Hasaranga (SL),44,39,6,397,67,12.03,302,131.45,0,1,5,40,12,PW Hasaranga,SL
150,Muhamad Syahadat (MAS),30,28,11,397,40*,23.35,363,109.36,0,0,2,27,14,Muhamad Syahadat,MAS
151,OB Nightingale (GUE),27,22,7,397,57,26.46,369,107.58,0,1,2,25,3,OB Nightingale,GUE
152,C Roberts (Fran),15,15,4,394,50*,35.81,383,102.87,0,1,1,33,3,C Roberts,Fran
153,R Shepherd (WI),35,31,15,394,44*,24.62,270,145.92,0,0,4,18,32,R Shepherd,WI
154,GD Arta (INA),32,29,8,393,33,18.71,463,84.88,0,0,1,25,17,GD Arta,INA
155,Sheraz Sheikh (BEL),29,28,6,393,48,17.86,359,109.47,0,0,4,23,25,Sheraz Sheikh,BEL
156,R Nehonde (BOT),28,25,6,387,60*,20.36,409,94.62,0,2,2,29,10,R Nehonde,BOT
157,IO Okpe (NGA),38,32,8,387,65*,16.12,287,134.84,0,2,1,16,20,IO Okpe,NGA
158,D Doyle-Calle (ESP),18,15,5,380,72,38,250,152,0,2,0,21,22,D Doyle-Calle,ESP
159,S Jora (NEP),25,24,5,377,63,19.84,309,122,0,3,0,20,18,S Jora,NEP
160,C Green (AUS),14,12,4,375,62*,46.87,245,153.06,0,4,0,23,23,C Green,AUS
161,B Niaz (BEL),17,15,1,374,72*,26.71,225,166.22,0,2,2,25,26,B Niaz,BEL
162,FA Cossa (MOZ),23,19,8,370,68,33.63,289,128.02,0,2,4,37,18,FA Cossa,MOZ
163,T Banton (ENG),20,18,5,369,63*,28.38,242,152.47,0,2,0,35,15,T Banton,ENG
164,Usman Khan (Fran),16,15,3,367,63*,30.58,302,121.52,0,3,2,37,8,Usman Khan,Fran
165,ZE Green (NAM),30,25,5,366,52*,18.3,346,105.78,0,1,1,32,3,ZE Green,NAM
166,LA Dunbar (SRB),16,15,3,365,72,30.41,345,105.79,0,2,0,33,13,LA Dunbar,SRB
167,Aarif Sheikh (NEP),29,23,3,360,39*,18,305,118.03,0,0,1,36,9,Aarif Sheikh,NEP
168,Milind Kumar (USA),23,20,6,360,43*,25.71,347,103.74,0,0,1,21,6,Milind Kumar,USA
169,J Coetzee (THA),25,22,6,359,45*,22.43,332,108.13,0,0,1,23,13,J Coetzee,THA
170,M Gunasekara (CYP),14,14,1,354,70,27.23,268,132.08,0,3,1,26,24,M Gunasekara,CYP
171,A Donovan (PHI),9,9,4,351,122*,70.2,203,172.9,1,1,1,25,22,A Donovan,PHI
172,T Musekiwa (ZIM),38,34,12,348,28,15.81,272,127.94,0,0,4,29,9,T Musekiwa,ZIM
173,S Movva (CAN),25,22,5,346,37,20.35,328,105.48,0,0,1,26,7,S Movva,CAN
174,A Randhawa (AUT),24,23,4,346,78*,18.21,397,87.15,0,1,0,24,6,A Randhawa,AUT
175,T Tshose (BOT),32,29,2,345,49,12.77,313,110.22,0,0,4,21,15,T Tshose,BOT
176,RR Pant (IND),22,18,5,344,52*,26.46,257,133.85,0,1,0,38,7,RR Pant,IND
177,T Munyonga (ZIM),34,31,6,340,43*,13.6,309,110.03,0,0,3,30,7,T Munyonga,ZIM
178,Shahzaib Jamil (QAT),22,19,2,340,44,20,271,125.46,0,0,0,15,24,Shahzaib Jamil,QAT
179,MO Kitunda (TAN),28,26,2,338,41,14.08,355,95.21,0,0,2,27,11,MO Kitunda,TAN
180,AD Russell (WI),17,16,4,338,71,28.16,189,178.83,0,2,0,19,30,AD Russell,WI
181,S Wickramasekara (CZK-R),17,17,3,337,65,24.07,249,135.34,0,3,3,22,18,S Wickramasekara,CZK-R
182,M Akayezu (RWN),39,37,7,336,37*,11.2,279,120.43,0,0,5,22,18,M Akayezu,RWN
183,Hasan Nawaz (PAK),19,18,1,336,56,19.76,232,144.82,0,2,2,14,25,Hasan Nawaz,PAK
184,H Singh (GER),17,16,2,336,70,24,248,135.48,0,2,1,30,13,H Singh,GER
185,J Barker (LUX),15,14,4,332,48,33.2,313,106.07,0,0,1,23,2,J Barker,LUX
186,HE van der Dussen (SA),13,13,3,332,75*,33.2,255,130.19,0,3,0,18,17,HE van der Dussen,SA
187,DJ Hawoe (INA),42,37,7,330,38*,11,267,123.59,0,0,6,20,14,DJ Hawoe,INA
188,Usman Khan (PAK),26,24,7,329,53,19.35,276,119.2,0,2,1,27,7,Usman Khan,PAK
189,Bilal Masud (EST),15,15,5,327,66,32.7,275,118.9,0,1,0,25,9,Bilal Masud,EST
190,JP Inglis (AUS),18,18,5,325,42,25,227,143.17,0,0,1,28,11,JP Inglis,AUS
191,A Mansale (VAN),11,10,4,325,61*,54.16,266,122.18,0,3,0,12,14,A Mansale,VAN
192,Ali Naseer (UAE),33,28,8,321,48*,16.05,253,126.87,0,0,1,23,11,Ali Naseer,UAE
193,Faisal Mubashir (GER),17,14,6,321,57*,40.12,287,111.84,0,1,2,25,4,Faisal Mubashir,GER
194,D Suzuki (JPN),29,27,9,321,45*,17.83,296,108.44,0,0,2,30,5,D Suzuki,JPN
195,O Manishimwe (RWN),35,34,4,318,31,10.6,416,76.44,0,0,4,18,5,O Manishimwe,RWN
196,Manan Bashir (BUL),10,10,3,317,70,45.28,119,266.38,0,1,0,13,38,Manan Bashir,BUL
197,A Limdawala (MWI),28,24,5,314,54*,16.52,377,83.28,0,1,1,17,3,A Limdawala,MWI
198,S Bau (PNG),19,17,1,313,59,19.56,284,110.21,0,2,4,22,13,S Bau,PNG
199,GK Ghalley (BHU),30,29,4,313,40,12.52,355,88.16,0,0,5,20,14,GK Ghalley,BHU
200,P Mishra (BUL),18,16,1,312,55,20.8,245,127.34,0,2,1,16,27,P Mishra,BUL
201,VD Adewoye (NGA),29,25,2,309,49,13.43,233,132.61,0,0,4,23,16,VD Adewoye,NGA
202,SV Samson (IND),22,15,3,308,58,25.66,234,131.62,0,1,1,21,14,SV Samson,IND
203,H Hiri (PNG),19,16,4,307,53*,25.58,251,122.31,0,1,0,22,13,H Hiri,PNG
204,BM Duckett (ENG),11,11,2,306,70*,34,210,145.71,0,1,0,39,2,BM Duckett,ENG
205,Nurul Hasan (BAN),23,22,11,306,42*,27.81,248,123.38,0,0,1,12,19,Nurul Hasan,BAN
206,E Sebareme (RWN),33,31,7,306,34,12.75,337,90.8,0,0,4,24,7,E Sebareme,RWN
207,R Bakum (GHA),16,16,3,300,71,23.07,228,131.57,0,2,1,17,16,R Bakum,GHA
208,Muhammad Umar (KUW),21,18,3,294,59,19.6,243,120.98,0,1,1,10,20,Muhammad Umar,KUW
209,Sheikh Rasik (HUN),9,9,2,291,106*,41.57,170,171.17,1,1,0,16,24,Sheikh Rasik,HUN
210,CN Ackermann (NED),15,15,1,290,62,20.71,254,114.17,0,1,3,22,7,CN Ackermann,NED
211,S Periyalwar (ROM),23,21,6,289,52,19.26,302,95.69,0,2,2,27,3,S Periyalwar,ROM
212,PV Vuniwaqa (Fiji),9,9,1,289,72*,36.12,195,148.2,0,2,0,26,18,PV Vuniwaqa,Fiji
213,KD Karthik (IND),28,22,8,287,55,20.5,203,141.37,0,1,1,29,13,KD Karthik,IND
214,C Brennan (JER),20,18,7,286,52,26,219,130.59,0,1,1,15,14,C Brennan,JER
215,N Vanua (PNG),19,16,1,285,71,19,210,135.71,0,2,2,16,20,N Vanua,PNG
216,Imran Ameer (MLT),15,15,6,284,46*,31.55,254,111.81,0,0,0,28,5,Imran Ameer,MLT
217,L Lamin (SLE),27,24,5,283,38,14.89,304,93.09,0,0,4,15,15,L Lamin,SLE
218,B Ward (JER),19,16,4,280,47*,23.33,202,138.61,0,0,0,19,13,B Ward,JER
219,Md Ariyan (ROM),14,12,3,278,90*,30.88,200,139,0,2,0,20,19,Md Ariyan,ROM
220,Scott Austin (CYP),20,17,2,278,46,18.53,249,111.64,0,0,2,22,4,Scott Austin,CYP
221,A Gbla (SLE),27,22,5,277,55*,16.29,247,112.14,0,1,3,19,10,A Gbla,SLE
222,Ravinderpal Singh (CAN),24,20,4,271,47,16.93,202,134.15,0,0,3,18,15,Ravinderpal Singh,CAN
223,IDA Damarell (GUE),20,19,2,270,45,15.88,224,120.53,0,0,2,31,3,IDA Damarell,GUE
224,AD Mathews (SL),12,10,4,268,66*,44.66,200,134,0,1,0,19,12,AD Mathews,SL
225,Najjam Shahzad (POR),21,19,3,268,47,16.75,196,136.73,0,0,4,23,15,Najjam Shahzad,POR
226,P Rathnayake (SL),12,10,1,266,60,29.55,181,146.96,0,2,1,27,7,P Rathnayake,SL
227,Shiraz Khan (KUW),23,19,8,266,50*,24.18,274,97.08,0,1,0,8,14,Shiraz Khan,KUW
228,JM Bairstow (ENG),9,9,3,259,90,43.16,182,142.3,0,1,1,18,15,JM Bairstow,ENG
229,S Hook (EST),13,13,5,258,69*,32.25,207,124.63,0,2,1,21,11,S Hook,EST
230,A Shirai-Patmore (JPN),20,17,2,258,43,17.2,287,89.89,0,0,2,28,0,A Shirai-Patmore,JPN
231,Arjun Vinod (SUI),12,12,2,258,38,25.8,242,106.61,0,0,0,19,7,Arjun Vinod,SUI
232,D Wiese (NAM),18,17,7,258,55,25.8,206,125.24,0,2,1,13,14,D Wiese,NAM
233,RA Jadeja (IND),16,13,6,257,46*,36.71,177,145.19,0,0,0,24,7,RA Jadeja,IND
234,J Bangura (SLE),20,18,2,256,36,16,374,68.44,0,0,1,14,0,J Bangura,SLE
235,Aaftab Alam Khan (MLT),23,21,6,255,71*,17,205,124.39,0,1,4,24,9,Aaftab Alam Khan,MLT
236,Khushdil Shah (PAK),23,20,4,255,35*,15.93,250,102,0,0,0,10,14,Khushdil Shah,PAK
237,A Sharafu (UAE),18,16,2,253,35,18.07,225,112.44,0,0,0,27,5,A Sharafu,UAE
238,D Visser (Samoa),5,5,0,253,132,50.6,155,163.22,1,1,0,15,20,D Visser,Samoa
239,CJA Amini (PNG),16,13,3,252,53,25.2,221,114.02,0,1,1,15,9,CJA Amini,PNG
240,M Jansen (SA),25,18,5,252,55*,19.38,170,148.23,0,2,2,17,19,M Jansen,SA
241,P Useni (NGA),24,23,4,250,36,13.15,163,153.37,0,0,2,13,16,P Useni,NGA
242,Akhil Anil (TAN),24,22,4,248,52*,13.77,204,121.56,0,1,2,20,11,Akhil Anil,TAN
243,J Rasu (VAN),22,21,4,248,43,14.58,224,110.71,0,0,3,16,7,J Rasu,VAN
244,Shahil Momin (AUT),17,17,4,248,48*,19.07,261,95.01,0,0,1,15,1,Shahil Momin,AUT
245,KJ Stagno (GIBR),16,15,1,248,86,17.71,162,153.08,0,1,2,14,21,KJ Stagno,GIBR
246,Surya Anand (DEN),16,13,5,248,50*,31,228,108.77,0,1,1,8,9,Surya Anand,DEN
247,WG Jacks (ENG),17,13,6,247,53*,35.28,148,166.89,0,1,0,19,14,WG Jacks,ENG
248,R Tari (VAN),22,20,4,247,56,15.43,245,100.81,0,1,3,12,7,R Tari,VAN
249,Ahmed Hassan (SUI),8,8,4,246,58*,61.5,166,148.19,0,1,0,18,17,Ahmed Hassan,SUI
250,IKEG Artawan (INA),33,27,10,246,41,14.47,257,95.71,0,0,4,22,8,IKEG Artawan,INA
251,SH Venugopal (SGP),12,12,2,246,46*,24.6,226,108.84,0,0,0,14,7,SH Venugopal,SGP
252,Yves Cyusa (RWN),19,18,3,246,61,16.4,245,100.4,0,1,0,22,8,Yves Cyusa,RWN
253,KD Abeyrathna (NOR),13,12,2,245,46*,24.5,228,107.45,0,0,0,18,6,KD Abeyrathna,NOR
254,CK Jasmat (Samoa),17,17,3,245,42*,17.5,230,106.52,0,0,2,13,14,CK Jasmat,Samoa
255,Nizakat Khan (HKG),13,13,2,245,52*,22.27,208,117.78,0,2,1,19,9,Nizakat Khan,HKG
256,Sher Sahak (NOR),17,16,5,245,70*,22.27,166,147.59,0,2,0,16,13,Sher Sahak,NOR
257,Khalid Kail (OMA),20,17,3,244,55,17.42,243,100.41,0,1,0,20,6,Khalid Kail,OMA
258,Saad Bin Zafar (CAN),20,16,4,243,29*,20.25,219,110.95,0,0,1,19,7,Saad Bin Zafar,CAN
259,D Ferreira (SA),16,15,2,240,48,18.46,154,155.84,0,0,1,13,17,D Ferreira,SA
260,F Suluoto (Samoa),20,18,5,240,44*,18.46,203,118.22,0,0,2,13,16,F Suluoto,Samoa
261,Ali Saleem (NOR),20,16,1,239,53*,15.93,211,113.27,0,1,0,15,11,Ali Saleem,NOR
262,MA Baig (MWI),21,19,3,239,32,14.93,266,89.84,0,0,0,22,5,MA Baig,MWI
263,Jordan O'Brien (FIN),14,14,1,237,56*,18.23,189,125.39,0,1,1,23,5,Jordan O'Brien,FIN
264,J Mees (LUX),15,15,4,237,85,21.54,191,124.08,0,1,1,18,11,J Mees,LUX
265,SO Ngoche (KENYA),33,25,6,237,31*,12.47,232,102.15,0,0,4,16,8,SO Ngoche,KENYA
266,Gulbadin Naib (AFG),19,17,5,236,39,19.66,211,111.84,0,0,2,14,9,Gulbadin Naib,AFG
267,Izaz Ali (SVN),13,13,0,236,118,18.15,146,161.64,1,0,3,15,19,Izaz Ali,SVN
268,J Singye (BHU),17,16,0,236,40,14.75,310,76.12,0,0,1,11,5,J Singye,BHU
269,JTS Sumerauer (JER),17,15,6,236,54*,26.22,162,145.67,0,1,0,14,11,JTS Sumerauer,JER
270,Shayan Jahangir (USA),11,11,4,235,61,33.57,159,147.79,0,2,0,20,10,Shayan Jahangir,USA
271,MS Maker (TAN),10,10,5,234,67*,46.8,170,137.64,0,1,0,12,14,MS Maker,TAN
272,S Adedeji (NGA),16,15,2,231,41,17.76,274,84.3,0,0,0,19,2,S Adedeji,NGA
273,Muhammad Usman (HUN),11,10,1,230,72*,25.55,142,161.97,0,1,1,9,22,Muhammad Usman,HUN
274,H Rashid (SWZ),19,19,3,230,38,14.37,259,88.8,0,0,2,25,6,H Rashid,SWZ
275,JN Loftie-Eaton (NAM),15,14,4,229,101,22.9,159,144.02,1,0,2,20,13,JN Loftie-Eaton,NAM
276,KD Shah (HKG),17,17,3,225,37,16.07,230,97.82,0,0,3,13,5,KD Shah,HKG
277,KC Ramamoorthy (INA),17,15,1,224,55,16,228,98.24,0,2,3,20,8,KC Ramamoorthy,INA
278,Divyendra Singh (CZK-R),14,13,1,223,67*,18.58,221,100.9,0,2,2,21,4,Divyendra Singh,CZK-R
279,JA Fitzgerald (GIBR),19,17,8,223,28*,24.77,149,149.66,0,0,1,11,14,JA Fitzgerald,GIBR
280,Hammad Mirza (OMA),14,14,1,223,62*,17.15,205,108.78,0,1,1,14,8,Hammad Mirza,OMA
281,SA Jumbe (TAN),34,29,6,222,34,9.65,245,90.61,0,0,5,12,12,SA Jumbe,TAN
282,GF Linde (SA),17,12,3,222,48,24.66,149,148.99,0,0,2,14,12,GF Linde,SA
283,G Stewart (ITA),13,12,2,222,45,22.2,141,157.44,0,0,2,9,21,G Stewart,ITA
284,Zain Ul Abidin (KSA),18,18,8,221,32*,22.1,192,115.1,0,0,1,11,9,Zain Ul Abidin,KSA
285,S Foster (CAY),17,15,3,220,41,18.33,235,93.61,0,0,1,18,0,S Foster,CAY
286,Wasim Ali (OMA),12,12,1,220,38,20,171,128.65,0,0,0,17,10,Wasim Ali,OMA
287,B Masaba (UGA),19,15,6,219,37*,24.33,168,130.35,0,0,1,23,4,B Masaba,UGA
288,JV Chand (Zamb),8,8,2,218,47,36.33,192,113.54,0,0,0,19,5,JV Chand,Zamb
289,KH Abe (JPN),16,14,2,217,80,18.08,149,145.63,0,1,2,10,13,KH Abe,JPN
290,P Silas (BOT),26,21,3,217,42,12.05,214,101.4,0,0,6,18,2,P Silas,BOT
291,Amir Zaib (POR),14,13,2,216,45*,19.63,178,121.34,0,0,2,18,6,Amir Zaib,POR
292,Mehidy Hasan Miraz (BAN),16,13,2,213,35*,19.36,185,115.13,0,0,0,20,3,Mehidy Hasan Miraz,BAN
293,CJ Anderson (USA),11,10,2,212,55,26.5,202,104.95,0,1,0,10,9,CJ Anderson,USA
294,SF Tiai (Samoa),17,15,2,212,45,16.3,179,118.43,0,0,1,14,14,SF Tiai,Samoa
295,Fiaz Ahmed (BHR),18,15,2,211,39,16.23,228,92.54,0,0,2,5,8,Fiaz Ahmed,BHR
296,S Chandramohan (SGP),14,12,2,209,41,20.9,184,113.58,0,0,0,13,9,S Chandramohan,SGP
297,Mirza Ahsan (AUT),15,15,2,209,70*,16.07,149,140.26,0,1,0,11,10,Mirza Ahsan,AUT
298,T Perera (BOT),14,13,3,209,48*,20.9,179,116.75,0,0,2,15,9,T Perera,BOT
299,Ali Farasat (HUN),19,19,2,208,32,12.23,187,111.22,0,0,1,10,12,Ali Farasat,HUN
300,OGL Bascome (BER),9,8,1,208,49,29.71,143,145.45,0,0,1,13,14,OGL Bascome,BER
301,BFW de Leede (NED),17,15,5,208,53*,20.8,226,92.03,0,1,1,14,2,BFW de Leede,NED
302,DK Mathias (BHR),10,10,3,208,46*,29.71,185,112.43,0,0,0,16,11,DK Mathias,BHR
303,Atif Rasheed (FIN),12,11,1,207,43,20.7,155,133.54,0,0,0,11,11,Atif Rasheed,FIN
304,Ibrahim Rahimi (NOR),9,8,2,207,55*,34.5,104,199.03,0,1,1,5,23,Ibrahim Rahimi,NOR
305,S Thakor (TAN),23,19,2,207,42,12.17,140,147.85,0,0,4,18,12,S Thakor,TAN
306,D Sabir (BER),25,19,4,206,46,13.73,182,113.18,0,0,4,16,4,D Sabir,BER
307,Sumeet Verma (UGA),5,5,1,206,88,51.5,134,153.73,0,1,0,7,16,Sumeet Verma,UGA
308,SKS Gill (LUX),11,11,2,205,47,22.77,199,103.01,0,0,2,18,4,SKS Gill,LUX
309,DM de Silva (SL),11,11,0,204,37,18.54,166,122.89,0,0,0,18,7,DM de Silva,SL
310,C Munoz-Mills (ESP),22,15,10,204,33*,40.8,146,139.72,0,0,0,17,9,C Munoz-Mills,ESP
311,NRJ Croes (NED),18,14,4,203,52*,20.3,161,126.08,0,1,0,17,1,NRJ Croes,NED
312,AA Navicha (MOZ),20,16,5,202,36,18.36,204,99.01,0,0,1,11,10,AA Navicha,MOZ
313,L Siaka (PNG),14,12,2,202,55,20.2,176,114.77,0,1,0,13,4,L Siaka,PNG
314,S Vijay Unni (MAS),31,19,4,202,38,13.46,230,87.82,0,0,0,15,4,S Vijay Unni,MAS
315,S Kaveri (Mex),16,14,3,200,46*,18.18,262,76.33,0,0,1,12,0,S Kaveri,Mex
316,S Singh (KENYA),20,17,1,199,41,12.43,217,91.7,0,0,2,22,0,S Singh,KENYA
317,Taranjit Singh (CYP),8,8,2,199,55,33.16,83,239.75,0,1,0,14,18,Taranjit Singh,CYP
318,A Kheterpal (HUN),11,11,4,198,42,28.28,171,115.78,0,0,2,23,4,A Kheterpal,HUN
319,A Natubhai Ahir (PAN),16,15,0,198,51,13.2,209,94.73,0,1,2,12,10,A Natubhai Ahir,PAN
320,SP Krishnamurthi (USA),13,9,3,196,68*,32.66,137,143.06,0,1,1,11,12,SP Krishnamurthi,USA
321,Rafiullah (OMA),18,15,1,194,32,13.85,108,179.62,0,0,3,7,20,Rafiullah,OMA
322,MP Ainsworth (HUN),11,11,2,193,50*,21.44,240,80.41,0,1,0,10,3,MP Ainsworth,HUN
323,Imad Wasim (PAK),14,12,4,193,64*,24.12,177,109.03,0,1,0,18,3,Imad Wasim,PAK
324,A Ashokan (CZK-R),11,10,3,192,45*,27.42,166,115.66,0,0,0,6,10,A Ashokan,CZK-R
325,Harmeet Singh (USA),23,18,3,192,38,12.8,137,140.14,0,0,4,9,12,Harmeet Singh,USA
326,R Obuya (UGA),8,8,3,192,58*,38.4,178,107.86,0,1,0,7,11,R Obuya,UGA
327,S Samarawickrama (SL),9,8,1,192,61*,27.42,157,122.29,0,2,1,21,2,S Samarawickrama,SL
328,Shahid Arshad (SVN),16,16,1,192,28*,12.8,229,83.84,0,0,2,12,7,Shahid Arshad,SVN
329,N Tanner (PHI),18,17,2,192,29,12.8,234,82.05,0,0,1,6,5,N Tanner,PHI
330,Washington Sundar (IND),14,10,2,191,50,23.87,148,129.05,0,1,1,15,10,Washington Sundar,IND
331,D Parashar (UAE),24,20,8,190,32,15.83,192,98.95,0,0,1,7,6,D Parashar,UAE
332,V Zimonjic (SRB),22,16,5,190,34,17.27,189,100.52,0,0,1,15,4,V Zimonjic,SRB
333,Irfan Khan (PAK),13,11,4,189,37*,27,140,135,0,0,1,20,7,Irfan Khan,PAK
334,RB Patel (UGA),7,7,2,189,61*,37.8,153,123.52,0,1,0,26,2,RB Patel,UGA
335,TLW Cooper (NED),13,13,1,188,81*,15.66,155,121.29,0,1,1,20,3,TLW Cooper,NED
336,SY Nihute (MWI),17,15,3,187,40*,15.58,239,78.24,0,0,1,13,0,SY Nihute,MWI
337,Sahir Naqash (GER),14,11,4,187,51*,26.71,134,139.55,0,1,2,17,4,Sahir Naqash,GER
338,DA Blignaut (GER),16,14,3,186,43,16.9,194,95.87,0,0,1,8,9,DA Blignaut,GER
339,A Kirschbaum (Arg),17,15,3,186,35*,15.5,209,88.99,0,0,0,14,2,A Kirschbaum,Arg
340,W Madhevere (ZIM),21,18,4,186,35*,13.28,163,114.11,0,0,0,13,5,W Madhevere,ZIM
341,TW Nightingale (GUE),10,10,0,186,40,18.6,156,119.23,0,0,0,16,4,TW Nightingale,GUE
342,Lokesh Bam (NEP),14,11,4,185,39*,26.42,112,165.17,0,0,0,12,14,Lokesh Bam,NEP
343,M Podosky (PHI),15,15,3,185,41,15.41,180,102.77,0,0,5,10,11,M Podosky,PHI
344,J Tuffin (PHI),14,13,4,185,32*,20.55,180,102.77,0,0,0,11,4,J Tuffin,PHI
345,CN Kakuru (UGA),24,19,2,184,38,10.82,189,97.35,0,0,3,17,1,CN Kakuru,UGA
346,JS Kundi (KENYA),16,16,5,183,31*,16.63,162,112.96,0,0,2,8,10,JS Kundi,KENYA
347,Abhishek Ahuja (HUN),10,10,0,182,61,18.2,156,116.66,0,1,3,14,9,Abhishek Ahuja,HUN
348,IA Karim (KENYA),16,10,5,182,35*,36.4,196,92.85,0,0,0,13,0,IA Karim,KENYA
349,J Miyagi (UGA),18,16,1,182,29,12.13,156,116.66,0,0,1,4,10,J Miyagi,UGA
350,AJ Mosca (ITA),9,8,0,182,78,22.75,160,113.75,0,1,1,15,3,AJ Mosca,ITA
351,M Simpson-Parker (AUT),9,7,4,182,63*,60.66,123,147.96,0,2,0,14,8,M Simpson-Parker,AUT
352,Thuya Aung (MYAN),21,21,3,182,29*,10.11,304,59.86,0,0,3,12,2,Thuya Aung,MYAN
353,Festus Benn (BHM),15,14,5,181,39*,20.11,233,77.68,0,0,1,16,1,Festus Benn,BHM
354,F Damiao Couana (MOZ),9,9,3,180,76*,30,150,120,0,1,2,19,6,F Damiao Couana,MOZ
355,Ritik Tomar (CZK-R),17,16,4,180,38,15,128,140.62,0,0,2,15,7,Ritik Tomar,CZK-R
356,DC Smith (PHI),14,13,1,180,35,15,200,90,0,0,1,11,5,DC Smith,PHI
357,F Banunaek (INA),30,12,1,179,45,16.27,200,89.5,0,0,1,15,0,F Banunaek,INA
358,Lakshit Gupta (CAM),13,13,2,179,39,16.27,154,116.23,0,0,1,13,10,Lakshit Gupta,CAM
359,BAD Manenti (ITA),7,6,1,179,60,35.8,117,152.99,0,2,0,13,10,BAD Manenti,ITA
360,GP Meade (ITA),17,13,5,179,59*,22.37,143,125.17,0,1,2,14,6,GP Meade,ITA
361,MJ Owen (AUS),14,11,1,179,50,17.9,121,147.93,0,1,1,7,14,MJ Owen,AUS
362,Sazib Bhuiyan (CZK-R),16,13,2,179,56,16.27,149,120.13,0,1,1,15,9,Sazib Bhuiyan,CZK-R
363,RA Sealy (CAY),16,14,0,179,47,12.78,175,102.28,0,0,1,14,4,RA Sealy,CAY
364,S Thanikaithasan (DEN),13,11,0,179,52,16.27,161,111.18,0,1,1,10,6,S Thanikaithasan,DEN
365,Anoop Orsu (LUX),20,19,2,177,33*,10.41,169,104.73,0,0,6,14,7,Anoop Orsu,LUX
366,Mohamed Azzam (MDV),22,20,2,176,25,9.77,244,72.13,0,0,4,9,1,Mohamed Azzam,MDV
367,E Niyomugabo (RWN),32,31,2,176,22,6.06,229,76.85,0,0,6,6,6,E Niyomugabo,RWN
368,R Trumpelmann (NAM),24,16,5,176,46,16,127,138.58,0,0,2,12,11,R Trumpelmann,NAM
369,R Abdulkareem (NGA),23,18,3,175,39,11.66,222,78.82,0,0,2,11,7,R Abdulkareem,NGA
370,C Hartmann (IOM),16,16,2,175,39,12.5,169,103.55,0,0,5,12,4,C Hartmann,IOM
371,D Johnson (SUI),13,12,2,175,55,17.5,152,115.13,0,1,1,16,5,D Johnson,SUI
372,H Kaushik (UAE),17,16,5,175,44*,15.9,146,119.86,0,0,2,5,13,H Kaushik,UAE
373,S Veerapathiran (BHR),22,19,7,175,33*,14.58,152,115.13,0,0,2,11,9,S Veerapathiran,BHR
374,S Gill (KENYA),14,12,4,174,47*,21.75,133,130.82,0,0,0,8,7,S Gill,KENYA
375,J Jemison (BHM),25,23,4,174,25*,9.15,251,69.32,0,0,5,9,1,J Jemison,BHM
376,NM Odhiambo (KENYA),22,14,3,174,50,15.81,176,98.86,0,1,2,8,5,NM Odhiambo,KENYA
377,NMS Param (SGP),8,8,1,174,54,24.85,157,110.82,0,1,1,14,4,NMS Param,SGP
378,A Sokovagone (Fiji),6,6,0,174,62,29,129,134.88,0,1,0,10,12,A Sokovagone,Fiji
379,G Burrows (IOM),8,8,2,173,52,28.83,172,100.58,0,1,1,12,1,G Burrows,IOM
380,Syed Haider (UAE),18,13,3,173,47,17.3,157,110.19,0,0,1,11,7,Syed Haider,UAE
381,Adam Senn (CYP),10,9,5,172,66*,43,122,140.98,0,2,1,12,8,Adam Senn,CYP
382,N Chejay (BHU),15,15,2,172,50*,13.23,222,77.47,0,1,3,14,2,N Chejay,BHU
383,LN Oluoch (KENYA),28,14,4,171,32,17.1,128,133.59,0,0,1,16,6,LN Oluoch,KENYA
384,P Murungi (UGA),19,16,3,171,24,13.15,144,118.75,0,0,1,14,7,P Murungi,UGA
385,J Liyanage (SL),13,12,5,170,41*,24.28,158,107.59,0,0,1,13,3,J Liyanage,SL
386,AT Nidamanuru (NED),18,13,0,170,35,13.07,162,104.93,0,0,3,5,8,AT Nidamanuru,NED
387,D Wheatley (BHM),22,22,5,170,32*,10,196,86.73,0,0,4,12,5,D Wheatley,BHM
388,GE Ngegba (SLE),8,8,3,169,72*,33.8,152,111.18,0,1,1,13,2,GE Ngegba,SLE
389,Samiullah Rahmani (SWE),11,9,0,169,50,18.77,116,145.68,0,1,2,14,12,Samiullah Rahmani,SWE
390,Arslan Amjad (EST),8,8,0,168,64,21,129,130.23,0,1,1,9,10,Arslan Amjad,EST
391,R Sharma (SGP),8,8,5,168,39,56,116,144.82,0,0,0,12,8,R Sharma,SGP
392,Babar Azam (PAK),8,7,1,167,50*,27.83,142,117.6,0,1,0,11,3,Babar Azam,PAK
393,R Coker (SLE),17,17,1,167,53*,10.43,244,68.44,0,1,1,10,3,R Coker,SLE
394,W Niyitanga (RWN),12,12,1,167,35,15.18,197,84.77,0,0,1,7,6,W Niyitanga,RWN
395,Ali Nayyer (SUI),17,13,5,167,29*,20.87,147,113.6,0,0,2,7,5,Ali Nayyer,SUI
396,Aman Desai (SGP),11,10,1,166,30,18.44,146,113.69,0,0,0,14,3,Aman Desai,SGP
397,HS Gericke (MLT),7,7,0,166,67,23.71,98,169.38,0,1,0,12,7,HS Gericke,MLT
398,AB Kamara (SLE),10,10,1,166,43*,18.44,153,108.49,0,0,2,6,8,AB Kamara,SLE
399,Faisal Raza (NOR),13,12,2,165,37*,16.5,155,106.45,0,0,2,10,5,Faisal Raza,NOR
400,CN Greaves (SCOT),18,13,8,165,37,33,139,118.7,0,0,0,13,4,CN Greaves,SCOT
401,H Jangariya (SWZ),7,6,1,165,54,33,115,143.47,0,1,0,18,8,H Jangariya,SWZ
402,S Maduranga (SKOR),9,9,2,165,51*,23.57,165,100,0,1,0,18,4,S Maduranga,SKOR
403,C Dickson (COK),15,13,3,164,30*,16.4,197,83.24,0,0,0,10,3,C Dickson,COK
404,Kazim Somani (MWI),15,14,5,164,31,18.22,192,85.41,0,0,1,14,1,Kazim Somani,MWI
405,M Vandrasi (CZK-R),8,8,2,164,42*,27.33,156,105.12,0,0,1,17,1,M Vandrasi,CZK-R
406,S Mathur (HKG),12,11,0,163,39,14.81,178,91.57,0,0,1,10,3,S Mathur,HKG
407,Rohan Mustafa (UAE),7,6,2,163,54,40.75,140,116.42,0,1,1,12,2,Rohan Mustafa,UAE
408,Noman Amjad (Fran),14,13,4,162,27,18,142,114.08,0,0,0,9,4,Noman Amjad,Fran
409,Saeed Ahmed (SWE),15,11,2,162,73*,18,126,128.57,0,1,2,10,8,Saeed Ahmed,SWE
410,Irfan Hafejee (PAN),10,9,1,161,35*,20.12,195,82.56,0,0,1,15,4,Irfan Hafejee,PAN
411,KTK Rodrigo (MDV),7,7,0,161,71,23,169,95.26,0,1,0,17,1,KTK Rodrigo,MDV
412,Fayaz Khan (GER),13,12,2,160,64,16,90,177.77,0,1,4,9,15,Fayaz Khan,GER
413,Mosaddek Hossain (BAN),15,14,3,160,48*,14.54,130,123.07,0,0,3,13,4,Mosaddek Hossain,BAN
414,Omar Rassol (BUL),13,13,2,159,61,14.45,147,108.16,0,1,1,12,9,Omar Rassol,BUL
415,Sachin Mandy (GER),13,11,2,158,50*,17.55,124,127.41,0,2,2,9,12,Sachin Mandy,GER
416,A Turkmen (TKY),9,9,2,158,51*,22.57,137,115.32,0,2,0,12,8,A Turkmen,TKY
417,K Nestor (GIBR),16,15,3,157,35,13.08,142,110.56,0,0,3,15,7,K Nestor,GIBR
418,Mahedi Hasan (BAN),24,15,2,155,33,11.92,164,94.51,0,0,3,11,5,Mahedi Hasan,BAN
419,V Balakrishnan (BOT),13,13,1,154,50,12.83,169,91.12,0,1,0,12,2,V Balakrishnan,BOT
420,SA Engelbrecht (NED),6,6,0,154,48,25.66,129,119.37,0,0,0,10,6,SA Engelbrecht,NED
421,A Mutreja (SGP),9,8,0,154,77,19.25,123,125.2,0,1,2,8,8,A Mutreja,SGP
422,WL Madsen (ITA),5,5,1,153,61*,38.25,124,123.38,0,1,0,16,2,WL Madsen,ITA
423,Yasar Haroon (BRA),12,12,1,153,47,13.9,180,85,0,0,2,13,4,Yasar Haroon,BRA
424,L Hermida (Mex),11,11,2,152,37,16.88,188,80.85,0,0,0,8,0,L Hermida,Mex
425,JM Sharma (IND),14,11,2,152,35,16.88,102,149.01,0,0,1,16,6,JM Sharma,IND
426,M Shumba (ZIM),15,14,3,152,29*,13.81,156,97.43,0,0,0,7,3,M Shumba,ZIM
427,LB Ferbrache (GUE),17,14,3,151,28,13.72,183,82.51,0,0,3,4,1,LB Ferbrache,GUE
428,MDKJ Perera (SL),9,8,1,151,46*,21.57,120,125.83,0,0,0,12,4,MDKJ Perera,SL
429,Shan Masood (PAK),9,7,3,151,65*,37.75,115,131.3,0,1,0,8,5,Shan Masood,PAK
430,STRA de Silva (SEY),10,9,3,150,46*,25,170,88.23,0,0,0,9,1,STRA de Silva,SEY
431,Nasrulla Rana (HKG),17,14,7,150,36*,21.42,119,126.05,0,0,1,12,6,Nasrulla Rana,HKG
432,SD Hope (WI),8,8,2,149,43*,24.83,113,131.85,0,0,1,9,7,SD Hope,WI
433,Mohammed Irshad (QAT),12,12,3,149,25,16.55,137,108.75,0,0,1,4,10,Mohammed Irshad,QAT
434,D Ndikubwimana (RWN),16,14,1,149,30,11.46,225,66.22,0,0,0,7,1,D Ndikubwimana,RWN
435,Habib Khan (EST),7,5,0,148,51,29.6,108,137.03,0,1,0,6,10,Habib Khan,EST
436,K Irakoze (RWN),24,21,1,147,34,7.35,141,104.25,0,0,6,6,9,K Irakoze,RWN
437,Kalhan Challu (HKG),8,8,2,147,45,24.5,113,130.08,0,0,0,10,3,Kalhan Challu,HKG
438,Kamran Ahmadzai (Fran),7,7,1,147,56,24.5,83,177.1,0,1,0,11,10,Kamran Ahmadzai,Fran
439,V Mbazo (BOT),21,19,3,146,35,9.12,169,86.39,0,0,3,6,6,V Mbazo,BOT
440,W Miyauchi (JPN),14,13,3,146,37*,14.6,174,83.9,0,0,0,8,0,W Miyauchi,JPN
441,M Stanikzai (SUI),12,10,2,146,35,18.25,118,123.72,0,0,0,12,5,M Stanikzai,SUI
442,DC Stovell (BER),7,6,4,146,49*,73,128,114.06,0,0,0,6,3,DC Stovell,BER
443,R Sakurano-Thomas (JPN),12,11,2,145,39,16.11,144,100.69,0,0,1,7,2,R Sakurano-Thomas,JPN
444,C Chatphaisan (THA),18,17,1,144,25,9,173,83.23,0,0,4,7,3,C Chatphaisan,THA
445,K Hinds (BHM),12,12,0,144,60,12,159,90.56,0,1,2,9,9,K Hinds,BHM
446,Asif Ali (PAK),18,16,3,143,25*,11,108,132.4,0,0,2,9,8,Asif Ali,PAK
447,ROC Dunka (CAY),19,16,2,143,35,10.21,143,100,0,0,1,7,5,ROC Dunka,CAY
448,V Aravind (UAE),9,8,1,142,40,20.28,142,100,0,0,0,8,3,V Aravind,UAE
449,RA Herman (SA),5,4,0,142,63,35.5,99,143.43,0,1,0,11,6,RA Herman,SA
450,HV Mandhyan (HUN),11,11,1,142,41,14.2,132,107.57,0,0,1,7,6,HV Mandhyan,HUN
451,VS Padhaal (FIN),10,10,2,142,32*,17.75,149,95.3,0,0,0,7,5,VS Padhaal,FIN
452,YI Patel (KUW),16,10,1,142,40,15.77,166,85.54,0,0,1,5,4,YI Patel,KUW
453,SS Ranjane (USA),4,4,2,141,51,70.5,78,180.76,0,1,0,9,8,SS Ranjane,USA
454,U Aryaman Sunil (SGP),16,16,3,140,36*,10.76,115,121.73,0,0,2,7,10,U Aryaman Sunil,SGP
455,B Ito-Davis (JPN),13,11,3,140,47*,17.5,130,107.69,0,0,1,7,5,B Ito-Davis,JPN
456,Jassim Khan (QAT),11,10,3,140,31*,20,101,138.61,0,0,1,7,10,Jassim Khan,QAT
457,Muhammad Amir (MAS),23,18,2,140,23,8.75,169,82.84,0,0,0,9,2,Muhammad Amir,MAS
458,D Myers (ZIM),9,6,2,140,65*,35,118,118.64,0,1,1,13,3,D Myers,ZIM
459,T Rossi (Arg),12,10,1,140,46,15.55,144,97.22,0,0,0,9,5,T Rossi,Arg
460,K Tathgur (CAN),12,9,2,139,53*,19.85,114,121.92,0,1,1,6,8,K Tathgur,CAN
461,Mehran Khan (OMA),17,16,3,138,24,10.61,134,102.98,0,0,1,8,6,Mehran Khan,OMA
462,Salvin Stanly (CAM),15,13,3,138,25*,13.8,133,103.75,0,0,0,7,7,Salvin Stanly,CAM
463,E Solomon (ISR),5,5,2,138,59*,46,133,103.75,0,1,0,12,0,E Solomon,ISR
464,Saif Hassan (BAN),6,5,2,137,50*,45.66,123,111.38,0,1,0,4,9,Saif Hassan,BAN
465,JM Vujnovich (CRT),10,10,1,137,38,15.22,196,69.89,0,0,0,9,1,JM Vujnovich,CRT
466,L Denny (COK),15,11,1,135,45,13.5,138,97.82,0,0,0,10,1,L Denny,COK
467,C Wright (CAY),14,11,4,135,50,19.28,117,115.38,0,1,2,5,7,C Wright,CAY
468,ZM Tribe (JER),10,10,4,135,43*,22.5,122,110.65,0,0,0,10,2,ZM Tribe,JER
469,Mohammad Aadil Alam (NEP),11,11,1,134,31,13.4,92,145.65,0,0,0,9,8,Mohammad Aadil Alam,NEP
470,LA Burns (ESP),14,10,2,133,47,16.62,114,116.66,0,0,1,13,2,LA Burns,ESP
471,Saad Khan (KSA),9,8,0,133,69,16.62,123,108.13,0,1,2,11,5,Saad Khan,KSA
472,S Vashisht (ROM),12,9,2,133,36,19,124,107.25,0,0,0,12,4,S Vashisht,ROM
473,Khin Aye (MYAN),20,18,5,132,24*,10.15,249,53.01,0,0,1,7,2,Khin Aye,MYAN
474,Mohammad Haris (PAK),12,12,0,132,31,11,115,114.78,0,0,1,9,4,Mohammad Haris,PAK
475,Sohaib Khan (UAE),4,4,0,132,68,33,91,145.05,0,2,0,10,9,Sohaib Khan,UAE
476,Yaseer Nazeer (BHR),11,11,2,132,41*,14.66,130,101.53,0,0,1,10,6,Yaseer Nazeer,BHR
477,Ismaila Tamba (GMB),11,11,2,131,43,14.55,110,119.09,0,0,0,15,4,Ismaila Tamba,GMB
478,H Lin Aung (MYAN),21,20,1,131,21*,6.89,217,60.36,0,0,4,7,7,H Lin Aung,MYAN
479,MR Adair (IRE),13,10,3,130,31*,18.57,94,138.29,0,0,1,7,9,MR Adair,IRE
480,S Pillai (CRC),12,10,0,130,43,13,161,80.74,0,0,1,17,1,S Pillai,CRC
481,MPS Cheema (AUT),12,11,3,129,33,16.12,112,115.17,0,0,0,12,2,MPS Cheema,AUT
482,Mohamed Rishwan (MDV),10,9,1,129,38*,16.12,152,84.86,0,0,2,12,3,Mohamed Rishwan,MDV
483,S Nadigotla (ROM),10,8,0,129,29,16.12,104,124.03,0,0,0,11,5,S Nadigotla,ROM
484,BM Pecic (SRB),10,10,1,129,36,14.33,159,81.13,0,0,0,6,4,BM Pecic,SRB
485,Zahir Mohammed (HUN),18,17,0,129,23,7.58,126,102.38,0,0,4,8,7,Zahir Mohammed,HUN
486,S Desungnoen (THA),11,11,2,128,26,14.22,156,82.05,0,0,1,10,2,S Desungnoen,THA
487,Eric Phiri (SWZ),11,11,1,128,44*,12.8,141,90.78,0,0,0,15,3,Eric Phiri,SWZ
488,AM Hardie (AUS),12,8,2,128,28*,21.33,105,121.9,0,0,0,12,4,AM Hardie,AUS
489,A Kadowaki Fleming (JPN),3,3,1,127,65*,63.5,79,160.75,0,1,0,10,2,A Kadowaki Fleming,JPN
490,N Nuntarach (THA),25,19,3,127,20,7.93,200,63.5,0,0,5,7,0,N Nuntarach,THA
491,Waseem Yaqoob (LES),12,12,1,127,50,11.54,151,84.1,0,1,2,7,7,Waseem Yaqoob,LES
492,Yasir Ali (BAN),10,10,2,127,42*,15.87,89,142.69,0,0,0,12,5,Yasir Ali,BAN
493,NR Kumar (USA),10,9,2,126,36,18,107,117.75,0,0,1,7,4,NR Kumar,USA
494,Mehboob Ali (MLT),5,5,0,126,58,25.2,63,200,0,2,1,9,12,Mehboob Ali,MLT
495,MV Pavlovic (SRB),17,16,3,126,36*,9.69,163,77.3,0,0,2,10,3,MV Pavlovic,SRB
496,DJ Hooda (IND),16,12,4,125,41*,15.62,103,121.35,0,0,2,6,6,DJ Hooda,IND
497,JJ Huo (MOZ),10,9,5,125,28*,31.25,98,127.55,0,0,2,10,4,JJ Huo,MOZ
498,Sufyan Mehmood (OMA),9,8,1,125,37,17.85,171,73.09,0,0,0,4,3,Sufyan Mehmood,OMA
499,Aayan Afzal Khan (UAE),14,8,1,124,42,17.71,126,98.41,0,0,1,11,1,Aayan Afzal Khan,UAE
500,Meet Bhavsar (KUW),6,6,1,124,42,24.8,107,115.88,0,0,1,8,6,Meet Bhavsar,KUW
501,Ikramullah Khan (QAT),14,10,3,124,53,17.71,100,124,0,1,1,12,4,Ikramullah Khan,QAT
502,E Rukiriza (RWN),27,22,4,124,18*,6.88,148,83.78,0,0,3,8,3,E Rukiriza,RWN
503,Basir Ahamad (NEP),4,3,1,123,80,61.5,90,136.66,0,1,0,10,4,Basir Ahamad,NEP
504,J Campbell (ZIM),9,9,1,123,45,15.37,101,121.78,0,0,1,8,7,J Campbell,ZIM
505,Hassan Rasheed (MDV),17,13,0,123,27,9.46,144,85.41,0,0,3,8,4,Hassan Rasheed,MDV
506,CP Rizwan (UAE),8,7,1,123,51*,20.5,112,109.82,0,1,0,7,2,CP Rizwan,UAE
507,Abrar Bilal (AUT),10,8,1,122,36,17.42,129,94.57,0,0,0,10,2,Abrar Bilal,AUT
508,DK Anefie (GHA),20,17,0,122,33,7.17,125,97.6,0,0,7,3,7,DK Anefie,GHA
509,BF Calitz (IRE),9,9,2,122,26*,17.42,89,137.07,0,0,0,7,6,BF Calitz,IRE
510,Umair Sharif (KSA),7,7,2,122,44*,24.4,102,119.6,0,0,0,7,6,Umair Sharif,KSA
511,JD Allan (VAN),10,9,0,121,36,13.44,122,99.18,0,0,0,10,1,JD Allan,VAN
512,AR Bisht (OMA),6,5,0,121,34,24.2,123,98.37,0,0,0,6,3,AR Bisht,OMA
513,G Gune (SGP),10,10,1,121,46,13.44,115,105.21,0,0,0,10,2,G Gune,SGP
514,M Beitaki (Fiji),10,10,2,120,33*,15,87,137.93,0,0,1,7,8,M Beitaki,Fiji
515,MT Renshaw (AUS),6,5,0,120,65,24,99,121.21,0,1,0,8,2,MT Renshaw,AUS
516,W Wotu (VAN),13,13,3,120,25*,12,106,113.2,0,0,4,4,10,W Wotu,VAN
517,T Martin (LUX),6,6,0,119,35,19.83,80,148.75,0,0,0,11,4,T Martin,LUX
518,K Motlhanka (BOT),3,3,1,119,84,59.5,86,138.37,0,1,0,21,1,K Motlhanka,BOT
519,Abdul Shakoor (ROM),10,7,1,118,27,19.66,136,86.76,0,0,0,8,1,Abdul Shakoor,ROM
520,KM Awala (GHA),14,13,1,118,23*,9.83,145,81.37,0,0,3,3,3,KM Awala,GHA
521,R Fox (BHM),10,10,5,118,24*,23.6,107,110.28,0,0,1,8,5,R Fox,BHM
522,H Satheedevi (CRT),8,8,1,118,43*,16.85,84,140.47,0,0,0,9,8,H Satheedevi,CRT
523,Shahid Wasif (HKG),10,7,2,118,31,23.6,124,95.16,0,0,0,9,2,Shahid Wasif,HKG
524,M Kasselman (BOT),10,9,2,117,26,16.71,129,90.69,0,0,0,5,3,M Kasselman,BOT
525,Maaz Khan (LES),7,7,1,117,68*,19.5,86,136.04,0,1,2,6,7,Maaz Khan,LES
526,PR Santhanakrishnan (Mex),9,9,1,117,44*,14.62,85,137.64,0,0,1,10,7,PR Santhanakrishnan,Mex
527,LD Chandimal (SL),8,8,1,116,25*,16.57,121,95.86,0,0,0,8,3,LD Chandimal,SL
528,A Davidson Soler (ESP),11,7,2,116,51,23.2,104,111.53,0,1,1,11,0,A Davidson Soler,ESP
529,Haseeb Ghafoor (KSA),10,7,2,116,36,23.2,126,92.06,0,0,1,7,4,Haseeb Ghafoor,KSA
530,Tashi Phuntsho (BHU),11,11,1,116,24*,11.6,176,65.9,0,0,0,4,1,Tashi Phuntsho,BHU
531,MK Thakur (THA),15,12,4,116,22*,14.5,101,114.85,0,0,1,5,7,MK Thakur,THA
532,ARA Chambers (POR),8,8,1,115,33,16.42,131,87.78,0,0,0,10,1,ARA Chambers,POR
533,Qamar Mushtaque (NOR),9,7,2,115,44*,23,122,94.26,0,0,1,9,3,Qamar Mushtaque,NOR
534,K Suttisan (THA),4,4,0,115,73,28.75,91,126.37,0,1,0,10,5,K Suttisan,THA
535,SZ Vayani (MWI),16,16,3,115,30*,8.84,112,102.67,0,0,5,9,4,SZ Vayani,MWI
536,D Heyliger (CAN),13,11,5,114,30,19,62,183.87,0,0,3,2,12,D Heyliger,CAN
537,Ihsanullah Wafa (SWE),5,5,2,114,49*,38,95,120,0,0,0,7,7,Ihsanullah Wafa,SWE
538,LF Muller (BRA),5,5,1,114,57*,28.5,106,107.54,0,1,0,11,3,LF Muller,BRA
539,N Zimonjic (SRB),21,16,2,114,19,8.14,113,100.88,0,0,3,7,6,N Zimonjic,SRB
540,S Burdekin (CYP),5,5,1,113,59,28.25,90,125.55,0,1,0,8,5,S Burdekin,CYP
541,BKB Corbin (CAY),10,9,2,113,34,16.14,86,131.39,0,0,4,10,9,BKB Corbin,CAY
542,Tayyab Tahir (PAK),7,6,1,113,39*,22.6,95,118.94,0,0,0,10,3,Tayyab Tahir,PAK
543,A Venkatesh (SWE),9,9,2,113,35,16.14,130,86.92,0,0,2,7,1,A Venkatesh,SWE
544,G Venkateswaran (LUX),7,6,3,113,37*,37.66,80,141.25,0,0,0,8,7,G Venkateswaran,LUX
545,R Nath (TKY),7,7,1,112,38,18.66,108,103.7,0,0,0,7,6,R Nath,TKY
546,Ismail Ali (MDV),9,8,0,111,33,13.87,91,121.97,0,0,0,5,7,Ismail Ali,MDV
547,D Jakiel (MWI),25,19,9,111,18*,11.1,106,104.71,0,0,1,5,2,D Jakiel,MWI
548,M Campopiano (ITA),14,9,2,109,44,15.57,91,119.78,0,0,1,9,4,M Campopiano,ITA
549,A Parima (COK),6,5,2,109,57,36.33,85,128.23,0,1,0,7,7,A Parima,COK
550,NA Rock (IRE),11,9,0,109,37,12.11,97,112.37,0,0,1,10,3,NA Rock,IRE
551,Umair Qasim (SWZ),17,16,1,109,16,7.26,136,80.14,0,0,1,6,3,Umair Qasim,SWZ
552,A Ferguson (Arg),8,7,5,108,34*,54,115,93.91,0,0,1,10,0,A Ferguson,Arg
553,Afsar Zazai (AFG),5,5,0,107,48,21.4,124,86.29,0,0,0,8,2,Afsar Zazai,AFG
554,Ayaz Dadabhai (Zamb),9,9,2,107,21,15.28,100,107,0,0,0,5,4,Ayaz Dadabhai,Zamb
555,M Gogev (BUL),7,7,0,107,55,15.28,89,120.22,0,1,2,7,6,M Gogev,BUL
556,A Mene-Ejegi (SRB),11,9,1,106,32*,13.25,66,160.6,0,0,2,10,6,A Mene-Ejegi,SRB
557,R Parag (IND),9,6,0,106,34,17.66,70,151.42,0,0,0,3,9,R Parag,IND
558,M Choamba (MWI),20,15,4,105,16*,9.54,142,73.94,0,0,1,5,2,M Choamba,MWI
559,Hamid Safi (AUT),14,9,5,105,24*,26.25,55,190.9,0,0,0,4,11,Hamid Safi,AUT
560,S Loday (BHU),12,10,2,105,19,13.12,136,77.2,0,0,0,7,0,S Loday,BHU
561,Razmal Shigiwal (AUT),5,3,1,105,65*,52.5,53,198.11,0,1,0,6,9,Razmal Shigiwal,AUT
562,Tarun Sharma (SVN),4,4,0,105,43,26.25,74,141.89,0,0,0,4,8,Tarun Sharma,SVN
563,GG Alta (TKY),8,8,0,104,28,13,118,88.13,0,0,0,5,5,GG Alta,TKY
564,P Arora (Mex),5,5,2,104,51*,34.66,116,89.65,0,1,0,11,2,P Arora,Mex
565,WAE Burton (SRB),14,13,3,104,26,10.4,112,92.85,0,0,1,9,3,WAE Burton,SRB
566,JP Kaltapau (VAN),8,8,2,104,31*,17.33,119,87.39,0,0,2,5,2,JP Kaltapau,VAN
567,Shahidullah (AFG),6,5,2,104,49*,34.66,80,130,0,0,1,10,4,Shahidullah,AFG
568,Tafseer Ali (NOR),8,8,1,104,28,14.85,104,100,0,0,0,12,0,Tafseer Ali,NOR
569,Faraaz Mehti Abbas (FIN),6,6,0,103,57,17.16,98,105.1,0,1,1,9,1,Faraaz Mehti Abbas,FIN
570,Mohammad Kamran (ESP),10,9,2,103,52,14.71,96,107.29,0,1,0,8,3,Mohammad Kamran,ESP
571,N Nazmussakib (SKOR),7,7,0,103,31,14.71,104,99.03,0,0,1,11,2,N Nazmussakib,SKOR
572,N Salekar (THA),8,8,1,103,33,14.71,121,85.12,0,0,1,4,1,N Salekar,THA
573,SSM Stanislaus (MLT),10,8,0,103,25,12.87,99,104.04,0,0,1,6,4,SSM Stanislaus,MLT
574,N Acawei (Fiji),4,4,1,102,48*,34,70,145.71,0,0,0,13,3,N Acawei,Fiji
575,Avishka Iroshan (ROM),5,5,0,102,43,20.4,69,147.82,0,0,0,9,6,Avishka Iroshan,ROM
576,Devender Singh (GHA),8,8,1,102,23,14.57,106,96.22,0,0,1,7,2,Devender Singh,GHA
577,H Lin Oo (MYAN),12,11,3,102,38*,12.75,134,76.11,0,0,2,10,0,H Lin Oo,MYAN
578,KK Lin Thu (MYAN),9,8,0,102,40,12.75,145,70.34,0,0,2,8,0,KK Lin Thu,MYAN
579,E Mathew (MLT),11,10,0,102,26,10.2,128,79.68,0,0,0,5,3,E Mathew,MLT
580,Sayed Monib (KUW),11,9,5,102,32*,25.5,56,182.14,0,0,1,9,7,Sayed Monib,KUW
581,Shaik Basha (TAN),9,9,1,102,43,12.75,103,99.02,0,0,0,5,5,Shaik Basha,TAN
582,R Escobar (Arg),7,6,2,101,32,25.25,115,87.82,0,0,0,7,1,R Escobar,Arg
583,S Godara (CAM),7,7,4,101,26*,33.66,65,155.38,0,0,2,5,9,S Godara,CAM
584,KA Pollard (WI),8,7,5,101,41*,50.5,78,129.48,0,0,0,8,3,KA Pollard,WI
585,Saghar Manzoor (CRT),8,8,1,101,32*,14.42,118,85.59,0,0,0,10,3,Saghar Manzoor,CRT
586,SPD Smith (AUS),9,8,2,101,37*,16.83,87,116.09,0,0,0,10,2,SPD Smith,AUS
587,AWJ Auguste (WI),6,5,0,100,50,20,77,129.87,0,1,0,5,7,AWJ Auguste,WI
588,TC Barker (LUX),3,3,1,100,66,50,61,163.93,0,1,0,10,6,TC Barker,LUX
589,GC Murtaza (CAM),16,10,1,100,28,11.11,120,83.33,0,0,1,9,3,GC Murtaza,CAM
590,A Osei (GHA),10,8,0,100,41,12.5,116,86.2,0,0,1,8,0,A Osei,GHA
591,Faheem Nellancheri (FIN),7,7,0,99,44,14.14,74,133.78,0,0,0,10,4,Faheem Nellancheri,FIN
592,Mohammad Ishaq (AFG),7,7,1,99,32,16.5,90,110,0,0,1,11,1,Mohammad Ishaq,AFG
593,Azam Khalil (SWE),9,7,0,98,29,14,82,119.51,0,0,0,6,4,Azam Khalil,SWE
594,ND Laegsgaard (DEN),5,5,3,98,62,49,57,171.92,0,1,1,4,8,ND Laegsgaard,DEN
595,Amjad Sher (FIN),15,15,1,97,25,6.92,92,105.43,0,0,3,4,3,Amjad Sher,FIN
596,VR Iyer (IND),6,4,2,97,35*,48.5,54,179.62,0,0,0,11,4,VR Iyer,IND
597,C Webster (IOM),6,6,0,97,41,16.16,72,134.72,0,0,2,9,4,C Webster,IOM
598,Imran Asif (AUT),6,6,2,96,35*,24,76,126.31,0,0,0,8,5,Imran Asif,AUT
599,Raja Shoaib (SKOR),4,4,2,96,40*,48,99,96.96,0,0,0,4,3,Raja Shoaib,SKOR
600,SKA Awiah (GHA),9,9,2,95,57*,13.57,114,83.33,0,1,3,8,1,SKA Awiah,GHA
601,P Dakainivanua (Fiji),9,9,2,95,39*,13.57,100,95,0,0,1,9,1,P Dakainivanua,Fiji
602,S Grover (CZK-R),7,7,1,95,47,15.83,88,107.95,0,0,1,9,2,S Grover,CZK-R
603,M Shahbaz Butt (NOR),10,7,1,95,45*,15.83,106,89.62,0,0,0,8,0,M Shahbaz Butt,NOR
604,A Yon (STHEL),4,4,0,95,58,23.75,83,114.45,0,1,0,10,1,A Yon,STHEL
605,Ali Zaheer (KUW),7,7,1,94,41,15.66,99,94.94,0,0,0,6,1,Ali Zaheer,KUW
606,AAP Rivero (Arg),10,10,3,94,23*,13.42,91,103.29,0,0,0,5,2,AAP Rivero,Arg
607,Zawar Farid (UAE),12,11,3,94,41,11.75,70,134.28,0,0,2,7,5,Zawar Farid,UAE
608,Amir Khan (MAS),7,5,2,93,38,31,81,114.81,0,0,0,7,3,Amir Khan,MAS
609,JA Burrows (IOM),13,12,2,93,28,9.3,84,110.71,0,0,2,10,0,JA Burrows,IOM
610,Iqbal Mudassir (SKOR),8,8,0,93,46,11.62,91,102.19,0,0,0,4,5,Iqbal Mudassir,SKOR
611,O Harvey (GHA),10,10,0,93,22,9.3,113,82.3,0,0,0,5,2,O Harvey,GHA
612,Rasheed Ali Mamadkhel (SVN),11,11,1,93,37,9.3,81,114.81,0,0,3,5,6,Rasheed Ali Mamadkhel,SVN
613,A Reyes (GIBR),10,7,2,93,44,18.6,115,80.86,0,0,0,9,0,A Reyes,GIBR
614,BS Stephenson (Blz),7,7,2,93,36*,18.6,82,113.41,0,0,0,5,5,BS Stephenson,Blz
615,Baseer Khan (AUT),11,9,3,92,45*,15.33,94,97.87,0,0,0,5,4,Baseer Khan,AUT
616,K Krishnakumar (BUL),5,5,0,92,36,18.4,87,105.74,0,0,0,6,3,K Krishnakumar,BUL
617,Rashid Khan (AFG),16,12,6,92,31*,15.33,59,155.93,0,0,1,3,8,Rashid Khan,AFG
618,BA Stokes (ENG),7,6,2,92,52*,23,89,103.37,0,1,0,5,2,BA Stokes,ENG
619,M Yunusu Issa (TAN),11,11,3,92,29,11.5,82,112.19,0,0,1,6,3,M Yunusu Issa,TAN
620,MW Short (AUS),6,5,1,91,27,22.75,69,131.88,0,0,1,9,2,MW Short,AUS
621,Yasir Ali (ESP),8,6,1,91,44,18.2,103,88.34,0,0,0,6,1,Yasir Ali,ESP
622,Ansar Iqbal (NOR),4,4,1,90,34*,30,62,145.16,0,0,0,11,3,Ansar Iqbal,NOR
623,B Arora (MLT),11,9,2,90,36,12.85,97,92.78,0,0,1,5,5,B Arora,MLT
624,PS Athavale (OMA),6,4,0,90,49,22.5,66,136.36,0,0,0,7,4,PS Athavale,OMA
625,Isa Zaroo (BUL),8,6,0,90,29,15,90,100,0,0,0,9,0,Isa Zaroo,BUL
626,M Khojbariya (SWZ),5,5,2,90,46*,30,71,126.76,0,0,0,11,0,M Khojbariya,SWZ
627,JP Kotze (NAM),10,7,3,90,31,22.5,107,84.11,0,0,0,5,3,JP Kotze,NAM
628,Mohammed Alamgir (SWZ),6,5,2,90,33,30,75,120,0,0,0,5,5,Mohammed Alamgir,SWZ
629,K Nitish Kumar Reddy (IND),4,3,1,90,74,45,50,180,0,1,1,4,8,K Nitish Kumar Reddy,IND
630,NM Salonen (FIN),9,9,1,90,34,11.25,100,90,0,0,0,6,0,NM Salonen,FIN
631,Gurpratap Singh (CYP),5,5,0,89,36,17.8,69,128.98,0,0,0,8,4,Gurpratap Singh,CYP
632,M Jenkinson (FIN),5,5,0,89,34,17.8,79,112.65,0,0,0,5,5,M Jenkinson,FIN
633,NN Odhiambo (KENYA),3,3,0,89,37,29.66,70,127.14,0,0,0,11,2,NN Odhiambo,KENYA
634,Sediqullah Atal (AFG),4,4,0,89,44,22.25,73,121.91,0,0,1,5,3,Sediqullah Atal,AFG
635,Usman Ghani (AFG),3,3,1,89,44*,44.5,87,102.29,0,0,0,7,2,Usman Ghani,AFG
636,Abdul Wahid (KSA),8,8,1,88,27*,12.57,79,111.39,0,0,1,6,3,Abdul Wahid,KSA
637,H Khogiyani (AUT),10,8,3,88,41,17.6,64,137.5,0,0,0,7,6,H Khogiyani,AUT
638,DR Patankar (MLT),9,7,1,88,30*,14.66,84,104.76,0,0,0,10,0,DR Patankar,MLT
639,H Rathod (QAT),11,8,2,88,23,14.66,94,93.61,0,0,0,5,1,H Rathod,QAT
640,IP Swaney (SGP),10,10,1,88,23,9.77,73,120.54,0,0,1,8,4,IP Swaney,SGP
641,CF Tlali (LES),9,9,1,88,38,11,122,72.13,0,0,0,5,2,CF Tlali,LES
642,R Walker (CAY),11,10,2,88,33,11,122,72.13,0,0,0,4,1,R Walker,CAY
643,Amandeep Singh (POR),8,8,2,87,25*,14.5,69,126.08,0,0,1,8,2,Amandeep Singh,POR
644,MFI Assuncao (BRA),10,10,0,87,29,8.7,117,74.35,0,0,2,4,1,MFI Assuncao,BRA
645,AC Douglas (BER),7,6,0,87,43,14.5,68,127.94,0,0,0,6,5,AC Douglas,BER
646,MJ Hay (NZ),11,9,2,87,41*,12.42,68,127.94,0,0,2,5,4,MJ Hay,NZ
647,Javed Maroofkhail (NOR),10,9,2,87,27*,12.42,91,95.6,0,0,2,2,3,Javed Maroofkhail,NOR
648,Mohammad Ahnaff (QAT),6,5,2,87,48*,29,92,94.56,0,0,0,8,0,Mohammad Ahnaff,QAT
649,Usman Khalid (KSA),12,11,4,87,21,12.42,76,114.47,0,0,1,6,4,Usman Khalid,KSA
650,Y Saranonnakkun (THA),14,13,1,87,20,7.25,112,77.67,0,0,4,5,4,Y Saranonnakkun,THA
651,K Doriga (PNG),10,9,1,86,27*,10.75,101,85.14,0,0,2,7,1,K Doriga,PNG
652,AM Kimote (TAN),16,9,3,86,32,14.33,80,107.5,0,0,1,5,4,AM Kimote,TAN
653,Haider Ali (PAK),10,10,1,85,31,9.44,69,123.18,0,0,1,7,4,Haider Ali,PAK
654,ZB Lion-Cachet (NED),11,8,0,85,26,10.62,85,100,0,0,1,3,3,ZB Lion-Cachet,NED
655,S Ramakrishnan (CZK-R),4,4,1,85,67*,28.33,70,121.42,0,1,0,7,3,S Ramakrishnan,CZK-R
656,C Sudarsanan (MLT),9,8,1,85,23*,12.14,113,75.22,0,0,0,7,0,C Sudarsanan,MLT
657,AM Tribe (JER),9,8,0,85,26,10.62,110,77.27,0,0,1,8,1,AM Tribe,JER
658,DJ Turkich (CRT),8,8,0,85,29,10.62,99,85.85,0,0,1,9,1,DJ Turkich,CRT
659,Khalid Zahid (SWE),10,8,1,84,20,12,53,158.49,0,0,0,5,5,Khalid Zahid,SWE
660,Imran Ali Butt (BHR),2,2,0,84,62,42,76,110.52,0,1,0,6,3,Imran Ali Butt,BHR
661,C Pengkumta (THA),22,17,1,84,31*,5.25,131,64.12,0,0,4,4,3,C Pengkumta,THA
662,J Stanigze (SWE),6,6,1,84,33,16.8,76,110.52,0,0,0,3,6,J Stanigze,SWE
663,F Campbell (GMB),9,9,0,83,23,9.22,133,62.4,0,0,2,6,1,F Campbell,GMB
664,Muslim Yar (GER),13,6,1,83,27*,16.6,78,106.41,0,0,1,8,3,Muslim Yar,GER
665,Najmul Hossain Shanto (BAN),7,6,2,83,37,20.75,87,95.4,0,0,0,4,1,Najmul Hossain Shanto,BAN
666,Saran Aslam (DEN),9,7,1,83,47,13.83,48,172.91,0,0,1,5,6,Saran Aslam,DEN
667,Tanzeel Sheikh (KENYA),10,8,2,83,30,13.83,66,125.75,0,0,1,3,5,Tanzeel Sheikh,KENYA
668,Anjar Tadarus (INA),15,12,3,82,28*,9.11,97,84.53,0,0,1,6,4,Anjar Tadarus,INA
669,Azam Khan (PAK),11,11,2,82,30*,9.11,59,138.98,0,0,4,5,7,Azam Khan,PAK
670,J Baleicikoibia (Fiji),5,5,0,82,31,16.4,92,89.13,0,0,0,7,1,J Baleicikoibia,Fiji
671,A Prashar (HUN),8,7,1,82,35,13.66,63,130.15,0,0,1,4,5,A Prashar,HUN
672,Shahbaz Badar (BHR),6,6,1,82,44,16.4,84,97.61,0,0,0,4,1,Shahbaz Badar,BHR
673,EC D'Souza (UAE),6,5,0,81,32,16.2,70,115.71,0,0,0,7,1,EC D'Souza,UAE
674,Muhammad Soban (HUN),4,4,0,81,24,20.25,92,88.04,0,0,0,5,0,Muhammad Soban,HUN
675,G Murali (CRC),4,4,1,81,47*,27,116,69.82,0,0,0,6,1,G Murali,CRC
676,Sami Sohail (MWI),2,2,0,81,43,40.5,65,124.61,0,0,0,5,1,Sami Sohail,MWI
677,Sandeep Goud (BHM),7,7,2,81,29*,16.2,78,103.84,0,0,1,6,4,Sandeep Goud,BHM
678,HER Tyler (PHI),10,7,1,81,37,13.5,66,122.72,0,0,0,9,2,HER Tyler,PHI
679,GPK Wijesingha (MDV),4,4,0,81,56,20.25,77,105.19,0,1,0,6,2,GPK Wijesingha,MDV
680,S Ashwathnarayana (HUN),3,3,0,80,52,26.66,64,125,0,1,0,7,5,S Ashwathnarayana,HUN
681,Aslam Khan (MAS),8,8,2,80,26*,13.33,71,112.67,0,0,1,2,7,Aslam Khan,MAS
682,R Mazumder (CYP),5,5,0,80,36,16,67,119.4,0,0,0,7,3,R Mazumder,CYP
683,Mujeeb-ur-Rehman (QAT),5,5,1,80,28,20,75,106.66,0,0,0,7,0,Mujeeb-ur-Rehman,QAT
684,Waqas Ahmad (MLT),8,6,2,80,53*,20,48,166.66,0,1,2,2,7,Waqas Ahmad,MLT
685,J Alegra (PHI),7,6,1,79,27*,15.8,123,64.22,0,0,0,3,0,J Alegra,PHI
686,Avi Dixit (SGP),9,8,0,79,23,9.87,87,90.8,0,0,1,6,0,Avi Dixit,SGP
687,ML Castillo (Blz),4,4,2,79,41*,39.5,75,105.33,0,0,0,5,3,ML Castillo,Blz
688,RW Chakabva (ZIM),6,6,1,79,29,15.8,73,108.21,0,0,1,7,0,RW Chakabva,ZIM
689,YS Chauhan (SWE),3,2,0,79,71,39.5,50,158,0,1,0,12,1,YS Chauhan,SWE
690,Choudry Share Ali (SWE),3,3,1,79,58,39.5,36,219.44,0,1,0,4,8,Choudry Share Ali,SWE
691,Jamshid Nasiri (Fran),4,4,1,79,65*,26.33,62,127.41,0,1,0,6,4,Jamshid Nasiri,Fran
692,A Oxley (Blz),5,4,0,79,31,19.75,126,62.69,0,0,0,2,0,A Oxley,Blz
693,XSD Smith (Sur),3,3,1,79,57*,39.5,43,183.72,0,1,0,5,5,XSD Smith,Sur
694,Waqar Zalmai (AUT),10,6,2,79,23*,19.75,53,149.05,0,0,0,6,6,Waqar Zalmai,AUT
695,Azhar Andani (POR),2,2,1,78,70*,78,66,118.18,0,1,0,9,1,Azhar Andani,POR
696,PK Mohanarangam (Mex),6,5,2,78,33*,26,69,113.04,0,0,1,6,3,PK Mohanarangam,Mex
697,GM Ntambalika (MWI),17,10,2,78,34,9.75,81,96.29,0,0,2,4,2,GM Ntambalika,MWI
698,Omid Mailk Khel (BEL),5,5,1,78,28,19.5,63,123.8,0,0,0,7,3,Omid Mailk Khel,BEL
699,Pargat Singh (CAN),4,4,1,78,61*,26,78,100,0,1,1,9,1,Pargat Singh,CAN
700,Shah Abrar Hussain (CAM),14,8,2,78,30*,13,81,96.29,0,0,1,4,5,Shah Abrar Hussain,CAM
701,Wahidullah Sahak (NOR),6,4,1,78,71*,26,43,181.39,0,1,1,6,4,Wahidullah Sahak,NOR
702,Anshuman Rath (HKG),6,6,1,77,27,15.4,55,140,0,0,0,5,1,Anshuman Rath,HKG
703,EF Beard (IOM),11,9,2,77,33,11,86,89.53,0,0,2,5,2,EF Beard,IOM
704,M Kadyan (BUL),7,6,3,77,50,25.66,46,167.39,0,1,1,10,4,M Kadyan,BUL
705,JS Malhotra (USA),4,4,1,77,58,25.66,57,135.08,0,1,0,2,5,JS Malhotra,USA
706,K Mirpuri (GIBR),7,4,2,77,34*,38.5,51,150.98,0,0,0,8,3,K Mirpuri,GIBR
707,JOP Scamans (FIN),10,9,1,77,22,9.62,82,93.9,0,0,3,7,1,JOP Scamans,FIN
708,GK Berg (ITA),4,2,1,76,39*,76,38,200,0,0,0,6,5,GK Berg,ITA
709,FFZ Nhaduate (MOZ),7,7,1,76,39,12.66,100,76,0,0,1,5,1,FFZ Nhaduate,MOZ
710,Rizwan Mahmood (DEN),4,4,1,76,45,25.33,53,143.39,0,0,0,7,3,Rizwan Mahmood,DEN
711,Shaof Hassan (MDV),7,6,1,76,34,15.2,45,168.88,0,0,1,2,7,Shaof Hassan,MDV
712,Tashi Dorji (BHU),5,5,1,76,39,19,42,180.95,0,0,1,2,8,Tashi Dorji,BHU
713,A Vala (PNG),4,4,1,76,38,25.33,81,93.82,0,0,0,2,3,A Vala,PNG
714,M Dale-Bradley (GUE),8,7,1,75,33,12.5,67,111.94,0,0,0,5,3,M Dale-Bradley,GUE
715,S Koppolu (SVN),7,7,0,75,34,10.71,66,113.63,0,0,1,9,1,S Koppolu,SVN
716,Robert Raina (THA),10,5,0,75,42,15,48,156.25,0,0,1,10,2,Robert Raina,THA
717,Vineet Shah (INA),4,4,0,75,39,18.75,80,93.75,0,0,0,8,1,Vineet Shah,INA
718,Waqar Khan (SVN),7,7,0,75,31,10.71,72,104.16,0,0,2,5,2,Waqar Khan,SVN
719,P Zuze (MWI),15,12,1,75,21,6.81,113,66.37,0,0,0,6,0,P Zuze,MWI
720,Kawsar Khan (BRA),6,6,1,74,28*,14.8,83,89.15,0,0,0,5,2,Kawsar Khan,BRA
721,Y Naing Tun (MYAN),8,8,0,74,25,9.25,114,64.91,0,0,1,5,2,Y Naing Tun,MYAN
722,Abdul-Shakoor Rahimzei (GER),7,5,1,73,30*,18.25,54,135.18,0,0,0,3,4,Abdul-Shakoor Rahimzei,GER
723,M Machado (POR),5,5,1,73,52*,18.25,59,123.72,0,1,0,4,3,M Machado,POR
724,G Motie (WI),6,6,1,73,32,14.6,57,128.07,0,0,1,2,5,G Motie,WI
725,Ameel Mauroof (MDV),9,8,2,72,19*,12,86,83.72,0,0,0,2,1,Ameel Mauroof,MDV
726,DL Brangman (BER),12,7,3,72,32*,18,75,96,0,0,1,5,1,DL Brangman,BER
727,L Bruce (GIBR),2,2,1,72,71*,72,57,126.31,0,1,0,8,1,L Bruce,GIBR
728,L Emilio (MOZ),8,6,3,72,31*,24,73,98.63,0,0,0,8,1,L Emilio,MOZ
729,LM Jongwe (ZIM),8,6,4,72,25*,36,36,200,0,0,0,5,5,LM Jongwe,ZIM
730,PE Kruger (SA),7,5,1,72,44,18,60,120,0,0,0,6,3,PE Kruger,SA
731,M Magagula (SWZ),13,9,1,72,21*,9,100,72,0,0,1,5,0,M Magagula,SWZ
732,JF Smith (SA),6,5,3,72,31,36,54,133.33,0,0,0,7,1,JF Smith,SA
733,DG Blampied (JER),10,7,2,71,29,14.2,69,102.89,0,0,1,6,1,DG Blampied,JER
734,Z Burgess (BER),14,7,3,71,19*,17.75,40,177.5,0,0,1,3,7,Z Burgess,BER
735,JM Cox (ENG),3,2,0,71,55,35.5,53,133.96,0,1,0,6,4,JM Cox,ENG
736,R Hekure (PNG),15,11,1,71,18,7.1,87,81.6,0,0,3,8,0,R Hekure,PNG
737,BJ Jacobs (NZ),5,4,1,71,44*,23.66,64,110.93,0,0,1,3,3,BJ Jacobs,NZ
738,Sikander Billah (BHR),4,4,1,71,33,23.66,49,144.89,0,0,1,8,2,Sikander Billah,BHR
739,RL Vitas (SRB),5,5,4,71,37*,71,91,78.02,0,0,0,6,2,RL Vitas,SRB
740,RDB Ahir (PAN),11,11,1,70,18,7,84,83.33,0,0,3,2,2,RDB Ahir,PAN
741,Esam Rahman (JPN),2,2,1,70,60*,70,58,120.68,0,1,0,2,3,Esam Rahman,JPN
742,AJ Finch (AUS),2,2,0,70,58,35,60,116.66,0,1,0,6,1,AJ Finch,AUS
743,Hassan Khan (GER),4,4,2,70,51*,35,56,125,0,1,1,4,3,Hassan Khan,GER
744,Ibrahim Zadran (AFG),3,3,1,70,29*,35,58,120.68,0,0,0,5,3,Ibrahim Zadran,AFG
745,Natim Hassam (POR),5,4,1,70,28,23.33,74,94.59,0,0,0,6,1,Natim Hassam,POR
746,GR Russ (PHI),9,8,2,70,18,11.66,103,67.96,0,0,1,9,1,GR Russ,PHI
747,Waqar Ul Hassan (KSA),3,3,0,70,34,23.33,53,132.07,0,0,0,5,2,Waqar Ul Hassan,KSA
748,M Whelan (GIBR),7,6,1,70,27,14,59,118.64,0,0,0,6,2,M Whelan,GIBR
749,JJ Atkinson (HKG),4,4,1,69,68*,23,43,160.46,0,1,2,8,3,JJ Atkinson,HKG
750,Khizar Hayat (MAS),11,7,3,69,21,17.25,70,98.57,0,0,1,4,1,Khizar Hayat,MAS
751,NK Tiwari (CYP),5,5,0,69,25,13.8,76,90.78,0,0,0,4,3,NK Tiwari,CYP
752,Umair Tariq (AUT),9,8,1,69,32,9.85,78,88.46,0,0,1,6,0,Umair Tariq,AUT
753,Usman Najeeb (KSA),10,7,2,69,27,13.8,59,116.94,0,0,1,6,3,Usman Najeeb,KSA
754,Zafer Durmaz (TKY),6,6,1,69,49,13.8,50,138,0,0,3,8,2,Zafer Durmaz,TKY
755,ASF Sirah (PHI),8,7,2,68,27,13.6,48,141.66,0,0,1,5,3,ASF Sirah,PHI
756,KU Carty (WI),4,3,1,68,49*,34,42,161.9,0,0,0,5,5,KU Carty,WI
757,Mohammad Ihsan (ESP),2,2,1,68,41*,68,37,183.78,0,0,0,4,5,Mohammad Ihsan,ESP
758,Muhammad Naeem (CAM),6,6,1,68,46*,13.6,76,89.47,0,0,1,4,4,Muhammad Naeem,CAM
759,R Ravindra (NZ),10,8,4,68,26,17,53,128.3,0,0,0,5,2,R Ravindra,NZ
760,PD Salt (ENG),4,4,0,68,57,17,37,183.78,0,1,1,4,5,PD Salt,ENG
761,ED Silva (KUW),4,4,1,68,44*,22.66,27,251.85,0,0,0,3,7,ED Silva,KUW
762,DB Loic (CAM),16,15,3,67,23*,5.58,84,79.76,0,0,3,4,0,DB Loic,CAM
763,AJ Michael (Samoa),6,6,1,67,20,13.4,95,70.52,0,0,0,5,1,AJ Michael,Samoa
764,SM Nash (Samoa),7,7,1,67,21*,11.16,102,65.68,0,0,1,5,1,SM Nash,Samoa
765,AG Weligamage (HUN),5,4,0,67,45,16.75,61,109.83,0,0,0,4,5,AG Weligamage,HUN
766,Yusuf Ebrahim (PAN),7,7,0,67,23,9.57,84,79.76,0,0,0,3,0,Yusuf Ebrahim,PAN
767,Abdul Samad (PAK),5,4,0,66,44,16.5,58,113.79,0,0,0,4,3,Abdul Samad,PAK
768,R Baaleri (GHA),4,4,2,66,24,33,94,70.21,0,0,0,2,0,R Baaleri,GHA
769,AJ Hosein (WI),6,6,1,66,25,13.2,69,95.65,0,0,0,3,4,AJ Hosein,WI
770,M Koli (ROM),7,5,0,66,24,13.2,49,134.69,0,0,0,8,1,M Koli,ROM
771,Nimish Lathief (KUW),6,6,1,66,18,13.2,95,69.47,0,0,0,6,0,Nimish Lathief,KUW
772,R Sandeep (SWZ),7,7,2,66,24,13.2,69,95.65,0,0,1,5,3,R Sandeep,SWZ
773,S Rungrueang (THA),12,12,4,66,25,8.25,94,70.21,0,0,2,1,3,S Rungrueang,THA
774,MTMMJ Ave (COK),5,5,0,65,24,13,93,69.89,0,0,0,4,2,MTMMJ Ave,COK
775,TC Bruce (SCOT),4,4,0,65,35,16.25,54,120.37,0,0,0,2,3,TC Bruce,SCOT
776,K Kadowaki-Fleming (JPN),1,1,0,65,65,65,54,120.37,0,1,0,2,4,K Kadowaki-Fleming,JPN
777,Luke Ward (IOM),4,4,2,65,17*,32.5,63,103.17,0,0,0,3,1,Luke Ward,IOM
778,LA Musiani (Arg),4,4,1,65,44*,21.66,65,100,0,0,0,0,1,LA Musiani,Arg
779,Namgay Thinley (BHU),11,10,3,65,17,9.28,118,55.08,0,0,0,2,0,Namgay Thinley,BHU
780,VE Tembo (MOZ),8,8,2,65,28*,10.83,52,125,0,0,4,11,0,VE Tembo,MOZ
781,Ali Nawaz (HUN),5,5,0,64,36,12.8,66,96.96,0,0,1,3,2,Ali Nawaz,HUN
782,R Ankad (Mex),7,7,1,64,20*,10.66,102,62.74,0,0,0,5,0,R Ankad,Mex
783,Irshad Mubbashar (KSA),4,4,0,64,21,16,75,85.33,0,0,0,2,2,Irshad Mubbashar,KSA
784,P Pushparajan (MLT),2,2,0,64,35,32,49,130.61,0,0,0,7,1,P Pushparajan,MLT
785,G Chohan (PHI),8,6,1,63,22,12.6,58,108.62,0,0,0,5,2,G Chohan,PHI
786,MD Gunathilaka (SL),6,6,0,63,33,10.5,55,114.54,0,0,1,7,2,MD Gunathilaka,SL
787,R Hashu (POR),7,5,3,63,27*,31.5,41,153.65,0,0,0,1,4,R Hashu,POR
788,OJ Herrington (BEL),4,4,1,63,44*,21,62,101.61,0,0,0,1,5,OJ Herrington,BEL
789,D Johnson (CAY),5,5,1,63,44,15.75,41,153.65,0,0,1,1,6,D Johnson,CAY
790,AA Rahayu (INA),11,7,2,63,23*,12.6,74,85.13,0,0,0,5,1,AA Rahayu,INA
791,Shahzeb Afridi (QAT),5,5,3,63,35*,31.5,36,175,0,0,0,2,6,Shahzeb Afridi,QAT
792,RJ Hatchman (GIBR),6,5,0,62,32,12.4,46,134.78,0,0,0,4,3,RJ Hatchman,GIBR
793,BA King (WI),1,1,1,62,62*,0,48,129.16,0,1,0,6,1,BA King,WI
794,II Selemani (TAN),2,2,0,62,59,31,34,182.35,0,1,0,2,6,II Selemani,TAN
795,R Baruah (EST),4,4,2,61,48,30.5,36,169.44,0,0,0,4,4,R Baruah,EST
796,SW Billings (ENG),4,4,1,61,41,20.33,43,141.86,0,0,0,2,4,SW Billings,ENG
797,W Boshoff (SWE),11,8,0,61,16,7.62,82,74.39,0,0,1,4,0,W Boshoff,SWE
798,YP Dayal (Sur),6,6,0,61,18,10.16,83,73.49,0,0,0,2,0,YP Dayal,Sur
799,AF Ifill (CAY),8,7,1,61,25,10.16,96,63.54,0,0,1,3,0,AF Ifill,CAY
800,N Mugabe (KENYA),4,3,1,61,56*,30.5,51,119.6,0,1,0,4,1,N Mugabe,KENYA
801,BA Pai (GIBR),4,3,0,61,31,20.33,69,88.4,0,0,0,4,0,BA Pai,GIBR
802,Amar Naeem (AUT),6,4,2,60,30*,30,44,136.36,0,0,0,5,4,Amar Naeem,AUT
803,Amir Farooq (QAT),4,4,0,60,31,15,57,105.26,0,0,0,4,3,Amir Farooq,QAT
804,NS Dhaliwal (CAN),3,3,1,60,54*,30,37,162.16,0,1,1,3,4,NS Dhaliwal,CAN
805,DO Leicher (NAM),4,4,2,60,42*,30,63,95.23,0,0,0,0,3,DO Leicher,NAM
806,D Maisuria (BOT),7,4,1,60,32*,20,56,107.14,0,0,1,1,2,D Maisuria,BOT
807,Naveena Shetty (BHR),8,7,3,60,20,15,37,162.16,0,0,1,6,3,Naveena Shetty,BHR
808,J Ramanandi (OMA),9,8,2,60,19,10,75,80,0,0,1,4,1,J Ramanandi,OMA
809,MA Sherry (SGP),7,6,1,60,24*,12,71,84.5,0,0,0,3,1,MA Sherry,SGP
810,CR Suryawanshi (SGP),2,2,0,60,53,30,44,136.36,0,1,0,5,2,CR Suryawanshi,SGP
811,MRJ Watt (SCOT),5,5,0,60,18,12,52,115.38,0,0,0,4,2,MRJ Watt,SCOT
812,Alexandros Karvelas (GRC),2,2,0,59,35,29.5,56,105.35,0,0,0,1,5,Alexandros Karvelas,GRC
813,A Beresford-Peirse (CRT),6,6,1,59,39,11.8,72,81.94,0,0,1,4,0,A Beresford-Peirse,CRT
814,H Deshan (SUI),3,3,0,59,37,19.66,42,140.47,0,0,0,8,0,H Deshan,SUI
815,J Evans (ISR),5,5,0,59,42,11.8,68,86.76,0,0,0,4,2,J Evans,ISR
816,MW Forde (WI),5,4,1,59,27,19.66,38,155.26,0,0,0,5,3,MW Forde,WI
817,OD Hald (DEN),5,5,1,59,28,14.75,44,134.09,0,0,0,3,3,OD Hald,DEN
818,V Jayant (LES),6,6,0,59,31,9.83,90,65.55,0,0,1,4,1,V Jayant,LES
819,D Kansonkho (MWI),4,4,0,59,32,14.75,53,111.32,0,0,1,5,2,D Kansonkho,MWI
820,C Karunaratne (SL),10,9,4,59,21,11.8,64,92.18,0,0,2,2,3,C Karunaratne,SL
821,Mandeep Singh (NOR),4,4,1,59,31*,19.66,54,109.25,0,0,0,3,1,Mandeep Singh,NOR
822,Rizwan Butt (BHR),22,12,2,59,12,5.9,55,107.27,0,0,1,1,5,Rizwan Butt,BHR
823,AS Samra (PHI),4,4,1,59,30*,19.66,38,155.26,0,0,0,6,4,AS Samra,PHI
824,Sohel Patel (PAN),3,3,0,59,34,19.66,65,90.76,0,0,0,4,0,Sohel Patel,PAN
825,RGA Amah (CAM),6,6,0,58,20,9.66,69,84.05,0,0,0,4,1,RGA Amah,CAM
826,R Davson (BHM),4,4,0,58,40,14.5,84,69.04,0,0,0,4,2,R Davson,BHM
827,D Jansen (IOM),4,4,0,58,33,14.5,55,105.45,0,0,1,1,2,D Jansen,IOM
828,Jitin Singh (TAN),6,3,1,58,23*,29,58,100,0,0,0,7,0,Jitin Singh,TAN
829,N Khanna (MLT),7,7,2,58,27,11.6,54,107.4,0,0,2,7,0,N Khanna,MLT
830,Muhammad Moiz (ROM),7,6,1,58,25,11.6,44,131.81,0,0,0,4,3,Muhammad Moiz,ROM
831,WD Parnell (SA),12,9,3,58,24,9.66,80,72.5,0,0,1,3,1,WD Parnell,SA
832,F Stoman (POR),9,7,0,58,28,8.28,78,74.35,0,0,2,3,2,F Stoman,POR
833,Aamir Lal (SKOR),5,5,2,57,29*,19,83,68.67,0,0,1,3,0,Aamir Lal,SKOR
834,Ainool Hafizs (MAS),23,12,3,57,11,6.33,62,91.93,0,0,0,4,0,Ainool Hafizs,MAS
835,JC Buttler (ENG),4,3,1,57,40,28.5,35,162.85,0,0,0,3,4,JC Buttler,ENG
836,S Gooch (EST),3,3,1,57,40*,28.5,35,162.85,0,0,0,1,4,S Gooch,EST
837,C Kyewuta (UGA),8,6,1,57,24*,11.4,39,146.15,0,0,1,6,2,C Kyewuta,UGA
838,Mansoor Safi (AUT),8,7,0,57,24,8.14,54,105.55,0,0,1,4,2,Mansoor Safi,AUT
839,Muhammad Saleem (BRA),5,5,0,57,22,11.4,43,132.55,0,0,0,3,5,Muhammad Saleem,BRA
840,Paing Danu (MYAN),7,7,0,57,14,8.14,96,59.37,0,0,1,5,0,Paing Danu,MYAN
841,Saim Ayub (PAK),4,4,0,57,47,14.25,43,132.55,0,0,2,7,2,Saim Ayub,PAK
842,AN Toube (CAM),15,14,0,57,19,4.07,104,54.8,0,0,3,5,1,AN Toube,CAM
843,Ansh Tandon (UAE),8,6,1,56,34*,11.2,50,112,0,0,0,2,3,Ansh Tandon,UAE
844,D Dewald (BEL),4,3,0,56,25,18.66,72,77.77,0,0,0,4,0,D Dewald,BEL
845,PF Gallagher (FIN),8,8,0,56,18,7,44,127.27,0,0,2,6,2,PF Gallagher,FIN
846,Hamid Mahmood (SWE),6,6,1,56,17,11.2,67,83.58,0,0,1,4,1,Hamid Mahmood,SWE
847,CE McConchie (NZ),6,4,1,56,31*,18.66,58,96.55,0,0,0,2,0,CE McConchie,NZ
848,Raghav Dhawan (UGA),3,1,0,56,56,56,41,136.58,0,1,0,3,2,Raghav Dhawan,UGA
849,Ali Raza (BEL),4,2,0,56,50,28,34,164.7,0,1,0,2,5,Ali Raza,BEL
850,WA Simpson (SGP),3,3,1,56,24*,28,38,147.36,0,0,0,5,3,WA Simpson,SGP
851,Siraj Ullah Khadem (POR),4,4,1,56,22,18.66,54,103.7,0,0,0,5,1,Siraj Ullah Khadem,POR
852,C Tear (SCOT),5,4,0,56,32,14,47,119.14,0,0,0,7,0,C Tear,SCOT
853,M Ozturk (TKY),6,5,0,56,21,11.2,69,81.15,0,0,0,3,4,M Ozturk,TKY
854,VN Veetil (QAT),4,4,2,56,53,28,55,101.81,0,1,1,2,3,VN Veetil,QAT
855,Vichanath Singh (THA),6,6,0,56,18,9.33,94,59.57,0,0,0,1,0,Vichanath Singh,THA
856,DS Bajwa (CAN),4,4,1,55,33*,18.33,46,119.56,0,0,0,6,2,DS Bajwa,CAN
857,BJ Bennett (ZIM),4,4,2,55,44*,27.5,42,130.95,0,0,1,3,3,BJ Bennett,ZIM
858,TL Cutler (VAN),2,2,1,55,34*,55,30,183.33,0,0,0,2,6,TL Cutler,VAN
859,SR Mohan (SEY),6,5,1,55,18,13.75,69,79.71,0,0,0,3,1,SR Mohan,SEY
860,Swann Htet Ko Ko (MYAN),8,8,0,55,11,6.87,87,63.21,0,0,1,1,2,Swann Htet Ko Ko,MYAN
861,T Wangchuk (BHU),11,10,0,55,14,5.5,76,72.36,0,0,2,2,1,T Wangchuk,BHU
862,Abubacarr Kuyateh (GMB),9,9,0,54,33,6,88,61.36,0,0,3,5,2,Abubacarr Kuyateh,GMB
863,Amal Jacob (HUN),3,3,1,54,31,27,50,108,0,0,0,6,0,Amal Jacob,HUN
864,RR Bastiansz (MLT),2,2,0,54,46,27,49,110.2,0,0,0,5,2,RR Bastiansz,MLT
865,S Crowie (STHEL),5,5,1,54,28,13.5,78,69.23,0,0,0,3,0,S Crowie,STHEL
866,Danyal Raja (BUL),10,6,2,54,18*,13.5,69,78.26,0,0,0,5,0,Danyal Raja,BUL
867,M Jele (SWZ),9,8,0,54,16,6.75,65,83.07,0,0,2,3,3,M Jele,SWZ
868,CA Keita (Mali),9,8,0,54,35,6.75,76,71.05,0,0,2,6,3,CA Keita,Mali
869,R Klein (NED),4,4,1,54,22,18,43,125.58,0,0,1,2,2,R Klein,NED
870,H McAleer (IOM),5,5,0,54,23,10.8,75,72,0,0,0,3,0,H McAleer,IOM
871,PWA Mulder (SA),6,5,1,54,36,13.5,46,117.39,0,0,1,5,1,PWA Mulder,SA
872,Abdul Hashmi (DEN),5,3,0,53,29,17.66,62,85.48,0,0,0,3,2,Abdul Hashmi,DEN
873,Adil Butt (SWZ),2,2,0,53,53,26.5,36,147.22,0,1,1,6,1,Adil Butt,SWZ
874,Anik Ahmed (ITA),4,4,2,53,26*,26.5,58,91.37,0,0,1,2,0,Anik Ahmed,ITA
875,Chen Zhuo Yue (CHN),10,10,1,53,14,5.88,71,74.64,0,0,2,2,2,Chen Zhuo Yue,CHN
876,Jaskaran Singh (CAN),12,7,3,53,27*,13.25,36,147.22,0,0,0,2,4,Jaskaran Singh,CAN
877,Khaibar Deldar (HUN),7,6,0,53,24,8.83,58,91.37,0,0,1,2,3,Khaibar Deldar,HUN
878,FDW McCreath (SCOT),4,4,0,53,40,13.25,45,117.77,0,0,0,4,2,FDW McCreath,SCOT
879,Rameez Khan (ROM),8,7,2,53,23,10.6,48,110.41,0,0,0,4,3,Rameez Khan,ROM
880,Rhys Burinaga (PHI),8,7,0,53,22,7.57,60,88.33,0,0,0,1,1,Rhys Burinaga,PHI
881,CB Roposo (MOZ),5,4,0,53,21,13.25,57,92.98,0,0,0,7,0,CB Roposo,MOZ
882,Shariq Munir (QAT),5,3,1,53,35,26.5,21,252.38,0,0,1,4,4,Shariq Munir,QAT
883,Zaker Taqawi (SWE),7,6,2,53,17*,13.25,77,68.83,0,0,0,3,0,Zaker Taqawi,SWE
884,Ziaur Rehman (FIN),2,2,1,53,37*,53,57,92.98,0,0,0,4,0,Ziaur Rehman,FIN
885,Khawaja Nafay (PAK),3,3,0,52,26,17.33,32,162.5,0,0,0,3,3,Khawaja Nafay,PAK
886,ML Maiava (Samoa),3,3,0,52,34,17.33,50,104,0,0,0,3,0,ML Maiava,Samoa
887,PS Roberts (CRT),3,3,2,52,39*,52,47,110.63,0,0,0,5,0,PS Roberts,CRT
888,Sandeep Goud (OMA),10,8,3,52,26,10.4,50,104,0,0,1,1,4,Sandeep Goud,OMA
889,Sarfaraz Ali (BHR),3,3,1,52,31,26,25,208,0,0,0,2,6,Sarfaraz Ali,BHR
890,OF Smith (WI),7,6,4,52,19*,26,34,152.94,0,0,0,2,4,OF Smith,WI
891,Vishal Sharma (NOR),8,7,0,52,23,7.42,79,65.82,0,0,2,1,1,Vishal Sharma,NOR
892,JA Clarkson (NZ),7,4,1,51,38*,17,46,110.86,0,0,1,4,2,JA Clarkson,NZ
893,JEA Doctora (PHI),8,7,2,51,28,10.2,68,75,0,0,2,3,2,JEA Doctora,PHI
894,Faheem Ashraf (PAK),7,7,3,51,20*,12.75,29,175.86,0,0,0,1,4,Faheem Ashraf,PAK
895,Ibrahim Hassan (MDV),13,9,1,51,17,6.37,82,62.19,0,0,0,4,0,Ibrahim Hassan,MDV
896,K Jaikaran (Sur),5,5,1,51,25*,12.75,56,91.07,0,0,1,5,0,K Jaikaran,Sur
897,Javid Patel (Zamb),7,7,0,51,16,7.28,71,71.83,0,0,1,2,3,Javid Patel,Zamb
898,Litton Das (BAN),2,2,0,51,42,25.5,39,130.76,0,0,0,10,0,Litton Das,BAN
899,P Suanchuai (THA),9,8,0,51,17,6.37,89,57.3,0,0,2,4,0,P Suanchuai,THA
900,A Shahi (CYP),6,6,0,51,18,8.5,35,145.71,0,0,1,2,4,A Shahi,CYP
901,Shoaib Khan (OMA),7,7,1,51,22,8.5,73,69.86,0,0,2,2,1,Shoaib Khan,OMA
902,T Taylor (CAY),4,3,0,51,42,17,33,154.54,0,0,0,4,3,T Taylor,CAY
903,P Thongsa (THA),5,5,1,51,20,12.75,70,72.85,0,0,0,2,0,P Thongsa,THA
904,RE van der Merwe (NED),7,5,2,51,36*,17,43,118.6,0,0,1,4,1,RE van der Merwe,NED
905,Akhil Arjunan (FIN),5,4,0,50,24,12.5,77,64.93,0,0,0,2,0,Akhil Arjunan,FIN
906,CJ Langford (IOM),4,3,1,50,24*,25,53,94.33,0,0,0,6,1,CJ Langford,IOM
907,JAD Lawrenson (JER),7,5,1,50,22,12.5,65,76.92,0,0,0,3,0,JAD Lawrenson,JER
908,SG Mangela (UGA),2,2,0,50,32,25,48,104.16,0,0,0,3,0,SG Mangela,UGA
909,Qateel Zabiullah (SUI),3,3,0,50,32,16.66,27,185.18,0,0,0,2,5,Qateel Zabiullah,SUI
910,Sahel Zadran (AUT),10,6,2,50,19,12.5,32,156.25,0,0,1,6,2,Sahel Zadran,AUT
911,Usman Arif (NOR),4,3,0,50,26,16.66,30,166.66,0,0,0,1,6,Usman Arif,NOR
912,M Vivekanandan (MNG),7,6,0,50,25,8.33,85,58.82,0,0,1,6,0,M Vivekanandan,MNG
913,DN Wellalage (SL),6,5,2,50,15*,16.66,49,102.04,0,0,0,6,0,DN Wellalage,SL
914,AP Yadav (THA),1,1,1,50,50*,0,46,108.69,0,1,0,4,1,AP Yadav,THA
915,Yair Nagavkar (ISR),6,6,1,50,32*,10,68,73.52,0,0,1,3,0,Yair Nagavkar,ISR
916,Chaudhary Akram (NOR),1,1,1,49,49*,0,32,153.12,0,0,0,5,2,Chaudhary Akram,NOR
917,RD Gaikwad (IND),3,1,0,49,49,49,28,175,0,0,0,4,3,RD Gaikwad,IND
918,US Hathinjar (CAM),6,6,0,49,25,8.16,36,136.11,0,0,1,4,4,US Hathinjar,CAM
919,MB Kruger (NAM),8,6,0,49,18,8.16,64,76.56,0,0,0,3,1,MB Kruger,NAM
920,S Conteh (SLE),5,5,1,48,25*,12,46,104.34,0,0,1,3,1,S Conteh,SLE
921,N Dutta (CAN),4,3,1,48,27,24,24,200,0,0,0,3,4,N Dutta,CAN
922,Ibrahim Nashath (MDV),10,8,2,48,20*,8,68,70.58,0,0,0,2,2,Ibrahim Nashath,MDV
923,AE Isesele (NGA),10,10,2,48,10,6,69,69.56,0,0,0,2,0,AE Isesele,NGA
924,S Kharvi (INA),4,3,0,48,29,16,40,120,0,0,0,3,3,S Kharvi,INA
925,CS MacLeod (SCOT),3,3,0,48,25,16,43,111.62,0,0,1,5,0,CS MacLeod,SCOT
926,Sojib Miah (CZK-R),3,3,0,48,27,16,27,177.77,0,0,0,5,3,Sojib Miah,CZK-R
927,SC van Schalkwyk (USA),5,5,2,48,15*,16,44,109.09,0,0,1,3,2,SC van Schalkwyk,USA
928,V Zanko (CRT),6,6,0,48,16,8,113,42.47,0,0,2,6,0,V Zanko,CRT
929,LM Gabriel (LES),2,2,1,47,45*,47,42,111.9,0,0,0,4,0,LM Gabriel,LES
930,Gaurav Mishra (ROM),6,3,1,47,24,23.5,41,114.63,0,0,0,3,1,Gaurav Mishra,ROM
931,Gaurav Tiwari (INA),4,4,0,47,25,11.75,58,81.03,0,0,0,4,0,Gaurav Tiwari,INA
932,C Hinze (JPN),8,7,1,47,16,7.83,48,97.91,0,0,2,4,2,C Hinze,JPN
933,Hussain Talat (PAK),5,5,1,47,32*,11.75,54,87.03,0,0,0,4,0,Hussain Talat,PAK
934,E Kahamker (ISR),3,3,0,47,19,15.66,39,120.51,0,0,0,4,1,E Kahamker,ISR
935,Junaid Mehmood (NOR),5,5,0,47,27,9.4,45,104.44,0,0,0,3,1,Junaid Mehmood,NOR
936,BKG Mendis (SL),4,4,0,47,36,11.75,60,78.33,0,0,0,3,1,BKG Mendis,SL
937,Muhammad Kashif (KUW),4,4,0,47,19,11.75,43,109.3,0,0,0,5,1,Muhammad Kashif,KUW
938,Nawazish Akhtar (KSA),5,4,2,47,18*,23.5,51,92.15,0,0,0,4,0,Nawazish Akhtar,KSA
939,C Pyle (GIBR),4,3,1,47,24*,23.5,21,223.8,0,0,0,2,5,C Pyle,GIBR
940,Zeeshan Ali (EST),5,5,1,47,17,11.75,54,87.03,0,0,1,1,3,Zeeshan Ali,EST
941,Zeshan Arif (AUT),9,8,3,47,25,9.4,58,81.03,0,0,0,2,3,Zeshan Arif,AUT
942,F Achelam (UGA),8,7,0,46,28,6.57,37,124.32,0,0,3,2,3,F Achelam,UGA
943,Lucky Ali (DEN),6,4,0,46,26,11.5,57,80.7,0,0,0,2,0,Lucky Ali,DEN
944,A Modi (SGP),4,4,0,46,24,11.5,74,62.16,0,0,0,1,0,A Modi,SGP
945,Nadeem Khan (OMA),3,3,2,46,30*,46,29,158.62,0,0,0,3,4,Nadeem Khan,OMA
946,T Parima (COK),5,5,1,46,23,11.5,42,109.52,0,0,1,0,4,T Parima,COK
947,SB Patel (MLT),3,3,0,46,30,15.33,55,83.63,0,0,0,4,2,SB Patel,MLT
948,A Pusthay (FIN),7,7,0,46,16,6.57,71,64.78,0,0,1,3,0,A Pusthay,FIN
949,RA Reifer (WI),2,2,0,46,27,23,41,112.19,0,0,0,1,2,RA Reifer,WI
950,MB Tambe (FIN),5,4,2,46,31*,23,45,102.22,0,0,0,2,1,MB Tambe,FIN
951,Vinay Ravi (NOR),4,3,1,46,19,23,36,127.77,0,0,0,4,1,Vinay Ravi,NOR
952,HL Carlyon (JER),2,2,1,45,41*,45,36,125,0,0,0,4,1,HL Carlyon,JER
953,Dawood Ahmadzai (Fran),7,4,1,45,23*,15,71,63.38,0,0,0,3,0,Dawood Ahmadzai,Fran
954,J Henry (STHEL),5,5,0,45,17,9,45,100,0,0,0,1,2,J Henry,STHEL
955,S Houghton (CRT),6,6,1,45,20*,9,57,78.94,0,0,1,3,2,S Houghton,CRT
956,J Jarvis (SCOT),3,3,0,45,21,15,53,84.9,0,0,0,4,0,J Jarvis,SCOT
957,Kashif Daud (UAE),8,7,3,45,28*,11.25,27,166.66,0,0,2,3,3,Kashif Daud,UAE
958,Muhammad Qasim (MLT),3,3,0,45,20,15,39,115.38,0,0,0,4,1,Muhammad Qasim,MLT
959,K Sathish (SGP),3,3,0,45,24,15,54,83.33,0,0,0,3,0,K Sathish,SGP
960,V Shaw (Sur),5,5,0,45,22,9,53,84.9,0,0,1,3,2,V Shaw,Sur
961,Shenjian Zheng (CHN),3,3,0,45,23,15,27,166.66,0,0,0,3,4,Shenjian Zheng,CHN
962,Sohail Ahmad (CRT),5,5,0,45,20,9,45,100,0,0,0,1,3,Sohail Ahmad,CRT
963,Sulaiman Ali (BUL),3,3,0,45,27,15,34,132.35,0,0,0,3,2,Sulaiman Ali,BUL
964,BRM Taylor (ZIM),4,2,1,45,31*,45,46,97.82,0,0,0,5,0,BRM Taylor,ZIM
965,LRPL Taylor (Samoa),3,3,1,45,22,22.5,51,88.23,0,0,0,2,1,LRPL Taylor,Samoa
966,Vikramjit Singh (NED),2,2,0,45,39,22.5,25,180,0,0,0,3,3,Vikramjit Singh,NED
967,Abdul Rahman (SGP),3,3,1,44,28*,22,30,146.66,0,0,0,3,1,Abdul Rahman,SGP
968,M Aboagye (GHA),8,8,0,44,9,5.5,81,54.32,0,0,0,2,0,M Aboagye,GHA
969,Arsalan Arif (AUT),7,5,1,44,19,11,59,74.57,0,0,0,1,0,Arsalan Arif,AUT
970,R Gaznavi (SGP),1,1,1,44,44*,0,41,107.31,0,0,0,4,1,R Gaznavi,SGP
971,Harshit Rana (IND),2,2,0,44,35,22,46,95.65,0,0,0,4,1,Harshit Rana,IND
972,J Martins (POR),2,2,1,44,40,44,35,125.71,0,0,0,4,3,J Martins,POR
973,RJ Pierre (RWN),8,8,2,44,15*,7.33,60,73.33,0,0,1,2,1,RJ Pierre,RWN
974,MP Breetzke (SA),6,6,0,43,19,7.16,49,87.75,0,0,0,5,0,MP Breetzke,SA
975,V Ganesan (GER),6,5,1,43,20,10.75,57,75.43,0,0,0,2,0,V Ganesan,GER
976,LHB Harrington-Myers (CAY),4,4,2,43,22,21.5,44,97.72,0,0,0,2,1,LHB Harrington-Myers,CAY
977,Musa Shaheen (DEN),10,7,1,43,22,7.16,49,87.75,0,0,0,2,1,Musa Shaheen,DEN
978,S Pradhan (BHU),5,5,1,43,28,10.75,52,82.69,0,0,1,2,1,S Pradhan,BHU
979,Rohit Kumar (ROM),5,5,0,43,14,8.6,39,110.25,0,0,0,4,2,Rohit Kumar,ROM
980,P Sharma (KENYA),5,4,1,43,32*,14.33,36,119.44,0,0,1,3,1,P Sharma,KENYA
981,KS Williamson (NZ),4,3,1,43,24,21.5,46,93.47,0,0,0,4,0,KS Williamson,NZ
982,M Worndl (CZK-R),5,5,1,43,30*,10.75,89,48.31,0,0,2,3,0,M Worndl,CZK-R
983,Abdullah Rana (SUI),6,5,1,42,25,10.5,27,155.55,0,0,1,4,2,Abdullah Rana,SUI
984,Abdur Rahman Sudais (SWE),2,1,0,42,42,42,38,110.52,0,0,0,4,0,Abdur Rahman Sudais,SWE
985,N Ahir (PAN),3,3,0,42,23,14,70,60,0,0,0,0,2,N Ahir,PAN
986,SG Diaby (Mali),3,3,1,42,41*,21,31,135.48,0,0,1,2,3,SG Diaby,Mali
987,J Dzulfikar (INA),7,6,0,42,25,7,63,66.66,0,0,1,5,0,J Dzulfikar,INA
988,S Fouche (NAM),2,2,1,42,40*,42,49,85.71,0,0,0,5,0,S Fouche,NAM
989,M Gouws (GIBR),3,3,0,42,37,14,31,135.48,0,0,0,1,3,M Gouws,GIBR
990,HA Jackson (Fran),4,4,0,42,14,10.5,74,56.75,0,0,0,2,0,HA Jackson,Fran
991,R Kumar (ROM),5,4,1,42,16,14,28,150,0,0,1,4,1,R Kumar,ROM
992,SS McKechnie (HKG),4,4,1,42,16*,14,37,113.51,0,0,0,4,1,SS McKechnie,HKG
993,Mohamed Arief (MAS),5,5,1,42,19,10.5,35,120,0,0,0,5,1,Mohamed Arief,MAS
994,N Nipiko (VAN),2,2,0,42,24,21,55,76.36,0,0,0,2,0,N Nipiko,VAN
995,Sajid Patel (LES),1,1,0,42,42,42,44,95.45,0,0,0,6,0,Sajid Patel,LES
996,Ali Yalmaz (HUN),4,4,0,41,19,10.25,35,117.14,0,0,1,1,3,Ali Yalmaz,HUN
997,P Dhiman (ESP),4,4,0,41,29,10.25,55,74.54,0,0,0,0,1,P Dhiman,ESP
998,KJ Ferrary (GIBR),3,3,1,41,24,20.5,60,68.33,0,0,0,4,0,KJ Ferrary,GIBR
999,SC Getkate (IRE),4,3,0,41,17,13.66,36,113.88,0,0,0,2,2,SC Getkate,IRE
1000,SS Iyer (IND),3,3,0,41,28,13.66,33,124.24,0,0,1,1,3,SS Iyer,IND
1001,I Master (BOT),2,2,0,41,40,20.5,40,102.5,0,0,0,2,0,I Master,BOT
1002,A Mundra (SWE),1,1,0,41,41,41,33,124.24,0,0,0,4,2,A Mundra,SWE
1003,C Nunes (POR),5,3,1,41,30*,20.5,29,141.37,0,0,1,1,3,C Nunes,POR
1004,Pyae Phyo Wai (MYAN),9,7,0,41,17,5.85,71,57.74,0,0,2,0,2,Pyae Phyo Wai,MYAN
1005,Qasim Akram (PAK),4,3,0,41,20,13.66,45,91.11,0,0,0,6,0,Qasim Akram,PAK
1006,L Steenkamp (NAM),2,2,0,41,40,20.5,30,136.66,0,0,0,4,0,L Steenkamp,NAM
1007,T Amarmend (MNG),8,8,0,40,14,5,92,43.47,0,0,3,3,1,T Amarmend,MNG
1008,M Badenhorst (BOT),7,6,2,40,17*,10,48,83.33,0,0,1,0,3,M Badenhorst,BOT
1009,Ben Jones (EST),1,1,0,40,40,40,41,97.56,0,0,0,3,0,Ben Jones,EST
1010,K Bhurtel (NEP),3,3,0,40,20,13.33,41,97.56,0,0,0,1,1,K Bhurtel,NEP
1011,J Chialoufas (CYP),3,3,0,40,27,13.33,34,117.64,0,0,0,3,1,J Chialoufas,CYP
1012,AS Mehmi (GRC),5,5,0,40,18,8,59,67.79,0,0,0,2,1,AS Mehmi,GRC
1013,Saim Hussain (BUL),2,2,0,40,40,20,22,181.81,0,0,1,5,2,Saim Hussain,BUL
1014,Shoaib Rafiq (Mex),7,6,1,40,12,8,42,95.23,0,0,0,3,1,Shoaib Rafiq,Mex
1015,Ahmed Wardak (GER),3,2,1,39,29,39,36,108.33,0,0,0,4,1,Ahmed Wardak,GER
1016,S Ghimire (POR),4,3,1,39,23,19.5,25,156,0,0,0,2,3,S Ghimire,POR
1017,Jakob Gul (BUL),9,7,0,39,13,5.57,31,125.8,0,0,2,3,2,Jakob Gul,BUL
1018,Jaspreet Singh (ITA),3,3,1,39,21,19.5,27,144.44,0,0,0,4,1,Jaspreet Singh,ITA
1019,TM Macalou (Mali),5,5,0,39,12,7.8,87,44.82,0,0,0,5,0,TM Macalou,Mali
1020,Muhammad Arfan (UAE),8,6,2,39,17,9.75,42,92.85,0,0,2,2,1,Muhammad Arfan,UAE
1021,Nilansh Keswani (UAE),2,2,1,39,31*,39,39,100,0,0,0,3,0,Nilansh Keswani,UAE
1022,AL Phehlukwayo (SA),7,5,1,39,22,9.75,41,95.12,0,0,1,3,1,AL Phehlukwayo,SA
1023,SM Tupou (Fiji),2,2,0,39,35,19.5,33,118.18,0,0,0,1,3,SM Tupou,Fiji
1024,BA Viraliliu (VAN),1,1,0,39,39,39,30,130,0,0,0,3,0,BA Viraliliu,VAN
1025,Asif Ali (BHR),3,3,0,38,20,12.66,44,86.36,0,0,0,4,1,Asif Ali,BHR
1026,GF Gomes (MOZ),3,3,0,38,37,12.66,33,115.15,0,0,1,2,1,GF Gomes,MOZ
1027,Irfan Sarfraz (KSA),4,3,0,38,18,12.66,55,69.09,0,0,0,2,0,Irfan Sarfraz,KSA
1028,P Khari (CZK-R),1,1,1,38,38*,0,22,172.72,0,0,0,4,2,P Khari,CZK-R
1029,Mohammed Rizlan (QAT),11,10,0,38,12,3.8,59,64.4,0,0,3,4,0,Mohammed Rizlan,QAT
1030,D Pretorius (SA),3,2,1,38,21*,38,14,271.42,0,0,0,5,2,D Pretorius,SA
1031,D Rawat (CRC),3,2,0,38,37,19,39,97.43,0,0,0,5,0,D Rawat,CRC
1032,N Senamontree (THA),7,5,0,38,15,7.6,61,62.29,0,0,0,1,0,N Senamontree,THA
1033,T Suri (UAE),3,3,1,38,20*,19,42,90.47,0,0,0,3,1,T Suri,UAE
1034,Tanzim Hasan Sakib (BAN),3,3,0,38,33,12.66,36,105.55,0,0,1,4,1,Tanzim Hasan Sakib,BAN
1035,Waseem Abbas (MLT),3,3,1,38,28,19,21,180.95,0,0,0,4,2,Waseem Abbas,MLT
1036,Alam Nakash (SKOR),6,6,0,37,19,6.16,40,92.5,0,0,2,2,0,Alam Nakash,SKOR
1037,Z Bimenyimana (RWN),10,4,1,37,30,12.33,29,127.58,0,0,2,3,2,Z Bimenyimana,RWN
1038,A Chaudhary (SGP),3,2,0,37,37,18.5,29,127.58,0,0,1,5,0,A Chaudhary,SGP
1039,IA De Silva (BUL),4,4,1,37,31,12.33,28,132.14,0,0,0,5,0,IA De Silva,BUL
1040,B Isaac (STHEL),3,3,1,37,21*,18.5,42,88.09,0,0,1,2,0,B Isaac,STHEL
1041,G Kansonkho (MWI),7,4,1,37,20,12.33,40,92.5,0,0,0,0,0,G Kansonkho,MWI
1042,AR McBrine (IRE),2,2,0,37,36,18.5,23,160.86,0,0,0,3,2,AR McBrine,IRE
1043,SKDT Madusanka (SEY),4,3,1,37,17,18.5,64,57.81,0,0,0,3,0,SKDT Madusanka,SEY
1044,Mohamed Shiyam (MDV),4,4,2,37,25*,18.5,54,68.51,0,0,1,4,0,Mohamed Shiyam,MDV
1045,Niv Nagavkar (ISR),4,4,0,37,20,9.25,35,105.71,0,0,0,4,0,Niv Nagavkar,ISR
1046,J Suleman (SWZ),3,2,0,37,35,18.5,43,86.04,0,0,0,1,2,J Suleman,SWZ
1047,Tian Sen Qun (CHN),10,10,0,37,11,3.7,99,37.37,0,0,3,1,0,Tian Sen Qun,CHN
1048,S Tosic (SRB),5,3,0,37,18,12.33,55,67.27,0,0,0,3,0,S Tosic,SRB
1049,Asad Ali Rehemtulla (BUL),5,5,2,36,16,12,38,94.73,0,0,1,3,0,Asad Ali Rehemtulla,BUL
1050,Azeem Nazir (SUI),1,1,0,36,36,36,40,90,0,0,0,5,0,Azeem Nazir,SUI
1051,Ijaz Hussain (ROM),13,8,1,36,15,5.14,50,72,0,0,0,3,0,Ijaz Hussain,ROM
1052,Jonte Smith (BER),7,7,3,36,16*,9,48,75,0,0,2,3,0,Jonte Smith,BER
1053,Mahmud Jasat (PAN),5,5,0,36,18,7.2,68,52.94,0,0,2,1,0,Mahmud Jasat,PAN
1054,Muaviath Ganee (MDV),1,1,0,36,36,36,34,105.88,0,0,0,2,2,Muaviath Ganee,MDV
1055,I Niyomugabo (RWN),4,3,0,36,22,12,32,112.5,0,0,1,3,1,I Niyomugabo,RWN
1056,JR Philippe (AUS),3,3,0,36,14,12,35,102.85,0,0,0,2,0,JR Philippe,AUS
1057,Ahmed Hassan (MDV),2,2,1,35,18,35,38,92.1,0,0,0,2,0,Ahmed Hassan,MDV
1058,CPPM Sadun (CYP),5,4,0,35,17,8.75,39,89.74,0,0,0,2,0,CPPM Sadun,CYP
1059,A Conteh (GMB),6,6,0,35,9,5.83,54,64.81,0,0,1,3,0,A Conteh,GMB
1060,WIA Fernando (SL),4,4,1,35,17,11.66,41,85.36,0,0,0,1,1,WIA Fernando,SL
1061,LJ Leokaoke (LES),5,4,1,35,22,11.66,56,62.5,0,0,0,2,0,LJ Leokaoke,LES
1062,JC Martin (GUE),3,3,2,35,19*,35,36,97.22,0,0,0,1,1,JC Martin,GUE
1063,Mushfiqur Rahim (BAN),3,3,0,35,30,11.66,34,102.94,0,0,0,4,0,Mushfiqur Rahim,BAN
1064,OE Olaleye (NGA),5,3,1,35,34,17.5,45,77.77,0,0,0,3,1,OE Olaleye,NGA
1065,Q Sampson (WI),3,3,0,35,30,11.66,35,100,0,0,0,2,2,Q Sampson,WI
1066,Shahid Afridi (GER),2,2,0,35,18,17.5,20,175,0,0,0,2,3,Shahid Afridi,GER
1067,Syed Faizan Tahir (KSA),5,5,1,35,20*,8.75,50,70,0,0,0,2,1,Syed Faizan Tahir,KSA
1068,Utkarsh Jain (CAM),6,5,2,35,12,11.66,42,83.33,0,0,1,4,0,Utkarsh Jain,CAM
1069,Walter Behr (GER),5,4,0,35,22,8.75,33,106.06,0,0,0,1,2,Walter Behr,GER
1070,Zohaib Sarwar (POR),6,3,1,35,23*,17.5,26,134.61,0,0,0,1,2,Zohaib Sarwar,POR
1071,R Bharathan (CRC),3,3,0,34,16,11.33,24,141.66,0,0,0,2,2,R Bharathan,CRC
1072,AT Carey (AUS),4,3,0,34,26,11.33,28,121.42,0,0,0,4,0,AT Carey,AUS
1073,WJ Cope (LUX),9,9,1,34,16*,4.25,62,54.83,0,0,3,1,1,WJ Cope,LUX
1074,Firas Hussain (BUL),6,5,1,34,18,8.5,27,125.92,0,0,2,6,0,Firas Hussain,BUL
1075,JD Freyone (GIBR),5,5,1,34,13,8.5,37,91.89,0,0,2,1,2,JD Freyone,GIBR
1076,Huzaifa Mohammed (PHI),3,2,1,34,23,34,46,73.91,0,0,0,2,0,Huzaifa Mohammed,PHI
1077,TJG Pringle (NED),8,5,1,34,20,8.5,38,89.47,0,0,0,1,1,TJG Pringle,NED
1078,Rahmatullah Mangal (Fran),4,4,1,34,16*,11.33,26,130.76,0,0,1,2,1,Rahmatullah Mangal,Fran
1079,YK Rai (UAE),1,1,0,34,34,34,26,130.76,0,0,0,1,2,YK Rai,UAE
1080,MJ Richardson (GER),2,2,1,34,19,34,33,103.03,0,0,0,2,0,MJ Richardson,GER
1081,Shadnan Khan (AUT),5,4,0,34,22,8.5,62,54.83,0,0,0,1,0,Shadnan Khan,AUT
1082,Shaheen Shah Afridi (PAK),4,4,0,34,19,8.5,27,125.92,0,0,1,2,2,Shaheen Shah Afridi,PAK
1083,Shariz Ahmad (NED),3,3,0,34,15,11.33,40,85,0,0,0,1,0,Shariz Ahmad,NED
1084,Sinan Khan (GRC),4,4,0,34,11,8.5,36,94.44,0,0,0,3,0,Sinan Khan,GRC
1085,Tejwinder Singh (CYP),2,2,0,34,20,17,14,242.85,0,0,0,2,3,Tejwinder Singh,CYP
1086,P Baghel (CZK-R),2,2,0,33,33,16.5,46,71.73,0,0,1,5,0,P Baghel,CZK-R
1087,TS Bharaj (DEN),1,1,0,33,33,33,24,137.5,0,0,0,4,1,TS Bharaj,DEN
1088,C Bosch (SA),8,6,2,33,23*,8.25,37,89.18,0,0,1,3,0,C Bosch,SA
1089,P Chin (CAY),5,2,0,33,27,16.5,38,86.84,0,0,0,1,0,P Chin,CAY
1090,RM Magare (CZK-R),2,2,1,33,24,33,32,103.12,0,0,0,3,0,RM Magare,CZK-R
1091,A Maheshwari (CRT),6,6,0,33,16,5.5,42,78.57,0,0,1,3,2,A Maheshwari,CRT
1092,Parvez Hossain Emon (BAN),1,1,1,33,33*,0,26,126.92,0,0,0,1,3,Parvez Hossain Emon,BAN
1093,O Sam Arthur (CRC),3,3,3,33,16*,0,29,113.79,0,0,0,5,0,O Sam Arthur,CRC
1094,CA Soper (PNG),4,4,1,33,13,11,57,57.89,0,0,0,1,0,CA Soper,PNG
1095,C Sridev (SGP),3,3,0,33,29,11,46,71.73,0,0,1,2,0,C Sridev,SGP
1096,I Stewart (SUI),2,2,0,33,30,16.5,29,113.79,0,0,0,3,1,I Stewart,SUI
1097,DC Thomas (WI),4,4,2,33,31*,16.5,30,110,0,0,0,1,2,DC Thomas,WI
1098,Zaid Soulat (BUL),2,2,0,33,32,16.5,50,66,0,0,0,4,0,Zaid Soulat,BUL
1099,Asif Bevinje (ROM),3,3,0,32,26,10.66,34,94.11,0,0,1,5,0,Asif Bevinje,ROM
1100,Aslam Mohammad (GRC),4,4,1,32,20,10.66,49,65.3,0,0,1,2,1,Aslam Mohammad,GRC
1101,WK Bitis (CRT),2,2,1,32,32*,32,29,110.34,0,0,1,5,1,WK Bitis,CRT
1102,K Ghalley (BHU),4,4,2,32,19*,16,41,78.04,0,0,1,2,0,K Ghalley,BHU
1103,E Jabarkhel (LUX),5,4,1,32,16*,10.66,24,133.33,0,0,0,5,0,E Jabarkhel,LUX
1104,Kim Daeyeon (SKOR),6,6,0,32,10,5.33,54,59.25,0,0,1,2,1,Kim Daeyeon,SKOR
1105,ML Kostic (SRB),6,6,1,32,15,6.4,36,88.88,0,0,0,4,0,ML Kostic,SRB
1106,Mohammad Naim (BAN),1,1,1,32,32*,0,29,110.34,0,0,0,1,1,Mohammad Naim,BAN
1107,AK Mohan (FIN),3,3,0,32,18,10.66,37,86.48,0,0,0,4,0,AK Mohan,FIN
1108,Muhammed Turkmen (TKY),3,2,0,32,23,16,20,160,0,0,0,2,3,Muhammed Turkmen,TKY
1109,Noorkhan Ahmedi (SUI),2,1,0,32,32,32,19,168.42,0,0,0,4,1,Noorkhan Ahmedi,SUI
1110,P Pustoslemsek (SVN),3,3,0,32,21,10.66,40,80,0,0,0,3,1,P Pustoslemsek,SVN
1111,Rishad Hossain (BAN),10,9,2,32,8,4.57,35,91.42,0,0,1,2,1,Rishad Hossain,BAN
1112,Soumya Sarkar (BAN),2,2,0,32,22,16,25,128,0,0,0,3,1,Soumya Sarkar,BAN
1113,HGV Vare (PNG),4,4,1,32,18,10.66,36,88.88,0,0,0,4,0,HGV Vare,PNG
1114,Zeeshan Kukikhel (HUN),1,1,0,32,32,32,26,123.07,0,0,0,4,0,Zeeshan Kukikhel,HUN
1115,C Bogdanos (GRC),3,3,0,31,20,10.33,44,70.45,0,0,0,2,0,C Bogdanos,GRC
1116,J Cama (Fiji),5,5,0,31,24,6.2,28,110.71,0,0,1,0,3,J Cama,Fiji
1117,SJ French (Samoa),2,2,0,31,25,15.5,30,103.33,0,0,0,0,3,SJ French,Samoa
1118,Ijaz Ahmad Ahmadzai (AFG),3,3,0,31,16,10.33,47,65.95,0,0,0,1,1,Ijaz Ahmad Ahmadzai,AFG
1119,Ranjit Singh (AUT),3,3,0,31,14,10.33,22,140.9,0,0,0,2,2,Ranjit Singh,AUT
1120,LN Saishiv (OMA),1,1,0,31,31,31,31,100,0,0,0,1,2,LN Saishiv,OMA
1121,T Sandeep (SWZ),3,3,0,31,22,10.33,51,60.78,0,0,0,2,0,T Sandeep,SWZ
1122,Ahsan Yousuf (AUT),2,2,0,30,23,15,24,125,0,0,0,2,1,Ahsan Yousuf,AUT
1123,Amar Sharma (MLT),3,2,1,30,17,30,33,90.9,0,0,0,2,0,Amar Sharma,MLT
1124,A Andrews (SUI),3,2,1,30,30*,30,34,88.23,0,0,1,2,0,A Andrews,SUI
1125,Anser Mehmood (SUI),3,3,0,30,15,10,33,90.9,0,0,0,3,0,Anser Mehmood,SUI
1126,GS Ballance (ZIM),1,1,0,30,30,30,29,103.44,0,0,0,2,1,GS Ballance,ZIM
1127,Ehsan Khan (HKG),14,4,2,30,21*,15,40,75,0,0,2,1,0,Ehsan Khan,HKG
1128,ADS Fletcher (WI),4,3,0,30,29,10,24,125,0,0,1,1,2,ADS Fletcher,WI
1129,A Gorawara (HKG),3,3,0,30,20,10,25,120,0,0,0,2,2,A Gorawara,HKG
1130,H Isorena (PHI),4,4,0,30,21,7.5,47,63.82,0,0,1,3,0,H Isorena,PHI
1131,S Jegannathan (INA),2,2,2,30,26*,0,28,107.14,0,0,0,3,1,S Jegannathan,INA
1132,Kuldeep Gurjar (SKOR),7,6,0,30,9,5,61,49.18,0,0,1,0,1,Kuldeep Gurjar,SKOR
1133,Mohameed Taiwo (NGA),7,4,0,30,26,7.5,49,61.22,0,0,1,3,0,Mohameed Taiwo,NGA
1134,EJG Morgan (ENG),2,2,0,30,17,15,41,73.17,0,0,0,2,1,EJG Morgan,ENG
1135,Samir Patel (LES),4,4,1,30,14,10,32,93.75,0,0,1,1,1,Samir Patel,LES
1136,Taher Muhammad (SVN),6,6,0,30,11,5,55,54.54,0,0,0,1,0,Taher Muhammad,SVN
1137,J Wilson (GIBR),2,2,1,30,26*,30,18,166.66,0,0,0,3,2,J Wilson,GIBR
1138,Zeerak Chughtai (BUL),7,5,1,30,13,7.5,27,111.11,0,0,1,2,2,Zeerak Chughtai,BUL
1139,Aditya Panwar (EST),4,3,1,29,21,14.5,28,103.57,0,0,0,0,0,Aditya Panwar,EST
1140,Bilal Ahmad Mir (SKOR),3,3,0,29,11,9.66,32,90.62,0,0,0,3,0,Bilal Ahmad Mir,SKOR
1141,S Guruvayoorappan (Mex),2,2,0,29,20,14.5,45,64.44,0,0,0,2,0,S Guruvayoorappan,Mex
1142,A Kaul (SGP),4,3,1,29,28*,14.5,28,103.57,0,0,1,4,0,A Kaul,SGP
1143,A Martel (GUE),8,4,2,29,23*,14.5,21,138.09,0,0,2,3,1,A Martel,GUE
1144,Mohammad Bhaidu (Zamb),3,3,0,29,17,9.66,44,65.9,0,0,0,1,1,Mohammad Bhaidu,Zamb
1145,Myat Thu Aung (MYAN),4,3,1,29,18,14.5,58,50,0,0,0,1,0,Myat Thu Aung,MYAN
1146,AR Naidoo (CAY),6,5,0,29,16,5.8,54,53.7,0,0,2,2,0,AR Naidoo,CAY
1147,Sathya Narayanan (SUI),2,2,0,29,25,14.5,35,82.85,0,0,0,2,0,Sathya Narayanan,SUI
1148,DT Tiripano (ZIM),2,2,0,29,18,14.5,36,80.55,0,0,0,2,0,DT Tiripano,ZIM
1149,VM Vaghela (USA),1,1,0,29,29,29,32,90.62,0,0,0,2,0,VM Vaghela,USA
1150,DGAPD Wiswi (INA),6,3,1,29,16*,14.5,42,69.04,0,0,0,1,0,DGAPD Wiswi,INA
1151,C Bah (SLE),8,5,0,28,12,5.6,30,93.33,0,0,1,1,1,C Bah,SLE
1152,Basil George (MLT),3,3,0,28,16,9.33,39,71.79,0,0,0,2,0,Basil George,MLT
1153,M Chadha (CAM),2,2,1,28,24*,28,24,116.66,0,0,0,3,0,M Chadha,CAM
1154,M Cohen (ISR),1,1,0,28,28,28,16,175,0,0,0,3,1,M Cohen,ISR
1155,KA Jadhav (CAM),3,3,1,28,22*,14,51,54.9,0,0,1,2,0,KA Jadhav,CAM
1156,MO Jones (BER),6,3,3,28,19*,0,34,82.35,0,0,0,0,0,MO Jones,BER
1157,Khalid Ahmadi (BEL),6,5,3,28,16*,14,13,215.38,0,0,1,3,2,Khalid Ahmadi,BEL
1158,MR Kumar (UAE),3,3,0,28,21,9.33,26,107.69,0,0,0,2,1,MR Kumar,UAE
1159,R Mutumbami (ZIM),2,2,0,28,27,14,25,112,0,0,0,2,1,R Mutumbami,ZIM
1160,D Nikolov (BUL),7,5,0,28,11,5.6,36,77.77,0,0,0,2,1,D Nikolov,BUL
1161,JL Smith (ENG),2,2,0,28,22,14,16,175,0,0,0,1,3,JL Smith,ENG
1162,Abbas Ghani (HUN),3,2,0,27,14,13.5,15,180,0,0,0,2,2,Abbas Ghani,HUN
1163,JB Abega (CAM),9,8,0,27,19,3.37,54,50,0,0,4,3,0,JB Abega,CAM
1164,Adnan Idrees (KUW),4,3,0,27,17,9,26,103.84,0,0,1,3,1,Adnan Idrees,KUW
1165,VC Ahir (PAN),3,3,1,27,24,13.5,22,122.72,0,0,1,1,2,VC Ahir,PAN
1166,F Akankwasa (UGA),7,6,2,27,7,6.75,37,72.97,0,0,1,3,0,F Akankwasa,UGA
1167,Akbar Khan (HKG),7,6,0,27,7,4.5,47,57.44,0,0,0,1,0,Akbar Khan,HKG
1168,JM Joao (MOZ),4,3,0,27,18,9,44,61.36,0,0,0,2,0,JM Joao,MOZ
1169,CJ Jordan (ENG),1,1,0,27,27,27,15,180,0,0,0,2,1,CJ Jordan,ENG
1170,Jun Hyunwoo (SKOR),5,5,0,27,21,5.4,52,51.92,0,0,1,2,1,Jun Hyunwoo,SKOR
1171,MJM Kavana (COK),3,3,0,27,9,9,52,51.92,0,0,0,1,0,MJM Kavana,COK
1172,PK Matautaava (VAN),6,6,1,27,15,5.4,35,77.14,0,0,3,3,0,PK Matautaava,VAN
1173,LF Mavume (MOZ),4,3,1,27,15,13.5,40,67.5,0,0,0,2,1,LF Mavume,MOZ
1174,Mukhtar Ghulami (Fran),6,5,0,27,12,5.4,32,84.37,0,0,2,3,1,Mukhtar Ghulami,Fran
1175,S Murari (CRC),5,3,0,27,14,9,38,71.05,0,0,1,2,0,S Murari,CRC
1176,MD Patel (USA),3,1,0,27,27,27,22,122.72,0,0,0,3,0,MD Patel,USA
1177,K Piet (BOT),7,4,1,27,22*,9,34,79.41,0,0,1,1,1,K Piet,BOT
1178,PA Raikes (GIBR),4,4,0,27,18,6.75,37,72.97,0,0,0,2,0,PA Raikes,GIBR
1179,V Ravindran (HUN),1,1,0,27,27,27,31,87.09,0,0,0,3,1,V Ravindran,HUN
1180,AK Sah (NEP),1,1,0,27,27,27,24,112.5,0,0,0,3,1,AK Sah,NEP
1181,G Schachat (ISR),1,1,1,27,27*,0,32,84.37,0,0,0,2,0,G Schachat,ISR
1182,G Singh (USA),7,6,1,27,12,5.4,31,87.09,0,0,2,2,1,G Singh,USA
1183,G Thakur (MLT),4,3,0,27,17,9,33,81.81,0,0,0,1,1,G Thakur,MLT
1184,Zeeshan Khan (MLT),3,3,0,27,19,9,53,50.94,0,0,1,2,0,Zeeshan Khan,MLT
1185,P Abanda (CAM),5,5,0,26,16,5.2,35,74.28,0,0,1,1,1,P Abanda,CAM
1186,SJ Baard (NAM),1,1,0,26,26,26,24,108.33,0,0,0,2,0,SJ Baard,NAM
1187,C Bayraktar (TKY),3,3,0,26,12,8.66,34,76.47,0,0,0,0,2,C Bayraktar,TKY
1188,Benjamin Embleton (LUX),1,1,0,26,26,26,29,89.65,0,0,0,2,0,Benjamin Embleton,LUX
1189,DM Bravo (WI),3,2,1,26,23,26,28,92.85,0,0,0,1,1,DM Bravo,WI
1190,VB Chikkannaiah (GER),1,1,0,26,26,26,17,152.94,0,0,0,4,0,VB Chikkannaiah,GER
1191,A Dhabe (SWE),2,2,1,26,19,26,27,96.29,0,0,0,1,1,A Dhabe,SWE
1192,Idrees Ul Haque (SUI),2,2,0,26,13,13,24,108.33,0,0,0,3,0,Idrees Ul Haque,SUI
1193,D Jamyansuren (MNG),3,3,0,26,15,8.66,72,36.11,0,0,0,3,0,D Jamyansuren,MNG
1194,Kashif Abbas (KSA),3,3,0,26,17,8.66,18,144.44,0,0,0,0,3,Kashif Abbas,KSA
1195,S Kimura (JPN),4,4,0,26,14,6.5,28,92.85,0,0,0,1,1,S Kimura,JPN
1196,AA Onikoyi (NGA),1,1,0,26,26,26,26,100,0,0,0,0,1,AA Onikoyi,NGA
1197,J Overton (ENG),6,5,1,26,15,6.5,25,104,0,0,1,2,0,J Overton,ENG
1198,Parvindar Kumar (KUW),4,2,1,26,18,26,22,118.18,0,0,0,2,1,Parvindar Kumar,KUW
1199,M Raikes (GIBR),2,2,0,26,25,13,23,113.04,0,0,0,1,0,M Raikes,GIBR
1200,Samarth Shetty (SWE),4,4,0,26,16,6.5,39,66.66,0,0,1,2,1,Samarth Shetty,SWE
1201,Shahadat Hossain (3) (BAN),2,2,0,26,21,13,33,78.78,0,0,0,3,0,Shahadat Hossain,3
1202,Shahnawaz Patel (Zamb),1,1,1,26,26*,0,22,118.18,0,0,0,1,1,Shahnawaz Patel,Zamb
1203,VA Singh (Sur),2,2,0,26,21,13,40,65,0,0,0,0,0,VA Singh,Sur
1204,R Siriwardena (CYP),5,4,1,26,18*,8.66,36,72.22,0,0,0,3,0,R Siriwardena,CYP
1205,Sobu George (MLT),2,1,0,26,26,26,20,130,0,0,0,0,2,Sobu George,MLT
1206,C Connolly (AUS),7,5,1,25,13,6.25,24,104.16,0,0,2,1,2,C Connolly,AUS
1207,MT Diaby (Mali),3,3,0,25,13,8.33,37,67.56,0,0,0,2,0,MT Diaby,Mali
1208,Hamza Tariq (CAN),4,4,3,25,21*,25,23,108.69,0,0,0,0,2,Hamza Tariq,CAN
1209,S Hunter (),3,3,0,25,19,8.33,34,73.52,0,0,0,2,1,S Hunter,
1210,Khawar Ali (OMA),6,3,0,25,10,8.33,32,78.12,0,0,0,1,1,Khawar Ali,OMA
1211,M Kpaka (SLE),8,7,1,25,15,4.16,40,62.5,0,0,3,0,0,M Kpaka,SLE
1212,G Malla (NEP),3,2,0,25,20,12.5,28,89.28,0,0,0,1,1,G Malla,NEP
1213,Manpreet Singh (ITA),4,2,2,25,17*,0,18,138.88,0,0,0,1,1,Manpreet Singh,ITA
1214,Muhammad Nadir (RWN),5,4,1,25,11,8.33,45,55.55,0,0,0,1,0,Muhammad Nadir,RWN
1215,Nangeyalia Kharote (AFG),2,2,1,25,23*,25,19,131.57,0,0,0,2,2,Nangeyalia Kharote,AFG
1216,D Robson (EST),6,4,1,25,19*,8.33,36,69.44,0,0,2,0,1,D Robson,EST
1217,C Shivakumar (SGP),2,2,0,25,17,12.5,34,73.52,0,0,0,3,0,C Shivakumar,SGP
1218,LSP Siriwardene (ISR),4,4,0,25,12,6.25,44,56.81,0,0,1,0,0,LSP Siriwardene,ISR
1219,Tahir Patel (SWZ),3,3,0,25,15,8.33,38,65.78,0,0,0,4,0,Tahir Patel,SWZ
1220,GT Taylor (BHM),5,5,0,25,19,5,41,60.97,0,0,2,3,0,GT Taylor,BHM
1221,K Thagunna (NEP),2,2,0,25,15,12.5,41,60.97,0,0,0,1,0,K Thagunna,NEP
1222,J Trembeath-Moro (ESP),3,2,1,25,16,25,23,108.69,0,0,0,2,1,J Trembeath-Moro,ESP
1223,LV van Beek (NED),11,9,2,25,10*,3.57,40,62.5,0,0,3,0,0,LV van Beek,NED
1224,DNA Ankrah (NGA),2,2,0,24,24,12,18,133.33,0,0,1,2,1,DNA Ankrah,NGA
1225,SJ Cotter (Samoa),1,1,0,24,24,24,26,92.3,0,0,0,3,0,SJ Cotter,Samoa
1226,LR Gaonkar (PAN),2,2,0,24,16,12,25,96,0,0,0,3,0,LR Gaonkar,PAN
1227,A Kuthalingham (),1,1,0,24,24,24,24,100,0,0,0,1,0,A Kuthalingham,
1228,Mohammad Boota (UAE),3,3,3,24,14*,0,14,171.42,0,0,0,2,1,Mohammad Boota,UAE
1229,Naeem Gull (SWZ),4,4,0,24,12,6,36,66.66,0,0,1,4,0,Naeem Gull,SWZ
1230,JT Smuts (ITA),1,1,0,24,24,24,27,88.88,0,0,0,3,0,JT Smuts,ITA
1231,Aamir Kaleem (OMA),6,3,0,23,13,7.66,31,74.19,0,0,0,2,0,Aamir Kaleem,OMA
1232,Abdullah Shafique (PAK),1,1,0,23,23,23,13,176.92,0,0,0,1,2,Abdullah Shafique,PAK
1233,S Ivetic (SRB),1,1,0,23,23,23,11,209.09,0,0,0,2,2,S Ivetic,SRB
1234,Jai Sinh (SUI),10,8,2,23,9,3.83,40,57.5,0,0,1,1,0,Jai Sinh,SUI
1235,D Kalvin (SEY),4,4,1,23,19*,7.66,38,60.52,0,0,1,1,0,D Kalvin,SEY
1236,DS Maraiwai (Fiji),1,1,0,23,23,23,21,109.52,0,0,0,3,0,DS Maraiwai,Fiji
1237,Shakeel Ahmed (OMA),1,1,0,23,23,23,17,135.29,0,0,0,4,0,Shakeel Ahmed,OMA
1238,Sharveen Surendran (MAS),1,1,0,23,23,23,20,115,0,0,0,1,0,Sharveen Surendran,MAS
1239,JK Theodore (GHA),6,3,0,23,13,7.66,27,85.18,0,0,1,0,1,JK Theodore,GHA
1240,M Vaik (EST),4,1,1,23,23*,0,29,79.31,0,0,0,0,0,M Vaik,EST
1241,Ali Sheikh (USA),6,3,1,22,17,11,20,110,0,0,0,1,0,Ali Sheikh,USA
1242,SSD Arachchige (SL),1,1,0,22,22,22,29,75.86,0,0,0,0,1,SSD Arachchige,SL
1243,Arafat Minhas (PAK),1,1,1,22,22*,0,26,84.61,0,0,0,2,0,Arafat Minhas,PAK
1244,JC Balt (NAM),1,1,0,22,22,22,20,110,0,0,0,1,0,JC Balt,NAM
1245,N Bidaisee (WI),1,1,0,22,22,22,25,88,0,0,0,1,1,N Bidaisee,WI
1246,TS Fray (BER),4,2,0,22,21,11,28,78.57,0,0,0,1,0,TS Fray,BER
1247,PB Gouge (JER),5,3,1,22,21*,11,23,95.65,0,0,1,1,0,PB Gouge,JER
1248,Izhar Hussain (SUI),3,2,1,22,21*,22,33,66.66,0,0,0,3,0,Izhar Hussain,SUI
1249,D Johnson (Falk),3,3,0,22,13,7.33,63,34.92,0,0,0,0,0,D Johnson,Falk
1250,Khandubhai Ahir (PAN),1,1,0,22,22,22,30,73.33,0,0,0,1,1,Khandubhai Ahir,PAN
1251,BR McDermott (AUS),1,1,1,22,22*,0,19,115.78,0,0,0,3,0,BR McDermott,AUS
1252,M Malle (Mali),6,5,0,22,9,4.4,90,24.44,0,0,0,0,0,M Malle,Mali
1253,J Pakhiaokajee (THA),1,1,1,22,22*,0,22,100,0,0,0,1,1,J Pakhiaokajee,THA
1254,R Ramadhasyena (INA),1,1,0,22,22,22,16,137.5,0,0,0,1,2,R Ramadhasyena,INA
1255,LH Rodrigues (BRA),2,2,0,22,18,11,26,84.61,0,0,0,2,0,LH Rodrigues,BRA
1256,A Simelane (SA),2,2,0,22,11,11,22,100,0,0,0,3,0,A Simelane,SA
1257,A Busing-Volschenk (NAM),2,2,0,22,20,11,22,100,0,0,0,1,1,A Busing-Volschenk,NAM
1258,KK Ahuja (Mex),1,1,1,21,21*,0,26,80.76,0,0,0,3,0,KK Ahuja,Mex
1259,Aryan Lakra (UAE),3,3,1,21,11,10.5,21,100,0,0,0,1,1,Aryan Lakra,UAE
1260,G Cupido (SUI),2,2,1,21,11,21,29,72.41,0,0,0,1,1,G Cupido,SUI
1261,J Fernando (ROM),2,2,0,21,12,10.5,20,105,0,0,0,0,1,J Fernando,ROM
1262,Asif Iqbal (SKOR),1,1,1,21,21*,0,31,67.74,0,0,0,0,1,Asif Iqbal,SKOR
1263,MO Kain (USA),5,4,0,21,18,5.25,24,87.5,0,0,2,1,0,MO Kain,USA
1264,Kashif Khan (SGP),4,3,0,21,10,7,23,91.3,0,0,0,0,1,Kashif Khan,SGP
1265,Kulwinderjeet Singh (PHI),1,1,0,21,21,21,23,91.3,0,0,0,1,1,Kulwinderjeet Singh,PHI
1266,A McAuley (IOM),3,3,0,21,16,7,22,95.45,0,0,0,3,0,A McAuley,IOM
1267,Mohammad Saifuddin (BAN),3,2,1,21,17*,21,14,150,0,0,0,2,1,Mohammad Saifuddin,BAN
1268,Muhammad Zohaib (UAE),1,1,0,21,21,21,13,161.53,0,0,0,2,1,Muhammad Zohaib,UAE
1269,HJ Patel (PAN),1,1,0,21,21,21,20,105,0,0,0,2,0,HJ Patel,PAN
1270,JM Polarouthu (HUN),2,2,0,21,11,10.5,36,58.33,0,0,0,1,0,JM Polarouthu,HUN
1271,R Poojary (Mex),2,2,0,21,20,10.5,22,95.45,0,0,0,0,1,R Poojary,Mex
1272,GA Priandana (INA),6,4,0,21,10,5.25,45,46.66,0,0,1,2,1,GA Priandana,INA
1273,A Rajshekara (ROM),4,4,2,21,11*,10.5,29,72.41,0,0,1,1,1,A Rajshekara,ROM
1274,SP Shalders (Chile),2,2,0,21,21,10.5,35,60,0,0,1,2,0,SP Shalders,Chile
1275,A Bhadauria (LUX),1,1,0,21,21,21,18,116.66,0,0,0,2,0,A Bhadauria,LUX
1276,Suhail Sattar (TLS),5,5,0,21,21,4.2,29,72.41,0,0,4,4,0,Suhail Sattar,TLS
1277,CJ Stamp (PHI),2,2,1,21,15*,21,20,105,0,0,0,3,0,CJ Stamp,PHI
1278,T van der Gugten (NED),1,1,1,21,21*,0,5,420,0,0,0,2,2,T van der Gugten,NED
1279,Walid Ghauri (NOR),3,2,0,21,17,10.5,18,116.66,0,0,0,1,0,Walid Ghauri,NOR
1280,Z Abbasi (BOT),3,3,0,20,16,6.66,13,153.84,0,0,1,2,1,Z Abbasi,BOT
1281,Asad Mahmood (SUI),6,5,0,20,9,4,34,58.82,0,0,0,1,0,Asad Mahmood,SUI
1282,J Butler (GUE),2,1,0,20,20,20,20,100,0,0,0,1,0,J Butler,GUE
1283,N Davidovic (CRT),3,3,0,20,16,6.66,11,181.81,0,0,1,1,2,N Davidovic,CRT
1284,D Ganesh (CRC),5,3,0,20,18,6.66,40,50,0,0,0,1,1,D Ganesh,CRC
1285,Huang Junjie (CHN),2,2,0,20,19,10,39,51.28,0,0,0,2,0,Huang Junjie,CHN
1286,I Kaia (ZIM),2,2,0,20,18,10,13,153.84,0,0,0,1,2,I Kaia,ZIM
1287,S Kamate (Mali),6,6,0,20,17,3.33,55,36.36,0,0,3,2,0,S Kamate,Mali
1288,W Maximo (BRA),3,3,0,20,10,6.66,36,55.55,0,0,0,1,0,W Maximo,BRA
1289,RN Patel (KENYA),2,1,1,20,20*,0,16,125,0,0,0,2,0,RN Patel,KENYA
1290,Patrick Nou (PNG),2,2,0,20,19,10,22,90.9,0,0,0,2,0,Patrick Nou,PNG
1291,L Rossi (Arg),2,1,0,20,20,20,20,100,0,0,0,2,0,L Rossi,Arg
1292,Sahibzada Farhan (PAK),2,2,0,20,19,10,16,125,0,0,0,1,1,Sahibzada Farhan,PAK
1293,SD Valjalo (CRT),2,2,1,20,10*,20,24,83.33,0,0,0,2,0,SD Valjalo,CRT
1294,SB Wagh (Mex),1,1,0,20,20,20,19,105.26,0,0,0,0,1,SB Wagh,Mex
1295,DG Weakley (BHM),4,2,0,20,20,10,31,64.51,0,0,1,1,0,DG Weakley,BHM
1296,Zuhaib Zubair (UAE),6,5,3,20,5*,10,24,83.33,0,0,0,1,0,Zuhaib Zubair,UAE
1297,CC Machado (BRA),6,5,0,19,9,3.8,38,50,0,0,0,0,0,CC Machado,BRA
1298,A Amado (ISR),2,2,0,19,16,9.5,28,67.85,0,0,0,2,0,A Amado,ISR
1299,PK Ananya (GHA),3,3,1,19,18*,9.5,19,100,0,0,1,1,1,PK Ananya,GHA
1300,V Aritharan (GER),2,2,1,19,12*,19,15,126.66,0,0,0,3,0,V Aritharan,GER
1301,Atif Kamal (LUX),4,4,0,19,12,4.75,21,90.47,0,0,1,1,1,Atif Kamal,LUX
1302,J Daley (),2,2,0,19,15,9.5,25,76,0,0,0,2,0,J Daley,
1303,W Dlamini (SWZ),4,4,0,19,12,4.75,23,82.6,0,0,0,2,0,W Dlamini,SWZ
1304,P Hatchman (GIBR),4,4,0,19,11,4.75,30,63.33,0,0,0,1,0,P Hatchman,GIBR
1305,M Iturbe (Arg),3,3,1,19,10,9.5,31,61.29,0,0,0,1,1,M Iturbe,Arg
1306,AA Jangoo (WI),2,2,0,19,16,9.5,23,82.6,0,0,0,1,1,AA Jangoo,WI
1307,Kasir Ahmed (HUN),1,1,0,19,19,19,21,90.47,0,0,0,0,0,Kasir Ahmed,HUN
1308,D Klein (GER),5,5,0,19,8,3.8,21,90.47,0,0,1,2,0,D Klein,GER
1309,AR Leo (STHEL),4,3,2,19,12*,19,12,158.33,0,0,0,1,1,AR Leo,STHEL
1310,Muhammad Usman (UAE),3,2,0,19,17,9.5,28,67.85,0,0,0,1,0,Muhammad Usman,UAE
1311,CN Onwuzulike (NGA),6,4,1,19,8,6.33,22,86.36,0,0,0,2,0,CN Onwuzulike,NGA
1312,Rupesh Singh (NEP),1,1,0,19,19,19,14,135.71,0,0,0,1,1,Rupesh Singh,NEP
1313,Saghir Khan (UAE),4,4,1,19,8,6.33,13,146.15,0,0,0,1,1,Saghir Khan,UAE
1314,R Satheesan (ROM),4,4,1,19,19*,6.33,19,100,0,0,3,2,1,R Satheesan,ROM
1315,J Scheffer (Falk),5,5,0,19,12,3.8,50,38,0,0,2,1,0,J Scheffer,Falk
1316,LI Salomone (MOZ),3,3,2,19,17*,19,32,59.37,0,0,0,2,0,LI Salomone,MOZ
1317,OSB Tilley (CRT),3,3,1,19,13,9.5,19,100,0,0,0,1,0,OSB Tilley,CRT
1318,S Udhayan (SEY),3,2,0,19,19,9.5,18,105.55,0,0,1,0,1,S Udhayan,SEY
1319,DV Varghese (BUL),2,2,0,19,17,9.5,27,70.37,0,0,0,1,0,DV Varghese,BUL
1320,TS Waqavakatoga (Fiji),3,3,1,19,17*,9.5,16,118.75,0,0,1,1,1,TS Waqavakatoga,Fiji
1321,P Arrighi (Arg),2,1,0,18,18,18,22,81.81,0,0,0,1,0,P Arrighi,Arg
1322,T Brown (BHM),4,4,0,18,8,4.5,57,31.57,0,0,1,0,0,T Brown,BHM
1323,R Dianish (MLT),2,2,0,18,17,9,9,200,0,0,0,2,1,R Dianish,MLT
1324,M Dixit (LUX),1,1,0,18,18,18,17,105.88,0,0,0,0,1,M Dixit,LUX
1325,J Jagroo (BHM),1,1,0,18,18,18,12,150,0,0,0,1,2,J Jagroo,BHM
1326,S Navaratne (JPN),3,3,1,18,18*,9,27,66.66,0,0,2,1,0,S Navaratne,JPN
1327,E Otgonbayar (MNG),4,4,0,18,7,4.5,38,47.36,0,0,0,0,0,E Otgonbayar,MNG
1328,HV Patel (IND),4,2,1,18,17,18,13,138.46,0,0,0,2,1,HV Patel,IND
1329,Raihan Hossain (TLS),3,3,0,18,10,6,41,43.9,0,0,0,0,0,Raihan Hossain,TLS
1330,Ramanjot Singh (SVN),1,1,0,18,18,18,24,75,0,0,0,0,1,Ramanjot Singh,SVN
1331,Bilal Safdar (NOR),2,2,0,18,15,9,37,48.64,0,0,0,2,0,Bilal Safdar,NOR
1332,DR Sams (AUS),1,1,0,18,18,18,15,120,0,0,0,2,0,DR Sams,AUS
1333,Saqib Zulfiqar (NED),5,3,1,18,14,9,19,94.73,0,0,0,2,0,Saqib Zulfiqar,NED
1334,Shoaib Khan (GER),4,4,0,18,7,4.5,27,66.66,0,0,1,2,0,Shoaib Khan,GER
1335,CP Turkich (CRT),3,3,0,18,12,6,38,47.36,0,0,1,1,0,CP Turkich,CRT
1336,Wang Liuyang (CHN),1,1,0,18,18,18,30,60,0,0,0,1,0,Wang Liuyang,CHN
1337,Rehan Ahmed (ENG),2,2,1,17,9*,17,16,106.25,0,0,0,1,1,Rehan Ahmed,ENG
1338,J Alexander (Falk),2,2,0,17,9,8.5,34,50,0,0,0,3,0,J Alexander,Falk
1339,Khan Arbaaz (LES),1,1,0,17,17,17,21,80.95,0,0,0,2,0,Khan Arbaaz,LES
1340,MS Diawara (Mali),5,4,0,17,9,4.25,42,40.47,0,0,1,0,0,MS Diawara,Mali
1341,Gurpreet Singh (ITA),3,2,0,17,15,8.5,14,121.42,0,0,0,0,1,Gurpreet Singh,ITA
1342,Ibrahim Kpaka (SLE),2,2,0,17,15,8.5,17,100,0,0,0,1,0,Ibrahim Kpaka,SLE
1343,Kamran Khan (QAT),1,1,0,17,17,17,11,154.54,0,0,0,3,0,Kamran Khan,QAT
1344,MD Shoyaib (EST),1,1,0,17,17,17,15,113.33,0,0,0,0,0,MD Shoyaib,EST
1345,D Panda (Mex),2,2,2,17,17*,0,16,106.25,0,0,0,1,0,D Panda,Mex
1346,SN Pathirana (CYP),3,2,1,17,16*,17,33,51.51,0,0,0,0,0,SN Pathirana,CYP
1347,Mofassar Saeed (NOR),1,1,0,17,17,17,19,89.47,0,0,0,2,0,Mofassar Saeed,NOR
1348,D St Ange (),3,3,0,17,13,5.66,25,68,0,0,1,0,0,D St Ange,
1349,P Stroud (Falk),1,1,0,17,17,17,24,70.83,0,0,0,3,0,P Stroud,Falk
1350,N Wijesekera (AUT),3,3,2,17,9*,17,14,121.42,0,0,0,1,0,N Wijesekera,AUT
1351,Abbas Afridi (PAK),3,3,1,16,11*,8,14,114.28,0,0,0,2,1,Abbas Afridi,PAK
1352,YJO Altamirano (CRC),3,3,0,16,11,5.33,30,53.33,0,0,1,1,1,YJO Altamirano,CRC
1353,F Baaleri (GHA),2,2,1,16,14*,16,15,106.66,0,0,0,0,0,F Baaleri,GHA
1354,G Bakiweyem (GHA),9,5,1,16,9,4,20,80,0,0,1,2,0,G Bakiweyem,GHA
1355,A Halbhavi (LUX),2,2,0,16,14,8,22,72.72,0,0,0,1,0,A Halbhavi,LUX
1356,S Henry (Falk),4,4,0,16,6,4,64,25,0,0,1,1,0,S Henry,Falk
1357,AJ Jabiri (TAN),3,3,0,16,14,5.33,24,66.66,0,0,0,2,0,AJ Jabiri,TAN
1358,Jaweed Sadran (AUT),4,4,1,16,8*,5.33,14,114.28,0,0,0,3,0,Jaweed Sadran,AUT
1359,TSS Mackintosh (SCOT),2,1,0,16,16,16,14,114.28,0,0,0,1,0,TSS Mackintosh,SCOT
1360,A Manepalli (LUX),3,3,0,16,7,5.33,28,57.14,0,0,0,0,0,A Manepalli,LUX
1361,SJ Modani (USA),3,2,1,16,11*,16,13,123.07,0,0,0,1,0,SJ Modani,USA
1362,Muhammad Ajmal (MLT),2,2,0,16,11,8,20,80,0,0,0,1,1,Muhammad Ajmal,MLT
1363,ASH Parsons (SKOR),4,4,0,16,6,4,44,36.36,0,0,0,0,0,ASH Parsons,SKOR
1364,S Sola (Samoa),5,3,0,16,9,5.33,43,37.2,0,0,0,1,0,S Sola,Samoa
1365,J West (GIBR),2,2,0,16,14,8,19,84.21,0,0,0,1,0,J West,GIBR
1366,Zeeshan Haider (QAT),2,1,0,16,16,16,11,145.45,0,0,0,1,1,Zeeshan Haider,QAT
1367,Anas Khan (HKG),5,3,1,15,15*,7.5,29,51.72,0,0,2,0,0,Anas Khan,HKG
1368,A Augastin (TAN),2,2,0,15,11,7.5,19,78.94,0,0,0,0,0,A Augastin,TAN
1369,C Forbes (SWZ),2,2,0,15,14,7.5,27,55.55,0,0,0,0,1,C Forbes,SWZ
1370,Hamed Khan (HKG),2,2,1,15,10,15,24,62.5,0,0,0,0,0,Hamed Khan,HKG
1371,V Hirlal (Sur),2,2,1,15,10,15,23,65.21,0,0,0,1,0,V Hirlal,Sur
1372,Ibrahim Sesay (SLE),2,2,0,15,10,7.5,33,45.45,0,0,0,2,0,Ibrahim Sesay,SLE
1373,A Johnmary (Fran),2,2,0,15,14,7.5,17,88.23,0,0,0,0,1,A Johnmary,Fran
1374,D Nath (NEP),4,3,1,15,15*,7.5,11,136.36,0,0,2,3,0,D Nath,NEP
1375,Niyas Pullariyil (MLT),1,1,1,15,15*,0,13,115.38,0,0,0,0,1,Niyas Pullariyil,MLT
1376,Ramandeep Singh (IND),2,1,0,15,15,15,6,250,0,0,0,1,1,Ramandeep Singh,IND
1377,S Ravoka (Fiji),2,2,0,15,13,7.5,25,60,0,0,0,0,0,S Ravoka,Fiji
1378,RD Rickelton (SA),1,1,0,15,15,15,7,214.28,0,0,0,0,2,RD Rickelton,SA
1379,L Sanogo (Mali),6,5,1,15,15*,3.75,29,51.72,0,0,4,2,0,L Sanogo,Mali
1380,RHO Saunders (NOR),2,2,0,15,14,7.5,23,65.21,0,0,0,2,0,RHO Saunders,NOR
1381,S Vesawkar (NEP),3,3,2,15,10*,15,15,100,0,0,0,1,0,S Vesawkar,NEP
1382,Vimal Kumar (PHI),1,1,1,15,15*,0,20,75,0,0,0,0,0,Vimal Kumar,PHI
1383,SA Wijeyeratne (CAN),3,2,0,15,9,7.5,16,93.75,0,0,0,1,0,SA Wijeyeratne,CAN
1384,Ahmad Khalid Ahmadzai (BEL),2,2,0,14,13,7,6,233.33,0,0,0,0,2,Ahmad Khalid Ahmadzai,BEL
1385,Ashish Gupta (INA),1,1,0,14,14,14,18,77.77,0,0,0,1,1,Ashish Gupta,INA
1386,S Bodha (GIBR),3,2,0,14,11,7,17,82.35,0,0,0,1,0,S Bodha,GIBR
1387,C Chete (MWI),12,5,0,14,6,2.8,20,70,0,0,1,2,0,C Chete,MWI
1388,M Coetzee (HKG),6,5,1,14,5,3.5,29,48.27,0,0,0,0,0,M Coetzee,HKG
1389,Danish Jasnaik (BHR),3,3,0,14,11,4.66,19,73.68,0,0,0,1,0,Danish Jasnaik,BHR
1390,AD Dore (BER),2,2,0,14,11,7,18,77.77,0,0,0,0,1,AD Dore,BER
1391,TA Dudnath (Sur),1,1,0,14,14,14,19,73.68,0,0,0,0,1,TA Dudnath,Sur
1392,I Elec (TKY),1,1,0,14,14,14,9,155.55,0,0,0,0,1,I Elec,TKY
1393,DR Hooper (GUE),2,1,0,14,14,14,19,73.68,0,0,0,0,0,DR Hooper,GUE
1394,Jaikumar Thakur (CRT),3,3,0,14,10,4.66,28,50,0,0,1,1,0,Jaikumar Thakur,CRT
1395,I Kamara (SLE),3,3,1,14,12*,7,27,51.85,0,0,1,0,1,I Kamara,SLE
1396,F Khaliq (BEL),3,2,1,14,7*,14,15,93.33,0,0,0,1,0,F Khaliq,BEL
1397,A Khan (DEN),2,2,0,14,13,7,12,116.66,0,0,0,1,0,A Khan,DEN
1398,Mayank Nagayach (LUX),4,4,1,14,9*,4.66,13,107.69,0,0,1,2,0,Mayank Nagayach,LUX
1399,Mohmedazim Abbasbhai (Zamb),1,1,0,14,14,14,15,93.33,0,0,0,1,0,Mohmedazim Abbasbhai,Zamb
1400,OE Newey (GUE),3,1,0,14,14,14,13,107.69,0,0,0,1,0,OE Newey,GUE
1401,T Rapi (Samoa),2,2,0,14,13,7,15,93.33,0,0,0,2,0,T Rapi,Samoa
1402,Riaz Afridi (CZK-R),3,2,0,14,11,7,14,100,0,0,0,1,1,Riaz Afridi,CZK-R
1403,D Samarawickrama (ITA),2,2,0,14,13,7,20,70,0,0,0,0,0,D Samarawickrama,ITA
1404,EG Taylor (Chile),1,1,0,14,14,14,26,53.84,0,0,0,1,0,EG Taylor,Chile
1405,I Tchakou (CAM),1,1,0,14,14,14,19,73.68,0,0,0,1,0,I Tchakou,CAM
1406,Ubaid Martuza (BHR),2,2,1,14,12*,14,12,116.66,0,0,0,1,0,Ubaid Martuza,BHR
1407,CR Woakes (ENG),4,3,1,14,13*,7,14,100,0,0,1,2,0,CR Woakes,ENG
1408,B Yadav (NEP),7,6,1,14,7,2.8,32,43.75,0,0,0,0,0,B Yadav,NEP
1409,JKC Ahir (PAN),1,1,0,13,13,13,35,37.14,0,0,0,0,0,JKC Ahir,PAN
1410,TV Badri Narayanan (CRC),2,2,0,13,11,6.5,28,46.42,0,0,0,1,0,TV Badri Narayanan,CRC
1411,KNA Bandara (SL),2,1,0,13,13,13,9,144.44,0,0,0,0,2,KNA Bandara,SL
1412,NN Banner (Blz),3,2,1,13,10*,13,16,81.25,0,0,0,0,0,NN Banner,Blz
1413,W Barresi (NED),3,3,1,13,8,6.5,11,118.18,0,0,1,2,0,W Barresi,NED
1414,JR Barry (BHM),1,1,0,13,13,13,25,52,0,0,0,0,0,JR Barry,BHM
1415,Danyal Akbar (HUN),2,2,1,13,7,13,9,144.44,0,0,0,1,0,Danyal Akbar,HUN
1416,GC Galanis (GRC),2,2,0,13,9,6.5,14,92.85,0,0,0,0,0,GC Galanis,GRC
1417,A Harris (BHM),5,5,1,13,7*,3.25,18,72.22,0,0,1,0,1,A Harris,BHM
1418,T Horpinitch (SEY),1,1,0,13,13,13,20,65,0,0,0,2,0,T Horpinitch,SEY
1419,Kamal Soukhiya (LUX),2,2,0,13,12,6.5,12,108.33,0,0,0,0,1,Kamal Soukhiya,LUX
1420,SKR Mallidi (SWE),2,2,0,13,12,6.5,20,65,0,0,0,0,1,SKR Mallidi,SWE
1421,Maqsood Ahmad (BEL),1,1,0,13,13,13,19,68.42,0,0,0,1,0,Maqsood Ahmad,BEL
1422,D Mendonca (TLS),5,5,0,13,9,2.6,75,17.33,0,0,3,1,0,D Mendonca,TLS
1423,Muzahir Raza (OMA),2,2,2,13,8*,0,7,185.71,0,0,0,2,0,Muzahir Raza,OMA
1424,RG Mukasa (UGA),2,2,1,13,9*,13,13,100,0,0,0,2,0,RG Mukasa,UGA
1425,Nazmul Huda (TLS),5,5,0,13,8,2.6,49,26.53,0,0,2,1,0,Nazmul Huda,TLS
1426,Nazmus Sakib (MAS),3,3,2,13,8,13,12,108.33,0,0,0,0,1,Nazmus Sakib,MAS
1427,MMR Obili (EST),3,3,1,13,10*,6.5,15,86.66,0,0,1,0,0,MMR Obili,EST
1428,JS Pita (Samoa),2,2,0,13,8,6.5,16,81.25,0,0,0,1,0,JS Pita,Samoa
1429,Hamza Khan (RWN),1,1,1,13,13*,0,15,86.66,0,0,0,1,0,Hamza Khan,RWN
1430,AG Roe (Chile),2,2,0,13,13,6.5,37,35.13,0,0,1,2,0,AG Roe,Chile
1431,S Sarthak (BHR),3,2,1,13,11*,13,11,118.18,0,0,0,1,0,S Sarthak,BHR
1432,L Smith (Fran),2,2,0,13,11,6.5,11,118.18,0,0,0,2,0,L Smith,Fran
1433,S Tharanga (CYP),4,2,0,13,13,6.5,8,162.5,0,0,1,1,1,S Tharanga,CYP
1434,NR Welch (ZIM),1,1,0,13,13,13,14,92.85,0,0,0,1,0,NR Welch,ZIM
1435,KY Wilfried (CIV),3,3,0,13,9,4.33,61,21.31,0,0,1,1,0,KY Wilfried,CIV
1436,Amir Butt (Mex),1,1,0,12,12,12,6,200,0,0,0,1,1,Amir Butt,Mex
1437,FE Carava (MOZ),2,1,0,12,12,12,16,75,0,0,0,1,0,FE Carava,MOZ
1438,Delawar Khan (DEN),2,2,1,12,7*,12,13,92.3,0,0,0,0,0,Delawar Khan,DEN
1439,V Dwivedi (EST),2,2,1,12,7,12,18,66.66,0,0,0,1,0,V Dwivedi,EST
1440,Farmanullah (AFG),1,1,0,12,12,12,10,120,0,0,0,0,1,Farmanullah,AFG
1441,M Fontaine (HUN),2,2,0,12,12,6,9,133.33,0,0,1,2,0,M Fontaine,HUN
1442,A Gasteratos (GRC),2,2,1,12,8*,12,21,57.14,0,0,0,0,0,A Gasteratos,GRC
1443,JP Greaves (WI),1,1,0,12,12,12,15,80,0,0,0,0,0,JP Greaves,WI
1444,Haseebullah Khan (PAK),1,1,0,12,12,12,8,150,0,0,0,1,1,Haseebullah Khan,PAK
1445,JS Henriksen (DEN),2,1,0,12,12,12,13,92.3,0,0,0,1,0,JS Henriksen,DEN
1446,KR Jha (AUT),3,3,0,12,7,4,25,48,0,0,1,0,0,KR Jha,AUT
1447,P Manning (CAY),2,2,1,12,7*,12,21,57.14,0,0,0,0,0,P Manning,CAY
1448,D Mauro (Arg),2,2,2,12,12*,0,15,80,0,0,0,0,0,D Mauro,Arg
1449,Mujibur Ali (OMA),1,1,0,12,12,12,11,109.09,0,0,0,1,0,Mujibur Ali,OMA
1450,Mustapha Suwareh (GMB),3,3,0,12,7,4,22,54.54,0,0,0,1,0,Mustapha Suwareh,GMB
1451,F Mutua (KENYA),2,1,1,12,12*,0,8,150,0,0,0,2,0,F Mutua,KENYA
1452,W Nalisa (VAN),2,2,0,12,6,6,17,70.58,0,0,0,0,0,W Nalisa,VAN
1453,Nay Lin Htun (MYAN),6,5,1,12,6,3,22,54.54,0,0,0,1,0,Nay Lin Htun,MYAN
1454,Ousman Bah (GMB),3,3,0,12,8,4,37,32.43,0,0,1,0,0,Ousman Bah,GMB
1455,R Panchal (ESP),2,1,1,12,12*,0,14,85.71,0,0,0,1,0,R Panchal,ESP
1456,J Pickering (COK),1,1,1,12,12*,0,17,70.58,0,0,0,0,0,J Pickering,COK
1457,J Reb (SRB),2,2,0,12,7,6,23,52.17,0,0,0,1,0,J Reb,SRB
1458,MJ Scotland (BER),3,3,1,12,11*,6,11,109.09,0,0,1,1,0,MJ Scotland,BER
1459,Shehzad Patel (SWZ),1,1,0,12,12,12,13,92.3,0,0,0,1,0,Shehzad Patel,SWZ
1460,C Udekwe (NGA),2,2,0,12,9,6,12,100,0,0,0,0,1,C Udekwe,NGA
1461,H Venkataram (SGP),2,2,1,12,11*,12,7,171.42,0,0,0,0,1,H Venkataram,SGP
1462,C Veretaki (Fiji),1,1,0,12,12,12,18,66.66,0,0,0,1,0,C Veretaki,Fiji
1463,Wafiullah Tarakhil (AFG),2,2,0,12,11,6,17,70.58,0,0,0,0,1,Wafiullah Tarakhil,AFG
1464,WA Young (NZ),1,1,0,12,12,12,11,109.09,0,0,0,2,0,WA Young,NZ
1465,Zeeshan Goraya (AUT),1,1,0,12,12,12,7,171.42,0,0,0,0,1,Zeeshan Goraya,AUT
1466,Zubaidi Zulkifle (MAS),2,2,0,12,7,6,20,60,0,0,0,0,0,Zubaidi Zulkifle,MAS
1467,Ali Muaaz (GRC),2,2,0,11,10,5.5,18,61.11,0,0,0,1,0,Ali Muaaz,GRC
1468,AN Aminou (CAM),5,3,0,11,11,3.66,16,68.75,0,0,2,0,0,AN Aminou,CAM
1469,G Angeletti (Arg),1,1,0,11,11,11,9,122.22,0,0,0,0,1,G Angeletti,Arg
1470,JW Batinibulu (Fiji),1,1,0,11,11,11,12,91.66,0,0,0,0,1,JW Batinibulu,Fiji
1471,Boio Ray (PNG),1,1,0,11,11,11,13,84.61,0,0,0,0,0,Boio Ray,PNG
1472,Elias Hasan (EST),3,3,0,11,7,3.66,21,52.38,0,0,0,1,0,Elias Hasan,EST
1473,Elias Tilman (TLS),3,3,1,11,8,5.5,39,28.2,0,0,1,0,0,Elias Tilman,TLS
1474,Garret Banner (Blz),3,2,1,11,11*,11,6,183.33,0,0,1,2,0,Garret Banner,Blz
1475,AA Hawoe (INA),6,3,0,11,9,3.66,13,84.61,0,0,1,1,0,AA Hawoe,INA
1476,Ibrahim Rizan (MDV),1,1,1,11,11*,0,7,157.14,0,0,0,0,0,Ibrahim Rizan,MDV
1477,NA Karnik (SGP),1,1,0,11,11,11,14,78.57,0,0,0,1,0,NA Karnik,SGP
1478,Mabsar Abdulla (MDV),1,1,0,11,11,11,21,52.38,0,0,0,0,0,Mabsar Abdulla,MDV
1479,DE Martel (GUE),2,2,0,11,10,5.5,18,61.11,0,0,0,0,0,DE Martel,GUE
1480,Nasum Ahmed (BAN),2,2,0,11,10,5.5,14,78.57,0,0,0,0,1,Nasum Ahmed,BAN
1481,Parveen Kumar (FIN),1,1,0,11,11,11,15,73.33,0,0,0,1,1,Parveen Kumar,FIN
1482,V Rathinasamy (CRT),2,2,0,11,11,5.5,25,44,0,0,1,1,0,V Rathinasamy,CRT
1483,A Razmilic (CRT),6,5,0,11,10,2.2,31,35.48,0,0,3,0,0,A Razmilic,CRT
1484,RT Rubbi (INA),2,2,0,11,9,5.5,28,39.28,0,0,0,0,0,RT Rubbi,INA
1485,AA Senn (CYP),1,1,0,11,11,11,11,100,0,0,0,1,0,AA Senn,CYP
1486,Shahzeb Choudhry (SWE),2,2,0,11,11,5.5,12,91.66,0,0,1,2,0,Shahzeb Choudhry,SWE
1487,Shunan Ali (MDV),1,1,1,11,11*,0,23,47.82,0,0,0,0,0,Shunan Ali,MDV
1488,Sompal Kami (NEP),8,5,0,11,7,2.2,25,44,0,0,3,0,1,Sompal Kami,NEP
1489,BDH Stevens (JER),3,3,0,11,6,3.66,20,55,0,0,0,0,0,BDH Stevens,JER
1490,V Sukumaran (UAE),4,2,0,11,11,5.5,11,100,0,0,1,1,1,V Sukumaran,UAE
1491,DJ Willey (ENG),1,1,0,11,11,11,10,110,0,0,0,2,0,DJ Willey,ENG
1492,P Yevugah (GHA),2,2,0,11,6,5.5,19,57.89,0,0,0,1,0,P Yevugah,GHA
1493,Abdullah Akbarjan (AUT),6,2,0,10,7,5,15,66.66,0,0,0,0,0,Abdullah Akbarjan,AUT
1494,Abdul Waheed (KSA),3,1,0,10,10,10,16,62.5,0,0,0,0,0,Abdul Waheed,KSA
1495,Ahmed Khan (HUN),1,1,1,10,10*,0,7,142.85,0,0,0,2,0,Ahmed Khan,HUN
1496,Assad Borham (QAT),4,2,1,10,8*,10,12,83.33,0,0,0,1,0,Assad Borham,QAT
1497,J Buchanan (CAY),1,1,0,10,10,10,12,83.33,0,0,0,0,0,J Buchanan,CAY
1498,GF Cardos (TLS),6,6,0,10,5,1.66,50,20,0,0,2,0,0,GF Cardos,TLS
1499,NG Collins (FIN),1,1,0,10,10,10,22,45.45,0,0,0,1,0,NG Collins,FIN
1500,A Daxini (CRT),2,2,0,10,5,5,18,55.55,0,0,0,1,0,A Daxini,CRT
1501,L Erdenebulgan (MNG),6,6,0,10,8,1.66,54,18.51,0,0,4,0,0,L Erdenebulgan,MNG
1502,CR Ervine (ZIM),3,3,0,10,7,3.33,11,90.9,0,0,0,1,0,CR Ervine,ZIM
1503,D Foxcroft (NZ),2,1,0,10,10,10,10,100,0,0,0,0,0,D Foxcroft,NZ
1504,R Francis (STHEL),4,4,1,10,7,3.33,12,83.33,0,0,1,1,0,R Francis,STHEL
1505,S Gantulga (MNG),6,6,0,10,6,1.66,52,19.23,0,0,2,1,0,S Gantulga,MNG
1506,NT Gireesh (CAM),5,4,2,10,5,5,20,50,0,0,0,1,0,NT Gireesh,CAM
1507,M Grzinic (CRT),2,2,0,10,6,5,15,66.66,0,0,0,0,0,M Grzinic,CRT
1508,Hasan Ali (PAK),1,1,0,10,10,10,4,250,0,0,0,1,1,Hasan Ali,PAK
1509,DC Jurel (IND),3,2,0,10,6,5,19,52.63,0,0,0,1,0,DC Jurel,IND
1510,Karan KC (NEP),6,3,0,10,9,3.33,7,142.85,0,0,1,0,1,Karan KC,NEP
1511,A Karvelas (GRC),1,1,0,10,10,10,20,50,0,0,0,1,0,A Karvelas,GRC
1512,KDA Lukies (PHI),2,2,1,10,6*,10,17,58.82,0,0,0,1,0,KDA Lukies,PHI
1513,Maidul Islam (EST),3,3,0,10,10,3.33,8,125,0,0,2,0,1,Maidul Islam,EST
1514,Mansoor Malangzai (BEL),1,1,0,10,10,10,10,100,0,0,0,0,0,Mansoor Malangzai,BEL
1515,B McMullen (SCOT),2,2,0,10,8,5,11,90.9,0,0,0,0,0,B McMullen,SCOT
1516,AF Milne (NZ),4,2,0,10,10,5,12,83.33,0,0,1,0,1,AF Milne,NZ
1517,Mohammad Amin (KUW),1,1,0,10,10,10,12,83.33,0,0,0,0,0,Mohammad Amin,KUW
1518,Mutte Ikram (HUN),1,1,0,10,10,10,25,40,0,0,0,0,0,Mutte Ikram,HUN
1519,N Naranbaatar (MNG),5,5,0,10,5,2,45,22.22,0,0,2,1,0,N Naranbaatar,MNG
1520,PV Naringrekar (CRC),1,1,0,10,10,10,9,111.11,0,0,0,2,0,PV Naringrekar,CRC
1521,Nirmaljit Singh (CAM),3,3,1,10,7,5,25,40,0,0,0,1,0,Nirmaljit Singh,CAM
1522,P Suman Bhai Ahir (PAN),3,3,0,10,10,3.33,16,62.5,0,0,2,1,0,P Suman Bhai Ahir,PAN
1523,S Rossi (Arg),3,3,0,10,10,3.33,11,90.9,0,0,2,0,0,S Rossi,Arg
1524,LA Simango (MOZ),4,2,1,10,8,10,6,166.66,0,0,0,0,1,LA Simango,MOZ
1525,C Smith (MAS),2,2,0,10,9,5,12,83.33,0,0,0,1,0,C Smith,MAS
1526,S Srikanth (SGP),1,1,0,10,10,10,6,166.66,0,0,0,2,0,S Srikanth,SGP
1527,Uzair Amir (QAT),1,1,0,10,10,10,13,76.92,0,0,0,0,0,Uzair Amir,QAT
1528,KA Vimlesh (ROM),2,2,2,10,8*,0,8,125,0,0,0,0,0,KA Vimlesh,ROM
1529,Walid Sahibzada (BEL),2,1,0,10,10,10,8,125,0,0,0,2,0,Walid Sahibzada,BEL
1530,Zain Ahmad (Fran),4,3,0,10,9,3.33,20,50,0,0,1,0,0,Zain Ahmad,Fran
1531,BAA Zammitt (GIBR),2,2,0,10,9,5,19,52.63,0,0,0,0,0,BAA Zammitt,GIBR
1532,Aamer Jamal (PAK),1,1,0,9,9,9,8,112.5,0,0,0,0,1,Aamer Jamal,PAK
1533,J Baguma (UGA),3,1,0,9,9,9,7,128.57,0,0,0,2,0,J Baguma,UGA
1534,GG Banner (Blz),3,3,0,9,5,3,11,81.81,0,0,1,1,0,GG Banner,Blz
1535,C Bevin (CRT),1,1,0,9,9,9,15,60,0,0,0,1,0,C Bevin,CRT
1536,TD Chaoana (LES),5,3,0,9,8,3,11,81.81,0,0,1,1,0,TD Chaoana,LES
1537,DKJ Claude (CIV),3,3,0,9,5,3,28,32.14,0,0,0,1,0,DKJ Claude,CIV
1538,J Clough (IOM),1,1,0,9,9,9,13,69.23,0,0,0,0,0,J Clough,IOM
1539,J Essex (STHEL),2,2,0,9,5,4.5,17,52.94,0,0,0,0,0,J Essex,STHEL
1540,RS Fernando (SL),1,1,0,9,9,9,10,90,0,0,0,1,0,RS Fernando,SL
1541,GI Gokoel (Sur),1,1,0,9,9,9,20,45,0,0,0,1,0,GI Gokoel,Sur
1542,S Jamil (BEL),2,2,1,9,7*,9,10,90,0,0,0,1,0,S Jamil,BEL
1543,NR Johns-Wickberg (SRB),6,2,0,9,8,4.5,15,60,0,0,0,1,0,NR Johns-Wickberg,SRB
1544,TE Kane (IRE),2,1,0,9,9,9,11,81.81,0,0,0,1,0,TE Kane,IRE
1545,A Kapoor (CAN),1,1,1,9,9*,0,4,225,0,0,0,1,0,A Kapoor,CAN
1546,K Klein (NED),1,1,0,9,9,9,12,75,0,0,0,1,0,K Klein,NED
1547,O Lutbayar (MNG),7,6,0,9,5,1.5,24,37.5,0,0,2,0,0,O Lutbayar,MNG
1548,L Maphane (BOT),1,1,0,9,9,9,16,56.25,0,0,0,0,0,L Maphane,BOT
1549,Muhammad Burhan (HUN),2,2,0,9,7,4.5,8,112.5,0,0,0,0,1,Muhammad Burhan,HUN
1550,Shah Faisal (OMA),3,2,0,9,9,4.5,13,69.23,0,0,1,0,1,Shah Faisal,OMA
1551,Shivam Sharma (CAN),1,1,0,9,9,9,5,180,0,0,0,0,1,Shivam Sharma,CAN
1552,A Shukla (CRT),1,1,0,9,9,9,12,75,0,0,0,0,1,A Shukla,CRT
1553,Soochan Park (SKOR),1,1,0,9,9,9,17,52.94,0,0,0,0,0,Soochan Park,SKOR
1554,U Srivastava (USA),2,1,0,9,9,9,8,112.5,0,0,0,1,0,U Srivastava,USA
1555,ACF Stokes (GUE),4,2,0,9,5,4.5,16,56.25,0,0,0,0,0,ACF Stokes,GUE
1556,D Teinaki (COK),2,2,0,9,7,4.5,9,100,0,0,0,1,0,D Teinaki,COK
1557,S Toutai (Samoa),1,1,0,9,9,9,9,100,0,0,0,1,0,S Toutai,Samoa
1558,P Vailoa (COK),1,1,0,9,9,9,6,150,0,0,0,0,1,P Vailoa,COK
1559,Yadwinder Singh (HUN),1,1,1,9,9*,0,13,69.23,0,0,0,1,0,Yadwinder Singh,HUN
1560,Zhuang Zelin (CHN),5,5,1,9,3*,2.25,27,33.33,0,0,0,0,0,Zhuang Zelin,CHN
1561,FA Allen (WI),8,4,0,8,7,2,12,66.66,0,0,2,1,0,FA Allen,WI
1562,PUKK Arachchige (FIN),2,2,0,8,4,4,16,50,0,0,0,0,0,PUKK Arachchige,FIN
1563,RD Atangana (CAM),2,2,0,8,4,4,23,34.78,0,0,0,0,0,RD Atangana,CAM
1564,JD Baker (Samoa),3,2,0,8,8,4,18,44.44,0,0,1,0,0,JD Baker,Samoa
1565,Bakhtiar Tahiri (BUL),2,1,1,8,8*,0,3,266.66,0,0,0,0,1,Bakhtiar Tahiri,BUL
1566,Breeze Ahir (PAN),1,1,0,8,8,8,16,50,0,0,0,0,0,Breeze Ahir,PAN
1567,F Clarke (IOM),3,2,0,8,8,4,9,88.88,0,0,1,0,1,F Clarke,IOM
1568,Deng Jinqi (CHN),2,1,0,8,8,8,13,61.53,0,0,0,1,0,Deng Jinqi,CHN
1569,Faheem Nazir (SUI),1,1,0,8,8,8,4,200,0,0,0,2,0,Faheem Nazir,SUI
1570,MNK Fernando (SL),2,2,0,8,7,4,12,66.66,0,0,0,0,0,MNK Fernando,SL
1571,Fitri Sham (MAS),2,1,0,8,8,8,8,100,0,0,0,0,1,Fitri Sham,MAS
1572,BC Fortuin (SA),2,2,0,8,8,4,11,72.72,0,0,1,1,0,BC Fortuin,SA
1573,AK Gokoel (Sur),4,3,0,8,7,2.66,31,25.8,0,0,1,0,0,AK Gokoel,Sur
1574,Habib Ahmadzai (AUT),1,1,0,8,8,8,11,72.72,0,0,0,0,0,Habib Ahmadzai,AUT
1575,JB Hakizimana (RWN),2,2,0,8,8,4,12,66.66,0,0,1,0,0,JB Hakizimana,RWN
1576,Ibrahim Jabarkhel (Fran),2,2,1,8,6*,8,9,88.88,0,0,0,0,0,Ibrahim Jabarkhel,Fran
1577,Imran Ahmed Kaneez (CRC),2,2,0,8,7,4,19,42.1,0,0,0,0,0,Imran Ahmed Kaneez,CRC
1578,K Jack (),3,2,0,8,4,4,13,61.53,0,0,0,0,0,K Jack,
1579,CJPF Kalugamage (ITA),4,2,0,8,6,4,11,72.72,0,0,0,1,0,CJPF Kalugamage,ITA
1580,Karanbir Singh (AUT),2,2,1,8,6,8,6,133.33,0,0,0,0,0,Karanbir Singh,AUT
1581,B Mavuta (ZIM),1,1,1,8,8*,0,8,100,0,0,0,0,0,B Mavuta,ZIM
1582,Mazharul Islam (SEY),1,1,0,8,8,8,16,50,0,0,0,1,0,Mazharul Islam,SEY
1583,DR Mousley (ENG),4,1,0,8,8,8,6,133.33,0,0,0,0,1,DR Mousley,ENG
1584,Muhammad Safdar (BHR),1,1,1,8,8*,0,6,133.33,0,0,0,1,0,Muhammad Safdar,BHR
1585,CT Mumba (ZIM),1,1,0,8,8,8,9,88.88,0,0,0,1,0,CT Mumba,ZIM
1586,A Mustafa (Arg),2,1,0,8,8,8,8,100,0,0,0,0,0,A Mustafa,Arg
1587,LR Naylor (SCOT),2,2,0,8,7,4,13,61.53,0,0,0,0,0,LR Naylor,SCOT
1588,Omid Rahimi (BEL),1,1,0,8,8,8,4,200,0,0,0,0,1,Omid Rahimi,BEL
1589,CG Osborne (CRT),1,1,1,8,8*,0,18,44.44,0,0,0,0,0,CG Osborne,CRT
1590,Saeed Waqar Ali (SVN),2,1,0,8,8,8,16,50,0,0,0,1,0,Saeed Waqar Ali,SVN
1591,Sarfraz Rao (Falk),2,2,0,8,7,4,13,61.53,0,0,0,0,0,Sarfraz Rao,Falk
1592,RR Saun (CRC),5,4,0,8,4,2,23,34.78,0,0,1,1,0,RR Saun,CRC
1593,KK Sharma (SVN),1,1,1,8,8*,0,12,66.66,0,0,0,0,0,KK Sharma,SVN
1594,Sunil (CAY),1,1,1,8,8*,0,9,88.88,0,0,0,1,0,Sunil,CAY
1595,Tshering Tashi (2) (BHU),1,1,0,8,8,8,11,72.72,0,0,0,1,0,Tshering Tashi,2
1596,Umar Adam (MDV),2,2,0,8,5,4,11,72.72,0,0,0,1,0,Umar Adam,MDV
1597,Zahid Khan (SLE),5,3,0,8,5,2.66,17,47.05,0,0,0,1,0,Zahid Khan,SLE
1598,C Alexander (Falk),4,4,0,7,5,1.75,40,17.5,0,0,2,0,0,C Alexander,Falk
1599,Aslan Jafri (SGP),2,2,0,7,6,3.5,9,77.77,0,0,0,1,0,Aslan Jafri,SGP
1600,S Bangera (ISR),2,2,0,7,4,3.5,13,53.84,0,0,0,0,0,S Bangera,ISR
1601,KA Bazil (CAY),2,1,0,7,7,7,5,140,0,0,0,0,1,KA Bazil,CAY
1602,HA Chohan (TAN),7,2,0,7,7,3.5,5,140,0,0,1,0,1,HA Chohan,TAN
1603,Davion Codner (CAY),3,2,0,7,5,3.5,13,53.84,0,0,0,0,0,Davion Codner,CAY
1604,SDJJ Dima (MOZ),4,3,1,7,5*,3.5,20,35,0,0,1,0,0,SDJJ Dima,MOZ
1605,Ilyas Ataullah (TKY),4,4,0,7,3,1.75,21,33.33,0,0,0,0,0,Ilyas Ataullah,TKY
1606,ZR Jabeneke (TAN),1,1,0,7,7,7,10,70,0,0,0,0,0,ZR Jabeneke,TAN
1607,AA Jimoh (NGA),1,1,0,7,7,7,7,100,0,0,0,1,0,AA Jimoh,NGA
1608,Kristan Tillett (Blz),2,2,0,7,4,3.5,17,41.17,0,0,0,0,0,Kristan Tillett,Blz
1609,E Kuyumcu (TKY),1,1,0,7,7,7,14,50,0,0,0,1,0,E Kuyumcu,TKY
1610,A Magdalenic (CRT),6,6,0,7,3,1.16,42,16.66,0,0,2,0,0,A Magdalenic,CRT
1611,D Matla (SVN),2,2,0,7,4,3.5,13,53.84,0,0,0,0,0,D Matla,SVN
1612,L Maximo (BRA),2,2,0,7,7,3.5,11,63.63,0,0,1,0,0,L Maximo,BRA
1613,DA Mehta (TAN),1,1,0,7,7,7,10,70,0,0,0,1,0,DA Mehta,TAN
1614,S Muthusamy (SA),1,1,0,7,7,7,9,77.77,0,0,0,1,0,S Muthusamy,SA
1615,A Nimaga (Mali),1,1,0,7,7,7,8,87.5,0,0,0,1,0,A Nimaga,Mali
1616,CR Richards (STHEL),4,4,0,7,3,1.75,14,50,0,0,1,0,0,CR Richards,STHEL
1617,A Sharma (UAE),1,1,0,7,7,7,4,175,0,0,0,0,1,A Sharma,UAE
1618,RG Sharma (IND),1,1,0,7,7,7,15,46.66,0,0,0,0,0,RG Sharma,IND
1619,K Shivam (CRC),3,2,0,7,7,3.5,32,21.87,0,0,1,0,0,K Shivam,CRC
1620,Simi Singh (IRE),4,3,0,7,4,2.33,11,63.63,0,0,0,0,0,Simi Singh,IRE
1621,D Siva Kumar (USA),1,1,0,7,7,7,13,53.84,0,0,0,1,0,D Siva Kumar,USA
1622,AL Stephen (VAN),3,2,1,7,7,7,18,38.88,0,0,0,0,0,AL Stephen,VAN
1623,OE Taylor (COK),5,3,0,7,6,2.33,21,33.33,0,0,1,0,0,OE Taylor,COK
1624,TH Tector (IRE),1,1,0,7,7,7,9,77.77,0,0,0,0,0,TH Tector,IRE
1625,UNGB Thenannahelage (CZK-R),2,2,0,7,7,3.5,9,77.77,0,0,1,0,0,UNGB Thenannahelage,CZK-R
1626,R Theruvath (QAT),2,2,0,7,5,3.5,8,87.5,0,0,0,0,0,R Theruvath,QAT
1627,J Thomas (STHEL),4,2,0,7,6,3.5,15,46.66,0,0,0,0,0,J Thomas,STHEL
1628,A Tripathi (Mex),3,2,0,7,6,3.5,15,46.66,0,0,0,1,0,A Tripathi,Mex
1629,GJ van Rensburg (NAM),1,1,0,7,7,7,16,43.75,0,0,0,0,0,GJ van Rensburg,NAM
1630,S Vaz (POR),1,1,0,7,7,7,10,70,0,0,0,0,0,S Vaz,POR
1631,Abdullah Mahmood (DEN),2,1,0,6,6,6,9,66.66,0,0,0,0,0,Abdullah Mahmood,DEN
1632,D Ajekun (NGA),3,2,0,6,4,3,5,120,0,0,0,1,0,D Ajekun,NGA
1633,A Athanaze (WI),1,1,1,6,6*,0,7,85.71,0,0,0,0,0,A Athanaze,WI
1634,A Awasthi (CRT),5,3,0,6,4,2,34,17.64,0,0,0,0,0,A Awasthi,CRT
1635,Basiru Jaye (GMB),1,1,0,6,6,6,4,150,0,0,0,1,0,Basiru Jaye,GMB
1636,Bilal Muhammad (MLT),3,3,0,6,6,2,8,75,0,0,2,1,0,Bilal Muhammad,MLT
1637,ML Bojang (GMB),1,1,0,6,6,6,7,85.71,0,0,0,0,0,ML Bojang,GMB
1638,A Carthew (Chile),1,1,0,6,6,6,16,37.5,0,0,0,0,0,A Carthew,Chile
1639,Fanyan Mughal (MLT),5,4,0,6,3,1.5,14,42.85,0,0,1,0,0,Fanyan Mughal,MLT
1640,M Faraz Akram (ZIM),1,1,0,6,6,6,10,60,0,0,0,0,0,M Faraz Akram,ZIM
1641,P Gheewala (EST),3,1,0,6,6,6,7,85.71,0,0,0,0,0,P Gheewala,EST
1642,J Grzinic (CRT),1,1,0,6,6,6,9,66.66,0,0,0,0,0,J Grzinic,CRT
1643,SJ Hughes-Pinan (ESP),1,1,1,6,6*,0,10,60,0,0,0,1,0,SJ Hughes-Pinan,ESP
1644,Ibrahim Kursad Dalyan (TKY),1,1,0,6,6,6,9,66.66,0,0,0,1,0,Ibrahim Kursad Dalyan,TKY
1645,Ilyas Cetin (TKY),1,1,0,6,6,6,12,50,0,0,0,1,0,Ilyas Cetin,TKY
1646,Jasdeep Singh (USA),3,2,0,6,5,3,10,60,0,0,0,0,0,Jasdeep Singh,USA
1647,Jubaid Ahamed (Fran),4,4,2,6,3*,3,9,66.66,0,0,1,0,0,Jubaid Ahamed,Fran
1648,M Kristensen (DEN),2,1,0,6,6,6,10,60,0,0,0,1,0,M Kristensen,DEN
1649,B Maphosa (BOT),1,1,1,6,6*,0,6,100,0,0,0,0,0,B Maphosa,BOT
1650,WP Masakadza (ZIM),1,1,0,6,6,6,14,42.85,0,0,0,0,0,WP Masakadza,ZIM
1651,Mohammad Shamshad Khan (SLE),2,2,1,6,6*,6,5,120,0,0,1,1,0,Mohammad Shamshad Khan,SLE
1652,L Monanthane (LES),2,2,0,6,6,3,14,42.85,0,0,1,0,0,L Monanthane,LES
1653,Muhammed Basil (BHR),2,2,0,6,5,3,8,75,0,0,0,0,0,Muhammed Basil,BHR
1654,B Namsrai (MNG),5,4,0,6,5,1.5,25,24,0,0,2,1,0,B Namsrai,MNG
1655,Naseem Khushi (OMA),8,5,0,6,2,1.2,15,40,0,0,1,0,0,Naseem Khushi,OMA
1656,Naveed Ahmed (CZK-R),2,1,1,6,6*,0,12,50,0,0,0,1,0,Naveed Ahmed,CZK-R
1657,CO Obuya (KENYA),2,2,0,6,6,3,8,75,0,0,1,1,0,CO Obuya,KENYA
1658,CW Perchard (JER),2,1,1,6,6*,0,8,75,0,0,0,0,0,CW Perchard,JER
1659,S Ravikumar (CRC),3,2,0,6,6,3,24,25,0,0,1,0,0,S Ravikumar,CRC
1660,Ronitkumar Ahir (PAN),1,1,0,6,6,6,7,85.71,0,0,0,0,0,Ronitkumar Ahir,PAN
1661,Samader Shadab (GRC),2,2,0,6,6,3,22,27.27,0,0,1,0,0,Samader Shadab,GRC
1662,S Sankar (KSA),3,2,0,6,6,3,9,66.66,0,0,1,0,0,S Sankar,KSA
1663,Shafat Ali Syed (ESP),1,1,0,6,6,6,2,300,0,0,0,0,1,Shafat Ali Syed,ESP
1664,Shagharai Sefat (BEL),2,2,0,6,4,3,13,46.15,0,0,0,0,0,Shagharai Sefat,BEL
1665,SG Shinde (SRB),1,1,0,6,6,6,16,37.5,0,0,0,0,0,SG Shinde,SRB
1666,D Simpson (COK),2,2,0,6,4,3,8,75,0,0,0,0,0,D Simpson,COK
1667,G Singh (Sur),2,2,0,6,3,3,12,50,0,0,0,0,0,G Singh,Sur
1668,T Takada (JPN),1,1,0,6,6,6,5,120,0,0,0,1,0,T Takada,JPN
1669,Tarun Yadav (BUL),1,1,0,6,6,6,6,100,0,0,0,1,0,Tarun Yadav,BUL
1670,Vinay Iyer (JPN),1,1,0,6,6,6,10,60,0,0,0,1,0,Vinay Iyer,JPN
1671,SM Warnakulasuriya (Fran),1,1,1,6,6*,0,6,100,0,0,0,0,0,SM Warnakulasuriya,Fran
1672,C Wickramasinghe (SL),1,1,1,6,6*,0,6,100,0,0,0,1,0,C Wickramasinghe,SL
1673,Xie Kunkun (CHN),3,3,0,6,5,2,24,25,0,0,1,0,0,Xie Kunkun,CHN
1674,P Abhijit (SEY),2,2,0,5,5,2.5,9,55.55,0,0,1,1,0,P Abhijit,SEY
1675,J Andrew (WI),1,1,0,5,5,5,11,45.45,0,0,0,0,0,J Andrew,WI
1676,Asif Javed (BHR),1,1,0,5,5,5,4,125,0,0,0,1,0,Asif Javed,BHR
1677,V Ateak (GHA),1,1,0,5,5,5,13,38.46,0,0,0,0,0,V Ateak,GHA
1678,MY Bawa (PAN),1,1,0,5,5,5,5,100,0,0,0,0,0,MY Bawa,PAN
1679,HS Bedi (SRB),1,1,0,5,5,5,6,83.33,0,0,0,1,0,HS Bedi,SRB
1680,LT Bichard (GUE),7,1,1,5,5*,0,2,250,0,0,0,1,0,LT Bichard,GUE
1681,S Bogdos (GRC),3,3,0,5,2,1.66,21,23.8,0,0,0,0,0,S Bogdos,GRC
1682,DE Burgess (Samoa),3,2,0,5,3,2.5,12,41.66,0,0,0,0,0,DE Burgess,Samoa
1683,A Bushell (GUE),2,1,0,5,5,5,8,62.5,0,0,0,0,0,A Bushell,GUE
1684,R Dhiman (BUL),1,1,0,5,5,5,5,100,0,0,0,0,0,R Dhiman,BUL
1685,MTM Faatea (Samoa),3,3,0,5,4,1.66,17,29.41,0,0,1,1,0,MTM Faatea,Samoa
1686,AA Gajic (SRB),2,2,2,5,3*,0,11,45.45,0,0,0,0,0,AA Gajic,SRB
1687,RW Hartley (SRB),1,1,1,5,5*,0,7,71.42,0,0,0,0,0,RW Hartley,SRB
1688,S Hongsi (THA),2,2,0,5,5,2.5,13,38.46,0,0,1,0,0,S Hongsi,THA
1689,Y Jalloh (SLE),2,2,0,5,5,2.5,20,25,0,0,1,0,0,Y Jalloh,SLE
1690,J Jojo (DEN),1,1,1,5,5*,0,3,166.66,0,0,0,0,0,J Jojo,DEN
1691,Kapil Kumar (PHI),1,1,0,5,5,5,6,83.33,0,0,0,1,0,Kapil Kumar,PHI
1692,D Lambasa (CRT),2,1,0,5,5,5,7,71.42,0,0,0,0,0,D Lambasa,CRT
1693,W Landman (SWZ),1,1,0,5,5,5,6,83.33,0,0,0,0,0,W Landman,SWZ
1694,V Marghashayam (CZK-R),1,1,1,5,5*,0,5,100,0,0,0,0,0,V Marghashayam,CZK-R
1695,B Masauko (MWI),3,2,1,5,5*,5,8,62.5,0,0,1,0,0,B Masauko,MWI
1696,R Mbaiwa (BOT),2,2,0,5,3,2.5,14,35.71,0,0,0,0,0,R Mbaiwa,BOT
1697,Md Shuayeb (CAM),2,1,0,5,5,5,25,20,0,0,0,0,0,Md Shuayeb,CAM
1698,Mohsin Shabbir (KSA),2,2,0,5,5,2.5,13,38.46,0,0,1,0,0,Mohsin Shabbir,KSA
1699,Muhammet Bicer (TKY),2,2,0,5,5,2.5,4,125,0,0,1,1,0,Muhammet Bicer,TKY
1700,DK Pallekonda (SVN),2,2,0,5,4,2.5,8,62.5,0,0,0,1,0,DK Pallekonda,SVN
1701,JE Pitcher (BER),3,2,2,5,4*,0,15,33.33,0,0,0,0,0,JE Pitcher,BER
1702,V Pulibanti (CRT),3,3,0,5,5,1.66,9,55.55,0,0,2,1,0,V Pulibanti,CRT
1703,Sagor Hossain (CZK-R),2,2,0,5,4,2.5,12,41.66,0,0,0,0,0,Sagor Hossain,CZK-R
1704,Sajid Khan (CRT),2,1,0,5,5,5,11,45.45,0,0,0,0,0,Sajid Khan,CRT
1705,S Savkovic (SRB),1,1,0,5,5,5,9,55.55,0,0,0,0,0,S Savkovic,SRB
1706,Sharafuddin Ashraf (AFG),3,2,0,5,5,2.5,8,62.5,0,0,1,1,0,Sharafuddin Ashraf,AFG
1707,M Sidibe (Mali),1,1,0,5,5,5,17,29.41,0,0,0,1,0,M Sidibe,Mali
1708,Tenjin Rabgey (BHU),1,1,0,5,5,5,11,45.45,0,0,0,0,0,Tenjin Rabgey,BHU
1709,TV Valivarthi (HUN),4,2,1,5,3,5,20,25,0,0,0,0,0,TV Valivarthi,HUN
1710,AC Valthapa (UAE),1,1,0,5,5,5,12,41.66,0,0,0,1,0,AC Valthapa,UAE
1711,E Van Reenen (SRB),1,1,0,5,5,5,12,41.66,0,0,0,0,0,E Van Reenen,SRB
1712,Waqas Ali (BEL),1,1,0,5,5,5,9,55.55,0,0,0,0,0,Waqas Ali,BEL
1713,Waqas Barkat (HKG),2,2,1,5,5*,5,6,83.33,0,0,1,1,0,Waqas Barkat,HKG
1714,D Young (STHEL),2,2,0,5,4,2.5,7,71.42,0,0,0,1,0,D Young,STHEL
1715,Jakir Patel (Zamb),2,2,0,5,3,2.5,10,50,0,0,0,0,0,Jakir Patel,Zamb
1716,Zong Yuechao (CHN),2,2,0,5,4,2.5,11,45.45,0,0,0,1,0,Zong Yuechao,CHN
1717,NK Aneesh Kumar (SUI),5,1,0,4,4,4,6,66.66,0,0,0,0,0,NK Aneesh Kumar,SUI
1718,Azyan Farhath (MDV),1,1,0,4,4,4,3,133.33,0,0,0,1,0,Azyan Farhath,MDV
1719,SSJ Brooks (WI),2,2,0,4,4,2,12,33.33,0,0,1,0,0,SSJ Brooks,WI
1720,J Chaturanga (BHR),1,1,0,4,4,4,6,66.66,0,0,0,0,0,J Chaturanga,BHR
1721,Cihan Altun (TKY),2,1,0,4,4,4,2,200,0,0,0,1,0,Cihan Altun,TKY
1722,S Davizi (CZK-R),1,1,0,4,4,4,3,133.33,0,0,0,0,0,S Davizi,CZK-R
1723,BI Dilruksha (SKOR),1,1,0,4,4,4,15,26.66,0,0,0,0,0,BI Dilruksha,SKOR
1724,LKW Ezechiel (CIV),1,1,0,4,4,4,12,33.33,0,0,0,0,0,LKW Ezechiel,CIV
1725,Fayaz Mohammad (BUL),1,1,0,4,4,4,4,100,0,0,0,0,0,Fayaz Mohammad,BUL
1726,G Ganbold (MNG),3,3,0,4,2,1.33,16,25,0,0,1,0,0,G Ganbold,MNG
1727,OJ Hairs (SCOT),1,1,0,4,4,4,1,400,0,0,0,1,0,OJ Hairs,SCOT
1728,HL Harji (SEY),2,1,0,4,4,4,3,133.33,0,0,0,1,0,HL Harji,SEY
1729,AN Hyobeom (SKOR),1,1,0,4,4,4,10,40,0,0,0,0,0,AN Hyobeom,SKOR
1730,Jatinder Singh (OMA),1,1,1,4,4*,0,4,100,0,0,0,0,0,Jatinder Singh,OMA
1731,DK Kesuma (INA),3,1,0,4,4,4,11,36.36,0,0,0,0,0,DK Kesuma,INA
1732,JH Kiani (PHI),1,1,0,4,4,4,5,80,0,0,0,0,0,JH Kiani,PHI
1733,W Kokaua (COK),2,1,0,4,4,4,7,57.14,0,0,0,0,0,W Kokaua,COK
1734,P Kotoisuva (Fiji),2,2,1,4,2*,4,8,50,0,0,0,0,0,P Kotoisuva,Fiji
1735,P Kurup (BHR),1,1,1,4,4*,0,14,28.57,0,0,0,0,0,P Kurup,BHR
1736,S Lamichhane (NEP),2,1,0,4,4,4,6,66.66,0,0,0,0,0,S Lamichhane,NEP
1737,BF Mailata (Samoa),4,3,0,4,3,1.33,17,23.52,0,0,1,0,0,BF Mailata,Samoa
1738,Manish Sharma (CAM),4,1,0,4,4,4,18,22.22,0,0,0,0,0,Manish Sharma,CAM
1739,AB Mengoumou (CAM),2,2,0,4,4,2,18,22.22,0,0,1,0,0,AB Mengoumou,CAM
1740,Muhammad Khan (HKG),1,1,0,4,4,4,6,66.66,0,0,0,0,0,Muhammad Khan,HKG
1741,D Norotam (POR),1,1,0,4,4,4,7,57.14,0,0,0,0,0,D Norotam,POR
1742,Nouman Sarwar (QAT),1,1,1,4,4*,0,5,80,0,0,0,0,0,Nouman Sarwar,QAT
1743,MH Oman (SVN),2,2,0,4,2,2,20,20,0,0,0,0,0,MH Oman,SVN
1744,Parveen Kumar (CAN),1,1,0,4,4,4,8,50,0,0,0,0,0,Parveen Kumar,CAN
1745,FL Patel (PAN),3,2,0,4,4,2,4,100,0,0,1,1,0,FL Patel,PAN
1746,C Potgieter (POR),1,1,1,4,4*,0,12,33.33,0,0,0,0,0,C Potgieter,POR
1747,AM Rajpurohit (GMB),1,1,0,4,4,4,5,80,0,0,0,1,0,AM Rajpurohit,GMB
1748,Rakibul Hasan (BAN),1,1,1,4,4*,0,1,400,0,0,0,1,0,Rakibul Hasan,BAN
1749,AK Roger (CIV),2,2,0,4,4,2,15,26.66,0,0,1,1,0,AK Roger,CIV
1750,Salman Patel (Zamb),2,2,1,4,4*,4,7,57.14,0,0,1,1,0,Salman Patel,Zamb
1751,T Sandaruwan (ROM),2,2,0,4,4,2,7,57.14,0,0,1,0,0,T Sandaruwan,ROM
1752,G Sesay (SLE),6,4,1,4,3*,1.33,9,44.44,0,0,2,0,0,G Sesay,SLE
1753,AZ Shah (Fiji),1,1,0,4,4,4,11,36.36,0,0,0,0,0,AZ Shah,Fiji
1754,SM Sharma (UAE),1,1,0,4,4,4,5,80,0,0,0,0,0,SM Sharma,UAE
1755,Simba Mbaki (TAN),1,1,0,4,4,4,7,57.14,0,0,0,0,0,Simba Mbaki,TAN
1756,G Singhdeo (CRC),2,1,0,4,4,4,7,57.14,0,0,0,0,0,G Singhdeo,CRC
1757,TE Sumiya (MNG),3,2,0,4,4,2,21,19.04,0,0,1,0,0,TE Sumiya,MNG
1758,BN Toube (CAM),2,2,0,4,4,2,8,50,0,0,1,1,0,BN Toube,CAM
1759,S Udawaththa (UAE),1,1,0,4,4,4,10,40,0,0,0,0,0,S Udawaththa,UAE
1760,JK Vifah (GHA),1,1,0,4,4,4,6,66.66,0,0,0,0,0,JK Vifah,GHA
1761,Zikria Islam (OMA),5,4,2,4,4*,2,15,26.66,0,0,2,0,0,Zikria Islam,OMA
1762,Aadil Bhaiyat (SWZ),1,1,0,3,3,3,4,75,0,0,0,0,0,Aadil Bhaiyat,SWZ
1763,RJ Ainsworth (HUN),2,2,0,3,3,1.5,10,30,0,0,1,0,0,RJ Ainsworth,HUN
1764,Amjad Mahboob (SGP),2,2,0,3,2,1.5,5,60,0,0,0,0,0,Amjad Mahboob,SGP
1765,Areeb Quadir (FIN),2,2,0,3,2,1.5,7,42.85,0,0,0,0,0,Areeb Quadir,FIN
1766,KMA Aziz (CIV),2,2,0,3,3,1.5,11,27.27,0,0,1,0,0,KMA Aziz,CIV
1767,L Bonner (Blz),3,3,0,3,2,1,14,21.42,0,0,1,0,0,L Bonner,Blz
1768,BA Carse (ENG),2,2,0,3,3,1.5,6,50,0,0,1,0,0,BA Carse,ENG
1769,MS Diakite (Mali),1,1,0,3,3,3,6,50,0,0,0,0,0,MS Diakite,Mali
1770,Faisal Safi (Fran),1,1,0,3,3,3,4,75,0,0,0,0,0,Faisal Safi,Fran
1771,NA Greenwood (JER),1,1,0,3,3,3,4,75,0,0,0,0,0,NA Greenwood,JER
1772,MADI Hemantha (SL),1,1,0,3,3,3,6,50,0,0,0,0,0,MADI Hemantha,SL
1773,FFJ Heo (INA),2,2,0,3,3,1.5,13,23.07,0,0,1,0,0,FFJ Heo,INA
1774,Lee Hwanhee (SKOR),1,1,0,3,3,3,6,50,0,0,0,0,0,Lee Hwanhee,SKOR
1775,Imal Zuwak (SWE),1,1,0,3,3,3,6,50,0,0,0,0,0,Imal Zuwak,SWE
1776,V Jagannivasan (CZK-R),2,1,1,3,3*,0,6,50,0,0,0,0,0,V Jagannivasan,CZK-R
1777,Y Konate (Mali),1,1,0,3,3,3,13,23.07,0,0,0,0,0,Y Konate,Mali
1778,N Krishna (SEY),5,4,1,3,2*,1,18,16.66,0,0,2,0,0,N Krishna,SEY
1779,S Kushretha (LUX),1,1,0,3,3,3,7,42.85,0,0,0,0,0,S Kushretha,LUX
1780,H Lakov (BUL),3,2,0,3,2,1.5,6,50,0,0,0,0,0,H Lakov,BUL
1781,RTM Mendis (SL),1,1,0,3,3,3,6,50,0,0,0,0,0,RTM Mendis,SL
1782,Fahim Bhatti (BEL),2,1,0,3,3,3,5,60,0,0,0,0,0,Fahim Bhatti,BEL
1783,Muhammad Amin (SWZ),2,2,0,3,2,1.5,12,25,0,0,0,0,0,Muhammad Amin,SWZ
1784,Muhammad Murad (QAT),2,2,0,3,3,1.5,8,37.5,0,0,1,0,0,Muhammad Murad,QAT
1785,D Muhumuza (UGA),2,1,1,3,3*,0,5,60,0,0,0,0,0,D Muhumuza,UGA
1786,Murat Yilmaz (TKY),1,1,0,3,3,3,10,30,0,0,0,0,0,Murat Yilmaz,TKY
1787,J Pakeman (Blz),1,1,0,3,3,3,14,21.42,0,0,0,0,0,J Pakeman,Blz
1788,EDS Pimheiro (TLS),3,3,0,3,2,1,20,15,0,0,1,0,0,EDS Pimheiro,TLS
1789,Rahmat Shah (AFG),1,1,0,3,3,3,6,50,0,0,0,0,0,Rahmat Shah,AFG
1790,Rajab Hussain (HKG),2,2,1,3,2,3,6,50,0,0,0,0,0,Rajab Hussain,HKG
1791,JDA Richardson (BER),4,1,0,3,3,3,8,37.5,0,0,0,0,0,JDA Richardson,BER
1792,Samiallah Khalil (SWE),2,2,0,3,2,1.5,6,50,0,0,0,0,0,Samiallah Khalil,SWE
1793,E Samson (ISR),1,1,1,3,3*,0,2,150,0,0,0,0,0,E Samson,ISR
1794,Saqib Naveed (EST),1,1,0,3,3,3,7,42.85,0,0,0,0,0,Saqib Naveed,EST
1795,SS Shukla (BHR),1,1,0,3,3,3,9,33.33,0,0,0,0,0,SS Shukla,BHR
1796,P Sibiya (SWZ),1,1,1,3,3*,0,6,50,0,0,0,0,0,P Sibiya,SWZ
1797,RA Tappin (BHM),1,1,0,3,3,3,12,25,0,0,0,0,0,RA Tappin,BHM
1798,VL Mukesh (SEY),2,1,0,3,3,3,4,75,0,0,0,0,0,VL Mukesh,SEY
1799,Wang Qi (CHN),3,3,1,3,2*,1.5,14,21.42,0,0,1,0,0,Wang Qi,CHN
1800,Abdul Majid (BHR),11,2,0,2,2,1,10,20,0,0,1,0,0,Abdul Majid,BHR
1801,MC Alex (CIV),3,3,0,2,1,0.66,14,14.28,0,0,1,0,0,MC Alex,CIV
1802,E Bhonkar (ISR),1,1,0,2,2,2,4,50,0,0,0,0,0,E Bhonkar,ISR
1803,Charles Trott (BER),2,2,1,2,2*,2,5,40,0,0,1,0,0,Charles Trott,BER
1804,Choudhry Md Imran (KSA),3,1,0,2,2,2,2,100,0,0,0,0,0,Choudhry Md Imran,KSA
1805,A Curavic (CRT),1,1,0,2,2,2,7,28.57,0,0,0,0,0,A Curavic,CRT
1806,J Danikula (CRT),1,1,0,2,2,2,5,40,0,0,0,0,0,J Danikula,CRT
1807,LA Dawson (ENG),1,1,0,2,2,2,9,22.22,0,0,0,0,0,LA Dawson,ENG
1808,B Dugic (SRB),7,1,0,2,2,2,4,50,0,0,0,0,0,B Dugic,SRB
1809,S Elayaperumal (Mex),3,3,0,2,1,0.66,9,22.22,0,0,1,0,0,S Elayaperumal,Mex
1810,AD Fofana (Mali),1,1,0,2,2,2,13,15.38,0,0,0,0,0,AD Fofana,Mali
1811,MK Gnanasekaram (SUI),1,1,1,2,2*,0,2,100,0,0,0,0,0,MK Gnanasekaram,SUI
1812,P Heron (CAY),2,2,0,2,2,1,9,22.22,0,0,1,0,0,P Heron,CAY
1813,Y Jasti (Mex),1,1,0,2,2,2,10,20,0,0,0,0,0,Y Jasti,Mex
1814,Junaed Mullah (SVN),1,1,0,2,2,2,12,16.66,0,0,0,0,0,Junaed Mullah,SVN
1815,Khurram Nawaz (OMA),3,2,0,2,2,1,11,18.18,0,0,1,0,0,Khurram Nawaz,OMA
1816,J Kila (PNG),1,1,0,2,2,2,7,28.57,0,0,0,0,0,J Kila,PNG
1817,T Kirk (GUE),1,1,0,2,2,2,5,40,0,0,0,0,0,T Kirk,GUE
1818,J Kunnanchirakkal (MLT),1,1,0,2,2,2,3,66.66,0,0,0,0,0,J Kunnanchirakkal,MLT
1819,M Labuschagne (AUS),1,1,0,2,2,2,4,50,0,0,0,0,0,M Labuschagne,AUS
1820,ME Leoela (LES),3,3,1,2,1*,1,10,20,0,0,1,0,0,ME Leoela,LES
1821,DAM Louis (QAT),1,1,0,2,2,2,3,66.66,0,0,0,0,0,DAM Louis,QAT
1822,DJ Malan (ENG),1,1,1,2,2*,0,2,100,0,0,0,0,0,DJ Malan,ENG
1823,M Mariyappan (SEY),2,2,0,2,2,1,8,25,0,0,1,0,0,M Mariyappan,SEY
1824,Mazhar Khan (SVN),1,1,0,2,2,2,10,20,0,0,0,0,0,Mazhar Khan,SVN
1825,LG Moras (BRA),1,1,0,2,2,2,3,66.66,0,0,0,0,0,LG Moras,BRA
1826,Muzammil Shahzad (PHI),2,2,0,2,1,1,12,16.66,0,0,0,0,0,Muzammil Shahzad,PHI
1827,MAP Ovalle (Chile),1,1,0,2,2,2,8,25,0,0,0,0,0,MAP Ovalle,Chile
1828,KB Patil (Mex),2,2,0,2,1,1,5,40,0,0,0,0,0,KB Patil,Mex
1829,S Pitabeddara (SKOR),1,1,0,2,2,2,3,66.66,0,0,0,0,0,S Pitabeddara,SKOR
1830,Saif Ullah Malik (MAS),1,1,0,2,2,2,3,66.66,0,0,0,0,0,Saif Ullah Malik,MAS
1831,Shamsullah Ehsan (TKY),1,1,0,2,2,2,7,28.57,0,0,0,0,0,Shamsullah Ehsan,TKY
1832,Sikander Zulfiqar (NED),1,1,0,2,2,2,3,66.66,0,0,0,0,0,Sikander Zulfiqar,NED
1833,S Smith (BER),3,1,0,2,2,2,6,33.33,0,0,0,0,0,S Smith,BER
1834,Soyeb Pendi (Zamb),2,2,0,2,1,1,8,25,0,0,0,0,0,Soyeb Pendi,Zamb
1835,C Stephenson (Blz),1,1,0,2,2,2,6,33.33,0,0,0,0,0,C Stephenson,Blz
1836,K Hiratsuka (JPN),1,1,0,2,2,2,3,66.66,0,0,0,0,0,K Hiratsuka,JPN
1837,Tasaduq Hussain (SWE),1,1,0,2,2,2,4,50,0,0,0,0,0,Tasaduq Hussain,SWE
1838,AJ Turner (AUS),1,1,1,2,2*,0,2,100,0,0,0,0,0,AJ Turner,AUS
1839,FAS Villalobos (CRC),3,3,0,2,1,0.66,13,15.38,0,0,1,0,0,FAS Villalobos,CRC
1840,RV Viraj (CAM),1,1,0,2,2,2,6,33.33,0,0,0,0,0,RV Viraj,CAM
1841,Zuhair Muhammad (KSA),1,1,0,2,2,2,10,20,0,0,0,0,0,Zuhair Muhammad,KSA
1842,L Zulu (SWZ),2,2,0,2,2,1,6,33.33,0,0,1,0,0,L Zulu,SWZ
1843,Abdulla Bhoola (PAN),2,2,0,1,1,0.5,6,16.66,0,0,1,0,0,Abdulla Bhoola,PAN
1844,Abhijeet Ahuja (HUN),2,1,0,1,1,1,5,20,0,0,0,0,0,Abhijeet Ahuja,HUN
1845,NJV Aburto (Chile),1,1,0,1,1,1,8,12.5,0,0,0,0,0,NJV Aburto,Chile
1846,Ahsan ul Haq (KUW),3,2,0,1,1,0.5,6,16.66,0,0,1,0,0,Ahsan ul Haq,KUW
1847,Andre Jarju (GMB),3,3,1,1,1*,0.5,10,10,0,0,2,0,0,Andre Jarju,GMB
1848,L Berthe (Mali),2,2,0,1,1,0.5,6,16.66,0,0,1,0,0,L Berthe,Mali
1849,N Casson (Falk),2,2,0,1,1,0.5,7,14.28,0,0,1,0,0,N Casson,Falk
1850,SFS Cheema (AUT),2,2,0,1,1,0.5,3,33.33,0,0,1,0,0,SFS Cheema,AUT
1851,SL Clephane (CZK-R),1,1,0,1,1,1,6,16.66,0,0,0,0,0,SL Clephane,CZK-R
1852,P Deol (CYP),1,1,0,1,1,1,3,33.33,0,0,0,0,0,P Deol,CYP
1853,JI de Villiers (NAM),2,2,0,1,1,0.5,3,33.33,0,0,1,0,0,JI de Villiers,NAM
1854,DV Devjani Mutreja (Mex),2,1,0,1,1,1,8,12.5,0,0,0,0,0,DV Devjani Mutreja,Mex
1855,E Duff (BHM),4,3,0,1,1,0.33,15,6.66,0,0,2,0,0,E Duff,BHM
1856,E Dusingizimana (RWN),2,2,0,1,1,0.5,12,8.33,0,0,1,0,0,E Dusingizimana,RWN
1857,A Dutt (NED),4,4,1,1,1*,0.33,5,20,0,0,3,0,0,A Dutt,NED
1858,KR Ebanks (CAY),1,1,0,1,1,1,5,20,0,0,0,0,0,KR Ebanks,CAY
1859,Faisal Khan (KSA),1,1,0,1,1,1,2,50,0,0,0,0,0,Faisal Khan,KSA
1860,OJR Groves (SVN),1,1,0,1,1,1,5,20,0,0,0,0,0,OJR Groves,SVN
1861,S Gulecha (SGP),1,1,0,1,1,1,2,50,0,0,0,0,0,S Gulecha,SGP
1862,KDACK Gunarathne (CAM),1,1,1,1,1*,0,2,50,0,0,0,0,0,KDACK Gunarathne,CAM
1863,A Gupta (NOR),1,1,0,1,1,1,3,33.33,0,0,0,0,0,A Gupta,NOR
1864,Haroon Arshad (HKG),3,1,0,1,1,1,2,50,0,0,0,0,0,Haroon Arshad,HKG
1865,E Henry (),1,1,0,1,1,1,4,25,0,0,0,0,0,E Henry,
1866,J Hill (PHI),1,1,0,1,1,1,3,33.33,0,0,0,0,0,J Hill,PHI
1867,M Ibrahim (CIV),2,2,0,1,1,0.5,8,12.5,0,0,1,0,0,M Ibrahim,CIV
1868,A Ilaoa (Samoa),1,1,1,1,1*,0,2,50,0,0,0,0,0,A Ilaoa,Samoa
1869,Ismaeel Zia (SWE),2,1,0,1,1,1,2,50,0,0,0,0,0,Ismaeel Zia,SWE
1870,YYM Jakda (LES),4,4,0,1,1,0.25,5,20,0,0,3,0,0,YYM Jakda,LES
1871,Jaswinder Singh (MLT),2,1,0,1,1,1,2,50,0,0,0,0,0,Jaswinder Singh,MLT
1872,P Jayeshbhai Patel (PAN),2,2,0,1,1,0.5,7,14.28,0,0,1,0,0,P Jayeshbhai Patel,PAN
1873,YI Kachhalia (PAN),1,1,0,1,1,1,5,20,0,0,0,0,0,YI Kachhalia,PAN
1874,UT Kaisala (Samoa),1,1,0,1,1,1,4,25,0,0,0,0,0,UT Kaisala,Samoa
1875,H Khuttan (POR),2,1,0,1,1,1,2,50,0,0,0,0,0,H Khuttan,POR
1876,DVD Madampage (SKOR),1,1,0,1,1,1,3,33.33,0,0,0,0,0,DVD Madampage,SKOR
1877,Z Makadji (Mali),4,4,0,1,1,0.25,11,9.09,0,0,3,0,0,Z Makadji,Mali
1878,D Marsic (CRT),2,2,0,1,1,0.5,12,8.33,0,0,1,0,0,D Marsic,CRT
1879,Meet Ahir (PAN),1,1,1,1,1*,0,3,33.33,0,0,0,0,0,Meet Ahir,PAN
1880,K Mishara (SL),1,1,0,1,1,1,4,25,0,0,0,0,0,K Mishara,SL
1881,A Mucyodusenge (RWN),1,1,0,1,1,1,10,10,0,0,0,0,0,A Mucyodusenge,RWN
1882,Muhammad Waseem (UAE),1,1,0,1,1,1,4,25,0,0,0,0,0,Muhammad Waseem,UAE
1883,Murid Ekrami (BEL),2,1,0,1,1,1,4,25,0,0,0,0,0,Murid Ekrami,BEL
1884,L Mutale (Zamb),1,1,0,1,1,1,2,50,0,0,0,0,0,L Mutale,Zamb
1885,K Nagnama (CIV),2,2,0,1,1,0.5,9,11.11,0,0,1,0,0,K Nagnama,CIV
1886,Nyein Cham Soe (MYAN),3,1,1,1,1*,0,2,50,0,0,0,0,0,Nyein Cham Soe,MYAN
1887,NK Patel (USA),2,1,0,1,1,1,2,50,0,0,0,0,0,NK Patel,USA
1888,LG Pretorius (SA),1,1,0,1,1,1,6,16.66,0,0,0,0,0,LG Pretorius,SA
1889,Rahman Ademi (SRB),1,1,0,1,1,1,5,20,0,0,0,0,0,Rahman Ademi,SRB
1890,T Ramautar (Sur),1,1,0,1,1,1,6,16.66,0,0,0,0,0,T Ramautar,Sur
1891,D Ravu (PNG),1,1,0,1,1,1,4,25,0,0,0,0,0,D Ravu,PNG
1892,DL Richards (STHEL),1,1,0,1,1,1,5,20,0,0,0,0,0,DL Richards,STHEL
1893,Saqlain Arshad (QAT),1,1,0,1,1,1,3,33.33,0,0,0,0,0,Saqlain Arshad,QAT
1894,P Sarraf (NEP),1,1,0,1,1,1,2,50,0,0,0,0,0,P Sarraf,NEP
1895,Amoluk Singh (GHA),1,1,0,1,1,1,3,33.33,0,0,0,0,0,Amoluk Singh,GHA
1896,Z Shurentsetseg (MNG),1,1,0,1,1,1,9,11.11,0,0,0,0,0,Z Shurentsetseg,MNG
1897,Syazrul Idrus (MAS),2,1,1,1,1*,0,1,100,0,0,0,0,0,Syazrul Idrus,MAS
1898,TO Thilappan (SGP),2,2,0,1,1,0.5,5,20,0,0,1,0,0,TO Thilappan,SGP
1899,B Tuyizere (RWN),2,2,0,1,1,0.5,10,10,0,0,1,0,0,B Tuyizere,RWN
1900,R Vishwanath (LUX),1,1,0,1,1,1,1,100,0,0,0,0,0,R Vishwanath,LUX
1901,Yahya Suhail (TLS),1,1,0,1,1,1,6,16.66,0,0,0,0,0,Yahya Suhail,TLS
1902,Abdul Naser Baluch (SWE),2,1,0,0,0,0,1,0,0,0,1,0,0,Abdul Naser Baluch,SWE
1903,N Advani (GIBR),2,1,0,0,0,0,2,0,0,0,1,0,0,N Advani,GIBR
1904,K Akurugoda (HUN),1,1,0,0,0,0,4,0,0,0,1,0,0,K Akurugoda,HUN
1905,KO Altamirano (CRC),1,1,0,0,0,0,4,0,0,0,1,0,0,KO Altamirano,CRC
1906,Aminullah Tanha (NOR),1,1,0,0,0,0,3,0,0,0,1,0,0,Aminullah Tanha,NOR
1907,Arif Hosen (TLS),1,1,0,0,0,0,4,0,0,0,1,0,0,Arif Hosen,TLS
1908,Ashish Bam (CYP),1,1,0,0,0,0,1,0,0,0,1,0,0,Ashish Bam,CYP
1909,R Ashwin (IND),1,1,1,0,0*,0,0,0,0,0,0,0,0,R Ashwin,IND
1910,Muhammad Asim (Zamb),2,2,0,0,0,0,3,0,0,0,2,0,0,Muhammad Asim,Zamb
1911,AR Balla (CAM),1,1,0,0,0,0,1,0,0,0,1,0,0,AR Balla,CAM
1912,Benson Chama (Zamb),1,1,0,0,0,0,2,0,0,0,1,0,0,Benson Chama,Zamb
1913,D Berthe (Mali),1,1,0,0,0,0,1,0,0,0,1,0,0,D Berthe,Mali
1914,S Bevin (CRT),1,1,0,0,0,0,2,0,0,0,1,0,0,S Bevin,CRT
1915,K Boniface (NGA),1,1,0,0,0,0,0,0,0,0,1,0,0,K Boniface,NGA
1916,P Bosnjak (CRT),1,1,0,0,0,0,3,0,0,0,1,0,0,P Bosnjak,CRT
1917,P Cabebula (Fiji),2,2,0,0,0,0,8,0,0,0,2,0,0,P Cabebula,Fiji
1918,G Cambell (Falk),1,1,0,0,0,0,10,0,0,0,1,0,0,G Cambell,Falk
1919,J Charles (WI),1,1,0,0,0,0,1,0,0,0,1,0,0,J Charles,WI
1920,D Cleaver (NZ),3,1,0,0,0,0,1,0,0,0,1,0,0,D Cleaver,NZ
1921,Y Divekar (ISR),1,1,0,0,0,0,2,0,0,0,1,0,0,Y Divekar,ISR
1922,BM Dlamini (SWZ),1,1,0,0,0,0,2,0,0,0,1,0,0,BM Dlamini,SWZ
1923,R Edwards (CAY),2,2,0,0,0,0,2,0,0,0,2,0,0,R Edwards,CAY
1924,Fakhrul Mohon (POR),1,1,0,0,0,0,3,0,0,0,1,0,0,Fakhrul Mohon,POR
1925,IM Farrell (GIBR),1,1,0,0,0,0,2,0,0,0,1,0,0,IM Farrell,GIBR
1926,H Fennell (Arg),6,1,0,0,0,0,1,0,0,0,1,0,0,H Fennell,Arg
1927,P Fernando (ITA),1,1,0,0,0,0,3,0,0,0,1,0,0,P Fernando,ITA
1928,Gabor Torok (HUN),2,1,0,0,0,0,4,0,0,0,1,0,0,Gabor Torok,HUN
1929,R Galgalikar (Mex),1,1,0,0,0,0,2,0,0,0,1,0,0,R Galgalikar,Mex
1930,R Goodwin (PHI),1,1,0,0,0,0,4,0,0,0,1,0,0,R Goodwin,PHI
1931,GE Gutierrez Chavez (Mex),1,1,0,0,0,0,2,0,0,0,1,0,0,GE Gutierrez Chavez,Mex
1932,SAR Hashimi (BRA),1,1,0,0,0,0,2,0,0,0,1,0,0,SAR Hashimi,BRA
1933,Hassnain Shah (OMA),1,1,0,0,0,0,1,0,0,0,1,0,0,Hassnain Shah,OMA
1934,LU Igalagamage (SL),1,1,0,0,0,0,3,0,0,0,1,0,0,LU Igalagamage,SL
1935,Irfan Safi (AUT),1,1,0,0,0,0,2,0,0,0,1,0,0,Irfan Safi,AUT
1936,D Issiaka (CIV),2,2,0,0,0,0,8,0,0,0,2,0,0,D Issiaka,CIV
1937,V Jatinder Kumar (GER),1,1,0,0,0,0,1,0,0,0,1,0,0,V Jatinder Kumar,GER
1938,K Kato-Stafford (JPN),2,1,0,0,0,0,2,0,0,0,1,0,0,K Kato-Stafford,JPN
1939,Kau Qalo (Fiji),1,1,0,0,0,0,3,0,0,0,1,0,0,Kau Qalo,Fiji
1940,H Klazinge (NAM),2,1,1,0,0*,0,1,0,0,0,0,0,0,H Klazinge,NAM
1941,S Kruger (Arg),1,1,0,0,0,0,3,0,0,0,1,0,0,S Kruger,Arg
1942,E Kubwimana (RWN),3,1,0,0,0,0,1,0,0,0,1,0,0,E Kubwimana,RWN
1943,MF Manjate (MOZ),3,2,0,0,0,0,2,0,0,0,2,0,0,MF Manjate,MOZ
1944,A Manousis (GRC),2,2,0,0,0,0,2,0,0,0,2,0,0,A Manousis,GRC
1945,Mohammed Faraazuddin (UAE),1,1,0,0,0,0,3,0,0,0,1,0,0,Mohammed Faraazuddin,UAE
1946,S Mohan (PHI),1,1,0,0,0,0,1,0,0,0,1,0,0,S Mohan,PHI
1947,I Mugisha (RWN),2,1,1,0,0*,0,0,0,0,0,0,0,0,I Mugisha,RWN
1948,Muhammad Muneeb (BEL),1,1,0,0,0,0,0,0,0,0,1,0,0,Muhammad Muneeb,BEL
1949,Muhammad Usman (EST),1,1,0,0,0,0,1,0,0,0,1,0,0,Muhammad Usman,EST
1950,D Nanda (INA),1,1,0,0,0,0,1,0,0,0,1,0,0,D Nanda,INA
1951,Nazwan Ismail (MDV),2,1,0,0,0,0,1,0,0,0,1,0,0,Nazwan Ismail,MDV
1952,Osama Mahmood (SUI),1,1,0,0,0,0,1,0,0,0,1,0,0,Osama Mahmood,SUI
1953,SJ Patel (CZK-R),2,2,0,0,0,0,4,0,0,0,2,0,0,SJ Patel,CZK-R
1954,KMA Paul (WI),1,1,0,0,0,0,1,0,0,0,1,0,0,KMA Paul,WI
1955,F Pieters (SKOR),1,1,0,0,0,0,2,0,0,0,1,0,0,F Pieters,SKOR
1956,VRCF Poubel (BRA),1,1,0,0,0,0,2,0,0,0,1,0,0,VRCF Poubel,BRA
1957,Rejaul Karim (BRA),1,1,0,0,0,0,3,0,0,0,1,0,0,Rejaul Karim,BRA
1958,G Riley (GMB),1,1,0,0,0,0,8,0,0,0,1,0,0,G Riley,GMB
1959,Sohel Ebrahim Desai (PAN),1,1,0,0,0,0,2,0,0,0,1,0,0,Sohel Ebrahim Desai,PAN
1960,B Siddharth (OMA),1,1,0,0,0,0,5,0,0,0,1,0,0,B Siddharth,OMA
1961,K Sonavale (OMA),1,1,0,0,0,0,6,0,0,0,1,0,0,K Sonavale,OMA
1962,L Stubbs (CRT),2,2,0,0,0,0,5,0,0,0,2,0,0,L Stubbs,CRT
1963,Tholal Mohamed Raya (MDV),1,1,0,0,0,0,2,0,0,0,1,0,0,Tholal Mohamed Raya,MDV
1964,D Traore (Mali),1,1,0,0,0,0,3,0,0,0,1,0,0,D Traore,Mali
1965,T Turan (TKY),1,1,0,0,0,0,1,0,0,0,1,0,0,T Turan,TKY
1966,T Tumursukh (MNG),1,1,0,0,0,0,2,0,0,0,1,0,0,T Tumursukh,MNG
1967,H Upadhyay (MNG),1,1,0,0,0,0,2,0,0,0,1,0,0,H Upadhyay,MNG
1968,B Vakatini (COK),1,1,1,0,0*,0,0,0,0,0,0,0,0,B Vakatini,COK
1969,T Vanuarua (COK),1,1,0,0,0,0,0,0,0,0,1,0,0,T Vanuarua,COK
1970,J Vira (VAN),1,1,0,0,0,0,1,0,0,0,1,0,0,J Vira,VAN
1971,OR Willis (CAY),1,1,0,0,0,0,5,0,0,0,1,0,0,OR Willis,CAY
1972,L Yamamoto-Lake (JPN),1,1,0,0,0,0,1,0,0,0,1,0,0,L Yamamoto-Lake,JPN
1973,E Yaver (TKY),3,2,0,0,0,0,4,0,0,0,2,0,0,E Yaver,TKY
1974,Yin Chenhao (CHN),1,1,0,0,0,0,9,0,0,0,1,0,0,Yin Chenhao,CHN
1975,Zakir Hasan (BAN),1,1,0,0,0,0,2,0,0,0,1,0,0,Zakir Hasan,BAN
1976,Zou Kui (CHN),1,1,0,0,0,0,4,0,0,0,1,0,0,Zou Kui,CHN
1977,SA Abbott (AUS),1,0,0,0,0,0,0,0,0,0,0,0,0,SA Abbott,AUS
1978,Abdul Samad (JPN),2,0,0,0,0,0,0,0,0,0,0,0,0,Abdul Samad,JPN
1979,Adnan Razzaq (BEL),1,0,0,0,0,0,0,0,0,0,0,0,0,Adnan Razzaq,BEL
1980,Ahmad Raza (KSA),1,0,0,0,0,0,0,0,0,0,0,0,0,Ahmad Raza,KSA
1981,Ahmed Raza (UAE),1,0,0,0,0,0,0,0,0,0,0,0,0,Ahmed Raza,UAE
1982,P Aho (NGA),6,0,0,0,0,0,0,0,0,0,0,0,0,P Aho,NGA
1983,Ahsan Khan (BUL),1,0,0,0,0,0,0,0,0,0,0,0,0,Ahsan Khan,BUL
1984,Akash Babu (QAT),1,0,0,0,0,0,0,0,0,0,0,0,0,Akash Babu,QAT
1985,B Akhilesh Reddy (USA),1,0,0,0,0,0,0,0,0,0,0,0,0,B Akhilesh Reddy,USA
1986,Akif Raja (UAE),1,0,0,0,0,0,0,0,0,0,0,0,0,Akif Raja,UAE
1987,J Albin (BUL),1,0,0,0,0,0,0,0,0,0,0,0,0,J Albin,BUL
1988,AD Algar (ESP),3,0,0,0,0,0,0,0,0,0,0,0,0,AD Algar,ESP
1989,MA Algi (MOZ),1,0,0,0,0,0,0,0,0,0,0,0,0,MA Algi,MOZ
1990,Ali Dawood (BHR),9,0,0,0,0,0,0,0,0,0,0,0,0,Ali Dawood,BHR
1991,Ali Hussain (ROM),2,0,0,0,0,0,0,0,0,0,0,0,0,Ali Hussain,ROM
1992,B Angeltti (Arg),2,0,0,0,0,0,0,0,0,0,0,0,0,B Angeltti,Arg
1993,MJ Ansell (IOM),2,0,0,0,0,0,0,0,0,0,0,0,0,MJ Ansell,IOM
1994,Aqib Ilyas (OMA),1,0,0,0,0,0,0,0,0,0,0,0,0,Aqib Ilyas,OMA
1995,Ashwin Vinod (SUI),3,0,0,0,0,0,0,0,0,0,0,0,0,Ashwin Vinod,SUI
1996,Asif Shaikh (BHR),1,0,0,0,0,0,0,0,0,0,0,0,0,Asif Shaikh,BHR
1997,Ateeq Iqbal (HKG),3,0,0,0,0,0,0,0,0,0,0,0,0,Ateeq Iqbal,HKG
1998,Atif-Ur-Rehman (KSA),4,0,0,0,0,0,0,0,0,0,0,0,0,Atif-Ur-Rehman,KSA
1999,Atif Mehmood (ESP),3,0,0,0,0,0,0,0,0,0,0,0,0,Atif Mehmood,ESP
2000,Awais Ahmed (ESP),2,0,0,0,0,0,0,0,0,0,0,0,0,Awais Ahmed,ESP
2001,Aziz Sualley (GHA),1,0,0,0,0,0,0,0,0,0,0,0,0,Aziz Sualley,GHA
2002,KS Bagabena (GHA),2,0,0,0,0,0,0,0,0,0,0,0,0,KS Bagabena,GHA
2003,GS Bajwa (ESP),1,0,0,0,0,0,0,0,0,0,0,0,0,GS Bajwa,ESP
2004,LS Barkania (TAN),2,0,0,0,0,0,0,0,0,0,0,0,0,LS Barkania,TAN
2005,SVE Bharathi (GER),3,0,0,0,0,0,0,0,0,0,0,0,0,SVE Bharathi,GER
2006,Bilal Hassun (UGA),1,0,0,0,0,0,0,0,0,0,0,0,0,Bilal Hassun,UGA
2007,Bilal Khan (OMA),2,0,0,0,0,0,0,0,0,0,0,0,0,Bilal Khan,OMA
2008,Bipin Kumar (QAT),3,0,0,0,0,0,0,0,0,0,0,0,0,Bipin Kumar,QAT
2009,D Birrell (JER),1,0,0,0,0,0,0,0,0,0,0,0,0,D Birrell,JER
2010,A Bohara (NEP),5,0,0,0,0,0,0,0,0,0,0,0,0,A Bohara,NEP
2011,IW Budiarta (INA),1,0,0,0,0,0,0,0,0,0,0,0,0,IW Budiarta,INA
2012,Bukhar Illikkal (QAT),3,0,0,0,0,0,0,0,0,0,0,0,0,Bukhar Illikkal,QAT
2013,DL Chahar (IND),1,0,0,0,0,0,0,0,0,0,0,0,0,DL Chahar,IND
2014,R Drake (JPN),1,0,0,0,0,0,0,0,0,0,0,0,0,R Drake,JPN
2015,JT Darrell (BER),1,0,0,0,0,0,0,0,0,0,0,0,0,JT Darrell,BER
2016,S Dhakal (NEP),1,0,0,0,0,0,0,0,0,0,0,0,0,S Dhakal,NEP
2017,A Dhar (CAY),2,0,0,0,0,0,0,0,0,0,0,0,0,A Dhar,CAY
2018,KK Dobell (JPN),1,0,0,0,0,0,0,0,0,0,0,0,0,KK Dobell,JPN
2019,S Duggan (Arg),1,0,0,0,0,0,0,0,0,0,0,0,0,S Duggan,Arg
2020,JSE Dunford (JER),1,0,0,0,0,0,0,0,0,0,0,0,0,JSE Dunford,JER
2021,Fahad Nawaz (UAE),1,0,0,0,0,0,0,0,0,0,0,0,0,Fahad Nawaz,UAE
2022,Fayyaz Butt (OMA),1,0,0,0,0,0,0,0,0,0,0,0,0,Fayyaz Butt,OMA
2023,K Fletcher (SUI),3,0,0,0,0,0,0,0,0,0,0,0,0,K Fletcher,SUI
2024,K Fubler (BER),1,0,0,0,0,0,0,0,0,0,0,0,0,K Fubler,BER
2025,Gagandeep Singh (BUL),2,0,0,0,0,0,0,0,0,0,0,0,0,Gagandeep Singh,BUL
2026,I Ganness (),1,0,0,0,0,0,0,0,0,0,0,0,0,I Ganness,
2027,Ghulam Ahmadi (GER),3,0,0,0,0,0,0,0,0,0,0,0,0,Ghulam Ahmadi,GER
2028,K Gore (WI),1,0,0,0,0,0,0,0,0,0,0,0,0,K Gore,WI
2029,Haider Ali (UAE),3,0,0,0,0,0,0,0,0,0,0,0,0,Haider Ali,UAE
2030,Harry Johnson (GUE),2,0,0,0,0,0,0,0,0,0,0,0,0,Harry Johnson,GUE
2031,JAM Henri (POR),1,0,0,0,0,0,0,0,0,0,0,0,0,JAM Henri,POR
2032,A Husain (Arg),1,0,0,0,0,0,0,0,0,0,0,0,0,A Husain,Arg
2033,Hussain Saadhin (MDV),1,0,0,0,0,0,0,0,0,0,0,0,0,Hussain Saadhin,MDV
2034,Ibrar Ahmad (HUN),1,0,0,0,0,0,0,0,0,0,0,0,0,Ibrar Ahmad,HUN
2035,Ikbal Hossain (Fran),1,0,0,0,0,0,0,0,0,0,0,0,0,Ikbal Hossain,Fran
2036,Imran Khan (BHR),5,0,0,0,0,0,0,0,0,0,0,0,0,Imran Khan,BHR
2037,Ishtiaq Ahmad (KSA),6,0,0,0,0,0,0,0,0,0,0,0,0,Ishtiaq Ahmad,KSA
2038,Jahandad Khan (PAK),2,0,0,0,0,0,0,0,0,0,0,0,0,Jahandad Khan,PAK
2039,Abduljabar Jabarkhail (BEL),1,0,0,0,0,0,0,0,0,0,0,0,0,Abduljabar Jabarkhail,BEL
2040,RR Joshi (CAN),2,0,0,0,0,0,0,0,0,0,0,0,0,RR Joshi,CAN
2041,Joshua Asia (NGA),2,0,0,0,0,0,0,0,0,0,0,0,0,Joshua Asia,NGA
2042,K Juma (TAN),1,0,0,0,0,0,0,0,0,0,0,0,0,K Juma,TAN
2043,Junaid Khan (POR),1,0,0,0,0,0,0,0,0,0,0,0,0,Junaid Khan,POR
2044,Junaid Siddique (UAE),2,0,0,0,0,0,0,0,0,0,0,0,0,Junaid Siddique,UAE
2045,A Kalasi (THA),1,0,0,0,0,0,0,0,0,0,0,0,0,A Kalasi,THA
2046,Kaleemullah (OMA),1,0,0,0,0,0,0,0,0,0,0,0,0,Kaleemullah,OMA
2047,R Kalimuthu (SGP),1,0,0,0,0,0,0,0,0,0,0,0,0,R Kalimuthu,SGP
2048,J Kariko (PNG),2,0,0,0,0,0,0,0,0,0,0,0,0,J Kariko,PNG
2049,Karma Dorji (BHU),1,0,0,0,0,0,0,0,0,0,0,0,0,Karma Dorji,BHU
2050,I Katzarski (BUL),2,0,0,0,0,0,0,0,0,0,0,0,0,I Katzarski,BUL
2051,J Kemp (JER),1,0,0,0,0,0,0,0,0,0,0,0,0,J Kemp,JER
2052,B Kgosiemang (BOT),2,0,0,0,0,0,0,0,0,0,0,0,0,B Kgosiemang,BOT
2053,R Khanyapa (LES),2,0,0,0,0,0,0,0,0,0,0,0,0,R Khanyapa,LES
2054,B Khumalo (BOT),1,0,0,0,0,0,0,0,0,0,0,0,0,B Khumalo,BOT
2055,FA Klokker (DEN),3,0,0,0,0,0,0,0,0,0,0,0,0,FA Klokker,DEN
2056,RM Koda (INA),2,0,0,0,0,0,0,0,0,0,0,0,0,RM Koda,INA
2057,PK Langat (KENYA),3,0,0,0,0,0,0,0,0,0,0,0,0,PK Langat,KENYA
2058,K Kubota (JPN),2,0,0,0,0,0,0,0,0,0,0,0,0,K Kubota,JPN
2059,P Kumbhare (JPN),3,0,0,0,0,0,0,0,0,0,0,0,0,P Kumbhare,JPN
2060,G Kuthalingham (),1,0,0,0,0,0,0,0,0,0,0,0,0,G Kuthalingham,
2061,D Finau (Samoa),1,0,0,0,0,0,0,0,0,0,0,0,0,D Finau,Samoa
2062,B Leo (STHEL),1,0,0,0,0,0,0,0,0,0,0,0,0,B Leo,STHEL
2063,Lovedeep Singh (CYP),1,0,0,0,0,0,0,0,0,0,0,0,0,Lovedeep Singh,CYP
2064,T Lungameni (NAM),1,0,0,0,0,0,0,0,0,0,0,0,0,T Lungameni,NAM
2065,DV Macome (MOZ),2,0,0,0,0,0,0,0,0,0,0,0,0,DV Macome,MOZ
2066,Mahmudul Hasan Joy (BAN),1,0,0,0,0,0,0,0,0,0,0,0,0,Mahmudul Hasan Joy,BAN
2067,C Malaya (MWI),2,0,0,0,0,0,0,0,0,0,0,0,0,C Malaya,MWI
2068,J Marples (GIBR),1,0,0,0,0,0,0,0,0,0,0,0,0,J Marples,GIBR
2069,MR Marsh (AUS),1,0,0,0,0,0,0,0,0,0,0,0,0,MR Marsh,AUS
2070,J Matharu (CAN),1,0,0,0,0,0,0,0,0,0,0,0,0,J Matharu,CAN
2071,ZE Matsinhe (MOZ),4,0,0,0,0,0,0,0,0,0,0,0,0,ZE Matsinhe,MOZ
2072,Ma Qiancheng (CHN),1,0,0,0,0,0,0,0,0,0,0,0,0,Ma Qiancheng,CHN
2073,Y Mitari (RWN),1,0,0,0,0,0,0,0,0,0,0,0,0,Y Mitari,RWN
2074,Mohamed Miuvaan (MDV),1,0,0,0,0,0,0,0,0,0,0,0,0,Mohamed Miuvaan,MDV
2075,Mohammad Ghazanfar (HKG),1,0,0,0,0,0,0,0,0,0,0,0,0,Mohammad Ghazanfar,HKG
2076,Mohamed Shafeeq (KUW),1,0,0,0,0,0,0,0,0,0,0,0,0,Mohamed Shafeeq,KUW
2077,Mohammed Nadeem (QAT),1,0,0,0,0,0,0,0,0,0,0,0,0,Mohammed Nadeem,QAT
2078,M Mooketsi (BOT),8,0,0,0,0,0,0,0,0,0,0,0,0,M Mooketsi,BOT
2079,KV Morea (PNG),2,0,0,0,0,0,0,0,0,0,0,0,0,KV Morea,PNG
2080,A Morris (CAY),2,0,0,0,0,0,0,0,0,0,0,0,0,A Morris,CAY
2081,FJ Mpegna (CAM),1,0,0,0,0,0,0,0,0,0,0,0,0,FJ Mpegna,CAM
2082,Mubasir Khan (PAK),1,0,0,0,0,0,0,0,0,0,0,0,0,Mubasir Khan,PAK
2083,Muhammad Jabir (QAT),1,0,0,0,0,0,0,0,0,0,0,0,0,Muhammad Jabir,QAT
2084,Muhammad Jawadullah (UAE),2,0,0,0,0,0,0,0,0,0,0,0,0,Muhammad Jawadullah,UAE
2085,Muhammad Salman (BHR),1,0,0,0,0,0,0,0,0,0,0,0,0,Muhammad Salman,BHR
2086,Muhammad Wafiq (MAS),2,0,0,0,0,0,0,0,0,0,0,0,0,Muhammad Wafiq,MAS
2087,Mujeeb Ur Rahman (AFG),1,0,0,0,0,0,0,0,0,0,0,0,0,Mujeeb Ur Rahman,AFG
2088,JK Mukhiya (NEP),1,0,0,0,0,0,0,0,0,0,0,0,0,JK Mukhiya,NEP
2089,GBW Munaweera (QAT),1,0,0,0,0,0,0,0,0,0,0,0,0,GBW Munaweera,QAT
2090,M Musinguzi (UGA),1,0,0,0,0,0,0,0,0,0,0,0,0,M Musinguzi,UGA
2091,B Muzarabani (ZIM),3,0,0,0,0,0,0,0,0,0,0,0,0,B Muzarabani,ZIM
2092,M Mwamadi (MWI),2,0,0,0,0,0,0,0,0,0,0,0,0,M Mwamadi,MWI
2093,A Nao (PNG),2,0,0,0,0,0,0,0,0,0,0,0,0,A Nao,PNG
2094,Naseer Naail Ismail (MDV),1,0,0,0,0,0,0,0,0,0,0,0,0,Naseer Naail Ismail,MDV
2095,A Nathwani (AUT),1,0,0,0,0,0,0,0,0,0,0,0,0,A Nathwani,AUT
2096,Nazir Patel (PAN),1,0,0,0,0,0,0,0,0,0,0,0,0,Nazir Patel,PAN
2097,R Ngarava (ZIM),2,0,0,0,0,0,0,0,0,0,0,0,0,R Ngarava,ZIM
2098,YM Nkanya (TAN),1,0,0,0,0,0,0,0,0,0,0,0,0,YM Nkanya,TAN
2099,F Nsubuga (UGA),1,0,0,0,0,0,0,0,0,0,0,0,0,F Nsubuga,UGA
2100,S Nsubuga (UGA),3,0,0,0,0,0,0,0,0,0,0,0,0,S Nsubuga,UGA
2101,I Ntirenganya (RWN),6,0,0,0,0,0,0,0,0,0,0,0,0,I Ntirenganya,RWN
2102,G Oliveira (BRA),1,0,0,0,0,0,0,0,0,0,0,0,0,G Oliveira,BRA
2103,AAA Patel (LES),1,0,0,0,0,0,0,0,0,0,0,0,0,AAA Patel,LES
2104,Pavandeep Singh (MAS),4,0,0,0,0,0,0,0,0,0,0,0,0,Pavandeep Singh,MAS
2105,Pel Vannak (CAM),1,0,0,0,0,0,0,0,0,0,0,0,0,Pel Vannak,CAM
2106,P Pirabakaran (Fran),2,0,0,0,0,0,0,0,0,0,0,0,0,P Pirabakaran,Fran
2107,R Pisal (ROM),1,0,0,0,0,0,0,0,0,0,0,0,0,R Pisal,ROM
2108,N Pokana (PNG),1,0,0,0,0,0,0,0,0,0,0,0,0,N Pokana,PNG
2109,B Pondani (MWI),2,0,0,0,0,0,0,0,0,0,0,0,0,B Pondani,MWI
2110,AR Prasad (CAM),2,0,0,0,0,0,0,0,0,0,0,0,0,AR Prasad,CAM
2111,J Proctor (BER),1,0,0,0,0,0,0,0,0,0,0,0,0,J Proctor,BER
2112,AR Puri (SGP),1,0,0,0,0,0,0,0,0,0,0,0,0,AR Puri,SGP
2113,Rafaqat Ali (NOR),1,0,0,0,0,0,0,0,0,0,0,0,0,Rafaqat Ali,NOR
2114,Rafiulah Alokozai (BEL),2,0,0,0,0,0,0,0,0,0,0,0,0,Rafiulah Alokozai,BEL
2115,Raja Adeel (ESP),3,0,0,0,0,0,0,0,0,0,0,0,0,Raja Adeel,ESP
2116,G Raymond (COK),1,0,0,0,0,0,0,0,0,0,0,0,0,G Raymond,COK
2117,EB Ringera (KENYA),4,0,0,0,0,0,0,0,0,0,0,0,0,EB Ringera,KENYA
2118,T Ritawa (COK),2,0,0,0,0,0,0,0,0,0,0,0,0,T Ritawa,COK
2119,Rizwan Haider (MAS),3,0,0,0,0,0,0,0,0,0,0,0,0,Rizwan Haider,MAS
2120,DE Roache (Samoa),1,0,0,0,0,0,0,0,0,0,0,0,0,DE Roache,Samoa
2121,Rohail Nazir (PAK),1,0,0,0,0,0,0,0,0,0,0,0,0,Rohail Nazir,PAK
2122,S Rukmal (SEY),1,0,0,0,0,0,0,0,0,0,0,0,0,S Rukmal,SEY
2123,C Rumistrzewicz (ESP),4,0,0,0,0,0,0,0,0,0,0,0,0,C Rumistrzewicz,ESP
2124,Sachin Kumar (BHR),1,0,0,0,0,0,0,0,0,0,0,0,0,Sachin Kumar,BHR
2125,P Sadev (ITA),1,0,0,0,0,0,0,0,0,0,0,0,0,P Sadev,ITA
2126,B Sai Sudharsan (IND),1,0,0,0,0,0,0,0,0,0,0,0,0,B Sai Sudharsan,IND
2127,R Sai Kishore (IND),1,0,0,0,0,0,0,0,0,0,0,0,0,R Sai Kishore,IND
2128,Sarawut Maliwan (THA),1,0,0,0,0,0,0,0,0,0,0,0,0,Sarawut Maliwan,THA
2129,M Sarenac (SRB),1,0,0,0,0,0,0,0,0,0,0,0,0,M Sarenac,SRB
2130,A Sawyer (GIBR),1,0,0,0,0,0,0,0,0,0,0,0,0,A Sawyer,GIBR
2131,BM Scholtz (NAM),4,0,0,0,0,0,0,0,0,0,0,0,0,BM Scholtz,NAM
2132,J Sebanja (UGA),1,0,0,0,0,0,0,0,0,0,0,0,0,J Sebanja,UGA
2133,R Sekaran (EST),1,0,0,0,0,0,0,0,0,0,0,0,0,R Sekaran,EST
2134,Selim Salau (NGA),1,0,0,0,0,0,0,0,0,0,0,0,0,Selim Salau,NGA
2135,L Shafeeg (MDV),1,0,0,0,0,0,0,0,0,0,0,0,0,L Shafeeg,MDV
2136,Shahid Mahmood (BHR),1,0,0,0,0,0,0,0,0,0,0,0,0,Shahid Mahmood,BHR
2137,T Shanmugam (SEY),1,0,0,0,0,0,0,0,0,0,0,0,0,T Shanmugam,SEY
2138,R Sheshadri (SGP),1,0,0,0,0,0,0,0,0,0,0,0,0,R Sheshadri,SGP
2139,DK Shetty (INA),1,0,0,0,0,0,0,0,0,0,0,0,0,DK Shetty,INA
2140,B Shikongo (NAM),2,0,0,0,0,0,0,0,0,0,0,0,0,B Shikongo,NAM
2141,SPS Shikongo (NAM),1,0,0,0,0,0,0,0,0,0,0,0,0,SPS Shikongo,NAM
2142,PK Shoufeer (CAM),1,0,0,0,0,0,0,0,0,0,0,0,0,PK Shoufeer,CAM
2143,A Shreshta (NGA),1,0,0,0,0,0,0,0,0,0,0,0,0,A Shreshta,NGA
2144,A Shukla (HKG),2,0,0,0,0,0,0,0,0,0,0,0,0,A Shukla,HKG
2145,G Smith (CAY),1,0,0,0,0,0,0,0,0,0,0,0,0,G Smith,CAY
2146,M Smith (),1,0,0,0,0,0,0,0,0,0,0,0,0,M Smith,
2147,IS Sodhi (NZ),1,0,0,0,0,0,0,0,0,0,0,0,0,IS Sodhi,NZ
2148,M Spoors (CAN),1,0,0,0,0,0,0,0,0,0,0,0,0,M Spoors,CAN
2149,H Ssenyondo (UGA),8,0,0,0,0,0,0,0,0,0,0,0,0,H Ssenyondo,UGA
2150,BK Stroud (STHEL),1,0,0,0,0,0,0,0,0,0,0,0,0,BK Stroud,STHEL
2151,Sukhkaran Sahi (ROM),1,0,0,0,0,0,0,0,0,0,0,0,0,Sukhkaran Sahi,ROM
2152,Syed Aqeel Israr (GHA),1,0,0,0,0,0,0,0,0,0,0,0,0,Syed Aqeel Israr,GHA
2153,Syed Rehmatullah (MAS),2,0,0,0,0,0,0,0,0,0,0,0,0,Syed Rehmatullah,MAS
2154,M Taniyama (JPN),1,0,0,0,0,0,0,0,0,0,0,0,0,M Taniyama,JPN
2155,KB Tember (INA),1,0,0,0,0,0,0,0,0,0,0,0,0,KB Tember,INA
2156,SN Thakur (IND),1,0,0,0,0,0,0,0,0,0,0,0,0,SN Thakur,IND
2157,C Tommy (VAN),1,0,0,0,0,0,0,0,0,0,0,0,0,C Tommy,VAN
2158,JL Tutty (COK),1,0,0,0,0,0,0,0,0,0,0,0,0,JL Tutty,COK
2159,J Umanath (Mex),1,0,0,0,0,0,0,0,0,0,0,0,0,J Umanath,Mex
2160,J van Heerden (GER),1,0,0,0,0,0,0,0,0,0,0,0,0,J van Heerden,GER
2161,S Vats (LUX),1,0,0,0,0,0,0,0,0,0,0,0,0,S Vats,LUX
2162,Vishil Patel (KENYA),2,0,0,0,0,0,0,0,0,0,0,0,0,Vishil Patel,KENYA
2163,K Vislapuu (EST),3,0,0,0,0,0,0,0,0,0,0,0,0,K Vislapuu,EST
2164,Vraj Patel (KENYA),5,0,0,0,0,0,0,0,0,0,0,0,0,Vraj Patel,KENYA
2165,D Wabwire (UGA),1,0,0,0,0,0,0,0,0,0,0,0,0,D Wabwire,UGA
2166,HR Walsh (WI),1,0,0,0,0,0,0,0,0,0,0,0,0,HR Walsh,WI
2167,DKD Warnakulasuriya (ITA),1,0,0,0,0,0,0,0,0,0,0,0,0,DKD Warnakulasuriya,ITA
2168,Waseeq Ahmed (BHR),1,0,0,0,0,0,0,0,0,0,0,0,0,Waseeq Ahmed,BHR
2169,SMK Waththage (CZK-R),1,0,0,0,0,0,0,0,0,0,0,0,0,SMK Waththage,CZK-R
2170,CG Williams (NAM),1,0,0,0,0,0,0,0,0,0,0,0,0,CG Williams,NAM
2171,A Wright (CAY),1,0,0,0,0,0,0,0,0,0,0,0,0,A Wright,CAY
2172,HN Ya France (NAM),2,0,0,0,0,0,0,0,0,0,0,0,0,HN Ya France,NAM
2173,M Yambayamba (Zamb),1,0,0,0,0,0,0,0,0,0,0,0,0,M Yambayamba,Zamb
