,Player,Matches,Innings,Overs,Maidens,Runs,Wickets,BBI,Average,Economy,SR,Four_Wickets,Five_Wickets,Player_Name,Country
0,Rishad Hossain (BAN),49,49,169.2,1,1398,68,3/18,20.55,8.25,14.9,0,0,Rishad Hossain,BAN
1,H Ssenyondo (UGA),43,43,146.4,6,807,68,5/8,11.86,5.5,12.9,3,1,H Ssenyondo,UGA
2,Sikandar Raza (ZIM),55,55,184.1,5,1179,65,5/18,18.13,6.4,17,1,1,Sikandar Raza,ZIM
3,IS Sodhi (NZ),52,52,177.3,0,1435,56,4/28,25.62,8.08,19,1,0,IS Sodhi,NZ
4,A Zampa (AUS),40,40,154.2,0,1218,54,4/21,22.55,7.89,17.1,3,0,A Zampa,AUS
5,PW Hasaranga (SL),32,32,124.2,1,924,52,4/15,17.76,7.43,14.3,1,0,PW Hasaranga,SL
6,E Rukiriza (RWN),39,39,122.0,1,840,49,5/11,17.14,6.88,14.9,2,2,E Rukiriza,RWN
7,R Abdulkareem (NGA),37,37,102.4,5,624,48,6/22,13,6.07,12.8,1,1,R Abdulkareem,NGA
8,S Lamichhane (NEP),25,25,95.5,1,549,47,5/18,11.68,5.72,12.2,0,1,S Lamichhane,NEP
9,AU Rashid (ENG),44,44,164.0,0,1324,47,3/19,28.17,8.07,20.9,0,0,AU Rashid,ENG
10,Virandeep Singh (MAS),42,42,121.5,5,722,44,4/8,16.4,5.92,16.6,2,0,Virandeep Singh,MAS
11,IKEG Artawan (INA),47,47,118.5,0,861,41,4/12,21,7.24,17.3,1,0,IKEG Artawan,INA
12,Shadab Khan (PAK),40,40,124.4,0,1025,40,4/8,25.62,8.22,18.7,1,0,Shadab Khan,PAK
13,Kuldeep Yadav (IND),19,19,67.0,1,446,39,5/17,11.43,6.65,10.3,2,1,Kuldeep Yadav,IND
14,Rashid Khan (AFG),23,23,89.0,0,492,35,4/14,14.05,5.52,15.2,2,0,Rashid Khan,AFG
15,Aqib Ilyas (OMA),22,22,79.0,1,453,34,4/10,13.32,5.73,13.9,2,0,Aqib Ilyas,OMA
16,K Irakoze (RWN),34,34,91.3,1,623,34,3/5,18.32,6.8,16.1,0,0,K Irakoze,RWN
17,K Nassoro (TAN),44,44,115.2,2,762,34,4/14,22.41,6.6,20.3,1,0,K Nassoro,TAN
18,Yasim Murtaza (HKG),34,34,115.0,0,702,34,4/9,20.64,6.1,20.2,1,0,Yasim Murtaza,HKG
19,RP Burl (ZIM),45,45,104.2,0,772,33,3/13,23.39,7.39,18.9,0,0,RP Burl,ZIM
20,M Taniyama (JPN),30,30,68.4,5,366,32,4/19,11.43,5.33,12.8,1,0,M Taniyama,JPN
21,Saad Bin Zafar (CAN),26,26,90.0,2,526,31,3/10,16.96,5.84,17.4,0,0,Saad Bin Zafar,CAN
22,Taranjeet Singh (ROM),18,18,56.2,0,351,31,4/17,11.32,6.23,10.9,2,0,Taranjeet Singh,ROM
23,MG Erasmus (NAM),27,27,74.2,0,455,30,4/20,15.16,6.12,14.8,1,0,MG Erasmus,NAM
24,Mohammad Nawaz (3) (PAK),26,26,74.2,0,557,30,3/5,18.56,7.49,14.8,0,0,Mohammad Nawaz,3
25,G Motie (WI),32,32,104.0,0,824,30,3/22,27.46,7.92,20.8,0,0,G Motie,WI
26,RL Chase (WI),28,28,77.2,0,585,29,3/12,20.17,7.56,16,0,0,RL Chase,WI
27,RR Patel (KENYA),25,25,69.5,3,395,29,3/12,13.62,5.65,14.4,0,0,RR Patel,KENYA
28,S Ravichandran (JPN),24,24,70.0,3,373,29,4/16,12.86,5.32,14.4,1,0,S Ravichandran,JPN
29,IK Gamantika (INA),32,32,83.0,1,482,28,4/24,17.21,5.8,17.7,1,0,IK Gamantika,INA
30,Karanbir Singh (AUT),24,24,49.2,0,382,28,4/42,13.64,7.74,10.5,1,0,Karanbir Singh,AUT
31,Muhammad Amir (MAS),25,25,70.5,2,451,28,5/16,16.1,6.36,15.1,0,1,Muhammad Amir,MAS
32,Vraj Patel (KENYA),21,21,80.0,2,453,28,3/12,16.17,5.66,17.1,0,0,Vraj Patel,KENYA
33,Joshua Asia (NGA),21,21,67.0,3,313,27,4/11,11.59,4.67,14.8,2,0,Joshua Asia,NGA
34,DS Airee (NEP),32,32,85.1,1,545,26,4/21,20.96,6.39,19.6,1,0,DS Airee,NEP
35,CJA Amini (PNG),23,23,63.2,0,397,26,4/18,15.26,6.26,14.6,1,0,CJA Amini,PNG
36,LM Jongwe (ZIM),26,26,72.0,0,615,26,3/20,23.65,8.54,16.6,0,0,LM Jongwe,ZIM
37,H Rathod (QAT),18,18,57.0,0,364,26,3/20,14,6.38,13.1,0,0,H Rathod,QAT
38,Ravi Bishnoi (IND),19,19,72.4,1,513,26,4/16,19.73,7.05,16.7,1,0,Ravi Bishnoi,IND
39,T Shamsi (SA),20,20,67.5,0,601,26,4/19,23.11,8.85,15.6,1,0,T Shamsi,SA
40,K Bhurtel (NEP),28,28,64.2,1,453,25,4/19,18.12,7.04,15.4,1,0,K Bhurtel,NEP
41,GJ Delany (IRE),35,35,85.2,0,624,25,3/16,24.96,7.31,20.4,0,0,GJ Delany,IRE
42,Nasrulla Rana (HKG),23,23,58.4,3,459,25,6/12,18.36,7.82,14,1,1,Nasrulla Rana,HKG
43,M Pathirana (SL),12,12,39.5,1,299,25,4/24,11.96,7.5,9.5,2,0,M Pathirana,SL
44,R Shepherd (WI),26,26,77.2,0,731,25,4/31,29.24,9.45,18.5,1,0,R Shepherd,WI
45,V Vijh (LUX),28,28,87.0,0,674,25,2/18,26.96,7.74,20.8,0,0,V Vijh,LUX
46,B White (IRE),23,23,75.0,0,652,25,4/20,26.08,8.69,18,1,0,B White,IRE
47,M Akayezu (RWN),22,22,55.4,0,460,24,4/16,19.16,8.26,13.9,2,0,M Akayezu,RWN
48,S Dube (IND),27,27,58.3,0,591,24,3/4,24.62,10.1,14.6,0,0,S Dube,IND
49,LS Livingstone (ENG),28,28,63.0,1,571,24,3/17,23.79,9.06,15.7,0,0,LS Livingstone,ENG
50,Mohammad Nabi (AFG),37,37,88.0,0,683,24,2/12,28.45,7.76,22,0,0,Mohammad Nabi,AFG
51,YM Nkanya (TAN),24,24,74.0,3,393,24,4/1,16.37,5.31,18.5,1,0,YM Nkanya,TAN
52,C Rumistrzewicz (ESP),13,13,45.0,1,228,24,5/7,9.5,5.06,11.2,1,1,C Rumistrzewicz,ESP
53,Sarawut Maliwan (THA),26,26,68.3,1,431,24,3/9,17.95,6.29,17.1,0,0,Sarawut Maliwan,THA
54,CJPF Kalugamage (ITA),17,17,54.0,3,343,23,4/17,14.91,6.35,14,1,0,CJPF Kalugamage,ITA
55,SA Okpe (NGA),31,31,87.5,3,499,23,5/9,21.69,5.68,22.9,0,1,SA Okpe,NGA
56,AJ Parmar (NOR),14,14,50.5,1,305,23,3/5,13.26,6,13.2,0,0,AJ Parmar,NOR
57,AAP Rivero (Arg),18,18,61.1,2,305,23,3/11,13.26,4.98,15.9,0,0,AAP Rivero,Arg
58,Abdullah Akbarjan (AUT),14,14,42.5,1,302,22,4/11,13.72,7.05,11.6,2,0,Abdullah Akbarjan,AUT
59,Abdul Majid (BHR),26,26,86.0,2,458,22,3/21,20.81,5.32,23.4,0,0,Abdul Majid,BHR
60,Basil Hameed (UAE),28,28,59.5,0,440,22,4/25,20,7.35,16.3,1,0,Basil Hameed,UAE
61,LA Burns (ESP),16,16,57.0,0,333,22,5/11,15.13,5.84,15.5,0,1,LA Burns,ESP
62,Hisham Shaikh (KSA),20,20,62.0,2,393,22,4/12,17.86,6.33,16.9,3,0,Hisham Shaikh,KSA
63,CJ Jordan (ENG),12,12,38.4,0,345,22,4/10,15.68,8.92,10.5,2,0,CJ Jordan,ENG
64,D Maisuria (BOT),14,14,52.0,1,306,22,3/13,13.9,5.88,14.1,0,0,D Maisuria,BOT
65,AR Patel (IND),28,28,71.1,1,557,22,3/33,25.31,7.82,19.4,0,0,AR Patel,IND
66,C Rubagumya (RWN),30,30,63.0,0,453,22,3/17,20.59,7.19,17.1,0,0,C Rubagumya,RWN
67,VP Thamotharam (MLT),21,21,55.4,0,442,22,3/22,20.09,7.94,15.1,0,0,VP Thamotharam,MLT
68,Vishil Patel (KENYA),17,17,52.0,0,338,22,4/21,15.36,6.5,14.1,2,0,Vishil Patel,KENYA
69,Zain Ul Abidin (KSA),21,21,64.5,0,384,22,3/10,17.45,5.92,17.6,0,0,Zain Ul Abidin,KSA
70,Adnan Idrees (KUW),21,21,60.0,0,464,21,3/20,22.09,7.73,17.1,0,0,Adnan Idrees,KUW
71,MNM Aslam (KUW),23,23,74.3,0,521,21,3/36,24.8,6.99,21.2,0,0,MNM Aslam,KUW
72,Ijaz Hussain (ROM),13,13,35.0,0,303,21,4/28,14.42,8.65,10,1,0,Ijaz Hussain,ROM
73,Imran Anwar (BHR),18,18,51.5,0,411,21,3/19,19.57,7.92,14.8,0,0,Imran Anwar,BHR
74,MA Leask (SCOT),21,21,54.0,0,398,21,3/30,18.95,7.37,15.4,0,0,MA Leask,SCOT
75,A Limdawala (MWI),27,27,60.1,1,413,21,4/23,19.66,6.86,17.1,1,0,A Limdawala,MWI
76,Mohammad Ghazanfar (HKG),20,20,63.0,0,469,21,3/16,22.33,7.44,18,0,0,Mohammad Ghazanfar,HKG
77,S Muniandy (MAS),19,19,52.1,1,406,21,4/32,19.33,7.78,14.9,1,0,S Muniandy,MAS
78,AR Ramjani (UGA),15,15,41.1,2,193,21,4/9,9.19,4.68,11.7,2,0,AR Ramjani,UGA
79,MJ Santner (NZ),26,26,89.0,0,719,21,3/26,34.23,8.07,25.4,0,0,MJ Santner,NZ
80,E Sebareme (RWN),17,17,46.2,1,267,21,4/6,12.71,5.76,13.2,1,0,E Sebareme,RWN
81,Anas Khan (HKG),11,11,39.0,0,236,20,4/30,11.8,6.05,11.7,1,0,Anas Khan,HKG
82,Asif Ali (BHR),32,32,67.5,0,430,20,2/1,21.5,6.33,20.3,0,0,Asif Ali,BHR
83,I Danladi (NGA),28,28,61.4,0,402,20,4/22,20.1,6.51,18.5,1,0,I Danladi,NGA
84,CN Greaves (SCOT),21,21,53.3,0,407,20,3/26,20.35,7.6,16,0,0,CN Greaves,SCOT
85,B Ito-Davis (JPN),15,15,41.4,2,187,20,3/8,9.35,4.48,12.5,0,0,B Ito-Davis,JPN
86,Sazib Bhuiyan (CZK-R),11,11,31.1,0,267,20,4/46,13.35,8.56,9.3,1,0,Sazib Bhuiyan,CZK-R
87,Sufiyan Muqeem (PAK),13,13,46.2,1,303,20,5/3,15.15,6.53,13.9,0,1,Sufiyan Muqeem,PAK
88,D Suzuki (JPN),27,27,59.2,1,441,20,3/22,22.05,7.43,17.8,0,0,D Suzuki,JPN
89,K Waiswa (UGA),16,16,42.0,1,298,20,4/14,14.9,7.09,12.6,1,0,K Waiswa,UGA
90,B Ward (JER),12,12,46.2,0,302,20,4/12,15.1,6.51,13.9,1,0,B Ward,JER
91,Yasir Ali (ESP),11,11,29.3,0,169,20,6/28,8.45,5.72,8.8,0,1,Yasir Ali,ESP
92,ASF Sirah (PHI),18,18,55.0,0,409,19,3/16,21.52,7.43,17.3,0,0,ASF Sirah,PHI
93,SVE Bharathi (GER),16,16,49.4,1,312,19,4/6,16.42,6.28,15.6,1,0,SVE Bharathi,GER
94,SFS Cheema (AUT),10,10,23.0,1,153,19,5/27,8.05,6.65,7.2,1,1,SFS Cheema,AUT
95,Festus Benn (BHM),14,14,43.3,0,297,19,3/9,15.63,6.82,13.7,0,0,Festus Benn,BHM
96,Harmeet Singh (USA),17,17,63.4,1,441,19,3/8,23.21,6.92,20.1,0,0,Harmeet Singh,USA
97,DAM Louis (QAT),12,12,35.0,0,267,19,3/22,14.05,7.62,11,0,0,DAM Louis,QAT
98,W Nalisa (VAN),14,14,48.5,0,349,19,6/16,18.36,7.14,15.4,0,1,W Nalisa,VAN
99,Sarfaraz Ali (BHR),21,21,54.4,0,399,19,4/12,21,7.29,17.2,1,0,Sarfaraz Ali,BHR
100,MD Shanaka (SL),31,31,49.4,0,432,19,2/4,22.73,8.69,15.6,0,0,MD Shanaka,SL
101,Aizaz Khan (HKG),19,19,44.4,0,350,18,4/26,19.44,7.83,14.8,1,0,Aizaz Khan,HKG
102,J Baguma (UGA),16,16,51.5,0,321,18,3/32,17.83,6.19,17.2,0,0,J Baguma,UGA
103,BFW de Leede (NED),16,16,49.3,1,398,18,3/37,22.11,8.04,16.5,0,0,BFW de Leede,NED
104,B Masaba (UGA),21,21,51.2,0,282,18,3/8,15.66,5.49,17.1,0,0,B Masaba,UGA
105,R Ravindra (NZ),17,17,39.0,1,286,18,4/27,15.88,7.33,13,1,0,R Ravindra,NZ
106,D Sabir (BER),13,13,36.3,1,208,18,3/8,11.55,5.69,12.1,0,0,D Sabir,BER
107,Umair Tariq (AUT),16,16,33.1,0,255,18,5/32,14.16,7.68,11,0,1,Umair Tariq,AUT
108,Usman Tariq (PAK),7,7,26.1,2,158,18,4/16,8.77,6.03,8.7,2,0,Usman Tariq,PAK
109,Zaker Taqawi (SWE),7,7,22.3,1,149,18,5/17,8.27,6.62,7.5,0,2,Zaker Taqawi,SWE
110,Zuhaib Zubair (UAE),18,18,50.5,0,345,18,5/21,19.16,6.78,16.9,0,1,Zuhaib Zubair,UAE
111,JN Loftie-Eaton (NAM),20,20,40.2,0,316,17,4/10,18.58,7.83,14.2,1,0,JN Loftie-Eaton,NAM
112,Namgay Thinley (BHU),24,24,78.0,1,495,17,3/10,29.11,6.34,27.5,0,0,Namgay Thinley,BHU
113,Noor Ahmad (AFG),19,19,61.0,0,421,17,4/10,24.76,6.9,21.5,1,0,Noor Ahmad,AFG
114,MV Pavlovic (SRB),9,9,26.2,0,185,17,4/13,10.88,7.02,9.2,2,0,MV Pavlovic,SRB
115,Raza Iqbal (NOR),12,12,37.0,0,233,17,5/23,13.7,6.29,13,0,1,Raza Iqbal,NOR
116,Shiraz Khan (KUW),23,23,72.4,2,483,17,4/12,28.41,6.64,25.6,1,0,Shiraz Khan,KUW
117,OF Smith (WI),14,14,38.0,0,354,17,3/29,20.82,9.31,13.4,0,0,OF Smith,WI
118,Zain Ahmad (Fran),12,12,38.0,0,246,17,4/20,14.47,6.47,13.4,1,0,Zain Ahmad,Fran
119,B Arora (MLT),25,25,64.0,0,551,16,2/22,34.43,8.6,24,0,0,B Arora,MLT
120,Asif Shaikh (BHR),13,13,44.2,0,293,16,3/20,18.31,6.6,16.6,0,0,Asif Shaikh,BHR
121,Azyan Farhath (MDV),12,12,30.5,3,218,16,4/5,13.62,7.07,11.5,2,0,Azyan Farhath,MDV
122,C Bosch (SA),9,9,32.0,1,229,16,3/12,14.31,7.15,12,0,0,C Bosch,SA
123,YS Chahal (IND),13,13,46.0,0,329,16,2/10,20.56,7.15,17.2,0,0,YS Chahal,IND
124,AF Ifill (CAY),16,16,49.1,0,312,16,3/24,19.5,6.34,18.4,0,0,AF Ifill,CAY
125,Muslim Yar (GER),13,13,40.5,1,282,16,3/9,17.62,6.9,15.3,0,0,Muslim Yar,GER
126,S Shrivastava (OMA),20,20,54.0,0,431,16,5/18,26.93,7.98,20.2,0,1,S Shrivastava,OMA
127,H Thaker (CAN),11,11,34.5,1,158,16,4/20,9.87,4.53,13,1,0,H Thaker,CAN
128,S Thakor (TAN),19,19,52.0,1,318,16,3/11,19.87,6.11,19.5,0,0,S Thakor,TAN
129,S Vijay Unni (MAS),12,12,37.5,1,228,16,3/23,14.25,6.02,14.1,0,0,S Vijay Unni,MAS
130,Aamir Kaleem (OMA),9,9,25.5,1,172,15,5/29,11.46,6.65,10.3,0,1,Aamir Kaleem,OMA
131,Abbas Ghani (HUN),11,11,26.1,1,231,15,4/14,15.4,8.82,10.4,1,0,Abbas Ghani,HUN
132,Rehan Ahmed (ENG),10,10,31.0,0,296,15,3/39,19.73,9.54,12.4,0,0,Rehan Ahmed,ENG
133,GD Arta (INA),17,17,40.0,1,265,15,3/35,17.66,6.62,16,0,0,GD Arta,INA
134,F Banunaek (INA),15,15,41.0,1,300,15,3/14,20,7.31,16.4,0,0,F Banunaek,INA
135,Meet Bhavsar (KUW),16,16,34.5,1,204,15,3/10,13.6,5.85,13.9,0,0,Meet Bhavsar,KUW
136,A Bohara (NEP),17,17,59.4,0,466,15,2/17,31.06,7.81,23.8,0,0,A Bohara,NEP
137,Ibrahim Rizan (MDV),14,14,41.0,3,269,15,3/6,17.93,6.56,16.4,0,0,Ibrahim Rizan,MDV
138,JDS Neesham (NZ),18,18,36.0,0,347,15,5/22,23.13,9.63,14.4,0,1,JDS Neesham,NZ
139,SO Ngoche (KENYA),11,11,32.0,2,188,15,3/9,12.53,5.87,12.8,0,0,SO Ngoche,KENYA
140,HV Patel (IND),12,12,41.5,0,404,15,4/25,26.93,9.65,16.7,1,0,HV Patel,IND
141,J Ramanandi (OMA),12,12,32.4,0,256,15,3/22,17.06,7.83,13,0,0,J Ramanandi,OMA
142,CB Roposo (MOZ),12,12,32.5,0,208,15,3/14,13.86,6.33,13.1,0,0,CB Roposo,MOZ
143,D Visser (Samoa),12,12,38.0,1,296,15,4/11,19.73,7.78,15.2,1,0,D Visser,Samoa
144,Amar Sharma (MLT),13,13,41.0,0,348,14,3/24,24.85,8.48,17.5,0,0,Amar Sharma,MLT
145,Anjar Tadarus (INA),21,21,41.0,0,277,14,5/8,19.78,6.75,17.5,0,1,Anjar Tadarus,INA
146,Arslan Amjad (EST),11,11,23.2,0,248,14,3/26,17.71,10.62,10,0,0,Arslan Amjad,EST
147,DL Brangman (BER),8,8,26.0,2,160,14,5/19,11.42,6.15,11.1,0,1,DL Brangman,BER
148,J Bulele (MOZ),9,9,26.2,0,187,14,3/21,13.35,7.1,11.2,0,0,J Bulele,MOZ
149,R Hashu (POR),7,7,21.0,1,151,14,4/17,10.78,7.19,9,1,0,R Hashu,POR
150,AJ Hosein (WI),12,12,35.2,0,320,14,3/17,22.85,9.05,15.1,0,0,AJ Hosein,WI
151,R Mangal (Fran),11,11,24.3,0,187,14,3/2,13.35,7.63,10.5,0,0,R Mangal,Fran
152,KP Meiyappan (UAE),10,10,34.0,0,241,14,3/13,17.21,7.08,14.5,0,0,KP Meiyappan,UAE
153,K Motlhanka (BOT),14,14,34.1,0,234,14,4/16,16.71,6.84,14.6,1,0,K Motlhanka,BOT
154,A Nortje (SA),10,10,35.0,0,240,14,4/7,17.14,6.85,15,1,0,A Nortje,SA
155,AR Puri (SGP),21,21,59.0,1,496,14,3/26,35.42,8.4,25.2,0,0,AR Puri,SGP
156,HAM Shah (DEN),9,9,26.5,1,146,14,4/19,10.42,5.44,11.5,1,0,HAM Shah,DEN
157,Shah Abrar Hussain (CAM),12,12,35.0,0,274,14,3/17,19.57,7.82,15,0,0,Shah Abrar Hussain,CAM
158,SM Tupou (Fiji),7,7,24.0,0,145,14,3/6,10.35,6.04,10.2,0,0,SM Tupou,Fiji
159,PA van Meekeren (NED),11,11,38.1,1,224,14,2/20,16,5.86,16.3,0,0,PA van Meekeren,NED
160,Waji Ul Hassan (KSA),19,19,43.4,0,349,14,5/9,24.92,7.99,18.7,0,1,Waji Ul Hassan,KSA
161,Zahoor Khan (UAE),13,13,47.0,0,319,14,4/16,22.78,6.78,20.1,1,0,Zahoor Khan,UAE
162,Zeeshan Maqsood (OMA),19,19,47.2,0,315,14,4/29,22.5,6.65,20.2,1,0,Zeeshan Maqsood,OMA
163,KD Abeyrathna (NOR),14,14,32.4,2,218,13,3/18,16.76,6.67,15,0,0,KD Abeyrathna,NOR
164,Abrar Ahmed (PAK),9,9,34.0,0,198,13,3/19,15.23,5.82,15.6,0,0,Abrar Ahmed,PAK
165,Ali Naseer (UAE),10,10,35.0,0,264,13,3/29,20.3,7.54,16.1,0,0,Ali Naseer,UAE
166,MA Baig (MWI),7,7,23.5,0,103,13,6/9,7.92,4.32,11,0,1,MA Baig,MWI
167,DG Blampied (JER),15,15,32.1,0,237,13,2/19,18.23,7.36,14.8,0,0,DG Blampied,JER
168,MG Bracewell (NZ),15,15,36.5,0,293,13,3/5,22.53,7.95,17,0,0,MG Bracewell,NZ
169,M Choamba (MWI),17,17,32.2,0,194,13,3/6,14.92,6,14.9,0,0,M Choamba,MWI
170,GH Dockrell (IRE),26,26,54.0,0,353,13,2/7,27.15,6.53,24.9,0,0,GH Dockrell,IRE
171,V Ganesan (GER),12,12,33.0,0,207,13,3/21,15.92,6.27,15.2,0,0,V Ganesan,GER
172,Gulsan Jha (NEP),13,13,34.1,1,247,13,3/31,19,7.22,15.7,0,0,Gulsan Jha,NEP
173,Kushal Malla (NEP),15,15,33.0,0,220,13,4/33,16.92,6.66,15.2,1,0,Kushal Malla,NEP
174,KA Maharaj (SA),16,16,52.0,0,442,13,3/24,34,8.5,24,0,0,KA Maharaj,SA
175,A Martel (GUE),12,12,32.0,0,204,13,3/12,15.69,6.37,14.7,0,0,A Martel,GUE
176,E Mathew (MLT),10,10,28.0,0,248,13,4/39,19.07,8.85,12.9,1,0,E Mathew,MLT
177,K Piet (BOT),14,14,42.0,0,284,13,3/14,21.84,6.76,19.3,0,0,K Piet,BOT
178,A Reyes (GIBR),8,8,14.5,0,93,13,3/10,7.15,6.26,6.8,0,0,A Reyes,GIBR
179,Saim Ayub (PAK),18,18,43.0,0,284,13,2/7,21.84,6.6,19.8,0,0,Saim Ayub,PAK
180,MP Stoinis (AUS),12,12,30.0,1,291,13,2/8,22.38,9.7,13.8,0,0,MP Stoinis,AUS
181,Syed Aziz (MAS),11,11,25.5,0,171,13,4/9,13.15,6.61,11.9,1,0,Syed Aziz,MAS
182,N Tanner (PHI),13,13,31.4,0,241,13,2/9,18.53,7.61,14.6,0,0,N Tanner,PHI
183,SF Tiai (Samoa),11,11,39.3,1,266,13,4/23,20.46,6.73,18.2,1,0,SF Tiai,Samoa
184,HER Tyler (PHI),11,11,37.3,0,341,13,4/18,26.23,9.09,17.3,1,0,HER Tyler,PHI
185,Yasir Mohammad (USA),8,8,27.0,0,206,13,4/20,15.84,7.62,12.4,1,0,Yasir Mohammad,USA
186,Abdullah Mahmood (DEN),12,12,30.4,0,207,12,4/12,17.25,6.75,15.3,1,0,Abdullah Mahmood,DEN
187,R Baaleri (GHA),7,7,19.4,2,108,12,4/6,9,5.49,9.8,2,0,R Baaleri,GHA
188,SM Curran (ENG),10,10,29.0,0,243,12,3/22,20.25,8.37,14.5,0,0,SM Curran,ENG
189,Faheem Ashraf (PAK),11,11,22.4,0,187,12,4/23,15.58,8.25,11.3,2,0,Faheem Ashraf,PAK
190,Haider Butt (BHR),17,17,25.0,0,208,12,3/7,17.33,8.32,12.5,0,0,Haider Butt,BHR
191,Karim Janat (AFG),18,18,38.0,0,303,12,3/15,25.25,7.97,19,0,0,Karim Janat,AFG
192,DM Nakrani (UGA),12,12,40.4,1,245,12,4/12,20.41,6.02,20.3,1,0,DM Nakrani,UGA
193,K Namchaikul (THA),14,14,38.5,0,258,12,4/7,21.5,6.64,19.4,1,0,K Namchaikul,THA
194,HH Pandya (IND),18,18,49.0,0,476,12,3/20,39.66,9.71,24.5,0,0,HH Pandya,IND
195,GA Priandana (INA),14,14,21.1,0,183,12,5/1,15.25,8.64,10.5,0,1,GA Priandana,INA
196,Sami Sohail (MWI),16,16,44.3,0,360,12,3/34,30,8.08,22.2,0,0,Sami Sohail,MWI
197,Sayed Monib (KUW),11,11,33.4,0,251,12,4/16,20.91,7.45,16.8,1,0,Sayed Monib,KUW
198,Shahil Momin (AUT),7,7,22.3,1,139,12,4/19,11.58,6.17,11.2,2,0,Shahil Momin,AUT
199,MWR Stokes (GUE),15,15,40.2,0,302,12,3/42,25.16,7.48,20.1,0,0,MWR Stokes,GUE
200,SC Williams (ZIM),19,19,37.0,0,244,12,2/1,20.33,6.59,18.5,0,0,SC Williams,ZIM
201,A Wright (CAY),8,8,25.0,1,123,12,3/9,10.25,4.92,12.5,0,0,A Wright,CAY
202,Abdullah Rana (SUI),6,6,16.0,0,111,11,3/16,10.09,6.93,8.7,0,0,Abdullah Rana,SUI
203,Akhil Anil (TAN),9,9,25.0,0,142,11,3/17,12.9,5.68,13.6,0,0,Akhil Anil,TAN
204,Ali Masood (EST),9,9,23.5,0,228,11,3/32,20.72,9.56,13,0,0,Ali Masood,EST
205,NK Aneesh Kumar (SUI),17,17,54.0,1,377,11,2/10,34.27,6.98,29.4,0,0,NK Aneesh Kumar,SUI
206,ML Castillo (Blz),5,5,15.0,0,93,11,6/16,8.45,6.2,8.1,0,1,ML Castillo,Blz
207,Ehsan Khan (HKG),7,7,28.0,0,161,11,4/22,14.63,5.75,15.2,2,0,Ehsan Khan,HKG
208,K Fubler (BER),7,7,22.5,0,119,11,3/12,10.81,5.21,12.4,0,0,K Fubler,BER
209,C Green (AUS),11,11,26.1,0,236,11,3/35,21.45,9.01,14.2,0,0,C Green,AUS
210,NA Greenwood (JER),12,12,32.2,0,186,11,3/8,16.9,5.75,17.6,0,0,NA Greenwood,JER
211,Gulbadin Naib (AFG),13,13,21.0,0,149,11,4/20,13.54,7.09,11.4,1,0,Gulbadin Naib,AFG
212,Imran Ameer (MLT),13,13,38.3,1,273,11,2/19,24.81,7.09,21,0,0,Imran Ameer,MLT
213,Khizar Hayat (MAS),16,16,49.2,3,309,11,2/15,28.09,6.26,26.9,0,0,Khizar Hayat,MAS
214,WP Masakadza (ZIM),15,15,38.0,0,294,11,4/11,26.72,7.73,20.7,1,0,WP Masakadza,ZIM
215,O Harvey (GHA),6,6,22.1,0,126,11,5/36,11.45,5.68,12,0,1,O Harvey,GHA
216,IO Okpe (NGA),12,12,33.5,0,267,11,3/30,24.27,7.89,18.4,0,0,IO Okpe,NGA
217,Owais Ahmed (QAT),16,16,53.0,0,367,11,4/29,33.36,6.92,28.9,1,0,Owais Ahmed,QAT
218,CW Perchard (JER),6,6,23.0,1,139,11,3/15,12.63,6.04,12.5,0,0,CW Perchard,JER
219,Qamar Mushtaque (NOR),9,9,21.3,0,165,11,2/11,15,7.67,11.7,0,0,Qamar Mushtaque,NOR
220,Rahmatullah Mangal (Fran),5,5,15.0,0,97,11,4/12,8.81,6.46,8.1,2,0,Rahmatullah Mangal,Fran
221,S Sarthak (BHR),6,6,18.4,0,123,11,4/23,11.18,6.58,10.1,1,0,S Sarthak,BHR
222,J Singye (BHU),15,15,35.4,0,231,11,3/19,21,6.47,19.4,0,0,J Singye,BHU
223,ACF Stokes (GUE),7,7,25.0,0,128,11,3/9,11.63,5.12,13.6,0,0,ACF Stokes,GUE
224,P Thongsa (THA),13,13,25.3,0,172,11,3/5,15.63,6.74,13.9,0,0,P Thongsa,THA
225,RE van der Merwe (NED),16,16,42.0,0,345,11,2/25,31.36,8.21,22.9,0,0,RE van der Merwe,NED
226,S Wickramasekara (CZK-R),6,6,14.1,1,101,11,5/15,9.18,7.12,7.7,1,1,S Wickramasekara,CZK-R
227,Yasar Haroon (BRA),7,7,22.0,0,146,11,5/16,13.27,6.63,12,0,1,Yasar Haroon,BRA
228,J Alexander (Falk),5,5,11.3,1,89,10,3/16,8.9,7.73,6.9,0,0,J Alexander,Falk
229,LS Barkania (TAN),10,10,30.0,1,180,10,4/6,18,6,18,1,0,LS Barkania,TAN
230,R Coker (SLE),16,16,45.4,0,290,10,3/12,29,6.35,27.4,0,0,R Coker,SLE
231,N Dutta (CAN),11,11,33.4,0,230,10,4/12,23,6.83,20.2,1,0,N Dutta,CAN
232,JN Frylinck (NAM),16,16,44.3,1,341,10,2/26,34.1,7.66,26.7,0,0,JN Frylinck,NAM
233,Ghulam Ahmadi (GER),6,6,21.0,0,181,10,4/39,18.1,8.61,12.6,1,0,Ghulam Ahmadi,GER
234,SKS Gill (LUX),13,13,27.5,0,237,10,2/14,23.7,8.51,16.7,0,0,SKS Gill,LUX
235,JO Holder (WI),8,8,28.5,0,202,10,3/12,20.2,7,17.3,0,0,JO Holder,WI
236,JJ Huo (MOZ),5,5,11.2,0,63,10,3/2,6.3,5.55,6.8,0,0,JJ Huo,MOZ
237,Ilyas Ataullah (TKY),11,11,29.5,2,251,10,4/17,25.1,8.41,17.9,1,0,Ilyas Ataullah,TKY
238,Jaspreet Singh (ITA),10,10,20.2,1,120,10,4/9,12,5.9,12.2,1,0,Jaspreet Singh,ITA
239,Junaid Aziz (BHR),10,10,19.0,0,174,10,5/5,17.4,9.15,11.4,0,1,Junaid Aziz,BHR
240,G Kansonkho (MWI),10,10,18.5,0,158,10,2/6,15.8,8.38,11.3,0,0,G Kansonkho,MWI
241,Kuldeep Gurjar (SKOR),9,9,21.1,0,193,10,4/26,19.3,9.11,12.7,1,0,Kuldeep Gurjar,SKOR
242,IDM Latin (GIBR),9,9,21.5,0,199,10,4/25,19.9,9.11,13.1,1,0,IDM Latin,GIBR
243,M Magagula (SWZ),10,10,23.0,0,224,10,3/4,22.4,9.73,13.8,0,0,M Magagula,SWZ
244,Mehidy Hasan Miraz (BAN),10,10,19.0,0,124,10,4/12,12.4,6.52,11.4,1,0,Mehidy Hasan Miraz,BAN
245,Mohammed Irshad (QAT),6,6,14.3,0,113,10,4/24,11.3,7.79,8.7,1,0,Mohammed Irshad,QAT
246,Muhammad Asim (QAT),11,11,30.3,1,190,10,3/26,19,6.22,18.3,0,0,Muhammad Asim,QAT
247,Muhammad Farooq (UAE),11,11,33.0,0,293,10,4/35,29.3,8.87,19.8,1,0,Muhammad Farooq,UAE
248,Muhammad Nadir (RWN),7,7,27.0,1,141,10,3/16,14.1,5.22,16.2,0,0,Muhammad Nadir,RWN
249,F Mutua (KENYA),8,8,13.3,2,93,10,3/5,9.3,6.88,8.1,0,0,F Mutua,KENYA
250,LJ Myott (PHI),10,10,34.0,1,226,10,2/21,22.6,6.64,20.4,0,0,LJ Myott,PHI
251,GE Ngegba (SLE),8,8,27.0,0,161,10,3/16,16.1,5.96,16.2,0,0,GE Ngegba,SLE
252,Nimish Lathief (KUW),12,12,29.1,1,228,10,2/19,22.8,7.81,17.5,0,0,Nimish Lathief,KUW
253,RK Paudel (NEP),11,11,21.5,0,139,10,2/7,13.9,6.36,13.1,0,0,RK Paudel,NEP
254,A Paul (EST),11,11,29.0,0,261,10,2/25,26.1,9,17.4,0,0,A Paul,EST
255,T Ritawa (COK),8,8,18.0,0,148,10,5/19,14.8,8.22,10.8,0,1,T Ritawa,COK
256,T Sangha (AUS),6,6,24.0,0,207,10,4/31,20.7,8.62,14.4,1,0,T Sangha,AUS
257,Saud Munir (DEN),5,5,17.0,1,91,10,5/21,9.1,5.35,10.2,0,1,Saud Munir,DEN
258,BM Scholtz (NAM),14,14,45.0,0,324,10,4/20,32.4,7.2,27,1,0,BM Scholtz,NAM
259,Shakib Al Hasan (BAN),10,10,28.2,0,204,10,2/9,20.4,7.2,17,0,0,Shakib Al Hasan,BAN
260,Siraj Ullah Khadem (POR),8,8,19.5,0,134,10,3/17,13.4,6.75,11.9,0,0,Siraj Ullah Khadem,POR
261,Taranjit Singh (CYP),8,8,23.3,0,169,10,4/15,16.9,7.19,14.1,1,0,Taranjit Singh,CYP
262,A Vala (PNG),15,15,32.0,1,250,10,3/18,25,7.81,19.2,0,0,A Vala,PNG
263,Yves Cyusa (RWN),9,9,25.0,0,141,10,3/6,14.1,5.64,15,0,0,Yves Cyusa,RWN
264,Aayan Afzal Khan (UAE),8,8,27.0,1,145,9,3/7,16.11,5.37,18,0,0,Aayan Afzal Khan,UAE
265,Abdollah Ahmadzai (AFG),6,6,19.3,0,189,9,3/42,21,9.69,13,0,0,Abdollah Ahmadzai,AFG
266,VD Adewoye (NGA),10,10,21.5,0,161,9,4/24,17.88,7.37,14.5,1,0,VD Adewoye,NGA
267,MM Ali (ENG),18,18,33.2,0,308,9,3/24,34.22,9.24,22.2,0,0,MM Ali,ENG
268,A Ashokan (CZK-R),9,9,30.0,0,243,9,3/32,27,8.1,20,0,0,A Ashokan,CZK-R
269,S Burdekin (CYP),5,5,14.4,0,112,9,3/20,12.44,7.63,9.7,0,0,S Burdekin,CYP
270,FA Cossa (MOZ),14,14,37.1,2,238,9,2/34,26.44,6.4,24.7,0,0,FA Cossa,MOZ
271,D Dewald (BEL),8,8,28.0,0,206,9,2/22,22.88,7.35,18.6,0,0,D Dewald,BEL
272,B Dugic (SRB),10,10,20.0,0,221,9,5/28,24.55,11.05,13.3,0,1,B Dugic,SRB
273,Ronald Ebanks (CAY),5,5,20.0,0,101,9,3/16,11.22,5.05,13.3,0,0,Ronald Ebanks,CAY
274,Gaurav Tiwari (INA),7,7,23.5,0,175,9,4/12,19.44,7.34,15.8,1,0,Gaurav Tiwari,INA
275,A Gbla (SLE),9,9,17.2,0,125,9,4/9,13.88,7.21,11.5,1,0,A Gbla,SLE
276,MADI Hemantha (SL),5,5,18.0,0,178,9,3/37,19.77,9.88,12,0,0,MADI Hemantha,SL
277,Ikramullah Khan (QAT),8,8,27.0,0,220,9,3/24,24.44,8.14,18,0,0,Ikramullah Khan,QAT
278,YYM Jakda (LES),4,4,13.5,0,110,9,3/32,12.22,7.95,9.2,0,0,YYM Jakda,LES
279,Jakob Gul (BUL),5,5,20.0,0,161,9,4/37,17.88,8.05,13.3,1,0,Jakob Gul,BUL
280,M Jele (SWZ),8,8,16.5,2,122,9,3/23,13.55,7.24,11.2,0,0,M Jele,SWZ
281,Jonte Smith (BER),5,5,15.0,0,75,9,4/20,8.33,5,10,1,0,Jonte Smith,BER
282,J Kariko (PNG),8,8,24.5,1,112,9,4/11,12.44,4.51,16.5,1,0,J Kariko,PNG
283,Khalid Niazi (SUI),5,5,15.0,0,114,9,4/27,12.66,7.6,10,1,0,Khalid Niazi,SUI
284,GF Linde (SA),8,8,24.0,0,206,9,4/21,22.88,8.58,16,1,0,GF Linde,SA
285,Mehran Khan (OMA),9,9,20.0,2,140,9,3/7,15.55,7,13.3,0,0,Mehran Khan,OMA
286,P Mishra (BUL),16,16,56.4,0,502,9,2/25,55.77,8.85,37.7,0,0,P Mishra,BUL
287,Mustafizur Rahman (BAN),9,9,31.0,0,224,9,3/20,24.88,7.22,20.6,0,0,Mustafizur Rahman,BAN
288,A Natubhai Ahir (PAN),12,12,37.5,1,183,9,2/11,20.33,4.83,25.2,0,0,A Natubhai Ahir,PAN
289,Naveed Ahmed (CZK-R),9,9,30.0,0,233,9,3/29,25.88,7.76,20,0,0,Naveed Ahmed,CZK-R
290,S Nsubuga (UGA),8,8,21.1,0,140,9,3/22,15.55,6.61,14.1,0,0,S Nsubuga,UGA
291,S Pradhan (BHU),9,9,25.0,0,188,9,4/25,20.88,7.52,16.6,1,0,S Pradhan,BHU
292,Qais Ahmad (AFG),7,7,20.0,0,153,9,3/16,17,7.65,13.3,0,0,Qais Ahmad,AFG
293,Sachin Kumar (BHR),10,10,26.0,0,223,9,4/40,24.77,8.57,17.3,1,0,Sachin Kumar,BHR
294,Shaik Basha (TAN),11,11,20.0,0,191,9,3/32,21.22,9.55,13.3,0,0,Shaik Basha,TAN
295,Sheraz Sheikh (BEL),18,18,39.1,0,334,9,3/33,37.11,8.52,26.1,0,0,Sheraz Sheikh,BEL
296,R Siriwardena (CYP),4,4,13.0,0,132,9,4/27,14.66,10.15,8.6,1,0,R Siriwardena,CYP
297,A Turay (SLE),6,6,15.1,0,104,9,4/29,11.55,6.85,10.1,1,0,A Turay,SLE
298,CV Varun (IND),6,6,22.0,0,176,9,3/7,19.55,8,14.6,0,0,CV Varun,IND
299,Yair Nagavkar (ISR),7,7,23.4,0,160,9,2/17,17.77,6.76,15.7,0,0,Yair Nagavkar,ISR
300,Abbas Afridi (PAK),6,6,15.2,0,133,8,3/24,16.62,8.67,11.5,0,0,Abbas Afridi,PAK
301,BP Adapaka (HUN),12,12,42.1,0,331,8,3/29,41.37,7.84,31.6,0,0,BP Adapaka,HUN
302,SA Ahmad (DEN),11,11,33.0,0,230,8,2/15,28.75,6.96,24.7,0,0,SA Ahmad,DEN
303,Akhil Arjunan (FIN),9,9,29.2,0,180,8,2/38,22.5,6.13,22,0,0,Akhil Arjunan,FIN
304,Ali Nawaz (HUN),6,6,16.0,0,182,8,5/24,22.75,11.37,12,0,1,Ali Nawaz,HUN
305,R Ashwin (IND),9,9,31.0,0,240,8,3/22,30,7.74,23.2,0,0,R Ashwin,IND
306,Muhammad Asim (Zamb),8,8,24.0,1,163,8,3/11,20.37,6.79,18,0,0,Muhammad Asim,Zamb
307,R Bakum (GHA),10,10,23.0,1,171,8,2/17,21.37,7.43,17.2,0,0,R Bakum,GHA
308,SR Bhudia (KENYA),11,11,22.4,2,121,8,3/0,15.12,5.33,17,0,0,SR Bhudia,KENYA
309,S Bodha (GIBR),10,10,27.0,0,214,8,2/18,26.75,7.92,20.2,0,0,S Bodha,GIBR
310,JA Burrows (IOM),3,3,10.0,1,42,8,3/10,5.25,4.2,7.5,0,0,JA Burrows,IOM
311,C Campher (IRE),22,22,42.0,0,342,8,2/9,42.75,8.14,31.5,0,0,C Campher,IRE
312,K Cawte (IOM),7,7,20.0,0,119,8,2/24,14.87,5.95,15,0,0,K Cawte,IOM
313,CPPM Sadun (CYP),11,11,28.3,0,188,8,4/1,23.5,6.59,21.3,1,0,CPPM Sadun,CYP
314,JV Chand (Zamb),6,6,20.0,0,138,8,4/22,17.25,6.9,15,1,0,JV Chand,Zamb
315,Dawood Ahmadzai (Fran),7,7,22.0,0,157,8,2/20,19.62,7.13,16.5,0,0,Dawood Ahmadzai,Fran
316,S Desungnoen (THA),18,18,38.0,0,292,8,2/18,36.5,7.68,28.5,0,0,S Desungnoen,THA
317,PF Gallagher (FIN),6,6,23.0,0,134,8,2/15,16.75,5.82,17.2,0,0,PF Gallagher,FIN
318,C Hinze (JPN),3,3,9.0,2,31,8,5/6,3.87,3.44,6.7,0,1,C Hinze,JPN
319,Irfan Hafejee (PAN),8,8,28.5,0,190,8,2/27,23.75,6.58,21.6,0,0,Irfan Hafejee,PAN
320,WG Jacks (ENG),6,6,13.0,0,73,8,3/14,9.12,5.61,9.7,0,0,WG Jacks,ENG
321,A Kalasi (THA),8,8,25.0,0,132,8,2/15,16.5,5.28,18.7,0,0,A Kalasi,THA
322,C Karunaratne (SL),14,14,37.0,0,311,8,2/22,38.87,8.4,27.7,0,0,C Karunaratne,SL
323,PE Kruger (SA),7,7,19.2,1,179,8,4/27,22.37,9.25,14.5,1,0,PE Kruger,SA
324,K Kubota (JPN),7,7,16.2,0,77,8,3/11,9.62,4.71,12.2,0,0,K Kubota,JPN
325,GJ Maxwell (AUS),21,21,34.0,0,270,8,2/13,33.75,7.94,25.5,0,0,GJ Maxwell,AUS
326,M Mooketsi (BOT),5,5,18.0,2,79,8,3/0,9.87,4.38,13.5,0,0,M Mooketsi,BOT
327,Ngawang Thinley (BHU),6,6,13.3,0,117,8,4/13,14.62,8.66,10.1,1,0,Ngawang Thinley,BHU
328,N Nipiko (VAN),4,4,11.3,0,74,8,4/12,9.25,6.43,8.6,2,0,N Nipiko,VAN
329,P Pushparajan (MLT),9,9,22.2,0,167,8,3/34,20.87,7.47,16.7,0,0,P Pushparajan,MLT
330,D Rawat (CRC),5,5,15.0,1,69,8,3/26,8.62,4.6,11.2,0,0,D Rawat,CRC
331,Saqlain Arshad (QAT),9,9,15.0,0,106,8,2/14,13.25,7.06,11.2,0,0,Saqlain Arshad,QAT
332,M Shahbaz Butt (NOR),6,6,20.0,1,109,8,3/18,13.62,5.45,15,0,0,M Shahbaz Butt,NOR
333,XSD Smith (Sur),5,5,17.0,1,72,8,3/13,9,4.23,12.7,0,0,XSD Smith,Sur
334,I Takahashi (JPN),18,18,35.5,1,237,8,2/17,29.62,6.61,26.8,0,0,I Takahashi,JPN
335,S Tosic (SRB),13,13,26.0,0,287,8,2/17,35.87,11.03,19.5,0,0,S Tosic,SRB
336,Usman Khan (Fran),8,8,19.2,1,125,8,4/17,15.62,6.46,14.5,1,0,Usman Khan,Fran
337,SZ Vayani (MWI),10,10,26.5,0,188,8,3/28,23.5,7,20.1,0,0,SZ Vayani,MWI
338,Zeerak Chughtai (BUL),9,9,17.3,0,171,8,3/25,21.37,9.77,13.1,0,0,Zeerak Chughtai,BUL
339,Zeeshan Kukikhel (HUN),6,6,17.3,1,140,8,3/31,17.5,8,13.1,0,0,Zeeshan Kukikhel,HUN
340,Ziaurahman Shinwari (AUT),6,6,14.5,0,105,8,4/22,13.12,7.07,11.1,1,0,Ziaurahman Shinwari,AUT
341,N Zimonjic (SRB),11,11,22.5,0,214,8,3/18,26.75,9.37,17.1,0,0,N Zimonjic,SRB
342,Ahmed Raza (UAE),8,8,23.0,0,171,7,5/19,24.42,7.43,19.7,0,1,Ahmed Raza,UAE
343,Ali Sheikh (USA),3,3,10.0,0,49,7,5/15,7,4.9,8.5,0,1,Ali Sheikh,USA
344,DK Anefie (GHA),8,8,16.0,0,97,7,1/3,13.85,6.06,13.7,0,0,DK Anefie,GHA
345,Aslan Jafri (SGP),3,3,11.0,0,62,7,3/17,8.85,5.63,9.4,0,0,Aslan Jafri,SGP
346,Avishka Iroshan (ROM),5,5,7.2,0,68,7,4/10,9.71,9.27,6.2,1,0,Avishka Iroshan,ROM
347,JG Bethell (ENG),5,5,12.3,0,111,7,4/11,15.85,8.88,10.7,1,0,JG Bethell,ENG
348,M Dale-Bradley (GUE),13,13,45.0,0,333,7,2/23,47.57,7.4,38.5,0,0,M Dale-Bradley,GUE
349,DM de Silva (SL),9,9,15.4,0,114,7,2/24,16.28,7.27,13.4,0,0,DM de Silva,SL
350,Faheem Nazir (SUI),6,6,13.1,0,112,7,3/14,16,8.5,11.2,0,0,Faheem Nazir,SUI
351,Hamid Mahmood (SWE),8,8,21.3,0,100,7,3/10,14.28,4.65,18.4,0,0,Hamid Mahmood,SWE
352,Hasan Mahmud (BAN),5,5,16.0,0,96,7,2/26,13.71,6,13.7,0,0,Hasan Mahmud,BAN
353,Iftikhar Ahmed (PAK),16,16,34.5,0,240,7,3/24,34.28,6.88,29.8,0,0,Iftikhar Ahmed,PAK
354,Imad Wasim (PAK),9,9,22.0,0,122,7,3/8,17.42,5.54,18.8,0,0,Imad Wasim,PAK
355,Jaswinder Singh (MLT),6,6,13.1,0,101,7,2/5,14.42,7.67,11.2,0,0,Jaswinder Singh,MLT
356,Jaweed Sadran (AUT),9,9,19.4,0,172,7,3/17,24.57,8.74,16.8,0,0,Jaweed Sadran,AUT
357,NR Johns-Wickberg (SRB),6,6,22.0,2,107,7,3/6,15.28,4.86,18.8,0,0,NR Johns-Wickberg,SRB
358,S Joseph (WI),3,3,10.0,0,95,7,4/30,13.57,9.5,8.5,1,0,S Joseph,WI
359,E Karimi (DEN),5,5,14.0,0,64,7,4/21,9.14,4.57,12,1,0,E Karimi,DEN
360,Kim Daeyeon (SKOR),6,6,16.0,0,127,7,3/27,18.14,7.93,13.7,0,0,Kim Daeyeon,SKOR
361,A Krishna (SGP),9,9,27.4,0,236,7,3/18,33.71,8.53,23.7,0,0,A Krishna,SGP
362,T Lungameni (NAM),7,7,21.0,0,160,7,2/16,22.85,7.61,18,0,0,T Lungameni,NAM
363,K Mirpuri (GIBR),11,11,30.5,1,261,7,2/46,37.28,8.46,26.4,0,0,K Mirpuri,GIBR
364,Mohamed Turay (SLE),10,10,22.3,0,166,7,2/20,23.71,7.37,19.2,0,0,Mohamed Turay,SLE
365,A Morris (CAY),5,5,18.0,0,93,7,4/26,13.28,5.16,15.4,1,0,A Morris,CAY
366,Muhammad Arfan (UAE),6,6,16.4,0,124,7,2/8,17.71,7.44,14.2,0,0,Muhammad Arfan,UAE
367,N Nuntarach (THA),9,9,11.5,0,99,7,3/24,14.14,8.36,10.1,0,0,N Nuntarach,THA
368,B Niaz (BEL),10,10,19.2,0,176,7,1/3,25.14,9.1,16.5,0,0,B Niaz,BEL
369,E Niyomugabo (RWN),8,8,16.2,0,129,7,3/32,18.42,7.89,14,0,0,E Niyomugabo,RWN
370,Nizakat Khan (HKG),9,9,17.5,1,113,7,2/5,16.14,6.33,15.2,0,0,Nizakat Khan,HKG
371,Nyein Cham Soe (MYAN),7,7,14.1,0,151,7,2/16,21.57,10.65,12.1,0,0,Nyein Cham Soe,MYAN
372,NM Odhiambo (KENYA),12,12,23.0,0,206,7,2/32,29.42,8.95,19.7,0,0,NM Odhiambo,KENYA
373,Omar Hayat (DEN),4,4,11.0,0,87,7,3/31,12.42,7.9,9.4,0,0,Omar Hayat,DEN
374,GD Phillips (NZ),16,16,24.5,0,237,7,3/6,33.85,9.54,21.2,0,0,GD Phillips,NZ
375,S Ravikumar (CRC),9,9,19.0,0,102,7,3/10,14.57,5.36,16.2,0,0,S Ravikumar,CRC
376,DMW Rawlins (BER),4,4,12.0,0,69,7,4/10,9.85,5.75,10.2,1,0,DMW Rawlins,BER
377,L Rossi (Arg),5,5,14.0,0,82,7,4/19,11.71,5.85,12,1,0,L Rossi,Arg
378,Saghir Khan (UAE),3,3,12.0,0,116,7,3/44,16.57,9.66,10.2,0,0,Saghir Khan,UAE
379,Sahir Naqash (GER),4,4,11.0,0,95,7,3/24,13.57,8.63,9.4,0,0,Sahir Naqash,GER
380,V Saini (ROM),9,9,28.0,0,177,7,2/4,25.28,6.32,24,0,0,V Saini,ROM
381,N Senamontree (THA),6,6,21.0,0,129,7,2/15,18.42,6.14,18,0,0,N Senamontree,THA
382,KD Shah (HKG),9,9,16.0,0,134,7,3/18,19.14,8.37,13.7,0,0,KD Shah,HKG
383,J Shaju (MLT),2,2,7.4,0,43,7,4/17,6.14,5.6,6.5,1,0,J Shaju,MLT
384,Simi Singh (IRE),10,10,27.0,0,207,7,3/9,29.57,7.66,23.1,0,0,Simi Singh,IRE
385,DC Smith (PHI),3,3,10.0,0,52,7,3/18,7.42,5.2,8.5,0,0,DC Smith,PHI
386,Usman Khalid (KSA),10,10,19.0,1,104,7,4/6,14.85,5.47,16.2,1,0,Usman Khalid,KSA
387,Usman Qadir (PAK),5,5,20.0,0,179,7,2/20,25.57,8.95,17.1,0,0,Usman Qadir,PAK
388,N Vanua (PNG),6,6,18.0,0,128,7,4/20,18.28,7.11,15.4,1,0,N Vanua,PNG
389,G Venkateswaran (LUX),9,9,25.2,0,250,7,2/28,35.71,9.86,21.7,0,0,G Venkateswaran,LUX
390,K Vislapuu (EST),7,7,14.5,1,148,7,3/29,21.14,9.97,12.7,0,0,K Vislapuu,EST
391,Waqar Zalmai (AUT),3,3,8.3,0,88,7,5/17,12.57,10.35,7.2,0,1,Waqar Zalmai,AUT
392,Washington Sundar (IND),8,8,20.2,0,126,7,3/3,18,6.19,17.4,0,0,Washington Sundar,IND
393,NP Kenjige (USA),5,5,16.0,0,104,6,3/34,17.33,6.5,16,0,0,NP Kenjige,USA
394,Abhishek Sharma (IND),16,16,21.3,0,181,6,2/3,30.16,8.41,21.5,0,0,Abhishek Sharma,IND
395,V Balakrishnan (BOT),8,8,6.1,0,37,6,2/11,6.16,6,6.1,0,0,V Balakrishnan,BOT
396,S Bau (PNG),10,10,20.0,0,138,6,2/10,23,6.9,20,0,0,S Bau,PNG
397,E Beukes (CAM),6,6,20.0,0,154,6,2/26,25.66,7.7,20,0,0,E Beukes,CAM
398,Bilal Tahir (KUW),6,6,12.2,0,74,6,2/7,12.33,6,12.3,0,0,Bilal Tahir,KUW
399,WAE Burton (SRB),5,5,11.4,0,99,6,3/25,16.5,8.48,11.6,0,0,WAE Burton,SRB
400,J Butler (IOM),6,6,15.3,0,119,6,2/19,19.83,7.67,15.5,0,0,J Butler,IOM
401,H Deshan (SUI),6,6,13.0,0,108,6,3/18,18,8.3,13,0,0,H Deshan,SUI
402,RM Dorji (BHU),15,15,29.2,0,277,6,2/25,46.16,9.44,29.3,0,0,RM Dorji,BHU
403,I Elec (TKY),5,5,14.0,1,92,6,4/31,15.33,6.57,14,1,0,I Elec,TKY
404,NT Gireesh (CAM),6,6,11.0,0,88,6,3/21,14.66,8,11,0,0,NT Gireesh,CAM
405,DJ Hawoe (INA),11,11,27.4,2,170,6,2/13,28.33,6.14,27.6,0,0,DJ Hawoe,INA
406,R Hekure (PNG),11,11,29.0,0,229,6,2/22,38.16,7.89,29,0,0,R Hekure,PNG
407,D Heyliger (CAN),6,6,17.0,0,130,6,2/18,21.66,7.64,17,0,0,D Heyliger,CAN
408,S Hirugade (Mex),7,7,20.0,0,115,6,2/8,19.16,5.75,20,0,0,S Hirugade,Mex
409,Imran Khan (BHR),4,4,9.5,0,54,6,3/10,9,5.49,9.8,0,0,Imran Khan,BHR
410,Iqbal Hossain (AUT),5,5,12.0,0,81,6,3/22,13.5,6.75,12,0,0,Iqbal Hossain,AUT
411,T Jamtsho (BHU),5,5,8.0,0,84,6,3/4,14,10.5,8,0,0,T Jamtsho,BHU
412,S Jegannathan (INA),5,5,16.0,1,83,6,2/6,13.83,5.18,16,0,0,S Jegannathan,INA
413,Kabir Berlia (SGP),4,4,14.0,0,130,6,3/41,21.66,9.28,14,0,0,Kabir Berlia,SGP
414,Khawar Ali (OMA),6,6,19.0,0,145,6,3/30,24.16,7.63,19,0,0,Khawar Ali,OMA
415,PK Langat (KENYA),3,3,10.0,0,61,6,4/8,10.16,6.1,10,1,0,PK Langat,KENYA
416,N Krishna (SEY),5,5,13.3,0,99,6,2/17,16.5,7.33,13.5,0,0,N Krishna,SEY
417,H Lin Oo (MYAN),7,7,13.0,0,119,6,4/10,19.83,9.15,13,1,0,H Lin Oo,MYAN
418,Lucky Ali (DEN),4,4,10.0,1,47,6,3/16,7.83,4.7,10,0,0,Lucky Ali,DEN
419,Luka Woods (SRB),7,7,24.5,0,160,6,2/13,26.66,6.44,24.8,0,0,Luka Woods,SRB
420,Luqman Butt (CAM),2,2,7.0,1,52,6,4/40,8.66,7.42,7,1,0,Luqman Butt,CAM
421,OC McCoy (WI),7,7,18.1,0,165,6,3/14,27.5,9.08,18.1,0,0,OC McCoy,WI
422,BAD Manenti (ITA),7,7,25.0,0,214,6,2/21,35.66,8.56,25,0,0,BAD Manenti,ITA
423,AK Markram (SA),19,19,28.0,0,277,6,1/4,46.16,9.89,28,0,0,AK Markram,SA
424,G Mckeon (Fran),5,5,11.3,1,73,6,3/27,12.16,6.34,11.5,0,0,G Mckeon,Fran
425,Mohammad Nadeem (OMA),14,14,29.3,0,297,6,1/7,49.5,10.06,29.5,0,0,Mohammad Nadeem,OMA
426,Muhammad Jawadullah (UAE),4,4,13.0,1,91,6,3/19,15.16,7,13,0,0,Muhammad Jawadullah,UAE
427,Mujeeb-ur-Rehman (QAT),4,4,12.0,1,73,6,2/10,12.16,6.08,12,0,0,Mujeeb-ur-Rehman,QAT
428,JJ Nyambo (TAN),5,5,12.2,0,69,6,2/3,11.5,5.59,12.3,0,0,JJ Nyambo,TAN
429,SH Obed (VAN),6,6,11.0,0,85,6,4/29,14.16,7.72,11,1,0,SH Obed,VAN
430,AP Patel (CAN),7,7,19.0,0,132,6,3/31,22,6.94,19,0,0,AP Patel,CAN
431,RN Patel (KENYA),7,7,8.2,0,49,6,2/1,8.16,5.88,8.3,0,0,RN Patel,KENYA
432,SJ Patel (CZK-R),5,5,12.0,0,84,6,4/34,14,7,12,1,0,SJ Patel,CZK-R
433,N Peter (SA),9,9,24.0,0,236,6,1/20,39.33,9.83,24,0,0,N Peter,SA
434,AL Phehlukwayo (SA),4,4,14.0,0,135,6,3/28,22.5,9.64,14,0,0,AL Phehlukwayo,SA
435,Prashant Shukla (SWE),3,3,9.0,0,47,6,4/18,7.83,5.22,9,1,0,Prashant Shukla,SWE
436,TJG Pringle (NED),7,7,19.0,0,151,6,1/10,25.16,7.94,19,0,0,TJG Pringle,NED
437,Pyae Phyo Wai (MYAN),9,9,16.1,0,117,6,2/4,19.5,7.23,16.1,0,0,Pyae Phyo Wai,MYAN
438,LN Rajbanshi (NEP),6,6,16.0,1,81,6,2/14,13.5,5.06,16,0,0,LN Rajbanshi,NEP
439,Rizwan Butt (BHR),7,7,25.0,0,194,6,3/27,32.33,7.76,25,0,0,Rizwan Butt,BHR
440,Sahil Chauhan (EST),6,6,12.0,0,84,6,4/19,14,7,12,1,0,Sahil Chauhan,EST
441,R Satheesan (ROM),10,10,18.5,0,196,6,3/37,32.66,10.4,18.8,0,0,R Satheesan,ROM
442,Scott Austin (CYP),3,3,8.0,0,43,6,3/19,7.16,5.37,8,0,0,Scott Austin,CYP
443,Shariz Ahmad (NED),11,11,25.0,0,207,6,1/6,34.5,8.28,25,0,0,Shariz Ahmad,NED
444,Shivam Sharma (CAN),5,5,14.5,0,88,6,3/12,14.66,5.93,14.8,0,0,Shivam Sharma,CAN
445,MW Short (AUS),5,5,9.0,0,93,6,5/22,15.5,10.33,9,0,1,MW Short,AUS
446,C Sridev (SGP),4,4,13.0,0,110,6,2/16,18.33,8.46,13,0,0,C Sridev,SGP
447,J Stanigze (SWE),6,6,16.4,0,123,6,2/31,20.5,7.38,16.6,0,0,J Stanigze,SWE
448,Taher Muhammad (SVN),12,12,31.4,0,300,6,2/22,50,9.47,31.6,0,0,Taher Muhammad,SVN
449,MB Tambe (FIN),4,4,9.0,0,55,6,5/19,9.16,6.11,9,0,1,MB Tambe,FIN
450,OE Taylor (COK),2,2,8.0,1,38,6,5/17,6.33,4.75,8,0,1,OE Taylor,COK
451,AN Toube (CAM),4,4,10.0,0,55,6,4/13,9.16,5.5,10,1,0,AN Toube,CAM
452,Umair Qasim (SWZ),6,6,18.3,0,149,6,3/24,24.83,8.05,18.5,0,0,Umair Qasim,SWZ
453,Umran Malik (IND),5,5,13.0,0,151,6,3/48,25.16,11.61,13,0,0,Umran Malik,IND
454,Utkarsh Jain (CAM),7,7,24.0,0,142,6,2/31,23.66,5.91,24,0,0,Utkarsh Jain,CAM
455,Vikramjit Singh (NED),8,8,16.3,0,163,6,3/16,27.16,9.87,16.5,0,0,Vikramjit Singh,NED
456,HR Walsh (WI),8,8,27.0,0,223,6,2/24,37.16,8.25,27,0,0,HR Walsh,WI
457,Waqar Khan (SVN),5,5,7.0,0,88,6,3/35,14.66,12.57,7,0,0,Waqar Khan,SVN
458,Waqas Barkat (HKG),6,6,16.0,1,137,6,4/18,22.83,8.56,16,1,0,Waqas Barkat,HKG
459,MRJ Watt (SCOT),4,4,11.5,0,106,6,4/12,17.66,8.95,11.8,1,0,MRJ Watt,SCOT
460,DGAPD Wiswi (INA),12,12,16.0,0,109,6,2/6,18.16,6.81,16,0,0,DGAPD Wiswi,INA
461,S Yeshey (BHU),5,5,16.0,0,89,6,3/11,14.83,5.56,16,0,0,S Yeshey,BHU
462,Aaron Jones (USA),5,5,7.2,0,77,5,2/8,15.4,10.5,8.8,0,0,Aaron Jones,USA
463,Abul Farhad (CZK-R),4,4,11.3,1,97,5,3/30,19.4,8.43,13.8,0,0,Abul Farhad,CZK-R
464,Amal Jacob (HUN),6,6,17.0,0,135,5,2/16,27,7.94,20.4,0,0,Amal Jacob,HUN
465,Amandeep Singh (POR),7,7,16.0,0,139,5,3/21,27.8,8.68,19.2,0,0,Amandeep Singh,POR
466,Ameel Mauroof (MDV),5,5,11.4,0,96,5,2/12,19.2,8.22,14,0,0,Ameel Mauroof,MDV
467,Aqeel Wahid (MAS),13,13,26.0,0,169,5,2/25,33.8,6.5,31.2,0,0,Aqeel Wahid,MAS
468,KIC Asalanka (SL),12,12,23.5,0,185,5,3/50,37,7.76,28.6,0,0,KIC Asalanka,SL
469,Aung Ko Ko (MYAN),5,5,11.3,0,72,5,2/10,14.4,6.26,13.8,0,0,Aung Ko Ko,MYAN
470,Avi Dixit (SGP),3,3,12.0,0,68,5,3/27,13.6,5.66,14.4,0,0,Avi Dixit,SGP
471,Ayaan Khan (OMA),25,25,43.0,0,349,5,1/4,69.8,8.11,51.6,0,0,Ayaan Khan,OMA
472,Aziz Mohammad (BEL),8,8,19.5,0,158,5,2/15,31.6,7.96,23.8,0,0,Aziz Mohammad,BEL
473,Azmatullah Omarzai (AFG),9,9,20.0,1,147,5,2/17,29.4,7.35,24,0,0,Azmatullah Omarzai,AFG
474,Baz Aybui (SWE),4,4,12.0,1,85,5,2/14,17,7.08,14.4,0,0,Baz Aybui,SWE
475,S Crowie (STHEL),5,5,11.5,1,82,5,3/21,16.4,6.92,14.2,0,0,S Crowie,STHEL
476,EC D'Souza (UAE),4,4,7.5,0,53,5,4/9,10.6,6.76,9.4,1,0,EC D'Souza,UAE
477,DK Dahyabhai Ahir (PAN),4,4,10.0,0,54,5,3/11,10.8,5.4,12,0,0,DK Dahyabhai Ahir,PAN
478,Delawar Khan (DEN),6,6,12.0,0,81,5,2/17,16.2,6.75,14.4,0,0,Delawar Khan,DEN
479,DV Devjani Mutreja (Mex),5,5,7.0,0,56,5,3/23,11.2,8,8.4,0,0,DV Devjani Mutreja,Mex
480,S di Bartolomeo (ITA),2,2,6.0,0,31,5,5/14,6.2,5.16,7.2,0,1,S di Bartolomeo,ITA
481,SA Engelbrecht (NED),4,4,7.0,0,55,5,2/13,11,7.85,8.4,0,0,SA Engelbrecht,NED
482,J Evans (ISR),3,3,12.0,0,79,5,3/22,15.8,6.58,14.4,0,0,J Evans,ISR
483,KJ Ferrary (GIBR),4,4,13.0,0,74,5,3/26,14.8,5.69,15.6,0,0,KJ Ferrary,GIBR
484,M Gogev (BUL),8,8,19.2,0,163,5,2/20,32.6,8.43,23.2,0,0,M Gogev,BUL
485,DM Gondaria (KENYA),5,5,13.5,0,84,5,2/31,16.8,6.07,16.6,0,0,DM Gondaria,KENYA
486,AA Hawoe (INA),5,5,8.3,1,59,5,2/13,11.8,6.94,10.2,0,0,AA Hawoe,INA
487,N Hirani (KENYA),3,3,9.0,0,59,5,4/21,11.8,6.55,10.8,1,0,N Hirani,KENYA
488,DJ Hooda (IND),4,4,7.5,0,41,5,4/10,8.2,5.23,9.4,1,0,DJ Hooda,IND
489,SJ Hughes-Pinan (ESP),2,2,7.2,1,23,5,5/12,4.6,3.13,8.8,0,1,SJ Hughes-Pinan,ESP
490,A Husain (Arg),6,6,16.0,0,100,5,2/7,20,6.25,19.2,0,0,A Husain,Arg
491,Imran Yousaf (KSA),3,3,9.3,0,75,5,3/16,15,7.89,11.4,0,0,Imran Yousaf,KSA
492,Jai Sinh (SUI),1,1,4.0,0,23,5,5/23,4.6,5.75,4.8,0,1,Jai Sinh,SUI
493,MO Jones (BER),5,5,20.0,0,91,5,3/23,18.2,4.55,24,0,0,MO Jones,BER
494,AS Joseph (WI),3,3,12.0,0,123,5,3/39,24.6,10.25,14.4,0,0,AS Joseph,WI
495,I Kamara (SLE),2,2,4.1,0,11,5,3/4,2.2,2.64,5,0,0,I Kamara,SLE
496,Kamran Ahmadzai (Fran),4,4,7.2,0,54,5,4/12,10.8,7.36,8.8,1,0,Kamran Ahmadzai,Fran
497,Karma Dorji (BHU),4,4,8.1,0,56,5,2/4,11.2,6.85,9.8,0,0,Karma Dorji,BHU
498,M Khojbariya (SWZ),6,6,18.0,3,99,5,3/3,19.8,5.5,21.6,0,0,M Khojbariya,SWZ
499,Khushdil Shah (PAK),7,7,13.0,0,94,5,3/13,18.8,7.23,15.6,0,0,Khushdil Shah,PAK
500,AM Kimote (TAN),8,8,13.2,0,108,5,3/17,21.6,8.1,16,0,0,AM Kimote,TAN
501,W Kokaua (COK),3,3,6.0,0,60,5,3/26,12,10,7.2,0,0,W Kokaua,COK
502,P Kotoisuva (Fiji),5,5,14.0,0,127,5,2/25,25.4,9.07,16.8,0,0,P Kotoisuva,Fiji
503,E Kubwimana (RWN),9,9,20.4,0,179,5,2/17,35.8,8.66,24.8,0,0,E Kubwimana,RWN
504,J Lassayo (SLE),6,6,12.0,0,92,5,2/9,18.4,7.66,14.4,0,0,J Lassayo,SLE
505,M Levitt (NED),5,5,12.3,0,101,5,3/11,20.2,8.08,15,0,0,M Levitt,NED
506,TM Macalou (Mali),4,4,12.5,0,59,5,3/23,11.8,4.59,15.4,0,0,TM Macalou,Mali
507,AR McBrine (IRE),6,6,19.0,0,105,5,2/13,21,5.52,22.8,0,0,AR McBrine,IRE
508,Mahmudullah (BAN),12,12,18.2,0,120,5,1/1,24,6.54,22,0,0,Mahmudullah,BAN
509,HV Mandhyan (HUN),3,3,11.4,0,63,5,2/17,12.6,5.4,14,0,0,HV Mandhyan,HUN
510,KT Maphaka (SA),4,4,13.0,0,103,5,4/20,20.6,7.92,15.6,1,0,KT Maphaka,SA
511,PK Matautaava (VAN),3,3,9.0,0,44,5,3/13,8.8,4.88,10.8,0,0,PK Matautaava,VAN
512,PHKD Mendis (SL),11,11,21.0,0,168,5,1/10,33.6,8,25.2,0,0,PHKD Mendis,SL
513,Mohammad Asaduzzaman (FIN),6,6,19.0,0,142,5,2/23,28.4,7.47,22.8,0,0,Mohammad Asaduzzaman,FIN
514,Mohammed Alamgir (SWZ),6,6,10.5,0,99,5,2/12,19.8,9.13,13,0,0,Mohammed Alamgir,SWZ
515,A Mongar (BHU),5,5,9.2,1,58,5,2/3,11.6,6.21,11.2,0,0,A Mongar,BHU
516,Muhammad Qasim (MLT),2,2,7.0,0,32,5,3/13,6.4,4.57,8.4,0,0,Muhammad Qasim,MLT
517,Muhammad Tanveer (QAT),12,12,23.0,0,208,5,2/31,41.6,9.04,27.6,0,0,Muhammad Tanveer,QAT
518,M Musinguzi (UGA),6,6,13.0,0,85,5,2/16,17,6.53,15.6,0,0,M Musinguzi,UGA
519,S Muthusamy (SA),5,5,18.0,0,128,5,2/24,25.6,7.11,21.6,0,0,S Muthusamy,SA
520,AA Navicha (MOZ),3,3,10.0,0,92,5,2/24,18.4,9.2,12,0,0,AA Navicha,MOZ
521,E Ndubudem (NGA),3,3,12.0,0,44,5,2/13,8.8,3.66,14.4,0,0,E Ndubudem,NGA
522,R Nehonde (BOT),6,6,10.3,0,59,5,3/21,11.8,5.61,12.6,0,0,R Nehonde,BOT
523,LN Oluoch (KENYA),3,3,6.0,0,27,5,2/6,5.4,4.5,7.2,0,0,LN Oluoch,KENYA
524,J Overton (ENG),5,5,11.2,0,96,5,3/23,19.2,8.47,13.6,0,0,J Overton,ENG
525,DK Pallekonda (SVN),7,7,12.0,0,115,5,2/13,23,9.58,14.4,0,0,DK Pallekonda,SVN
526,A Parima (COK),4,4,10.2,0,96,5,3/22,19.2,9.29,12.4,0,0,A Parima,COK
527,AA Rahayu (INA),11,11,18.2,0,125,5,1/3,25,6.81,22,0,0,AA Rahayu,INA
528,Saeed Ahmed (SWE),5,5,14.0,0,123,5,2/27,24.6,8.78,16.8,0,0,Saeed Ahmed,SWE
529,Salvin Stanly (CAM),9,9,15.1,0,145,5,2/8,29,9.56,18.2,0,0,Salvin Stanly,CAM
530,M Sarenac (SRB),5,5,11.0,0,78,5,2/20,15.6,7.09,13.2,0,0,M Sarenac,SRB
531,Shafat Ali Syed (ESP),2,2,6.0,0,37,5,5/31,7.4,6.16,7.2,0,1,Shafat Ali Syed,ESP
532,Shahid Afridi (GER),7,7,13.0,0,141,5,3/15,28.2,10.84,15.6,0,0,Shahid Afridi,GER
533,RR Sharan (CAM),7,7,23.0,2,124,5,3/14,24.8,5.39,27.6,0,0,RR Sharan,CAM
534,Shunan Ali (MDV),7,7,18.0,0,132,5,2/4,26.4,7.33,21.6,0,0,Shunan Ali,MDV
535,Simranjeet Singh (UAE),8,8,23.3,0,184,5,3/26,36.8,7.82,28.2,0,0,Simranjeet Singh,UAE
536,S Sola (Samoa),7,7,18.3,0,157,5,2/31,31.4,8.48,22.2,0,0,S Sola,Samoa
537,Sufyan Mehmood (OMA),9,9,21.0,0,201,5,2/35,40.2,9.57,25.2,0,0,Sufyan Mehmood,OMA
538,Syed Maisam Ali (POR),4,4,10.3,0,74,5,2/4,14.8,7.04,12.6,0,0,Syed Maisam Ali,POR
539,TG Thamae (LES),5,5,15.0,0,113,5,4/18,22.6,7.53,18,1,0,TG Thamae,LES
540,Thuya Aung (MYAN),6,6,18.0,0,172,5,3/46,34.4,9.55,21.6,0,0,Thuya Aung,MYAN
541,M Vivekanandan (MNG),4,4,14.0,0,134,5,2/21,26.8,9.57,16.8,0,0,M Vivekanandan,MNG
542,PV Vuniwaqa (Fiji),9,9,17.0,0,164,5,2/31,32.8,9.64,20.4,0,0,PV Vuniwaqa,Fiji
543,Yash Singh (MLT),5,5,16.0,0,116,5,1/16,23.2,7.25,19.2,0,0,Yash Singh,MLT
544,A Yon (STHEL),1,1,3.0,0,10,5,5/10,2,3.33,3.6,0,1,A Yon,STHEL
545,Zawar Farid (UAE),5,5,12.5,0,98,5,2/31,19.6,7.63,15.4,0,0,Zawar Farid,UAE
546,Mohammad Aadil Alam (NEP),3,3,7.0,0,49,4,4/24,12.25,7,10.5,1,0,Mohammad Aadil Alam,NEP
547,Adil Butt (SWZ),2,2,5.0,0,37,4,3/4,9.25,7.4,7.5,0,0,Adil Butt,SWZ
548,N Advani (GIBR),4,4,7.2,0,62,4,4/14,15.5,8.45,11,1,0,N Advani,GIBR
549,Ahmad Khalid Ahmadzai (BEL),4,4,10.1,0,82,4,3/30,20.5,8.06,15.2,0,0,Ahmad Khalid Ahmadzai,BEL
550,Ahmed Baladraf (KSA),4,4,11.0,0,86,4,3/14,21.5,7.81,16.5,0,0,Ahmed Baladraf,KSA
551,C Alexander (Falk),2,2,8.0,0,45,4,3/26,11.25,5.62,12,0,0,C Alexander,Falk
552,T Amarmend (MNG),3,3,10.0,0,101,4,2/35,25.25,10.1,15,0,0,T Amarmend,MNG
553,Atif Rasheed (FIN),3,3,6.0,1,38,4,4/13,9.5,6.33,9,1,0,Atif Rasheed,FIN
554,SKA Awiah (GHA),8,8,22.0,0,158,4,2/21,39.5,7.18,33,0,0,SKA Awiah,GHA
555,OEG Baartman (SA),2,2,5.0,0,41,4,4/24,10.25,8.2,7.5,1,0,OEG Baartman,SA
556,NN Banner (Blz),2,2,8.0,0,32,4,3/14,8,4,12,0,0,NN Banner,Blz
557,Baseer Khan (AUT),1,1,4.0,0,10,4,4/10,2.5,2.5,6,1,0,Baseer Khan,AUT
558,V Baskaran (SGP),3,3,9.0,0,61,4,2/20,15.25,6.77,13.5,0,0,V Baskaran,SGP
559,JW Batinibulu (Fiji),2,2,8.0,0,51,4,4/31,12.75,6.37,12,1,0,JW Batinibulu,Fiji
560,H Bharadwaj (SGP),4,4,14.0,0,100,4,2/27,25,7.14,21,0,0,H Bharadwaj,SGP
561,M Chadha (CAM),3,3,9.0,0,75,4,2/21,18.75,8.33,13.5,0,0,M Chadha,CAM
562,Chen Zhuo Yue (CHN),1,1,4.0,0,16,4,4/16,4,4,6,1,0,Chen Zhuo Yue,CHN
563,AG Cremer (ZIM),4,4,15.0,0,104,4,2/27,26,6.93,22.5,0,0,AG Cremer,ZIM
564,R Drake (JPN),3,3,8.0,0,76,4,3/16,19,9.5,12,0,0,R Drake,JPN
565,LA Dawson (ENG),6,6,16.0,0,156,4,2/34,39,9.75,24,0,0,LA Dawson,ENG
566,Deng Jinqi (CHN),5,5,12.3,0,87,4,2/12,21.75,6.96,18.7,0,0,Deng Jinqi,CHN
567,L Denny (COK),5,5,17.0,0,132,4,2/14,33,7.76,25.5,0,0,L Denny,COK
568,AC Douglas (BER),4,4,9.0,0,51,4,2/6,12.75,5.66,13.5,0,0,AC Douglas,BER
569,D Doyle-Calle (ESP),4,4,5.0,0,29,4,2/6,7.25,5.8,7.5,0,0,D Doyle-Calle,ESP
570,NT Ellis (AUS),8,8,28.4,2,221,4,3/25,55.25,7.7,43,0,0,NT Ellis,AUS
571,Fareed Ahmad (AFG),4,4,10.0,0,101,4,2/47,25.25,10.1,15,0,0,Fareed Ahmad,AFG
572,K Fletcher (SUI),2,2,7.0,0,46,4,3/15,11.5,6.57,10.5,0,0,K Fletcher,SUI
573,E Frimpong (GHA),3,3,8.0,1,20,4,3/4,5,2.5,12,0,0,E Frimpong,GHA
574,AA Gajic (SRB),4,4,12.1,1,76,4,2/14,19,6.24,18.2,0,0,AA Gajic,SRB
575,GC Galanis (GRC),4,4,12.0,0,62,4,2/16,15.5,5.16,18,0,0,GC Galanis,GRC
576,JJ Griffin (IOM),3,3,9.5,0,75,4,2/31,18.75,7.62,14.7,0,0,JJ Griffin,IOM
577,Habib Khan (EST),3,3,11.1,0,108,4,2/24,27,9.67,16.7,0,0,Habib Khan,EST
578,Hamid Safi (AUT),5,5,6.4,0,75,4,3/15,18.75,11.25,10,0,0,Hamid Safi,AUT
579,AM Hardie (AUS),3,3,9.0,1,90,4,3/21,22.5,10,13.5,0,0,AM Hardie,AUS
580,Haris Rauf (PAK),2,2,6.5,0,56,4,3/21,14,8.19,10.2,0,0,Haris Rauf,PAK
581,L Hermida (Mex),3,3,9.0,0,54,4,3/30,13.5,6,13.5,0,0,L Hermida,Mex
582,Izaz Ali (SVN),3,3,9.0,0,82,4,3/19,20.5,9.11,13.5,0,0,Izaz Ali,SVN
583,Ismaila Tamba (GMB),6,6,12.0,0,116,4,2/20,29,9.66,18,0,0,Ismaila Tamba,GMB
584,Jamshid Nasiri (Fran),3,3,8.0,0,50,4,2/28,12.5,6.25,12,0,0,Jamshid Nasiri,Fran
585,KR Jha (AUT),4,4,7.0,0,47,4,2/7,11.75,6.71,10.5,0,0,KR Jha,AUT
586,SA Jumbe (TAN),3,3,7.0,0,74,4,4/31,18.5,10.57,10.5,1,0,SA Jumbe,TAN
587,D Kansonkho (MWI),6,6,7.4,0,43,4,2/1,10.75,5.6,11.5,0,0,D Kansonkho,MWI
588,L Karlsson (SWE),2,2,6.0,0,32,4,3/25,8,5.33,9,0,0,L Karlsson,SWE
589,A Kaul (SGP),3,3,5.5,0,31,4,3/20,7.75,5.31,8.7,0,0,A Kaul,SGP
590,MJM Kavana (COK),3,3,9.4,0,80,4,2/25,20,8.27,14.5,0,0,MJM Kavana,COK
591,S Kaveri (Mex),8,8,14.1,0,92,4,1/7,23,6.49,21.2,0,0,S Kaveri,Mex
592,CA Keita (Mali),3,3,7.0,0,54,4,2/7,13.5,7.71,10.5,0,0,CA Keita,Mali
593,V Khanduri (CYP),3,3,9.0,0,83,4,2/19,20.75,9.22,13.5,0,0,V Khanduri,CYP
594,S Kharvi (INA),6,6,6.0,0,61,4,2/1,15.25,10.16,9,0,0,S Kharvi,INA
595,Akhil Kumar (CAN),3,3,9.0,0,62,4,3/12,15.5,6.88,13.5,0,0,Akhil Kumar,CAN
596,P Kumbhare (JPN),2,2,8.0,1,18,4,2/8,4.5,2.25,12,0,0,P Kumbhare,JPN
597,JS Kundi (KENYA),8,8,13.0,0,103,4,3/9,25.75,7.92,19.5,0,0,JS Kundi,KENYA
598,Luca Petre (ROM),3,3,6.0,0,52,4,2/35,13,8.66,9,0,0,Luca Petre,ROM
599,B Mavuta (ZIM),6,6,15.0,0,122,4,2/18,30.5,8.13,22.5,0,0,B Mavuta,ZIM
600,Mohammad Wasim (1) (PAK),3,3,12.0,0,103,4,2/30,25.75,8.58,18,0,0,Mohammad Wasim,1
601,Mosaddek Hossain (BAN),9,9,14.3,1,107,4,2/8,26.75,7.37,21.7,0,0,Mosaddek Hossain,BAN
602,Muhammad Burhan (HUN),4,4,10.0,0,63,4,4/25,15.75,6.3,15,1,0,Muhammad Burhan,HUN
603,Murat Yilmaz (TKY),6,6,12.5,0,104,4,2/24,26,8.1,19.2,0,0,Murat Yilmaz,TKY
604,Myat Thu Aung (MYAN),3,3,5.0,0,30,4,2/5,7.5,6,7.5,0,0,Myat Thu Aung,MYAN
605,S Nadigotla (ROM),3,3,8.0,0,58,4,3/30,14.5,7.25,12,0,0,S Nadigotla,ROM
606,A Nathwani (AUT),2,2,7.0,0,47,4,3/14,11.75,6.71,10.5,0,0,A Nathwani,AUT
607,F Nsubuga (UGA),4,4,11.0,2,64,4,2/4,16,5.81,16.5,0,0,F Nsubuga,UGA
608,Omar Rassol (BUL),6,6,14.0,0,151,4,2/29,37.75,10.78,21,0,0,Omar Rassol,BUL
609,Paing Danu (MYAN),4,4,10.4,0,74,4,2/35,18.5,6.93,16,0,0,Paing Danu,MYAN
610,AE Paraam (SGP),2,2,8.0,0,61,4,3/16,15.25,7.62,12,0,0,AE Paraam,SGP
611,R Parag (IND),5,5,12.2,0,83,4,3/5,20.75,6.72,18.5,0,0,R Parag,IND
612,NK Patel (USA),5,5,12.4,0,95,4,2/26,23.75,7.5,19,0,0,NK Patel,USA
613,KA Pollard (WI),6,6,17.0,0,126,4,2/31,31.5,7.41,25.5,0,0,KA Pollard,WI
614,D Pretorius (SA),2,2,6.3,0,61,4,3/26,15.25,9.38,9.7,0,0,D Pretorius,SA
615,A Pusthay (FIN),4,4,9.4,0,89,4,2/37,22.25,9.2,14.5,0,0,A Pusthay,FIN
616,V Ravindran (HUN),2,2,6.4,0,20,4,3/6,5,3,10,0,0,V Ravindran,HUN
617,A Razmilic (CRT),6,6,13.4,0,185,4,2/20,46.25,13.53,20.5,0,0,A Razmilic,CRT
618,Ritik Tomar (CZK-R),10,10,20.0,0,194,4,1/11,48.5,9.7,30,0,0,Ritik Tomar,CZK-R
619,DE Roache (Samoa),2,2,4.0,0,28,4,3/23,7,7,6,0,0,DE Roache,Samoa
620,C Roberts (Fran),2,2,4.0,0,27,4,3/14,6.75,6.75,6,0,0,C Roberts,Fran
621,Robert Raina (THA),3,3,5.0,0,44,4,3/20,11,8.8,7.5,0,0,Robert Raina,THA
622,Rohan Mustafa (UAE),4,4,10.0,0,83,4,2/22,20.75,8.3,15,0,0,Rohan Mustafa,UAE
623,Saber Zakhil (BEL),9,9,15.0,0,150,4,2/1,37.5,10,22.5,0,0,Saber Zakhil,BEL
624,Samiullah Rahmani (SWE),6,6,14.0,0,101,4,2/14,25.25,7.21,21,0,0,Samiullah Rahmani,SWE
625,RSK Samson (VAN),2,2,5.0,0,37,4,2/14,9.25,7.4,7.5,0,0,RSK Samson,VAN
626,SM Sharif (SCOT),3,3,11.0,0,114,4,2/31,28.5,10.36,16.5,0,0,SM Sharif,SCOT
627,SS Shukla (BHR),5,5,12.5,0,57,4,2/13,14.25,4.44,19.2,0,0,SS Shukla,BHR
628,Z Shurentsetseg (MNG),6,6,14.0,0,132,4,3/32,33,9.42,21,0,0,Z Shurentsetseg,MNG
629,RR Simmonds (WI),1,1,3.0,0,15,4,4/15,3.75,5,4.5,1,0,RR Simmonds,WI
630,Sohail Ahmed (BHR),7,7,16.2,0,127,4,3/17,31.75,7.77,24.5,0,0,Sohail Ahmed,BHR
631,Sohel Patel (PAN),4,4,11.0,0,68,4,2/12,17,6.18,16.5,0,0,Sohel Patel,PAN
632,SK Springer (WI),4,4,10.0,0,93,4,1/8,23.25,9.3,15,0,0,SK Springer,WI
633,PR Surve (INA),12,12,22.5,0,191,4,1/5,47.75,8.36,34.2,0,0,PR Surve,INA
634,SN Swamy (SWE),2,2,8.0,0,53,4,4/17,13.25,6.62,12,1,0,SN Swamy,SWE
635,Tashi Dorji (BHU),7,7,15.2,1,100,4,1/6,25,6.52,23,0,0,Tashi Dorji,BHU
636,I Tchakou (CAM),3,3,3.2,0,17,4,3/4,4.25,5.1,5,0,0,I Tchakou,CAM
637,HT Tector (IRE),12,12,18.0,0,146,4,1/5,36.5,8.11,27,0,0,HT Tector,IRE
638,NT Tilak Varma (IND),7,7,9.3,0,55,4,1/1,13.75,5.78,14.2,0,0,NT Tilak Varma,IND
639,NK Tiwari (CYP),2,2,8.0,0,58,4,3/18,14.5,7.25,12,0,0,NK Tiwari,CYP
640,Usama Mir (PAK),4,4,16.0,1,154,4,2/21,38.5,9.62,24,0,0,Usama Mir,PAK
641,J van Heerden (GER),2,2,7.0,0,58,4,2/17,14.5,8.28,10.5,0,0,J van Heerden,GER
642,SC van Schalkwyk (USA),6,6,16.4,0,142,4,2/19,35.5,8.52,25,0,0,SC van Schalkwyk,USA
643,S Veerapathiran (BHR),4,4,12.0,0,93,4,1/16,23.25,7.75,18,0,0,S Veerapathiran,BHR
644,A Busing-Volschenk (NAM),2,2,7.0,0,54,4,2/11,13.5,7.71,10.5,0,0,A Busing-Volschenk,NAM
645,TS Waqavakatoga (Fiji),5,5,12.0,0,84,4,2/16,21,7,18,0,0,TS Waqavakatoga,Fiji
646,Waseeq Ahmed (BHR),4,4,11.0,0,96,4,2/16,24,8.72,16.5,0,0,Waseeq Ahmed,BHR
647,AG Weligamage (HUN),2,2,6.0,0,65,4,3/45,16.25,10.83,9,0,0,AG Weligamage,HUN
648,Zain Ali (ITA),2,2,8.0,0,43,4,3/16,10.75,5.37,12,0,0,Zain Ali,ITA
649,Aarnav Patel (KENYA),2,2,5.0,0,35,3,3/22,11.66,7,10,0,0,Aarnav Patel,KENYA
650,Abdulla Popalzae (GRC),1,1,3.0,0,21,3,3/21,7,7,6,0,0,Abdulla Popalzae,GRC
651,Abdul Waheed (KSA),13,13,20.0,0,150,3,1/5,50,7.5,40,0,0,Abdul Waheed,KSA
652,Abdul Wahid (KSA),5,5,12.0,0,136,3,2/10,45.33,11.33,24,0,0,Abdul Wahid,KSA
653,M Aboagye (GHA),5,5,12.0,0,87,3,2/33,29,7.25,24,0,0,M Aboagye,GHA
654,AG Achar (SGP),2,2,8.0,0,39,3,2/18,13,4.87,16,0,0,AG Achar,SGP
655,Aditya Panwar (EST),2,2,4.0,0,15,3,3/3,5,3.75,8,0,0,Aditya Panwar,EST
656,AC Agar (AUS),5,5,20.0,0,99,3,1/14,33,4.95,40,0,0,AC Agar,AUS
657,Salman Agha (PAK),9,9,10.0,0,86,3,1/7,28.66,8.6,20,0,0,Salman Agha,PAK
658,RDB Ahir (PAN),2,2,7.0,0,30,3,3/14,10,4.28,14,0,0,RDB Ahir,PAN
659,Ahmed Faiz (MAS),6,6,9.1,1,52,3,2/8,17.33,5.67,18.3,0,0,Ahmed Faiz,MAS
660,Ahmed Hassan (MDV),3,3,9.0,0,45,3,2/22,15,5,18,0,0,Ahmed Hassan,MDV
661,Alam Nakash (SKOR),2,2,3.0,0,16,3,3/8,5.33,5.33,6,0,0,Alam Nakash,SKOR
662,Ali Hussain (ROM),8,8,17.0,0,176,3,1/21,58.66,10.35,34,0,0,Ali Hussain,ROM
663,Ali Yalmaz (HUN),1,1,2.0,1,16,3,3/16,5.33,8,4,0,0,Ali Yalmaz,HUN
664,Ameer Hamzah (ESP),3,3,6.0,0,35,3,2/18,11.66,5.83,12,0,0,Ameer Hamzah,ESP
665,Amir Zaib (POR),6,6,6.4,0,61,3,2/2,20.33,9.15,13.3,0,0,Amir Zaib,POR
666,B Arends (Falk),1,1,2.0,0,11,3,3/11,3.66,5.5,4,0,0,B Arends,Falk
667,Arif Ullah (MAS),2,2,6.3,0,58,3,2/31,19.33,8.92,13,0,0,Arif Ullah,MAS
668,Arshdeep Singh (IND),2,2,6.0,0,40,3,2/7,13.33,6.66,12,0,0,Arshdeep Singh,IND
669,RD Atangana (CAM),4,4,10.1,0,85,3,2/17,28.33,8.36,20.3,0,0,RD Atangana,CAM
670,A Augastin (TAN),4,4,10.2,0,57,3,2/15,19,5.51,20.6,0,0,A Augastin,TAN
671,MTMMJ Ave (COK),4,4,7.2,0,46,3,2/4,15.33,6.27,14.6,0,0,MTMMJ Ave,COK
672,Avesh Khan (IND),3,3,10.2,0,93,3,1/29,31,9,20.6,0,0,Avesh Khan,IND
673,Awais Ikram (SVN),2,2,6.0,0,69,3,2/34,23,11.5,12,0,0,Awais Ikram,SVN
674,Aziz Sualley (GHA),5,5,12.0,0,91,3,2/25,30.33,7.58,24,0,0,Aziz Sualley,GHA
675,K Babu (SKOR),4,4,9.0,0,88,3,1/9,29.33,9.77,18,0,0,K Babu,SKOR
676,M Badenhorst (BOT),5,5,10.0,0,92,3,2/14,30.66,9.2,20,0,0,M Badenhorst,BOT
677,J Baker (CAY),2,2,5.0,0,52,3,3/33,17.33,10.4,10,0,0,J Baker,CAY
678,B Balala (MWI),10,10,19.0,0,199,3,1/6,66.33,10.47,38,0,0,B Balala,MWI
679,R Baruah (EST),4,4,6.0,0,56,3,3/13,18.66,9.33,12,0,0,R Baruah,EST
680,KA Bazil (CAY),4,4,11.0,0,97,3,2/16,32.33,8.81,22,0,0,KA Bazil,CAY
681,N Bidaisee (WI),2,2,5.0,0,34,3,3/29,11.33,6.8,10,0,0,N Bidaisee,WI
682,Bilal Masud (EST),2,2,7.0,0,70,3,2/18,23.33,10,14,0,0,Bilal Masud,EST
683,Bilal Zalmai (AUT),6,6,20.0,0,163,3,1/15,54.33,8.15,40,0,0,Bilal Zalmai,AUT
684,L Bruce (GIBR),3,3,10.0,0,102,3,3/42,34,10.2,20,0,0,L Bruce,GIBR
685,J Buchanan (CAY),5,5,13.0,0,94,3,2/13,31.33,7.23,26,0,0,J Buchanan,CAY
686,Bukhar Illikkal (QAT),8,8,22.0,0,137,3,1/15,45.66,6.22,44,0,0,Bukhar Illikkal,QAT
687,K Burrows (BHM),1,1,2.0,0,22,3,3/22,7.33,11,4,0,0,K Burrows,BHM
688,BA Carse (ENG),1,1,4.0,0,38,3,3/38,12.66,9.5,8,0,0,BA Carse,ENG
689,C Chatphaisan (THA),5,5,8.3,0,80,3,1/11,26.66,9.41,17,0,0,C Chatphaisan,THA
690,G Chohan (PHI),4,4,10.1,0,124,3,2/21,41.33,12.19,20.3,0,0,G Chohan,PHI
691,KC D'Souza (BUL),6,6,15.0,0,101,3,2/29,33.66,6.73,30,0,0,KC D'Souza,BUL
692,Danish Jasnaik (BHR),5,5,15.0,0,133,3,2/17,44.33,8.86,30,0,0,Danish Jasnaik,BHR
693,O Davidson (SCOT),4,4,12.0,0,105,3,1/12,35,8.75,24,0,0,O Davidson,SCOT
694,R Dhiman (BUL),3,3,9.0,0,71,3,1/20,23.66,7.88,18,0,0,R Dhiman,BUL
695,A Dhingra (LUX),4,4,9.4,0,76,3,1/9,25.33,7.86,19.3,0,0,A Dhingra,LUX
696,SDJJ Dima (MOZ),4,4,13.1,0,87,3,2/24,29,6.6,26.3,0,0,SDJJ Dima,MOZ
697,JEA Doctora (PHI),3,3,6.0,0,52,3,3/30,17.33,8.66,12,0,0,JEA Doctora,PHI
698,J Dowling (BUL),2,2,3.0,1,20,3,3/1,6.66,6.66,6,0,0,J Dowling,BUL
699,NH Ekanayake (BHM),3,3,9.5,0,60,3,2/15,20,6.1,19.6,0,0,NH Ekanayake,BHM
700,Fayaz Khan (GER),3,3,9.0,0,96,3,2/33,32,10.66,18,0,0,Fayaz Khan,GER
701,Firas Hussain (BUL),5,5,12.0,0,102,3,1/15,34,8.5,24,0,0,Firas Hussain,BUL
702,R Galgalikar (Mex),1,1,3.0,0,9,3,3/9,3,3,6,0,0,R Galgalikar,Mex
703,BD Glover (NED),1,1,2.0,0,9,3,3/9,3,4.5,4,0,0,BD Glover,NED
704,AK Gokoel (Sur),2,2,5.0,0,33,3,3/14,11,6.6,10,0,0,AK Gokoel,Sur
705,S Gooch (EST),2,2,7.0,1,36,3,2/13,12,5.14,14,0,0,S Gooch,EST
706,JOA Gordon (CAN),1,1,2.0,0,6,3,3/6,2,3,4,0,0,JOA Gordon,CAN
707,M Gouws (GIBR),3,3,6.3,0,76,3,3/22,25.33,11.69,13,0,0,M Gouws,GIBR
708,Harshit Rana (IND),1,1,4.0,0,33,3,3/33,11,8.25,8,0,0,Harshit Rana,IND
709,US Hathinjar (CAM),3,3,6.0,0,51,3,3/31,17,8.5,12,0,0,US Hathinjar,CAM
710,H Hiri (PNG),4,4,6.0,0,20,3,2/7,6.66,3.33,12,0,0,H Hiri,PNG
711,Hussain Talat (PAK),2,2,6.0,0,54,3,2/18,18,9,12,0,0,Hussain Talat,PAK
712,AN Hyobeom (SKOR),4,4,8.0,0,52,3,3/8,17.33,6.5,16,0,0,AN Hyobeom,SKOR
713,Ibrahim Jabarkhel (Fran),4,4,7.0,0,58,3,2/12,19.33,8.28,14,0,0,Ibrahim Jabarkhel,Fran
714,Irfan Safi (AUT),2,2,4.5,0,39,3,3/22,13,8.06,9.6,0,0,Irfan Safi,AUT
715,Isa Zaroo (BUL),2,2,6.0,0,55,3,2/28,18.33,9.16,12,0,0,Isa Zaroo,BUL
716,AE Isesele (NGA),3,3,3.5,0,41,3,1/5,13.66,10.69,7.6,0,0,AE Isesele,NGA
717,RA Jadeja (IND),11,11,26.0,0,204,3,1/20,68,7.84,52,0,0,RA Jadeja,IND
718,B Jagroo (BHM),4,4,8.0,0,80,3,2/34,26.66,10,16,0,0,B Jagroo,BHM
719,Janak Prakash (SGP),2,2,7.0,0,61,3,3/35,20.33,8.71,14,0,0,Janak Prakash,SGP
720,J Jarvis (SCOT),2,2,4.0,0,36,3,2/14,12,9,8,0,0,J Jarvis,SCOT
721,V Jatinder Kumar (GER),2,2,8.0,0,45,3,2/27,15,5.62,16,0,0,V Jatinder Kumar,GER
722,Jay Odedra (OMA),2,2,5.0,0,32,3,2/13,10.66,6.4,10,0,0,Jay Odedra,OMA
723,M Kadyan (BUL),3,3,10.0,0,68,3,2/26,22.66,6.8,20,0,0,M Kadyan,BUL
724,S Kamate (Mali),2,2,5.0,0,35,3,3/12,11.66,7,10,0,0,S Kamate,Mali
725,A Kirschbaum (Arg),1,1,4.0,0,8,3,3/8,2.66,2,8,0,0,A Kirschbaum,Arg
726,NR Kirton (CAN),5,5,6.0,0,66,3,1/3,22,11,12,0,0,NR Kirton,CAN
727,RM Koda (INA),1,1,4.0,0,14,3,3/14,4.66,3.5,8,0,0,RM Koda,INA
728,S Koppolu (SVN),4,4,8.3,0,71,3,2/20,23.66,8.35,17,0,0,S Koppolu,SVN
729,M Kpaka (SLE),5,5,9.0,0,66,3,3/31,22,7.33,18,0,0,M Kpaka,SLE
730,ND Laegsgaard (DEN),3,3,9.0,0,47,3,2/16,15.66,5.22,18,0,0,ND Laegsgaard,DEN
731,Lakshit Gupta (CAM),6,6,14.0,1,113,3,1/19,37.66,8.07,28,0,0,Lakshit Gupta,CAM
732,DO Leicher (NAM),6,6,10.0,0,89,3,1/4,29.66,8.9,20,0,0,DO Leicher,NAM
733,B Leo (STHEL),3,3,9.4,1,76,3,2/38,25.33,7.86,19.3,0,0,B Leo,STHEL
734,LJ Leokaoke (LES),3,3,10.0,0,57,3,2/25,19,5.7,20,0,0,LJ Leokaoke,LES
735,M Leporoporo (LES),2,2,7.0,0,33,3,2/8,11,4.71,14,0,0,M Leporoporo,LES
736,LC Le Tissier (GUE),3,3,5.0,0,47,3,3/23,15.66,9.4,10,0,0,LC Le Tissier,GUE
737,H Lin Aung (MYAN),5,5,10.0,0,81,3,2/13,27,8.1,20,0,0,H Lin Aung,MYAN
738,JB Little (IRE),1,1,4.0,0,16,3,3/16,5.33,4,8,0,0,JB Little,IRE
739,Luo Shilin (CHN),6,6,19.0,0,130,3,2/10,43.33,6.84,38,0,0,Luo Shilin,CHN
740,Madhawa Basnayaka (FIN),4,4,11.0,0,92,3,1/6,30.66,8.36,22,0,0,Madhawa Basnayaka,FIN
741,W Madhevere (ZIM),15,15,23.0,0,168,3,2/15,56,7.3,46,0,0,W Madhevere,ZIM
742,A Maheshwari (CRT),3,3,10.5,0,108,3,2/41,36,9.96,21.6,0,0,A Maheshwari,CRT
743,GT Main (SCOT),2,2,6.0,0,57,3,2/13,19,9.5,12,0,0,GT Main,SCOT
744,P Malav (LUX),3,3,7.1,0,48,3,2/29,16,6.69,14.3,0,0,P Malav,LUX
745,P Manning (CAY),5,5,9.0,0,77,3,1/13,25.66,8.55,18,0,0,P Manning,CAY
746,TT Maposa (ZIM),4,4,10.0,0,83,3,1/12,27.66,8.3,20,0,0,TT Maposa,ZIM
747,V Marghashayam (CZK-R),2,2,5.0,0,40,3,2/21,13.33,8,10,0,0,V Marghashayam,CZK-R
748,DP Michael (Samoa),3,3,7.2,0,72,3,2/37,24,9.81,14.6,0,0,DP Michael,Samoa
749,DJ Mitchell (NZ),8,8,7.2,0,91,3,1/6,30.33,12.4,14.6,0,0,DJ Mitchell,NZ
750,Mohamed Ishmath (MDV),2,2,8.0,0,54,3,2/20,18,6.75,16,0,0,Mohamed Ishmath,MDV
751,Mohammad Mohsin (USA),3,3,8.0,0,56,3,2/19,18.66,7,16,0,0,Mohammad Mohsin,USA
752,Mohsin Zaki (BHR),5,5,10.0,0,79,3,1/8,26.33,7.9,20,0,0,Mohsin Zaki,BHR
753,I Mugisha (RWN),7,7,15.0,0,109,3,1/7,36.33,7.26,30,0,0,I Mugisha,RWN
754,Muhammad Salman (BHR),5,5,14.0,1,95,3,1/8,31.66,6.78,28,0,0,Muhammad Salman,BHR
755,Muhammad Soban (HUN),3,3,11.0,0,59,3,2/23,19.66,5.36,22,0,0,Muhammad Soban,HUN
756,Muhammad Usman (EST),3,3,11.5,0,60,3,2/22,20,5.07,23.6,0,0,Muhammad Usman,EST
757,Muhammad Wafiq (MAS),6,6,13.0,0,88,3,1/8,29.33,6.76,26,0,0,Muhammad Wafiq,MAS
758,Mujeeb Ur Rahman (AFG),2,2,8.0,0,51,3,2/28,17,6.37,16,0,0,Mujeeb Ur Rahman,AFG
759,Mukesh Kumar (IND),5,5,14.0,0,126,3,1/19,42,9,28,0,0,Mukesh Kumar,IND
760,LF Muller (BRA),3,3,6.0,0,37,3,1/8,12.33,6.16,12,0,0,LF Muller,BRA
761,S Murari (CRC),2,2,8.0,0,27,3,2/17,9,3.37,16,0,0,S Murari,CRC
762,Musawar Shah (QAT),2,2,7.0,0,63,3,3/43,21,9,14,0,0,Musawar Shah,QAT
763,Nangeyalia Kharote (AFG),3,3,8.0,0,55,3,2/16,18.33,6.87,16,0,0,Nangeyalia Kharote,AFG
764,Nathan Ingleston (PAN),1,1,2.0,0,3,3,3/3,1,1.5,4,0,0,Nathan Ingleston,PAN
765,Nazwan Ismail (MDV),3,3,6.2,0,63,3,2/32,21,9.94,12.6,0,0,Nazwan Ismail,MDV
766,E Ndzeute (MOZ),1,1,4.0,0,21,3,3/21,7,5.25,8,0,0,E Ndzeute,MOZ
767,W Ngowhuad (THA),2,2,4.0,1,21,3,2/13,7,5.25,8,0,0,W Ngowhuad,THA
768,AT Nidamanuru (NED),1,1,4.0,0,30,3,3/30,10,7.5,8,0,0,AT Nidamanuru,NED
769,G Oliveira (BRA),5,5,7.0,0,49,3,2/12,16.33,7,14,0,0,G Oliveira,BRA
770,CG Osborne (CRT),2,2,4.0,0,32,3,3/25,10.66,8,8,0,0,CG Osborne,CRT
771,AA Paradkar (USA),2,2,6.0,0,42,3,3/24,14,7,12,0,0,AA Paradkar,USA
772,Pargat Singh (CAN),6,6,9.0,0,88,3,2/25,29.33,9.77,18,0,0,Pargat Singh,CAN
773,ARH Patel (CRC),2,2,4.0,0,12,3,2/6,4,3,8,0,0,ARH Patel,CRC
774,C Pengkumta (THA),2,2,4.4,1,34,3,3/22,11.33,7.28,9.3,0,0,C Pengkumta,THA
775,D Polpitiya (SWZ),2,2,6.0,0,40,3,3/15,13.33,6.66,12,0,0,D Polpitiya,SWZ
776,M Raikes (GIBR),4,4,7.5,0,90,3,2/15,30,11.48,15.6,0,0,M Raikes,GIBR
777,H Rashid (SWZ),5,5,17.0,0,161,3,1/15,53.66,9.47,34,0,0,H Rashid,SWZ
778,D Ravu (PNG),1,1,4.0,0,53,3,3/53,17.66,13.25,8,0,0,D Ravu,PNG
779,Riazat Ali Shah (UGA),6,6,9.0,0,66,3,2/7,22,7.33,18,0,0,Riazat Ali Shah,UGA
780,Bilal Safdar (NOR),2,2,8.0,0,41,3,3/17,13.66,5.12,16,0,0,Bilal Safdar,NOR
781,Sajid Khan (CRT),5,5,16.1,0,135,3,1/30,45,8.35,32.3,0,0,Sajid Khan,CRT
782,Salman Nazar (CAN),3,3,9.0,0,77,3,3/27,25.66,8.55,18,0,0,Salman Nazar,CAN
783,Samarth Shetty (SWE),3,3,5.0,0,35,3,2/11,11.66,7,10,0,0,Samarth Shetty,SWE
784,Sedik Sahak (SWE),2,2,5.5,0,38,3,2/27,12.66,6.51,11.6,0,0,Sedik Sahak,SWE
785,P Sharma (KENYA),8,8,15.2,0,117,3,1/3,39,7.63,30.6,0,0,P Sharma,KENYA
786,B Shikongo (NAM),3,3,3.0,0,28,3,1/8,9.33,9.33,6,0,0,B Shikongo,NAM
787,Shivam Mavi (IND),3,3,5.0,0,42,3,2/12,14,8.4,10,0,0,Shivam Mavi,IND
788,Shoaib Rafiq (Mex),3,3,7.4,1,42,3,2/22,14,5.47,15.3,0,0,Shoaib Rafiq,Mex
789,M Shumba (ZIM),2,2,4.0,0,24,3,3/16,8,6,8,0,0,M Shumba,ZIM
790,MM Siddique (JPN),3,3,7.0,0,34,3,2/17,11.33,4.85,14,0,0,MM Siddique,JPN
791,A Simelane (SA),5,5,13.0,0,121,3,2/28,40.33,9.3,26,0,0,A Simelane,SA
792,RK Singh (IND),3,3,2.4,0,19,3,2/3,6.33,7.12,5.3,0,0,RK Singh,IND
793,JJ Smit (NAM),2,2,7.0,0,40,3,2/24,13.33,5.71,14,0,0,JJ Smit,NAM
794,Soumya Sarkar (BAN),7,7,10.0,0,90,3,1/5,30,9,20,0,0,Soumya Sarkar,BAN
795,M Stanikzai (SUI),10,10,21.0,0,175,3,1/9,58.33,8.33,42,0,0,M Stanikzai,SUI
796,S Stanikzay (Fran),4,4,13.0,1,88,3,2/24,29.33,6.76,26,0,0,S Stanikzay,Fran
797,DC Stovell (BER),2,2,7.0,0,43,3,2/28,14.33,6.14,14,0,0,DC Stovell,BER
798,JTS Sumerauer (JER),5,5,16.0,0,152,3,1/26,50.66,9.5,32,0,0,JTS Sumerauer,JER
799,SR Taylor (USA),7,7,13.0,0,111,3,1/9,37,8.53,26,0,0,SR Taylor,USA
800,M Theekshana (SL),5,5,16.0,0,110,3,1/16,36.66,6.87,32,0,0,M Theekshana,SL
801,Tholal Mohamed Raya (MDV),2,2,5.0,1,19,3,2/7,6.33,3.8,10,0,0,Tholal Mohamed Raya,MDV
802,K Thuchila (MWI),1,1,1.3,0,8,3,3/8,2.66,5.33,3,0,0,K Thuchila,MWI
803,T Tshose (BOT),3,3,6.0,0,43,3,2/14,14.33,7.16,12,0,0,T Tshose,BOT
804,H Venkataram (SGP),1,1,3.1,0,13,3,3/13,4.33,4.1,6.3,0,0,H Venkataram,SGP
805,Arjun Vinod (SUI),14,14,29.0,0,255,3,1/12,85,8.79,58,0,0,Arjun Vinod,SUI
806,Wahidullah Sahak (NOR),3,3,5.3,0,52,3,1/9,17.33,9.45,11,0,0,Wahidullah Sahak,NOR
807,Waleed Rana (ITA),1,1,2.0,0,10,3,3/10,3.33,5,4,0,0,Waleed Rana,ITA
808,DKD Warnakulasuriya (ITA),3,3,9.0,0,55,3,2/43,18.33,6.11,18,0,0,DKD Warnakulasuriya,ITA
809,M Whelan (GIBR),7,7,14.0,0,154,3,1/16,51.33,11,28,0,0,M Whelan,GIBR
810,J Wilson (GIBR),3,3,9.3,0,102,3,2/27,34,10.73,19,0,0,J Wilson,GIBR
811,W Wotu (VAN),5,5,10.2,0,66,3,2/19,22,6.38,20.6,0,0,W Wotu,VAN
812,Yash Talati (KENYA),1,1,4.0,0,18,3,3/18,6,4.5,8,0,0,Yash Talati,KENYA
813,M Yunusu Issa (TAN),6,6,9.0,0,76,3,2/2,25.33,8.44,18,0,0,M Yunusu Issa,TAN
814,Yusuf Ebrahim (PAN),4,4,4.3,0,46,3,3/18,15.33,10.22,9,0,0,Yusuf Ebrahim,PAN
815,Zafer Durmaz (TKY),3,3,7.0,0,37,3,2/20,12.33,5.28,14,0,0,Zafer Durmaz,TKY
816,Zaki Ul Hassan (BEL),3,3,8.5,0,68,3,2/27,22.66,7.69,17.6,0,0,Zaki Ul Hassan,BEL
817,Zohaib Sarwar (POR),4,4,10.0,0,96,3,2/8,32,9.6,20,0,0,Zohaib Sarwar,POR
818,Abhijeet Ahuja (HUN),1,1,2.0,1,8,2,2/8,4,4,6,0,0,Abhijeet Ahuja,HUN
819,Adil Khan (GER),2,2,4.0,0,49,2,1/23,24.5,12.25,12,0,0,Adil Khan,GER
820,Afif Hossain (BAN),7,7,8.0,0,64,2,1/10,32,8,24,0,0,Afif Hossain,BAN
821,Ahmer Bin (BHR),6,6,6.0,0,59,2,1/6,29.5,9.83,18,0,0,Ahmer Bin,BHR
822,J Albin (BUL),6,6,17.2,0,209,2,1/20,104.5,12.05,52,0,0,J Albin,BUL
823,FA Allen (WI),7,7,14.5,0,108,2,1/10,54,7.28,44.5,0,0,FA Allen,WI
824,Altaf Gill (SKOR),3,3,7.0,0,58,2,1/19,29,8.28,21,0,0,Altaf Gill,SKOR
825,YJO Altamirano (CRC),3,3,4.1,0,20,2,1/0,10,4.8,12.5,0,0,YJO Altamirano,CRC
826,Ameer Saiyed (BOT),4,4,6.0,0,46,2,1/12,23,7.66,18,0,0,Ameer Saiyed,BOT
827,Aminul Islam (CYP),1,1,3.0,0,14,2,2/14,7,4.66,9,0,0,Aminul Islam,CYP
828,Amir Butt (Mex),1,1,4.0,0,24,2,2/24,12,6,12,0,0,Amir Butt,Mex
829,CJ Anderson (USA),6,6,12.0,0,90,2,1/11,45,7.5,36,0,0,CJ Anderson,USA
830,MP Ainsworth (HUN),5,5,8.0,0,76,2,1/13,38,9.5,24,0,0,MP Ainsworth,HUN
831,Anshuman Rath (HKG),4,4,8.4,0,70,2,1/0,35,8.07,26,0,0,Anshuman Rath,HKG
832,SSD Arachchige (SL),1,1,3.3,0,26,2,2/26,13,7.42,10.5,0,0,SSD Arachchige,SL
833,Asad Rasheed (HKG),1,1,4.0,0,41,2,2/41,20.5,10.25,12,0,0,Asad Rasheed,HKG
834,Imran Asif (AUT),2,2,3.2,0,23,2,2/20,11.5,6.9,10,0,0,Imran Asif,AUT
835,Asif Javed (BHR),1,1,2.0,0,26,2,2/26,13,13,6,0,0,Asif Javed,BHR
836,V Ateak (GHA),1,1,4.0,0,26,2,2/26,13,6.5,12,0,0,V Ateak,GHA
837,C Bah (SLE),3,3,7.0,0,55,2,1/23,27.5,7.85,21,0,0,C Bah,SLE
838,JC Balt (NAM),5,5,11.2,0,70,2,1/11,35,6.17,34,0,0,JC Balt,NAM
839,Bashar Khan (ITA),1,1,4.0,0,18,2,2/18,9,4.5,12,0,0,Bashar Khan,ITA
840,Basir Ahamad (NEP),2,2,6.0,0,49,2,2/30,24.5,8.16,18,0,0,Basir Ahamad,NEP
841,Abdullah Mohd Yousaf (BHR),3,3,6.3,0,57,2,1/3,28.5,8.76,19.5,0,0,Abdullah Mohd Yousaf,BHR
842,M Beardman (AUS),1,1,4.0,0,33,2,2/33,16.5,8.25,12,0,0,M Beardman,AUS
843,AAH Bhikari (Sur),2,2,3.3,0,30,2,1/12,15,8.57,10.5,0,0,AAH Bhikari,Sur
844,LT Bichard (GUE),1,1,3.0,0,14,2,2/14,7,4.66,9,0,0,LT Bichard,GUE
845,Bilal Hassun (UGA),2,2,7.0,0,37,2,2/23,18.5,5.28,21,0,0,Bilal Hassun,UGA
846,Bipin Kumar (QAT),1,1,4.0,0,32,2,2/32,16,8,12,0,0,Bipin Kumar,QAT
847,DA Blignaut (GER),4,4,5.0,0,57,2,1/6,28.5,11.4,15,0,0,DA Blignaut,GER
848,PD Blignaut (NAM),4,4,11.0,0,75,2,1/7,37.5,6.81,33,0,0,PD Blignaut,NAM
849,T Britton (JER),1,1,4.0,0,21,2,2/21,10.5,5.25,12,0,0,T Britton,JER
850,G Bruno (),1,1,4.0,0,40,2,2/40,20,10,12,0,0,G Bruno,
851,G Burrows (IOM),2,2,3.0,0,23,2,1/9,11.5,7.66,9,0,0,G Burrows,IOM
852,TD Chaoana (LES),1,1,4.0,0,20,2,2/20,10,5,12,0,0,TD Chaoana,LES
853,YS Chauhan (SWE),2,2,3.0,0,26,2,1/8,13,8.66,9,0,0,YS Chauhan,SWE
854,G Coetzee (SA),1,1,3.5,0,36,2,2/36,18,9.39,11.5,0,0,G Coetzee,SA
855,R Cunningham (GIBR),2,2,4.2,0,62,2,1/28,31,14.3,13,0,0,R Cunningham,GIBR
856,A Dhabe (SWE),4,4,14.0,1,82,2,2/5,41,5.85,42,0,0,A Dhabe,SWE
857,S Dhakal (NEP),4,4,13.0,0,107,2,1/19,53.5,8.23,39,0,0,S Dhakal,NEP
858,MS Diawara (Mali),2,2,8.0,0,73,2,2/40,36.5,9.12,24,0,0,MS Diawara,Mali
859,M Dixit (LUX),4,4,9.0,0,58,2,1/12,29,6.44,27,0,0,M Dixit,LUX
860,O Duff (BUL),2,2,2.4,0,28,2,2/17,14,10.5,8,0,0,O Duff,BUL
861,ROC Dunka (CAY),1,1,4.0,1,10,2,2/10,5,2.5,12,0,0,ROC Dunka,CAY
862,KR Ebanks (CAY),3,3,8.0,0,73,2,2/32,36.5,9.12,24,0,0,KR Ebanks,CAY
863,Elias Hasan (EST),7,7,17.0,0,143,2,1/24,71.5,8.41,51,0,0,Elias Hasan,EST
864,Farmanullah (AFG),1,1,3.0,0,19,2,2/19,9.5,6.33,9,0,0,Farmanullah,AFG
865,KN Gabhane (HUN),1,1,3.0,0,29,2,2/29,14.5,9.66,9,0,0,KN Gabhane,HUN
866,D Ganesh (CRC),1,1,3.0,0,12,2,2/12,6,4,9,0,0,D Ganesh,CRC
867,Garret Banner (Blz),1,1,4.0,0,14,2,2/14,7,3.5,12,0,0,Garret Banner,Blz
868,SK Gedara (SWE),1,1,3.1,0,25,2,2/25,12.5,7.89,9.5,0,0,SK Gedara,SWE
869,S Ghimire (POR),3,3,8.0,0,69,2,1/19,34.5,8.62,24,0,0,S Ghimire,POR
870,Ghulam Abbas Butt (FIN),3,3,8.0,0,68,2,2/30,34,8.5,24,0,0,Ghulam Abbas Butt,FIN
871,A Gulati (BHM),1,1,4.0,0,42,2,2/42,21,10.5,12,0,0,A Gulati,BHM
872,Haider Ali (UAE),1,1,4.0,0,17,2,2/17,8.5,4.25,12,0,0,Haider Ali,UAE
873,F Hand (IRE),5,5,8.0,0,83,2,1/11,41.5,10.37,24,0,0,F Hand,IRE
874,Hardeep Singh (CYP),2,2,6.5,0,59,2,1/25,29.5,8.63,20.5,0,0,Hardeep Singh,CYP
875,Haroon Arshad (HKG),3,3,6.3,0,50,2,1/8,25,7.69,19.5,0,0,Haroon Arshad,HKG
876,Hassnain Shah (OMA),3,3,8.0,0,60,2,1/12,30,7.5,24,0,0,Hassnain Shah,OMA
877,RJ Hatchman (GIBR),7,7,14.0,0,207,2,1/32,103.5,14.78,42,0,0,RJ Hatchman,GIBR
878,M Heingo (NAM),1,1,3.0,0,32,2,2/32,16,10.66,9,0,0,M Heingo,NAM
879,J Henry (STHEL),1,1,4.0,0,28,2,2/28,14,7,12,0,0,J Henry,STHEL
880,J Horrocks (GIBR),5,5,13.0,0,106,2,2/24,53,8.15,39,0,0,J Horrocks,GIBR
881,MJ Humphreys (IRE),1,1,2.0,0,10,2,2/10,5,5,6,0,0,MJ Humphreys,IRE
882,Huzaifa Mohammed (PHI),4,4,16.0,2,108,2,2/8,54,6.75,48,0,0,Huzaifa Mohammed,PHI
883,Lee Hwanhee (SKOR),2,2,2.0,0,31,2,2/6,15.5,15.5,6,0,0,Lee Hwanhee,SKOR
884,Ibrahim Nashath (MDV),4,4,8.0,0,52,2,1/12,26,6.5,24,0,0,Ibrahim Nashath,MDV
885,A Ilaoa (Samoa),1,1,3.0,0,28,2,2/28,14,9.33,9,0,0,A Ilaoa,Samoa
886,Imran Ahmed Kaneez (CRC),1,1,1.0,1,0,2,2/0,0,0,3,0,0,Imran Ahmed Kaneez,CRC
887,Asif Iqbal (SKOR),2,2,5.0,0,42,2,1/14,21,8.4,15,0,0,Asif Iqbal,SKOR
888,VR Iyer (IND),2,2,4.0,0,40,2,2/36,20,10,12,0,0,VR Iyer,IND
889,S Jamil (BEL),5,5,8.4,0,84,2,1/15,42,9.69,26,0,0,S Jamil,BEL
890,Javed Maroofkhail (NOR),1,1,3.0,0,14,2,2/14,7,4.66,9,0,0,Javed Maroofkhail,NOR
891,M Jenkinson (FIN),1,1,2.0,0,11,2,2/11,5.5,5.5,6,0,0,M Jenkinson,FIN
892,D Johnson (SUI),2,2,5.0,0,44,2,2/35,22,8.8,15,0,0,D Johnson,SUI
893,T Kahamker (ISR),1,1,4.0,0,30,2,2/30,15,7.5,12,0,0,T Kahamker,ISR
894,AUKDS Kalugala (CYP),3,3,7.0,1,51,2,1/10,25.5,7.28,21,0,0,AUKDS Kalugala,CYP
895,Karan KC (NEP),1,1,2.0,0,30,2,2/30,15,15,6,0,0,Karan KC,NEP
896,K Kato-Stafford (JPN),6,6,10.0,0,79,2,2/3,39.5,7.9,30,0,0,K Kato-Stafford,JPN
897,H Kaushik (UAE),9,9,20.0,0,154,2,1/15,77,7.7,60,0,0,H Kaushik,UAE
898,B Keganne (BOT),3,3,6.0,0,59,2,2/15,29.5,9.83,18,0,0,B Keganne,BOT
899,Khin Aye (MYAN),4,4,5.0,0,50,2,2/5,25,10,15,0,0,Khin Aye,MYAN
900,H Khogiyani (AUT),7,7,15.4,0,118,2,1/7,59,7.53,47,0,0,H Khogiyani,AUT
901,ML Kostic (SRB),3,3,5.5,0,87,2,1/23,43.5,14.91,17.5,0,0,ML Kostic,SRB
902,SP Krishnamurthi (USA),2,2,5.0,0,21,2,2/13,10.5,4.2,15,0,0,SP Krishnamurthi,USA
903,M Kulfiwala (SWZ),1,1,0.5,0,1,2,2/1,0.5,1.2,2.5,0,0,M Kulfiwala,SWZ
904,Kulwinderjeet Singh (PHI),1,1,0.5,0,6,2,2/6,3,7.2,2.5,0,0,Kulwinderjeet Singh,PHI
905,P Kurup (BHR),1,1,2.4,0,10,2,2/10,5,3.75,8,0,0,P Kurup,BHR
906,C Kyewuta (UGA),1,1,4.0,0,28,2,2/28,14,7,12,0,0,C Kyewuta,UGA
907,W Landman (SWZ),1,1,3.0,0,37,2,2/37,18.5,12.33,9,0,0,W Landman,SWZ
908,AR Leo (STHEL),1,1,3.0,0,17,2,2/17,8.5,5.66,9,0,0,AR Leo,STHEL
909,B Lewis (Blz),3,3,6.0,1,38,2,2/10,19,6.33,18,0,0,B Lewis,Blz
910,ZB Lion-Cachet (NED),6,6,10.4,0,62,2,2/5,31,5.81,32,0,0,ZB Lion-Cachet,NED
911,O Lutbayar (MNG),3,3,9.0,0,97,2,1/35,48.5,10.77,27,0,0,O Lutbayar,MNG
912,S Maduranga (SKOR),4,4,9.0,0,59,2,2/16,29.5,6.55,27,0,0,S Maduranga,SKOR
913,SKDT Madusanka (SEY),5,5,7.0,0,103,2,2/36,51.5,14.71,21,0,0,SKDT Madusanka,SEY
914,RM Magare (CZK-R),5,5,16.0,0,110,2,1/25,55,6.87,48,0,0,RM Magare,CZK-R
915,T Makaya (MWI),3,3,9.0,0,53,2,1/18,26.5,5.88,27,0,0,T Makaya,MWI
916,Manish Sharma (CAM),1,1,4.0,0,25,2,2/25,12.5,6.25,12,0,0,Manish Sharma,CAM
917,Marcelle Hanekom (CAM),3,3,6.0,0,50,2,1/10,25,8.33,18,0,0,Marcelle Hanekom,CAM
918,DE Martel (GUE),3,3,9.0,0,62,2,1/8,31,6.88,27,0,0,DE Martel,GUE
919,KR Mayers (WI),2,2,3.0,0,38,2,2/26,19,12.66,9,0,0,KR Mayers,WI
920,Md Shuayeb (CAM),3,3,4.0,0,37,2,1/10,18.5,9.25,12,0,0,Md Shuayeb,CAM
921,AS Mehmi (GRC),4,4,8.2,0,63,2,1/11,31.5,7.56,25,0,0,AS Mehmi,GRC
922,B Mejaro (LES),2,2,6.0,0,55,2,1/25,27.5,9.16,18,0,0,B Mejaro,LES
923,TS Mills (ENG),3,3,9.1,0,86,2,2/30,43,9.38,27.5,0,0,TS Mills,ENG
924,B Mngoma (SWZ),2,2,2.4,0,11,2,1/1,5.5,4.12,8,0,0,B Mngoma,SWZ
925,Mohammad Saifuddin (BAN),2,2,6.0,0,55,2,1/27,27.5,9.16,18,0,0,Mohammad Saifuddin,BAN
926,Mohammed Faraazuddin (UAE),5,5,14.0,0,125,2,1/15,62.5,8.92,42,0,0,Mohammed Faraazuddin,UAE
927,Mohammed Nadeem (QAT),3,3,12.0,0,69,2,1/19,34.5,5.75,36,0,0,Mohammed Nadeem,QAT
928,L Monanthane (LES),4,4,9.0,0,59,2,2/9,29.5,6.55,27,0,0,L Monanthane,LES
929,DR Mousley (ENG),3,3,6.0,0,46,2,2/29,23,7.66,18,0,0,DR Mousley,ENG
930,T Mpatane (BOT),2,2,6.0,0,64,2,2/46,32,10.66,18,0,0,T Mpatane,BOT
931,N Mugabe (KENYA),4,4,9.2,0,75,2,2/6,37.5,8.03,28,0,0,N Mugabe,KENYA
932,Muhamad Syahadat (MAS),3,3,3.5,0,19,2,2/6,9.5,4.95,11.5,0,0,Muhamad Syahadat,MAS
933,Muhammad Moiz (ROM),5,5,11.0,1,93,2,1/15,46.5,8.45,33,0,0,Muhammad Moiz,ROM
934,Muhammad Waseem (UAE),6,6,9.0,0,115,2,1/8,57.5,12.77,27,0,0,Muhammad Waseem,UAE
935,Muhammet Kursat (TKY),2,2,3.0,0,27,2,2/17,13.5,9,9,0,0,Muhammet Kursat,TKY
936,D Muhumuza (UGA),3,3,7.0,0,55,2,2/14,27.5,7.85,21,0,0,D Muhumuza,UGA
937,FC Muniz (BRA),2,2,4.0,0,39,2,1/15,19.5,9.75,12,0,0,FC Muniz,BRA
938,Murid Ekrami (BEL),3,3,7.2,0,81,2,2/10,40.5,11.04,22,0,0,Murid Ekrami,BEL
939,WP Myburgh (NAM),3,3,8.0,0,61,2,2/22,30.5,7.62,24,0,0,WP Myburgh,NAM
940,Najjam Shahzad (POR),2,2,5.0,0,28,2,1/2,14,5.6,15,0,0,Najjam Shahzad,POR
941,Natim Hassam (POR),2,2,7.0,0,48,2,2/22,24,6.85,21,0,0,Natim Hassam,POR
942,Nawaf Ahmed (KUW),2,2,4.3,0,40,2,2/10,20,8.88,13.5,0,0,Nawaf Ahmed,KUW
943,I Ntirenganya (RWN),6,6,11.5,0,118,2,1/11,59,9.97,35.5,0,0,I Ntirenganya,RWN
944,Obed Yosef (VAN),3,3,8.0,0,57,2,1/19,28.5,7.12,24,0,0,Obed Yosef,VAN
945,MJ Owen (AUS),4,4,5.0,0,59,2,1/14,29.5,11.8,15,0,0,MJ Owen,AUS
946,D Parashar (UAE),3,3,8.0,0,54,2,1/10,27,6.75,24,0,0,D Parashar,UAE
947,Parveen Kumar (CAN),2,2,7.0,0,57,2,1/24,28.5,8.14,21,0,0,Parveen Kumar,CAN
948,Pavandeep Singh (MAS),1,1,4.0,0,21,2,2/21,10.5,5.25,12,0,0,Pavandeep Singh,MAS
949,K Pierre (WI),2,2,4.0,0,36,2,2/23,18,9,12,0,0,K Pierre,WI
950,RJ Pierre (RWN),6,6,12.0,0,114,2,2/12,57,9.5,36,0,0,RJ Pierre,RWN
951,P Pirabakaran (Fran),1,1,1.0,0,11,2,2/11,5.5,11,3,0,0,P Pirabakaran,Fran
952,B Pondani (MWI),1,1,2.0,0,12,2,2/12,6,6,6,0,0,B Pondani,MWI
953,M Prasanna (ROM),3,3,9.0,0,89,2,1/22,44.5,9.88,27,0,0,M Prasanna,ROM
954,A Prashar (HUN),1,1,2.0,0,8,2,2/8,4,4,6,0,0,A Prashar,HUN
955,Qasim Akram (PAK),1,1,1.5,0,5,2,2/5,2.5,2.72,5.5,0,0,Qasim Akram,PAK
956,Raag Kapur (HKG),2,2,5.0,0,41,2,2/23,20.5,8.2,15,0,0,Raag Kapur,HKG
957,TKP Rajapaksha (SEY),3,3,12.0,0,100,2,1/27,50,8.33,36,0,0,TKP Rajapaksha,SEY
958,KC Ramamoorthy (INA),2,2,5.0,0,34,2,2/23,17,6.8,15,0,0,KC Ramamoorthy,INA
959,D Ramani (CZK-R),1,1,4.0,0,26,2,2/26,13,6.5,12,0,0,D Ramani,CZK-R
960,Rameez Khan (ROM),1,1,4.0,0,32,2,2/32,16,8,12,0,0,Rameez Khan,ROM
961,J Rasu (VAN),3,3,9.0,0,76,2,1/24,38,8.44,27,0,0,J Rasu,VAN
962,P Rathnayake (SL),1,1,2.0,0,11,2,2/11,5.5,5.5,6,0,0,P Rathnayake,SL
963,Ravinderpal Singh (CAN),2,2,1.1,0,14,2,2/10,7,12,3.5,0,0,Ravinderpal Singh,CAN
964,MJG Rippon (NZ),1,1,4.0,0,37,2,2/37,18.5,9.25,12,0,0,MJG Rippon,NZ
965,T Rossi (Arg),1,1,3.0,0,30,2,2/30,15,10,9,0,0,T Rossi,Arg
966,Shahbaz Ahmed (IND),2,2,5.2,0,41,2,1/13,20.5,7.68,16,0,0,Shahbaz Ahmed,IND
967,Sahel Zadran (AUT),6,6,14.4,0,108,2,1/9,54,7.36,44,0,0,Sahel Zadran,AUT
968,Saif Hassan (BAN),7,7,12.0,0,94,2,2/18,47,7.83,36,0,0,Saif Hassan,BAN
969,Salman Patel (Zamb),3,3,7.1,0,74,2,1/23,37,10.32,21.5,0,0,Salman Patel,Zamb
970,YS Samra (CAN),1,1,2.0,0,13,2,2/13,6.5,6.5,6,0,0,YS Samra,CAN
971,O Sam Arthur (CRC),2,2,5.0,0,28,2,2/11,14,5.6,15,0,0,O Sam Arthur,CRC
972,Sandeep Goud (OMA),6,6,8.0,0,64,2,1/7,32,8,24,0,0,Sandeep Goud,OMA
973,Sandeep Goud (BHM),6,6,14.0,0,138,2,1/23,69,9.85,42,0,0,Sandeep Goud,BHM
974,Sandeep Nair (BUL),4,4,8.0,0,70,2,2/14,35,8.75,24,0,0,Sandeep Nair,BUL
975,Saqib Zulfiqar (NED),4,4,9.0,0,52,2,2/16,26,5.77,27,0,0,Saqib Zulfiqar,NED
976,Saran Aslam (DEN),2,2,4.0,0,22,2,2/14,11,5.5,12,0,0,Saran Aslam,DEN
977,H Satheedevi (CRT),2,2,4.0,0,28,2,2/12,14,7,12,0,0,H Satheedevi,CRT
978,K Sathish (SGP),3,3,6.0,1,40,2,2/19,20,6.66,18,0,0,K Sathish,SGP
979,BV Sears (NZ),1,1,4.0,0,42,2,2/42,21,10.5,12,0,0,BV Sears,NZ
980,Shamim Hossain (BAN),8,8,11.4,0,96,2,1/10,48,8.22,35,0,0,Shamim Hossain,BAN
981,V Shaw (Sur),2,2,4.0,0,19,2,1/4,9.5,4.75,12,0,0,V Shaw,Sur
982,Sher Sahak (NOR),2,2,3.0,0,26,2,1/10,13,8.66,9,0,0,Sher Sahak,NOR
983,Shoriful Islam (BAN),3,3,9.0,0,98,2,2/40,49,10.88,27,0,0,Shoriful Islam,BAN
984,Sikander Billah (BHR),4,4,7.4,0,52,2,1/9,26,6.78,23,0,0,Sikander Billah,BHR
985,ED Silva (KUW),5,5,10.0,0,104,2,2/22,52,10.4,30,0,0,ED Silva,KUW
986,IC Simao (BRA),1,1,4.0,0,24,2,2/24,12,6,12,0,0,IC Simao,BRA
987,R Smith (BHM),1,1,4.0,0,31,2,2/31,15.5,7.75,12,0,0,R Smith,BHM
988,LI Salomone (MOZ),1,1,4.0,0,29,2,2/29,14.5,7.25,12,0,0,LI Salomone,MOZ
989,CAH Stevenson (USA),2,2,7.0,0,54,2,1/23,27,7.71,21,0,0,CAH Stevenson,USA
990,Sulaiman Ali (BUL),3,3,6.0,0,65,2,2/32,32.5,10.83,18,0,0,Sulaiman Ali,BUL
991,Tanzeel Sheikh (KENYA),3,3,6.0,1,36,2,2/15,18,6,18,0,0,Tanzeel Sheikh,KENYA
992,Tanzim Hasan Sakib (BAN),1,1,4.0,0,36,2,2/36,18,9,12,0,0,Tanzim Hasan Sakib,BAN
993,Tarun Yadav (BUL),3,3,3.5,0,21,2,2/7,10.5,5.47,11.5,0,0,Tarun Yadav,BUL
994,M Taylor (BHM),3,3,11.2,0,98,2,1/19,49,8.64,34,0,0,M Taylor,BHM
995,C Tchale (MWI),2,2,5.0,0,45,2,2/36,22.5,9,15,0,0,C Tchale,MWI
996,MK Thakur (THA),1,1,3.0,0,9,2,2/9,4.5,3,9,0,0,MK Thakur,THA
997,S Thakur (ROM),1,1,4.0,0,36,2,2/36,18,9,12,0,0,S Thakur,ROM
998,R Thapliyal (BEL),1,1,1.2,0,14,2,2/14,7,10.5,4,0,0,R Thapliyal,BEL
999,A Tripathi (Mex),2,2,2.0,0,26,2,2/4,13,13,6,0,0,A Tripathi,Mex
1000,R Trumpelmann (NAM),1,1,4.0,0,39,2,2/39,19.5,9.75,12,0,0,R Trumpelmann,NAM
1001,M Tuilaepa (Samoa),2,2,4.0,0,36,2,1/3,18,9,12,0,0,M Tuilaepa,Samoa
1002,DJ Turkich (CRT),3,3,10.0,1,51,2,2/13,25.5,5.1,30,0,0,DJ Turkich,CRT
1003,I Uboh (NGA),4,4,8.0,0,63,2,1/21,31.5,7.87,24,0,0,I Uboh,NGA
1004,VM Vaghela (USA),1,1,3.0,0,12,2,2/12,6,4,9,0,0,VM Vaghela,USA
1005,JDF Vandersay (SL),7,7,26.2,0,227,2,1/25,113.5,8.62,79,0,0,JDF Vandersay,SL
1006,DV Varghese (BUL),4,4,6.4,0,50,2,1/7,25,7.5,20,0,0,DV Varghese,BUL
1007,VN Veetil (QAT),2,2,7.0,0,57,2,1/24,28.5,8.14,21,0,0,VN Veetil,QAT
1008,Vichanath Singh (THA),1,1,4.0,1,19,2,2/19,9.5,4.75,12,0,0,Vichanath Singh,THA
1009,RV Viraj (CAM),3,3,5.0,0,64,2,2/32,32,12.8,15,0,0,RV Viraj,CAM
1010,Virendra Kumar (ISR),2,2,5.0,0,28,2,2/20,14,5.6,15,0,0,Virendra Kumar,ISR
1011,S Vithayathil (),1,1,3.0,0,8,2,2/8,4,2.66,9,0,0,S Vithayathil,
1012,JM Vujnovich (CRT),5,5,14.3,0,122,2,1/16,61,8.41,43.5,0,0,JM Vujnovich,CRT
1013,FN Walsh (PHI),1,1,4.0,0,58,2,2/58,29,14.5,12,0,0,FN Walsh,PHI
1014,Walter Behr (GER),1,1,4.0,0,31,2,2/31,15.5,7.75,12,0,0,Walter Behr,GER
1015,T Wangchuk (BHU),2,2,6.0,0,37,2,2/28,18.5,6.16,18,0,0,T Wangchuk,BHU
1016,Waqas Ali (BEL),2,2,4.4,0,35,2,2/26,17.5,7.5,14,0,0,Waqas Ali,BEL
1017,Wasim Ali (OMA),4,4,9.0,0,52,2,2/23,26,5.77,27,0,0,Wasim Ali,OMA
1018,DN Wellalage (SL),3,3,11.0,0,97,2,1/27,48.5,8.81,33,0,0,DN Wellalage,SL
1019,KY Wilfried (CIV),2,2,8.0,0,100,2,1/37,50,12.5,24,0,0,KY Wilfried,CIV
1020,MA Wood (ENG),3,3,7.0,0,71,2,1/24,35.5,10.14,21,0,0,MA Wood,ENG
1021,D Wotu (VAN),2,2,4.3,0,27,2,2/22,13.5,6,13.5,0,0,D Wotu,VAN
1022,SA Yadav (IND),1,1,1.0,0,5,2,2/5,2.5,5,3,0,0,SA Yadav,IND
1023,HN Ya France (NAM),4,4,6.0,0,42,2,1/14,21,7,18,0,0,HN Ya France,NAM
1024,Yahya Suhail (TLS),3,3,8.0,0,66,2,2/25,33,8.25,24,0,0,Yahya Suhail,TLS
1025,Ye Ko Ko (MYAN),1,1,4.0,0,28,2,2/28,14,7,12,0,0,Ye Ko Ko,MYAN
1026,CA Young (IRE),1,1,4.0,0,27,2,2/27,13.5,6.75,12,0,0,CA Young,IRE
1027,Zahir Khan (AFG),2,2,4.0,0,34,2,2/20,17,8.5,12,0,0,Zahir Khan,AFG
1028,C Zavoiu (ROM),5,5,6.2,0,63,2,1/19,31.5,9.94,19,0,0,C Zavoiu,ROM
1029,Zhao Tianle (CHN),3,3,6.0,0,65,2,1/10,32.5,10.83,18,0,0,Zhao Tianle,CHN
1030,Aakash Chand (NEP),1,1,3.0,0,16,1,1/16,16,5.33,18,0,0,Aakash Chand,NEP
1031,Aamer Jamal (PAK),2,2,4.0,0,43,1,1/13,43,10.75,24,0,0,Aamer Jamal,PAK
1032,Aarif Sheikh (NEP),4,4,6.0,0,57,1,1/17,57,9.5,36,0,0,Aarif Sheikh,NEP
1033,Z Abbasi (BOT),2,2,4.0,1,16,1,1/7,16,4,24,0,0,Z Abbasi,BOT
1034,Abdullah Sheikh (NOR),1,1,4.0,0,20,1,1/20,20,5,24,0,0,Abdullah Sheikh,NOR
1035,Abdul Salam Khan (KSA),2,2,5.0,0,37,1,1/24,37,7.4,30,0,0,Abdul Salam Khan,KSA
1036,Abdul Makda (PAN),1,1,4.0,0,17,1,1/17,17,4.25,24,0,0,Abdul Makda,PAN
1037,Abdul Samad (JPN),1,1,2.0,0,4,1,1/4,4,2,12,0,0,Abdul Samad,JPN
1038,KH Abe (JPN),1,1,1.0,0,8,1,1/8,8,8,6,0,0,KH Abe,JPN
1039,Abhishek Anand (JPN),2,2,2.0,0,8,1,1/4,8,4,12,0,0,Abhishek Anand,JPN
1040,CN Ackermann (NED),1,1,4.0,0,27,1,1/27,27,6.75,24,0,0,CN Ackermann,NED
1041,Adam Senn (CYP),2,2,7.0,0,48,1,1/30,48,6.85,42,0,0,Adam Senn,CYP
1042,Adeel Tariq (AUT),1,1,2.0,0,13,1,1/13,13,6.5,12,0,0,Adeel Tariq,AUT
1043,Adnan Mirza (QAT),4,4,10.0,0,81,1,1/31,81,8.1,60,0,0,Adnan Mirza,QAT
1044,Adnan Razzaq (BEL),2,2,4.0,0,39,1,1/13,39,9.75,24,0,0,Adnan Razzaq,BEL
1045,Ahsan Khan (BUL),1,1,2.0,0,10,1,1/10,10,5,12,0,0,Ahsan Khan,BUL
1046,F Akankwasa (UGA),3,3,7.0,0,47,1,1/22,47,6.71,42,0,0,F Akankwasa,UGA
1047,Akramullah Malikzada (HUN),3,3,3.0,0,44,1,1/7,44,14.66,18,0,0,Akramullah Malikzada,HUN
1048,GG Alta (TKY),2,2,4.0,0,36,1,1/20,36,9,24,0,0,GG Alta,TKY
1049,KO Altamirano (CRC),1,1,0.3,0,6,1,1/6,6,12,3,0,0,KO Altamirano,CRC
1050,M Altankhuyag (MNG),1,1,2.0,0,55,1,1/55,55,27.5,12,0,0,M Altankhuyag,MNG
1051,Amjad Sher (FIN),1,1,2.0,0,19,1,1/19,19,9.5,12,0,0,Amjad Sher,FIN
1052,G Angeletti (Arg),2,2,4.4,0,28,1,1/9,28,6,28,0,0,G Angeletti,Arg
1053,Anoop Orsu (LUX),3,3,5.0,0,53,1,1/15,53,10.6,30,0,0,Anoop Orsu,LUX
1054,VRB Arachchige (MLT),2,2,2.0,0,12,1,1/7,12,6,12,0,0,VRB Arachchige,MLT
1055,Arslan Basharat (HUN),2,2,5.0,0,47,1,1/31,47,9.4,30,0,0,Arslan Basharat,HUN
1056,Arun Yadav (TAN),1,1,2.0,0,20,1,1/20,20,10,12,0,0,Arun Yadav,TAN
1057,U Aryaman Sunil (SGP),1,1,4.0,0,32,1,1/32,32,8,24,0,0,U Aryaman Sunil,SGP
1058,Aryan Lakra (UAE),2,2,4.0,0,32,1,1/24,32,8,24,0,0,Aryan Lakra,UAE
1059,Asad Ali Rehemtulla (BUL),3,3,7.0,0,96,1,1/26,96,13.71,42,0,0,Asad Ali Rehemtulla,BUL
1060,A Ashok (NZ),1,1,4.0,0,28,1,1/28,28,7,24,0,0,A Ashok,NZ
1061,SMHH Aung (MYAN),1,1,1.0,0,17,1,1/17,17,17,6,0,0,SMHH Aung,MYAN
1062,A Awasthi (CRT),2,2,3.0,0,42,1,1/32,42,14,18,0,0,A Awasthi,CRT
1063,Azam Khalil (SWE),1,1,4.0,0,25,1,1/25,25,6.25,24,0,0,Azam Khalil,SWE
1064,KS Bagabena (GHA),3,3,6.0,0,49,1,1/29,49,8.16,36,0,0,KS Bagabena,GHA
1065,MM Baig (QAT),2,2,2.0,0,21,1,1/7,21,10.5,12,0,0,MM Baig,QAT
1066,DS Bajwa (CAN),4,4,4.0,0,36,1,1/21,36,9,24,0,0,DS Bajwa,CAN
1067,G Bakiweyem (GHA),1,1,2.0,0,17,1,1/17,17,8.5,12,0,0,G Bakiweyem,GHA
1068,I Bardis (GRC),1,1,1.0,0,12,1,1/12,12,12,6,0,0,I Bardis,GRC
1069,BJ Bennett (ZIM),10,10,12.2,0,105,1,1/4,105,8.51,74,0,0,BJ Bennett,ZIM
1070,H Beresford-Peirse (CRT),1,1,2.0,0,32,1,1/32,32,16,12,0,0,H Beresford-Peirse,CRT
1071,RD Berrington (SCOT),1,1,1.0,0,13,1,1/13,13,13,6,0,0,RD Berrington,SCOT
1072,S Biko (KENYA),2,2,6.0,0,33,1,1/26,33,5.5,36,0,0,S Biko,KENYA
1073,Z Bimenyimana (RWN),3,3,5.2,0,47,1,1/15,47,8.81,32,0,0,Z Bimenyimana,RWN
1074,ML Bojang (GMB),1,1,1.0,0,2,1,1/2,2,2,6,0,0,ML Bojang,GMB
1075,K Boniface (NGA),2,2,4.0,0,34,1,1/14,34,8.5,24,0,0,K Boniface,NGA
1076,M Brasier (FIN),3,3,6.5,0,79,1,1/34,79,11.56,41,0,0,M Brasier,FIN
1077,DE Burgess (Samoa),5,5,7.5,0,56,1,1/12,56,7.14,47,0,0,DE Burgess,Samoa
1078,J Butler (GUE),2,2,5.0,0,51,1,1/36,51,10.2,30,0,0,J Butler,GUE
1079,P Cabebula (Fiji),1,1,4.0,0,26,1,1/26,26,6.5,24,0,0,P Cabebula,Fiji
1080,G Cambell (Falk),1,1,2.0,0,13,1,1/13,13,6.5,12,0,0,G Cambell,Falk
1081,M Campopiano (ITA),2,2,4.0,0,23,1,1/12,23,5.75,24,0,0,M Campopiano,ITA
1082,Y Cariah (WI),2,2,6.0,0,43,1,1/15,43,7.16,36,0,0,Y Cariah,WI
1083,HL Carlyon (JER),4,4,4.0,0,23,1,1/4,23,5.75,24,0,0,HL Carlyon,JER
1084,PVD Chameera (SL),1,1,4.0,0,34,1,1/34,34,8.5,24,0,0,PVD Chameera,SL
1085,Chaudhary Akram (NOR),2,2,4.0,0,36,1,1/18,36,9,24,0,0,Chaudhary Akram,NOR
1086,F Choudary (SWE),2,2,3.0,0,31,1,1/17,31,10.33,18,0,0,F Choudary,SWE
1087,JA Clarkson (NZ),1,1,1.0,0,8,1,1/8,8,8,6,0,0,JA Clarkson,NZ
1088,Davion Codner (CAY),3,3,5.0,0,47,1,1/14,47,9.4,30,0,0,Davion Codner,CAY
1089,S Conteh (SLE),1,1,1.0,0,3,1,1/3,3,3,6,0,0,S Conteh,SLE
1090,M Cope (LUX),2,2,6.0,0,30,1,1/13,30,5,36,0,0,M Cope,LUX
1091,TL Cutler (VAN),1,1,3.0,0,31,1,1/31,31,10.33,18,0,0,TL Cutler,VAN
1092,JJ Davidson (SCOT),2,2,5.0,0,34,1,1/19,34,6.8,30,0,0,JJ Davidson,SCOT
1093,S Davizi (CZK-R),4,4,8.0,0,51,1,1/25,51,6.37,48,0,0,S Davizi,CZK-R
1094,A Denuwan (ITA),3,3,6.2,0,50,1,1/17,50,7.89,38,0,0,A Denuwan,ITA
1095,STRA de Silva (SEY),5,5,9.2,0,88,1,1/23,88,9.42,56,0,0,STRA de Silva,SEY
1096,P Desungnoen (THA),2,2,4.0,0,34,1,1/18,34,8.5,24,0,0,P Desungnoen,THA
1097,SM Dhakal (NEP),2,2,6.0,0,43,1,1/29,43,7.16,36,0,0,SM Dhakal,NEP
1098,MT Diaby (Mali),1,1,4.0,0,35,1,1/35,35,8.75,24,0,0,MT Diaby,Mali
1099,R Dianish (MLT),2,2,3.0,0,23,1,1/15,23,7.66,18,0,0,R Dianish,MLT
1100,J Dickinson (SCOT),1,1,4.0,0,23,1,1/23,23,5.75,24,0,0,J Dickinson,SCOT
1101,C Dickson (COK),3,3,7.5,0,45,1,1/14,45,5.74,47,0,0,C Dickson,COK
1102,W Dlamini (SWZ),2,2,3.0,0,32,1,1/20,32,10.66,18,0,0,W Dlamini,SWZ
1103,DT Doram (NED),1,1,4.0,0,25,1,1/25,25,6.25,24,0,0,DT Doram,NED
1104,DC Drakes (WI),2,2,4.0,0,43,1,1/37,43,10.75,24,0,0,DC Drakes,WI
1105,JNX du Plooy (HUN),2,2,5.0,0,51,1,1/37,51,10.2,30,0,0,JNX du Plooy,HUN
1106,A Dutt (NED),1,1,4.0,0,45,1,1/45,45,11.25,24,0,0,A Dutt,NED
1107,V Dwivedi (EST),2,2,5.0,0,35,1,1/28,35,7,30,0,0,V Dwivedi,EST
1108,J Dzulfikar (INA),3,3,4.5,0,36,1,1/21,36,7.44,29,0,0,J Dzulfikar,INA
1109,Ebadot Hossain (BAN),1,1,3.1,0,25,1,1/25,25,7.89,19,0,0,Ebadot Hossain,BAN
1110,B Evans (ZIM),2,2,7.0,0,54,1,1/22,54,7.71,42,0,0,B Evans,ZIM
1111,Faizalmahmed Patel (SWZ),1,1,4.0,0,40,1,1/40,40,10,24,0,0,Faizalmahmed Patel,SWZ
1112,Fakhrul Mohon (POR),4,4,9.0,1,80,1,1/15,80,8.88,54,0,0,Fakhrul Mohon,POR
1113,G Fatouros (GRC),1,1,4.0,0,13,1,1/13,13,3.25,24,0,0,G Fatouros,GRC
1114,LH Ferguson (NZ),2,2,5.0,0,35,1,1/28,35,7,30,0,0,LH Ferguson,NZ
1115,D Ferreira (SA),3,3,7.1,0,55,1,1/13,55,7.67,43,0,0,D Ferreira,SA
1116,JA Fitzgerald (GIBR),3,3,5.0,0,61,1,1/25,61,12.2,30,0,0,JA Fitzgerald,GIBR
1117,M Fontaine (HUN),5,5,5.5,0,62,1,1/17,62,10.62,35,0,0,M Fontaine,HUN
1118,BC Fortuin (SA),2,2,6.0,0,53,1,1/28,53,8.83,36,0,0,BC Fortuin,SA
1119,S Fouche (NAM),2,2,4.0,0,35,1,1/30,35,8.75,24,0,0,S Fouche,NAM
1120,R Fox (BHM),6,6,9.5,0,88,1,1/9,88,8.94,59,0,0,R Fox,BHM
1121,Franz Bur (Arg),1,1,2.0,0,16,1,1/16,16,8,12,0,0,Franz Bur,Arg
1122,Gagandeep Singh (BUL),2,2,5.0,0,50,1,1/23,50,10,30,0,0,Gagandeep Singh,BUL
1123,P Gopalkrishnan (QAT),1,1,1.0,0,5,1,1/5,5,5,6,0,0,P Gopalkrishnan,QAT
1124,M Gunasekara (CYP),3,3,4.0,0,19,1,1/13,19,4.75,24,0,0,M Gunasekara,CYP
1125,A Gupta (NOR),1,1,2.0,0,24,1,1/24,24,12,12,0,0,A Gupta,NOR
1126,Gurpreet Singh (Mex),1,1,1.0,0,3,1,1/3,3,3,6,0,0,Gurpreet Singh,Mex
1127,T Gwandu (ZIM),1,1,2.0,0,6,1,1/6,6,3,12,0,0,T Gwandu,ZIM
1128,V Hampihallikar (SGP),5,5,9.0,0,97,1,1/30,97,10.77,54,0,0,V Hampihallikar,SGP
1129,Hamza Dar (ESP),4,4,5.0,0,36,1,1/1,36,7.2,30,0,0,Hamza Dar,ESP
1130,Haris Karim (SVN),1,1,3.0,0,39,1,1/39,39,13,18,0,0,Haris Karim,SVN
1131,Harprit Singh (Mex),1,1,2.0,0,11,1,1/11,11,5.5,12,0,0,Harprit Singh,Mex
1132,Harry Johnson (GUE),1,1,2.0,0,18,1,1/18,18,9,12,0,0,Harry Johnson,GUE
1133,Hasan Cakir (TKY),1,1,1.0,0,5,1,1/5,5,5,6,0,0,Hasan Cakir,TKY
1134,JAM Henri (POR),1,1,4.0,0,31,1,1/31,31,7.75,24,0,0,JAM Henri,POR
1135,P Heron (CAY),1,1,1.0,0,8,1,1/8,8,8,6,0,0,P Heron,CAY
1136,OJ Herrington (BEL),2,2,3.0,0,21,1,1/12,21,7,18,0,0,OJ Herrington,BEL
1137,K Hinds (BHM),1,1,4.0,0,17,1,1/17,17,4.25,24,0,0,K Hinds,BHM
1138,P Hingorani (ROM),3,3,4.3,0,40,1,1/17,40,8.88,27,0,0,P Hingorani,ROM
1139,S Hongsi (THA),2,2,2.0,0,32,1,1/11,32,16,12,0,0,S Hongsi,THA
1140,DR Hooper (GUE),2,2,5.0,0,39,1,1/12,39,7.8,30,0,0,DR Hooper,GUE
1141,Hussain Saadhin (MDV),2,2,2.0,0,24,1,1/4,24,12,12,0,0,Hussain Saadhin,MDV
1142,RF Hutton (PHI),1,1,1.0,0,13,1,1/13,13,13,6,0,0,RF Hutton,PHI
1143,Huzaif Yousuf (BUL),4,4,9.4,1,108,1,1/2,108,11.17,58,0,0,Huzaif Yousuf,BUL
1144,Ibrahim Rahimi (NOR),3,3,2.5,0,35,1,1/8,35,12.35,17,0,0,Ibrahim Rahimi,NOR
1145,Ihsanullah Wafa (SWE),2,2,2.0,0,16,1,1/3,16,8,12,0,0,Ihsanullah Wafa,SWE
1146,Irshad Mubbashar (KSA),2,2,2.0,0,22,1,1/15,22,11,12,0,0,Irshad Mubbashar,KSA
1147,Jahandad Khan (PAK),1,1,1.1,0,23,1,1/23,23,19.71,7,0,0,Jahandad Khan,PAK
1148,K Jaikaran (Sur),1,1,2.0,0,23,1,1/23,23,11.5,12,0,0,K Jaikaran,Sur
1149,D Jansen (IOM),1,1,4.0,0,21,1,1/21,21,5.25,24,0,0,D Jansen,IOM
1150,Jasdeep Singh (USA),1,1,3.0,0,37,1,1/37,37,12.33,18,0,0,Jasdeep Singh,USA
1151,Jaskaran Singh (CAN),2,2,6.0,0,64,1,1/15,64,10.66,36,0,0,Jaskaran Singh,CAN
1152,Javid Patel (Zamb),1,1,4.0,0,27,1,1/27,27,6.75,24,0,0,Javid Patel,Zamb
1153,V Jayant (LES),2,2,4.0,0,41,1,1/19,41,10.25,24,0,0,V Jayant,LES
1154,P Jayawickrama (SL),1,1,4.0,0,43,1,1/43,43,10.75,24,0,0,P Jayawickrama,SL
1155,B Jerkovic (CRT),3,3,3.0,0,26,1,1/6,26,8.66,18,0,0,B Jerkovic,CRT
1156,AA Jimoh (NGA),1,1,3.0,0,14,1,1/14,14,4.66,18,0,0,AA Jimoh,NGA
1157,MW Jones (SCOT),1,1,2.0,0,25,1,1/25,25,12.5,12,0,0,MW Jones,SCOT
1158,SI Kamea (PNG),1,1,3.0,0,23,1,1/23,23,7.66,18,0,0,SI Kamea,PNG
1159,Kashif Siddique (KSA),1,1,0.2,0,1,1,1/1,1,3,2,0,0,Kashif Siddique,KSA
1160,B Kgosiemang (BOT),1,1,2.4,0,28,1,1/28,28,10.5,16,0,0,B Kgosiemang,BOT
1161,Khaibar Deldar (HUN),2,2,6.0,0,53,1,1/41,53,8.83,36,0,0,Khaibar Deldar,HUN
1162,Khalid Ahmadi (BEL),1,1,4.0,0,27,1,1/27,27,6.75,24,0,0,Khalid Ahmadi,BEL
1163,A Kheterpal (HUN),1,1,1.4,0,2,1,1/2,2,1.2,10,0,0,A Kheterpal,HUN
1164,H Klazinge (NAM),2,2,3.0,0,28,1,1/17,28,9.33,18,0,0,H Klazinge,NAM
1165,R Klein (NED),2,2,4.0,0,45,1,1/18,45,11.25,24,0,0,R Klein,NED
1166,HK Kukreja (SGP),2,2,4.0,0,51,1,1/22,51,12.75,24,0,0,HK Kukreja,SGP
1167,NR Kumar (USA),2,2,4.0,0,24,1,1/13,24,6,24,0,0,NR Kumar,USA
1168,CBRLS Kumara (SL),1,1,3.0,0,37,1,1/37,37,12.33,18,0,0,CBRLS Kumara,SL
1169,D Finau (Samoa),4,4,5.0,0,59,1,1/20,59,11.8,30,0,0,D Finau,Samoa
1170,L Lamin (SLE),4,4,7.0,0,71,1,1/14,71,10.14,42,0,0,L Lamin,SLE
1171,B Schuster (Samoa),1,1,1.0,0,11,1,1/11,11,11,6,0,0,B Schuster,Samoa
1172,KDA Lukies (PHI),1,1,3.5,0,17,1,1/17,17,4.43,23,0,0,KDA Lukies,PHI
1173,Luke Ward (IOM),1,1,1.0,0,4,1,1/4,4,4,6,0,0,Luke Ward,IOM
1174,P Madhukar (MAS),1,1,4.0,0,25,1,1/25,25,6.25,24,0,0,P Madhukar,MAS
1175,Mahedi Hasan (BAN),1,1,2.2,0,30,1,1/30,30,12.85,14,0,0,Mahedi Hasan,BAN
1176,BF Mailata (Samoa),3,3,4.0,0,48,1,1/28,48,12,24,0,0,BF Mailata,Samoa
1177,D Malinga (SWZ),1,1,2.0,0,28,1,1/28,28,14,12,0,0,D Malinga,SWZ
1178,A Manousis (GRC),2,2,5.0,0,34,1,1/14,34,6.8,30,0,0,A Manousis,GRC
1179,Manpreet Singh (SGP),6,6,16.0,0,129,1,1/19,129,8.06,96,0,0,Manpreet Singh,SGP
1180,D Marks (MLT),3,3,10.0,0,70,1,1/26,70,7,60,0,0,D Marks,MLT
1181,MR Marsh (AUS),3,3,5.0,0,42,1,1/21,42,8.4,30,0,0,MR Marsh,AUS
1182,Mazharul Islam (SEY),3,3,3.5,0,41,1,1/29,41,10.69,23,0,0,Mazharul Islam,SEY
1183,Ma Qiancheng (CHN),1,1,4.0,0,17,1,1/17,17,4.25,24,0,0,Ma Qiancheng,CHN
1184,B McMullen (SCOT),3,3,5.0,0,45,1,1/26,45,9,30,0,0,B McMullen,SCOT
1185,GP Meade (ITA),3,3,4.0,0,27,1,1/4,27,6.75,24,0,0,GP Meade,ITA
1186,Michael Charlie (PNG),1,1,3.0,0,16,1,1/16,16,5.33,18,0,0,Michael Charlie,PNG
1187,EJB Miles (JER),2,2,6.0,0,35,1,1/23,35,5.83,36,0,0,EJB Miles,JER
1188,SJ Modani (USA),1,1,1.0,0,2,1,1/2,2,2,6,0,0,SJ Modani,USA
1189,Mohameed Taiwo (NGA),2,2,2.2,0,6,1,1/2,6,2.57,14,0,0,Mohameed Taiwo,NGA
1190,Mohammad Shamshad Khan (SLE),3,3,5.0,0,33,1,1/27,33,6.6,30,0,0,Mohammad Shamshad Khan,SLE
1191,PK Mohanarangam (Mex),2,2,4.0,0,24,1,1/17,24,6,24,0,0,PK Mohanarangam,Mex
1192,Muhammad Fahad (TKY),3,3,8.0,0,61,1,1/29,61,7.62,48,0,0,Muhammad Fahad,TKY
1193,Muhammad Farooq (CYP),1,1,1.0,0,2,1,1/2,2,2,6,0,0,Muhammad Farooq,CYP
1194,Muhammad Muneeb (BEL),2,2,3.0,0,30,1,1/18,30,10,18,0,0,Muhammad Muneeb,BEL
1195,Muhammad Murad (QAT),1,1,2.2,0,18,1,1/18,18,7.71,14,0,0,Muhammad Murad,QAT
1196,Muhammad Tahir (GRC),2,2,2.5,0,21,1,1/9,21,7.41,17,0,0,Muhammad Tahir,GRC
1197,D Mullen (GUE),2,2,4.2,0,34,1,1/19,34,7.84,26,0,0,D Mullen,GUE
1198,GBW Munaweera (QAT),1,1,4.0,0,54,1,1/54,54,13.5,24,0,0,GBW Munaweera,QAT
1199,C Munoz-Mills (ESP),1,1,1.0,0,3,1,1/3,3,3,6,0,0,C Munoz-Mills,ESP
1200,Musaddiq Ahmed (GER),3,3,10.0,0,64,1,1/22,64,6.4,60,0,0,Musaddiq Ahmed,GER
1201,Mustafa Atmaca (TKY),1,1,1.0,0,14,1,1/14,14,14,6,0,0,Mustafa Atmaca,TKY
1202,Mustapha Suwareh (GMB),2,2,3.0,0,52,1,1/6,52,17.33,18,0,0,Mustapha Suwareh,GMB
1203,V Nagpaul (SGP),1,1,2.0,0,15,1,1/15,15,7.5,12,0,0,V Nagpaul,SGP
1204,D Nanda (INA),1,1,4.0,0,13,1,1/13,13,3.25,24,0,0,D Nanda,INA
1205,PV Naringrekar (CRC),2,2,4.0,1,16,1,1/4,16,4,24,0,0,PV Naringrekar,CRC
1206,RV Nascimento (BRA),2,2,5.0,0,40,1,1/16,40,8,30,0,0,RV Nascimento,BRA
1207,Nazmul Huda (TLS),1,1,3.0,0,21,1,1/21,21,7,18,0,0,Nazmul Huda,TLS
1208,K Nestor (GIBR),1,1,1.0,0,2,1,1/2,2,2,6,0,0,K Nestor,GIBR
1209,JD Newton (CRT),1,1,3.0,0,10,1,1/10,10,3.33,18,0,0,JD Newton,CRT
1210,NZ Nhaduate (MOZ),2,2,5.0,0,36,1,1/24,36,7.2,30,0,0,NZ Nhaduate,MOZ
1211,N Nazmussakib (SKOR),1,1,1.2,0,17,1,1/17,17,12.75,8,0,0,N Nazmussakib,SKOR
1212,Noah Mead (Samoa),3,3,7.0,0,80,1,1/34,80,11.42,42,0,0,Noah Mead,Samoa
1213,L Nyarko (GHA),1,1,3.0,0,11,1,1/11,11,3.66,18,0,0,L Nyarko,GHA
1214,W O'Rourke (NZ),1,1,4.0,0,26,1,1/26,26,6.5,24,0,0,W O'Rourke,NZ
1215,CO Obuya (KENYA),5,5,10.0,0,80,1,1/7,80,8,60,0,0,CO Obuya,KENYA
1216,MP O'Dowd (NED),2,2,5.0,0,35,1,1/9,35,7,30,0,0,MP O'Dowd,NED
1217,RJG Palmer (JER),1,1,4.0,0,22,1,1/22,22,5.5,24,0,0,RJG Palmer,JER
1218,D Panda (Mex),1,1,4.0,0,24,1,1/24,24,6,24,0,0,D Panda,Mex
1219,NMS Param (SGP),1,1,0.3,0,2,1,1/2,2,4,3,0,0,NMS Param,SGP
1220,MW Parkinson (ENG),2,2,6.0,0,65,1,1/44,65,10.83,36,0,0,MW Parkinson,ENG
1221,HMHE Parsons (SKOR),2,2,2.0,0,33,1,1/11,33,16.5,12,0,0,HMHE Parsons,SKOR
1222,Parveen Kumar (FIN),3,3,8.0,0,56,1,1/17,56,7,48,0,0,Parveen Kumar,FIN
1223,Parvindar Kumar (KUW),1,1,3.0,0,30,1,1/30,30,10,18,0,0,Parvindar Kumar,KUW
1224,YI Patel (KUW),2,2,6.0,0,32,1,1/17,32,5.33,36,0,0,YI Patel,KUW
1225,AR Patwa (TAN),2,2,2.0,0,18,1,1/4,18,9,12,0,0,AR Patwa,TAN
1226,KMA Paul (WI),2,2,3.0,0,33,1,1/24,33,11,18,0,0,KMA Paul,WI
1227,T Perera (BOT),4,4,9.0,0,76,1,1/36,76,8.44,54,0,0,T Perera,BOT
1228,S Pillai (CRC),1,1,2.0,0,8,1,1/8,8,4,12,0,0,S Pillai,CRC
1229,JE Pitcher (BER),3,3,6.0,0,52,1,1/21,52,8.66,36,0,0,JE Pitcher,BER
1230,R Powell (WI),8,8,8.5,0,103,1,1/27,103,11.66,53,0,0,R Powell,WI
1231,J Proctor (BER),2,2,6.0,0,28,1,1/11,28,4.66,36,0,0,J Proctor,BER
1232,P Pustoslemsek (SVN),3,3,7.0,0,53,1,1/31,53,7.57,42,0,0,P Pustoslemsek,SVN
1233,K Rabada (SA),1,1,2.0,0,11,1,1/11,11,5.5,12,0,0,K Rabada,SA
1234,Rafiulah Alokozai (BEL),2,2,3.0,0,45,1,1/30,45,15,18,0,0,Rafiulah Alokozai,BEL
1235,Rafiullah (OMA),8,8,13.0,0,133,1,1/18,133,10.23,78,0,0,Rafiullah,OMA
1236,AM Rajpurohit (GMB),1,1,4.0,0,30,1,1/30,30,7.5,24,0,0,AM Rajpurohit,GMB
1237,TJ Ramphoma (LES),1,1,3.0,0,22,1,1/22,22,7.33,18,0,0,TJ Ramphoma,LES
1238,SS Ranjane (USA),3,3,4.0,0,26,1,1/6,26,6.5,24,0,0,SS Ranjane,USA
1239,Rashid Khan (NEP),1,1,3.0,0,48,1,1/48,48,16,18,0,0,Rashid Khan,NEP
1240,Raunaq Kapur (HKG),1,1,2.0,0,24,1,1/24,24,12,12,0,0,Raunaq Kapur,HKG
1241,RA Reifer (WI),2,2,5.0,0,60,1,1/42,60,12,30,0,0,RA Reifer,WI
1242,Rhys Burinaga (PHI),1,1,2.1,0,9,1,1/9,9,4.15,13,0,0,Rhys Burinaga,PHI
1243,KW Richardson (AUS),1,1,3.3,0,22,1,1/22,22,6.28,21,0,0,KW Richardson,AUS
1244,Rizwan Haider (MAS),1,1,1.0,0,5,1,1/5,5,5,6,0,0,Rizwan Haider,MAS
1245,SI Runsewe (NGA),1,1,2.0,0,14,1,1/14,14,7,12,0,0,SI Runsewe,NGA
1246,AD Russell (WI),2,2,4.0,0,53,1,1/37,53,13.25,24,0,0,AD Russell,WI
1247,SE Rutherford (WI),2,2,3.0,0,43,1,1/20,43,14.33,18,0,0,SE Rutherford,WI
1248,Sajid Khan Afridi (GRC),2,2,6.0,0,64,1,1/24,64,10.66,36,0,0,Sajid Khan Afridi,GRC
1249,R Sakurano-Thomas (JPN),2,2,2.0,1,8,1,1/0,8,4,12,0,0,R Sakurano-Thomas,JPN
1250,NM Salonen (FIN),1,1,4.0,0,33,1,1/33,33,8.25,24,0,0,NM Salonen,FIN
1251,Saurabh Kumar (SKOR),3,3,5.0,0,54,1,1/8,54,10.8,30,0,0,Saurabh Kumar,SKOR
1252,Saqib Naveed (EST),1,1,4.0,0,40,1,1/40,40,10,24,0,0,Saqib Naveed,EST
1253,IP Swaney (SGP),5,5,5.0,0,62,1,1/10,62,12.4,30,0,0,IP Swaney,SGP
1254,RA Sealy (CAY),1,1,1.0,0,3,1,1/3,3,3,6,0,0,RA Sealy,CAY
1255,G Sesay (SLE),1,1,1.0,0,2,1,1/2,2,2,6,0,0,G Sesay,SLE
1256,Shagharai Sefat (BEL),2,2,7.0,0,54,1,1/24,54,7.71,42,0,0,Shagharai Sefat,BEL
1257,Shahab Alam (NEP),3,3,9.0,0,67,1,1/15,67,7.44,54,0,0,Shahab Alam,NEP
1258,Shahid Ahmadzai (CAN),1,1,2.0,0,27,1,1/27,27,13.5,12,0,0,Shahid Ahmadzai,CAN
1259,Shamsullah Ehsan (TKY),1,1,3.0,0,23,1,1/23,23,7.66,18,0,0,Shamsullah Ehsan,TKY
1260,S Shanmugam (CRC),1,1,2.0,0,8,1,1/8,8,4,12,0,0,S Shanmugam,CRC
1261,R Sharma (SGP),2,2,3.0,0,28,1,1/17,28,9.33,18,0,0,R Sharma,SGP
1262,DK Shetty (INA),1,1,3.0,0,11,1,1/11,11,3.66,18,0,0,DK Shetty,INA
1263,SPS Shikongo (NAM),2,2,3.0,0,24,1,1/8,24,8,18,0,0,SPS Shikongo,NAM
1264,A Shukla (CRT),2,2,6.0,0,52,1,1/40,52,8.66,36,0,0,A Shukla,CRT
1265,LA Simango (MOZ),1,1,1.0,0,5,1,1/5,5,5,6,0,0,LA Simango,MOZ
1266,H Singh (GER),2,2,3.0,0,28,1,1/18,28,9.33,18,0,0,H Singh,GER
1267,C Smith (MAS),1,1,1.4,0,15,1,1/15,15,9,10,0,0,C Smith,MAS
1268,M Smith (),1,1,3.0,0,29,1,1/29,29,9.66,18,0,0,M Smith,
1269,Sohail Ahmad (CRT),2,2,2.0,0,15,1,1/7,15,7.5,12,0,0,Sohail Ahmad,CRT
1270,Suhail Sattar (TLS),1,1,3.0,0,20,1,1/20,20,6.66,18,0,0,Suhail Sattar,TLS
1271,CB Sole (SCOT),1,1,3.0,0,17,1,1/17,17,5.66,18,0,0,CB Sole,SCOT
1272,M Spoors (CAN),1,1,2.0,0,5,1,1/5,5,2.5,12,0,0,M Spoors,CAN
1273,SSM Stanislaus (MLT),2,2,3.1,0,30,1,1/4,30,9.47,19,0,0,SSM Stanislaus,MLT
1274,BA Stokes (ENG),2,2,3.0,0,28,1,1/10,28,9.33,18,0,0,BA Stokes,ENG
1275,S Sugaya-Slater (JPN),1,1,2.0,0,8,1,1/8,8,4,12,0,0,S Sugaya-Slater,JPN
1276,Sukhkaran Sahi (ROM),3,3,5.3,0,54,1,1/30,54,9.81,33,0,0,Sukhkaran Sahi,ROM
1277,V Sukumaran (UAE),2,2,2.0,0,29,1,1/4,29,14.5,12,0,0,V Sukumaran,UAE
1278,Sumit Singh (FIN),2,2,4.0,0,39,1,1/18,39,9.75,24,0,0,Sumit Singh,FIN
1279,Surya Anand (DEN),1,1,2.0,0,7,1,1/7,7,3.5,12,0,0,Surya Anand,DEN
1280,R Swart (BOT),1,1,2.0,0,13,1,1/13,13,6.5,12,0,0,R Swart,BOT
1281,Shayan Khan (EST),1,1,2.0,0,17,1,1/17,17,8.5,12,0,0,Shayan Khan,EST
1282,Syed Ali Gillani (SWE),1,1,3.0,0,17,1,1/17,17,5.66,18,0,0,Syed Ali Gillani,SWE
1283,Syed Aqeel Israr (GHA),1,1,3.0,0,13,1,1/13,13,4.33,18,0,0,Syed Aqeel Israr,GHA
1284,Taimur Khan (SWE),1,1,1.0,1,0,1,1/0,0,0,6,0,0,Taimur Khan,SWE
1285,Tanvir Islam (BAN),2,2,6.0,0,44,1,1/30,44,7.33,36,0,0,Tanvir Islam,BAN
1286,GT Taylor (BHM),3,3,7.0,0,42,1,1/22,42,6,42,0,0,GT Taylor,BHM
1287,VE Tembo (MOZ),2,2,5.0,0,56,1,1/46,56,11.2,30,0,0,VE Tembo,MOZ
1288,Tenjin Rabgey (BHU),3,3,5.0,0,26,1,1/10,26,5.2,30,0,0,Tenjin Rabgey,BHU
1289,T Yotharat (THA),1,1,1.0,0,9,1,1/9,9,9,6,0,0,T Yotharat,THA
1290,TO Thilappan (SGP),3,3,9.0,0,85,1,1/45,85,9.44,54,0,0,TO Thilappan,SGP
1291,J Thomas (STHEL),3,3,7.0,0,41,1,1/15,41,5.85,42,0,0,J Thomas,STHEL
1292,OSB Tilley (CRT),2,2,4.5,0,41,1,1/31,41,8.48,29,0,0,OSB Tilley,CRT
1293,G Toka (PNG),1,1,3.0,0,20,1,1/20,20,6.66,18,0,0,G Toka,PNG
1294,O Touray (GMB),2,2,3.0,0,46,1,1/31,46,15.33,18,0,0,O Touray,GMB
1295,T Tumursukh (MNG),4,4,8.0,0,115,1,1/14,115,14.37,48,0,0,T Tumursukh,MNG
1296,Umair Sharif (KSA),1,1,2.0,0,7,1,1/7,7,3.5,12,0,0,Umair Sharif,KSA
1297,Usman Najeeb (KSA),1,1,2.0,0,12,1,1/12,12,6,12,0,0,Usman Najeeb,KSA
1298,LV van Beek (NED),4,4,12.0,0,89,1,1/12,89,7.41,72,0,0,LV van Beek,NED
1299,T van der Gugten (NED),3,3,8.0,0,81,1,1/31,81,10.12,48,0,0,T van der Gugten,NED
1300,M Vandrasi (CZK-R),3,3,6.0,0,50,1,1/14,50,8.33,36,0,0,M Vandrasi,CZK-R
1301,JK Vifah (GHA),2,2,3.4,0,27,1,1/12,27,7.36,22,0,0,JK Vifah,GHA
1302,H Virdee (LUX),1,1,2.0,0,26,1,1/26,26,13,12,0,0,H Virdee,LUX
1303,Vishal Sharma (NOR),2,2,3.0,0,38,1,1/28,38,12.66,18,0,0,Vishal Sharma,NOR
1304,Walid Ghauri (NOR),3,3,5.0,0,40,1,1/18,40,8,30,0,0,Walid Ghauri,NOR
1305,IGTP Wiguna (INA),3,3,5.0,0,43,1,1/16,43,8.6,30,0,0,IGTP Wiguna,INA
1306,DJ Willey (ENG),1,1,4.0,0,31,1,1/31,31,7.75,24,0,0,DJ Willey,ENG
1307,S Williams (SLE),1,1,2.0,0,19,1,1/19,19,9.5,12,0,0,S Williams,SLE
1308,B Yadav (NEP),6,6,7.1,0,70,1,1/14,70,9.76,43,0,0,B Yadav,NEP
1309,MP Yadav (IND),1,1,4.0,0,30,1,1/30,30,7.5,24,0,0,MP Yadav,IND
1310,K Yamamoto-Lake (JPN),1,1,2.0,0,7,1,1/7,7,3.5,12,0,0,K Yamamoto-Lake,JPN
1311,Yousuf Ali (QAT),4,4,7.0,0,60,1,1/16,60,8.57,42,0,0,Yousuf Ali,QAT
1312,Zahid Ali (UAE),1,1,2.0,0,15,1,1/15,15,7.5,12,0,0,Zahid Ali,UAE
1313,Zeeshan Abbas (BHR),2,2,5.0,0,45,1,1/30,45,9,30,0,0,Zeeshan Abbas,BHR
1314,Zeshan Arif (AUT),3,3,5.0,0,56,1,1/23,56,11.2,30,0,0,Zeshan Arif,AUT
1315,Zikria Islam (OMA),3,3,6.0,0,34,1,1/4,34,5.66,36,0,0,Zikria Islam,OMA
1316,V Zimonjic (SRB),1,1,3.0,1,2,1,1/2,2,0.66,18,0,0,V Zimonjic,SRB
1317,Zulqarnain Haider (ESP),2,2,3.0,0,22,1,1/15,22,7.33,18,0,0,Zulqarnain Haider,ESP
1318,Zwe Htet Paing (MYAN),2,2,2.0,0,30,1,1/21,30,15,12,0,0,Zwe Htet Paing,MYAN
1319,RGD Mitchell (PHI),1,1,1.0,0,13,0,0,0,13,0,0,0,RGD Mitchell,PHI
1320,Aamir Lal (SKOR),1,1,4.0,0,21,0,0,0,5.25,0,0,0,Aamir Lal,SKOR
1321,SA Abbott (AUS),1,1,1.0,0,11,0,0,0,11,0,0,0,SA Abbott,AUS
1322,Abdullah Shahid (MDV),1,1,1.0,0,12,0,0,0,12,0,0,0,Abdullah Shahid,MDV
1323,Abdul Majid Malik (BHR),1,1,3.0,0,24,0,0,0,8,0,0,0,Abdul Majid Malik,BHR
1324,JB Abega (CAM),1,1,2.0,0,11,0,0,0,5.5,0,0,0,JB Abega,CAM
1325,Adnan Gondal (POR),1,1,2.0,0,5,0,0,0,2.5,0,0,0,Adnan Gondal,POR
1326,Adnan Shnwarei (NOR),1,1,1.0,0,8,0,0,0,8,0,0,0,Adnan Shnwarei,NOR
1327,JKC Ahir (PAN),3,3,3.1,0,34,0,0,0,10.73,0,0,0,JKC Ahir,PAN
1328,N Ahir (PAN),1,1,2.0,0,29,0,0,0,14.5,0,0,0,N Ahir,PAN
1329,VC Ahir (PAN),2,2,6.0,0,53,0,0,0,8.83,0,0,0,VC Ahir,PAN
1330,Ahmed Wardak (GER),1,1,1.0,0,16,0,0,0,16,0,0,0,Ahmed Wardak,GER
1331,RJ Ainsworth (HUN),2,2,1.5,0,23,0,0,0,12.54,0,0,0,RJ Ainsworth,HUN
1332,Akash Babu (QAT),1,1,1.0,0,11,0,0,0,11,0,0,0,Akash Babu,QAT
1333,B Akhilesh Reddy (USA),1,1,4.0,0,14,0,0,0,3.5,0,0,0,B Akhilesh Reddy,USA
1334,Ali Muaaz (GRC),1,1,0.1,0,1,0,0,0,6,0,0,0,Ali Muaaz,GRC
1335,A Amado (ISR),1,1,1.0,0,12,0,0,0,12,0,0,0,A Amado,ISR
1336,RGA Amah (CAM),1,1,2.0,0,19,0,0,0,9.5,0,0,0,RGA Amah,CAM
1337,A Andrews (SUI),1,1,1.0,0,21,0,0,0,21,0,0,0,A Andrews,SUI
1338,Andre Jarju (GMB),1,1,1.0,0,20,0,0,0,20,0,0,0,Andre Jarju,GMB
1339,Anik Ahmed (ITA),1,1,1.0,0,16,0,0,0,16,0,0,0,Anik Ahmed,ITA
1340,Anique Uddin (DEN),1,1,2.0,0,20,0,0,0,10,0,0,0,Anique Uddin,DEN
1341,Ankit Dubey (SWE),1,1,2.0,0,13,0,0,0,6.5,0,0,0,Ankit Dubey,SWE
1342,DNA Ankrah (NGA),2,2,2.0,0,35,0,0,0,17.5,0,0,0,DNA Ankrah,NGA
1343,Anmoldeep Singh (ITA),2,2,3.0,0,38,0,0,0,12.66,0,0,0,Anmoldeep Singh,ITA
1344,Ansar Iqbal (NOR),1,1,1.0,0,13,0,0,0,13,0,0,0,Ansar Iqbal,NOR
1345,PUKK Arachchige (FIN),1,1,1.0,0,9,0,0,0,9,0,0,0,PUKK Arachchige,FIN
1346,SRMJJ Arachchilage (CYP),3,3,5.0,0,33,0,0,0,6.6,0,0,0,SRMJJ Arachchilage,CYP
1347,Khan Arbaaz (LES),1,1,1.0,0,10,0,0,0,10,0,0,0,Khan Arbaaz,LES
1348,Arif Nasir Uddin (QAT),3,3,8.0,0,61,0,0,0,7.62,0,0,0,Arif Nasir Uddin,QAT
1349,Asif Khan (UAE),1,1,1.0,0,3,0,0,0,3,0,0,0,Asif Khan,UAE
1350,Asim Ashraf (GMB),3,3,10.0,0,115,0,0,0,11.5,0,0,0,Asim Ashraf,GMB
1351,Assad Borham (QAT),1,1,1.0,0,12,0,0,0,12,0,0,0,Assad Borham,QAT
1352,MFI Assuncao (BRA),2,2,3.0,0,52,0,0,0,17.33,0,0,0,MFI Assuncao,BRA
1353,SK Atai (PNG),1,1,1.0,0,6,0,0,0,6,0,0,0,SK Atai,PNG
1354,Ateeq Iqbal (HKG),1,1,1.0,0,15,0,0,0,15,0,0,0,Ateeq Iqbal,HKG
1355,Atif Kamal (LUX),1,1,1.0,0,6,0,0,0,6,0,0,0,Atif Kamal,LUX
1356,Atif Mehmood (ESP),1,1,2.0,0,10,0,0,0,5,0,0,0,Atif Mehmood,ESP
1357,R Avery (BRA),2,2,7.0,0,62,0,0,0,8.85,0,0,0,R Avery,BRA
1358,Ayaz Dadabhai (Zamb),1,1,2.0,0,9,0,0,0,4.5,0,0,0,Ayaz Dadabhai,Zamb
1359,Ayyaz Qureshi (SVN),1,1,2.0,0,15,0,0,0,7.5,0,0,0,Ayyaz Qureshi,SVN
1360,Azri Azhar (MAS),2,2,4.0,0,26,0,0,0,6.5,0,0,0,Azri Azhar,MAS
1361,J Baleicikoibia (Fiji),1,1,1.0,0,19,0,0,0,19,0,0,0,J Baleicikoibia,Fiji
1362,Baljit Singh (ITA),2,2,3.0,0,7,0,0,0,2.33,0,0,0,Baljit Singh,ITA
1363,JR Barry (BHM),1,1,4.0,0,33,0,0,0,8.25,0,0,0,JR Barry,BHM
1364,Basil George (MLT),2,2,2.0,0,31,0,0,0,15.5,0,0,0,Basil George,MLT
1365,E Batkhuyag (MNG),1,1,3.0,0,25,0,0,0,8.33,0,0,0,E Batkhuyag,MNG
1366,EF Beard (IOM),2,2,3.0,0,19,0,0,0,6.33,0,0,0,EF Beard,IOM
1367,L Berthe (Mali),1,1,1.0,0,14,0,0,0,14,0,0,0,L Berthe,Mali
1368,C Bevin (CRT),1,1,3.0,0,39,0,0,0,13,0,0,0,C Bevin,CRT
1369,S Bevin (CRT),1,1,0.2,0,14,0,0,0,42,0,0,0,S Bevin,CRT
1370,R Bharathan (CRC),1,1,1.0,0,13,0,0,0,13,0,0,0,R Bharathan,CRC
1371,AR Bisht (OMA),1,1,1.0,0,9,0,0,0,9,0,0,0,AR Bisht,OMA
1372,WK Bitis (CRT),1,1,2.0,0,18,0,0,0,9,0,0,0,WK Bitis,CRT
1373,JT Brassell (NAM),3,3,3.4,0,54,0,0,0,14.72,0,0,0,JT Brassell,NAM
1374,J Broad (GER),2,2,3.3,0,33,0,0,0,9.42,0,0,0,J Broad,GER
1375,A Brownlee (Falk),1,1,1.0,0,8,0,0,0,8,0,0,0,A Brownlee,Falk
1376,IW Budiarta (INA),1,1,2.0,0,25,0,0,0,12.5,0,0,0,IW Budiarta,INA
1377,Z Burgess (BER),1,1,2.0,0,10,0,0,0,5,0,0,0,Z Burgess,BER
1378,O Casasola (Blz),1,1,2.0,0,15,0,0,0,7.5,0,0,0,O Casasola,Blz
1379,MS Chapman (NZ),1,1,1.0,0,4,0,0,0,4,0,0,0,MS Chapman,NZ
1380,TL Chatara (ZIM),1,1,4.0,0,43,0,0,0,10.75,0,0,0,TL Chatara,ZIM
1381,A Chaudhary (SGP),1,1,1.0,0,7,0,0,0,7,0,0,0,A Chaudhary,SGP
1382,A Chenthamara (KUW),1,1,1.0,0,7,0,0,0,7,0,0,0,A Chenthamara,KUW
1383,J Chialoufas (CYP),1,1,1.0,0,12,0,0,0,12,0,0,0,J Chialoufas,CYP
1384,F Clarke (IOM),1,1,2.0,0,14,0,0,0,7,0,0,0,F Clarke,IOM
1385,S Clarke (IOM),1,1,1.0,0,11,0,0,0,11,0,0,0,S Clarke,IOM
1386,SL Clephane (CZK-R),1,1,2.0,0,30,0,0,0,15,0,0,0,SL Clephane,CZK-R
1387,C Connolly (AUS),1,1,3.0,0,26,0,0,0,8.66,0,0,0,C Connolly,AUS
1388,A Conteh (GMB),1,1,4.0,0,30,0,0,0,7.5,0,0,0,A Conteh,GMB
1389,TLW Cooper (NED),2,2,2.0,0,13,0,0,0,6.5,0,0,0,TLW Cooper,NED
1390,P Dakainivanua (Fiji),1,1,4.0,0,25,0,0,0,6.25,0,0,0,P Dakainivanua,Fiji
1391,A Dananjaya (SL),1,1,2.0,0,19,0,0,0,9.5,0,0,0,A Dananjaya,SL
1392,H Dandapani (FIN),1,1,2.0,0,14,0,0,0,7,0,0,0,H Dandapani,FIN
1393,Danyal Raja (BUL),1,1,1.0,0,15,0,0,0,15,0,0,0,Danyal Raja,BUL
1394,JC Darji (TAN),1,1,2.0,0,11,0,0,0,5.5,0,0,0,JC Darji,TAN
1395,David Demba (GMB),1,1,3.0,0,26,0,0,0,8.66,0,0,0,David Demba,GMB
1396,A Daxini (CRT),1,1,0.3,0,3,0,0,0,6,0,0,0,A Daxini,CRT
1397,YP Dayal (Sur),2,2,8.0,0,45,0,0,0,5.62,0,0,0,YP Dayal,Sur
1398,Dayal Joy (SVN),2,2,4.0,0,40,0,0,0,10,0,0,0,Dayal Joy,SVN
1399,P Deol (CYP),1,1,4.0,0,31,0,0,0,7.75,0,0,0,P Deol,CYP
1400,JI de Villiers (NAM),4,4,9.0,0,73,0,0,0,8.11,0,0,0,JI de Villiers,NAM
1401,N Dhamba (OMA),1,1,3.0,0,12,0,0,0,4,0,0,0,N Dhamba,OMA
1402,A Dhar (CAY),2,2,3.0,0,30,0,0,0,10,0,0,0,A Dhar,CAY
1403,Y Divekar (ISR),2,2,2.0,0,31,0,0,0,15.5,0,0,0,Y Divekar,ISR
1404,A Dizija (SRB),2,2,4.0,0,79,0,0,0,19.75,0,0,0,A Dizija,SRB
1405,A Djorovic (SRB),2,2,4.0,0,51,0,0,0,12.75,0,0,0,A Djorovic,SRB
1406,LE Dlamini (SWZ),3,3,2.0,0,20,0,0,0,10,0,0,0,LE Dlamini,SWZ
1407,TW Dlamini (SWZ),1,1,2.0,1,2,0,0,0,1,0,0,0,TW Dlamini,SWZ
1408,A Donovan (PHI),3,3,4.0,0,34,0,0,0,8.5,0,0,0,A Donovan,PHI
1409,U Dorji (BHU),1,1,2.0,0,23,0,0,0,11.5,0,0,0,U Dorji,BHU
1410,J Drysdale (USA),1,1,2.0,0,17,0,0,0,8.5,0,0,0,J Drysdale,USA
1411,S Duggan (Arg),1,1,2.0,0,2,0,0,0,1,0,0,0,S Duggan,Arg
1412,LA Dunbar (SRB),1,1,1.0,0,7,0,0,0,7,0,0,0,LA Dunbar,SRB
1413,E Kuchey (FIN),3,3,6.0,0,53,0,0,0,8.83,0,0,0,E Kuchey,FIN
1414,S Elayaperumal (Mex),1,1,1.0,0,11,0,0,0,11,0,0,0,S Elayaperumal,Mex
1415,Esam Rahman (JPN),2,2,4.0,0,55,0,0,0,13.75,0,0,0,Esam Rahman,JPN
1416,Faisal Khan (KSA),8,8,9.2,0,94,0,0,0,10.07,0,0,0,Faisal Khan,KSA
1417,M Faraz Akram (ZIM),1,1,1.0,0,9,0,0,0,9,0,0,0,M Faraz Akram,ZIM
1418,Fayaz Mohammad (BUL),1,1,1.2,0,18,0,0,0,13.5,0,0,0,Fayaz Mohammad,BUL
1419,Fayyaz Butt (OMA),1,1,2.0,0,29,0,0,0,14.5,0,0,0,Fayyaz Butt,OMA
1420,J Fernando (ROM),2,2,5.0,0,46,0,0,0,9.2,0,0,0,J Fernando,ROM
1421,P Fernando (ITA),1,1,1.0,0,13,0,0,0,13,0,0,0,P Fernando,ITA
1422,RS Fernando (SL),1,1,1.0,0,17,0,0,0,17,0,0,0,RS Fernando,SL
1423,S Foster (CAY),5,5,6.0,0,61,0,0,0,10.16,0,0,0,S Foster,CAY
1424,R Francis (STHEL),1,1,2.0,0,16,0,0,0,8,0,0,0,R Francis,STHEL
1425,RE Francis (TAN),2,2,5.0,0,30,0,0,0,6,0,0,0,RE Francis,TAN
1426,Gabor Torok (HUN),1,1,1.0,0,9,0,0,0,9,0,0,0,Gabor Torok,HUN
1427,LM Gabriel (LES),3,3,4.0,0,38,0,0,0,9.5,0,0,0,LM Gabriel,LES
1428,J Gallimore (BHM),1,1,1.0,0,21,0,0,0,21,0,0,0,J Gallimore,BHM
1429,LR Gaonkar (PAN),1,1,2.0,0,22,0,0,0,11,0,0,0,LR Gaonkar,PAN
1430,JWW Gardner (PNG),1,1,1.0,0,6,0,0,0,6,0,0,0,JWW Gardner,PNG
1431,GK Ghalley (BHU),1,1,1.0,0,13,0,0,0,13,0,0,0,GK Ghalley,BHU
1432,L Gherasim (ROM),1,1,0.4,0,6,0,0,0,9,0,0,0,L Gherasim,ROM
1433,J Ghelzai (AUT),1,1,1.0,0,9,0,0,0,9,0,0,0,J Ghelzai,AUT
1434,M Gherasim (ROM),4,4,4.2,0,37,0,0,0,8.53,0,0,0,M Gherasim,ROM
1435,J Giyanani (UAE),1,1,4.0,0,35,0,0,0,8.75,0,0,0,J Giyanani,UAE
1436,GI Gokoel (Sur),2,2,3.0,0,34,0,0,0,11.33,0,0,0,GI Gokoel,Sur
1437,K Gore (WI),1,1,3.0,0,23,0,0,0,7.66,0,0,0,K Gore,WI
1438,JP Greaves (WI),1,1,1.0,0,14,0,0,0,14,0,0,0,JP Greaves,WI
1439,OJR Groves (SVN),2,2,2.1,0,41,0,0,0,18.92,0,0,0,OJR Groves,SVN
1440,J Grzinic (CRT),1,1,0.1,0,4,0,0,0,24,0,0,0,J Grzinic,CRT
1441,MD Gunathilaka (SL),1,1,0.5,0,8,0,0,0,9.6,0,0,0,MD Gunathilaka,SL
1442,LHB Harrington-Myers (CAY),1,1,1.0,0,21,0,0,0,21,0,0,0,LHB Harrington-Myers,CAY
1443,A Harris (BHM),1,1,1.0,0,11,0,0,0,11,0,0,0,A Harris,BHM
1444,Hasan Murad (BAN),1,1,2.0,0,16,0,0,0,8,0,0,0,Hasan Murad,BAN
1445,Hein Zin Aung (MYAN),1,1,1.0,0,13,0,0,0,13,0,0,0,Hein Zin Aung,MYAN
1446,RR Hendricks (SA),2,2,3.5,0,37,0,0,0,9.65,0,0,0,RR Hendricks,SA
1447,JS Henriksen (DEN),1,1,1.0,0,17,0,0,0,17,0,0,0,JS Henriksen,DEN
1448,V Hettiarachchi (EST),1,1,1.0,0,12,0,0,0,12,0,0,0,V Hettiarachchi,EST
1449,T Hinds (WI),1,1,2.0,0,24,0,0,0,12,0,0,0,T Hinds,WI
1450,S Hunter (),3,3,7.0,0,40,0,0,0,5.71,0,0,0,S Hunter,
1451,Ibrahim Hassan (MDV),2,2,2.0,0,16,0,0,0,8,0,0,0,Ibrahim Hassan,MDV
1452,Ibrahim Sesay (SLE),1,1,0.3,0,10,0,0,0,20,0,0,0,Ibrahim Sesay,SLE
1453,JS Iggo (SGP),1,1,3.0,0,43,0,0,0,14.33,0,0,0,JS Iggo,SGP
1454,Imal Zuwak (SWE),1,1,1.0,0,5,0,0,0,5,0,0,0,Imal Zuwak,SWE
1455,Irfan Sarfraz (KSA),1,1,1.0,0,5,0,0,0,5,0,0,0,Irfan Sarfraz,KSA
1456,Ismail Ali (MDV),2,2,4.0,0,51,0,0,0,12.75,0,0,0,Ismail Ali,MDV
1457,Itibarshah Deedar (AUT),5,5,9.4,0,85,0,0,0,8.79,0,0,0,Itibarshah Deedar,AUT
1458,S Ivetic (SRB),2,2,1.0,0,5,0,0,0,5,0,0,0,S Ivetic,SRB
1459,SS Iyer (IND),1,1,0.2,0,2,0,0,0,6,0,0,0,SS Iyer,IND
1460,KA Jadhav (CAM),1,1,1.0,0,4,0,0,0,4,0,0,0,KA Jadhav,CAM
1461,YBK Jaiswal (IND),1,1,1.0,0,11,0,0,0,11,0,0,0,YBK Jaiswal,IND
1462,Jaspal Singh (MLT),1,1,0.1,0,6,0,0,0,36,0,0,0,Jaspal Singh,MLT
1463,Jatinder Singh (OMA),1,1,0.1,0,6,0,0,0,36,0,0,0,Jatinder Singh,OMA
1464,P Jayeshbhai Patel (PAN),1,1,4.0,0,12,0,0,0,3,0,0,0,P Jayeshbhai Patel,PAN
1465,JM Joao (MOZ),2,2,2.0,0,20,0,0,0,10,0,0,0,JM Joao,MOZ
1466,A Johnson (CAN),2,2,4.0,0,16,0,0,0,4,0,0,0,A Johnson,CAN
1467,D Johnson (CAY),1,1,1.0,0,4,0,0,0,4,0,0,0,D Johnson,CAY
1468,G Johnson (STHEL),1,1,1.0,0,10,0,0,0,10,0,0,0,G Johnson,STHEL
1469,Junaid Siddiqui (CAN),1,1,3.0,0,28,0,0,0,9.33,0,0,0,Junaid Siddiqui,CAN
1470,Jun Hyunwoo (SKOR),1,1,4.0,0,25,0,0,0,6.25,0,0,0,Jun Hyunwoo,SKOR
1471,K Kadowaki-Fleming (JPN),1,1,1.0,0,8,0,0,0,8,0,0,0,K Kadowaki-Fleming,JPN
1472,E Kahamker (ISR),1,1,1.0,0,11,0,0,0,11,0,0,0,E Kahamker,ISR
1473,I Kaia (ZIM),2,2,2.0,0,9,0,0,0,4.5,0,0,0,I Kaia,ZIM
1474,MO Kain (USA),1,1,1.4,0,16,0,0,0,9.6,0,0,0,MO Kain,USA
1475,D Kalvin (SEY),3,3,5.0,0,53,0,0,0,10.6,0,0,0,D Kalvin,SEY
1476,Kamal Soukhiya (LUX),1,1,3.0,0,26,0,0,0,8.66,0,0,0,Kamal Soukhiya,LUX
1477,Kamran Khan (QAT),1,1,1.4,0,42,0,0,0,25.2,0,0,0,Kamran Khan,QAT
1478,NA Karnik (SGP),1,1,2.4,0,46,0,0,0,17.25,0,0,0,NA Karnik,SGP
1479,KD Karthik (IND),1,1,1.0,0,18,0,0,0,18,0,0,0,KD Karthik,IND
1480,Karthik Jayaraj (CAY),1,1,3.0,0,24,0,0,0,8,0,0,0,Karthik Jayaraj,CAY
1481,Kashif Abbas (KSA),1,1,1.0,0,12,0,0,0,12,0,0,0,Kashif Abbas,KSA
1482,Kashif Daud (UAE),1,1,1.0,0,5,0,0,0,5,0,0,0,Kashif Daud,UAE
1483,Kashif Khan (SGP),1,1,1.1,0,15,0,0,0,12.85,0,0,0,Kashif Khan,SGP
1484,M Kasselman (BOT),1,1,1.0,0,11,0,0,0,11,0,0,0,M Kasselman,BOT
1485,I Katzarski (BUL),1,1,1.0,0,18,0,0,0,18,0,0,0,I Katzarski,BUL
1486,Kaung Htet Kyaw (MYAN),1,1,1.0,0,11,0,0,0,11,0,0,0,Kaung Htet Kyaw,MYAN
1487,B Khumalo (BOT),2,2,2.0,0,20,0,0,0,10,0,0,0,B Khumalo,BOT
1488,H Khuttan (POR),2,2,3.2,0,40,0,0,0,12,0,0,0,H Khuttan,POR
1489,RK Kiseto (TAN),1,1,1.0,0,13,0,0,0,13,0,0,0,RK Kiseto,TAN
1490,K Klein (NED),1,1,1.0,0,5,0,0,0,5,0,0,0,K Klein,NED
1491,V Kohli (IND),1,1,1.0,0,6,0,0,0,6,0,0,0,V Kohli,IND
1492,S Kollery (BOT),1,1,2.0,0,15,0,0,0,7.5,0,0,0,S Kollery,BOT
1493,Komang Putra (INA),2,2,2.0,0,21,0,0,0,10.5,0,0,0,Komang Putra,INA
1494,Y Konate (Mali),1,1,3.0,0,16,0,0,0,5.33,0,0,0,Y Konate,Mali
1495,M Kristensen (DEN),1,1,1.0,0,12,0,0,0,12,0,0,0,M Kristensen,DEN
1496,S Kubheka (SWZ),3,3,5.0,0,44,0,0,0,8.8,0,0,0,S Kubheka,SWZ
1497,MP Kuhnemann (AUS),2,2,4.0,0,36,0,0,0,9,0,0,0,MP Kuhnemann,AUS
1498,R Kumar (ROM),2,2,3.0,0,43,0,0,0,14.33,0,0,0,R Kumar,ROM
1499,G Kuthalingham (),1,1,2.0,0,15,0,0,0,7.5,0,0,0,G Kuthalingham,
1500,E Kuyumcu (TKY),1,1,1.0,0,5,0,0,0,5,0,0,0,E Kuyumcu,TKY
1501,D la Cock (NAM),1,1,1.0,0,11,0,0,0,11,0,0,0,D la Cock,NAM
1502,H Lakov (BUL),2,2,3.0,0,25,0,0,0,8.33,0,0,0,H Lakov,BUL
1503,TK Lal (CZK-R),1,1,4.0,0,31,0,0,0,7.75,0,0,0,TK Lal,CZK-R
1504,A Langham (STHEL),1,1,1.0,0,16,0,0,0,16,0,0,0,A Langham,STHEL
1505,AN Lascu (ROM),2,2,3.0,0,42,0,0,0,14,0,0,0,AN Lascu,ROM
1506,AV Lazarus (THA),5,5,7.1,0,45,0,0,0,6.27,0,0,0,AV Lazarus,THA
1507,A Lazic (SRB),2,2,2.0,0,29,0,0,0,14.5,0,0,0,A Lazic,SRB
1508,Lee Kangmin (SKOR),1,1,2.0,0,22,0,0,0,11,0,0,0,Lee Kangmin,SKOR
1509,SE Leluma (LES),1,1,1.0,0,16,0,0,0,16,0,0,0,SE Leluma,LES
1510,ME Leoela (LES),2,2,4.0,0,37,0,0,0,9.25,0,0,0,ME Leoela,LES
1511,KK Lin Thu (MYAN),1,1,3.0,1,8,0,0,0,2.66,0,0,0,KK Lin Thu,MYAN
1512,J Liyanage (SL),2,2,2.2,0,32,0,0,0,13.71,0,0,0,J Liyanage,SL
1513,JR Lucky (CRC),1,1,0.1,0,9,0,0,0,54,0,0,0,JR Lucky,CRC
1514,Maaz Khan (LES),3,3,5.0,0,65,0,0,0,13,0,0,0,Maaz Khan,LES
1515,CS MacLeod (SCOT),1,1,1.0,0,11,0,0,0,11,0,0,0,CS MacLeod,SCOT
1516,HAG Madhushanka (SEY),2,2,3.0,0,36,0,0,0,12,0,0,0,HAG Madhushanka,SEY
1517,SSB Magala (SA),1,1,4.0,0,67,0,0,0,16.75,0,0,0,SSB Magala,SA
1518,A Magdalenic (CRT),2,2,2.0,0,50,0,0,0,25,0,0,0,A Magdalenic,CRT
1519,Mahmad Data (PAN),1,1,0.5,0,8,0,0,0,9.6,0,0,0,Mahmad Data,PAN
1520,Mahmudul Hasan Joy (BAN),1,1,0.2,0,5,0,0,0,15,0,0,0,Mahmudul Hasan Joy,BAN
1521,ML Maiava (Samoa),2,2,4.0,0,33,0,0,0,8.25,0,0,0,ML Maiava,Samoa
1522,E Malinga (SL),1,1,4.0,0,33,0,0,0,8.25,0,0,0,E Malinga,SL
1523,SKR Mallidi (SWE),1,1,1.0,0,16,0,0,0,16,0,0,0,SKR Mallidi,SWE
1524,Manan Ali (KSA),5,5,7.0,0,56,0,0,0,8,0,0,0,Manan Ali,KSA
1525,HJ Manenti (ITA),4,4,8.0,0,71,0,0,0,8.87,0,0,0,HJ Manenti,ITA
1526,MF Manjate (MOZ),1,1,1.0,0,11,0,0,0,11,0,0,0,MF Manjate,MOZ
1527,L Maphane (BOT),1,1,1.0,0,15,0,0,0,15,0,0,0,L Maphane,BOT
1528,B Maphosa (BOT),2,2,1.3,0,26,0,0,0,17.33,0,0,0,B Maphosa,BOT
1529,JK Masara (ZIM),1,1,1.0,0,5,0,0,0,5,0,0,0,JK Masara,ZIM
1530,J Masquater (TAN),2,2,1.4,0,12,0,0,0,7.2,0,0,0,J Masquater,TAN
1531,I Master (BOT),3,3,5.0,0,56,0,0,0,11.2,0,0,0,I Master,BOT
1532,J Matharu (CAN),2,2,6.0,0,45,0,0,0,7.5,0,0,0,J Matharu,CAN
1533,AD Mathews (SL),1,1,1.5,0,35,0,0,0,19.09,0,0,0,AD Mathews,SL
1534,DK Mathias (BHR),3,3,5.0,0,45,0,0,0,9,0,0,0,DK Mathias,BHR
1535,MV Matsau (LES),1,1,1.0,0,11,0,0,0,11,0,0,0,MV Matsau,LES
1536,ZE Matsinhe (MOZ),1,1,2.0,0,5,0,0,0,2.5,0,0,0,ZE Matsinhe,MOZ
1537,Mayank Nagayach (LUX),1,1,3.0,0,18,0,0,0,6,0,0,0,Mayank Nagayach,LUX
1538,CE McConchie (NZ),5,5,7.1,0,80,0,0,0,11.16,0,0,0,CE McConchie,NZ
1539,A Mehmood (HKG),1,1,1.0,0,9,0,0,0,9,0,0,0,A Mehmood,HKG
1540,AB Mengoumou (CAM),2,2,1.1,0,15,0,0,0,12.85,0,0,0,AB Mengoumou,CAM
1541,Milind Kumar (USA),3,3,3.0,1,38,0,0,0,12.66,0,0,0,Milind Kumar,USA
1542,K Mishara (SL),1,1,1.0,0,10,0,0,0,10,0,0,0,K Mishara,SL
1543,W Miyauchi (JPN),1,1,1.0,0,3,0,0,0,3,0,0,0,W Miyauchi,JPN
1544,Mohammad Ahnaff (QAT),1,1,1.0,0,15,0,0,0,15,0,0,0,Mohammad Ahnaff,QAT
1545,Mokbul Ahammed (QAT),2,2,4.0,0,24,0,0,0,6,0,0,0,Mokbul Ahammed,QAT
1546,M Montgomery (GER),1,1,3.0,0,21,0,0,0,7,0,0,0,M Montgomery,GER
1547,LG Moras (BRA),1,1,1.0,0,8,0,0,0,8,0,0,0,LG Moras,BRA
1548,KV Morea (PNG),2,2,4.0,0,36,0,0,0,9,0,0,0,KV Morea,PNG
1549,Z Motara (WI),1,1,1.0,0,13,0,0,0,13,0,0,0,Z Motara,WI
1550,AL Motshegetsi (BOT),1,1,2.0,0,8,0,0,0,4,0,0,0,AL Motshegetsi,BOT
1551,K Mtunduwatha (MWI),1,1,1.0,0,10,0,0,0,10,0,0,0,K Mtunduwatha,MWI
1552,Mubeen Tariq (POR),1,1,2.0,0,32,0,0,0,16,0,0,0,Mubeen Tariq,POR
1553,Iqbal Mudassir (SKOR),2,2,4.0,0,40,0,0,0,10,0,0,0,Iqbal Mudassir,SKOR
1554,Muhammad Ajmal (MLT),1,1,1.0,0,8,0,0,0,8,0,0,0,Muhammad Ajmal,MLT
1555,Muhammad Amin (SWZ),2,2,6.0,0,49,0,0,0,8.16,0,0,0,Muhammad Amin,SWZ
1556,Muhammad Saleem (BRA),2,2,3.0,0,8,0,0,0,2.66,0,0,0,Muhammad Saleem,BRA
1557,Muhammad Saqib (KSA),1,1,4.0,0,64,0,0,0,16,0,0,0,Muhammad Saqib,KSA
1558,Muhammad Usman (HUN),2,2,2.0,0,13,0,0,0,6.5,0,0,0,Muhammad Usman,HUN
1559,Muhammad Younis (BHR),1,1,1.0,0,13,0,0,0,13,0,0,0,Muhammad Younis,BHR
1560,Muhammad Zohaib (UAE),1,1,1.0,0,1,0,0,0,1,0,0,0,Muhammad Zohaib,UAE
1561,Muhammed Manga (GMB),1,1,1.2,0,19,0,0,0,14.25,0,0,0,Muhammed Manga,GMB
1562,Muhammed Turkmen (TKY),1,1,2.0,0,28,0,0,0,14,0,0,0,Muhammed Turkmen,TKY
1563,Muhammet Bicer (TKY),1,1,1.0,0,5,0,0,0,5,0,0,0,Muhammet Bicer,TKY
1564,Mujibur Ali (OMA),1,1,1.0,0,11,0,0,0,11,0,0,0,Mujibur Ali,OMA
1565,PWA Mulder (SA),2,2,2.0,0,30,0,0,0,15,0,0,0,PWA Mulder,SA
1566,Murat Ipek (TKY),1,1,1.0,0,3,0,0,0,3,0,0,0,Murat Ipek,TKY
1567,GC Murtaza (CAM),1,1,1.0,0,20,0,0,0,20,0,0,0,GC Murtaza,CAM
1568,Musa Shaheen (DEN),1,1,1.0,0,10,0,0,0,10,0,0,0,Musa Shaheen,DEN
1569,Musa Twala (SWZ),1,1,2.0,0,24,0,0,0,12,0,0,0,Musa Twala,SWZ
1570,LA Musiani (Arg),2,2,3.0,0,34,0,0,0,11.33,0,0,0,LA Musiani,Arg
1571,Mustafa Balkis (TKY),1,1,0.5,0,9,0,0,0,10.8,0,0,0,Mustafa Balkis,TKY
1572,D Myers (ZIM),2,2,2.0,0,47,0,0,0,23.5,0,0,0,D Myers,ZIM
1573,Nadeem Khan (OMA),1,1,4.0,0,40,0,0,0,10,0,0,0,Nadeem Khan,OMA
1574,A Nagarajan (QAT),5,5,8.0,0,75,0,0,0,9.37,0,0,0,A Nagarajan,QAT
1575,AR Naidoo (CAY),2,2,3.0,0,52,0,0,0,17.33,0,0,0,AR Naidoo,CAY
1576,A Nanda (LUX),1,1,2.0,0,13,0,0,0,6.5,0,0,0,A Nanda,LUX
1577,N Naranbaatar (MNG),2,2,3.0,0,48,0,0,0,16,0,0,0,N Naranbaatar,MNG
1578,BM Narasimha (Mex),1,1,1.0,0,6,0,0,0,6,0,0,0,BM Narasimha,Mex
1579,WSLK Narayana (ISR),2,2,5.0,0,31,0,0,0,6.2,0,0,0,WSLK Narayana,ISR
1580,Ebrahim Naseri (AUT),2,2,3.0,0,28,0,0,0,9.33,0,0,0,Ebrahim Naseri,AUT
1581,Nasum Ahmed (BAN),1,1,1.0,0,12,0,0,0,12,0,0,0,Nasum Ahmed,BAN
1582,Naveena Shetty (BHR),2,2,2.0,0,12,0,0,0,6,0,0,0,Naveena Shetty,BHR
1583,Najmul Hossain Shanto (BAN),2,2,2.0,0,23,0,0,0,11.5,0,0,0,Najmul Hossain Shanto,BAN
1584,A Ndlovu (ZIM),1,1,1.0,0,15,0,0,0,15,0,0,0,A Ndlovu,ZIM
1585,TW Nightingale (GUE),7,7,12.0,0,83,0,0,0,6.91,0,0,0,TW Nightingale,GUE
1586,D Nikolov (BUL),3,3,4.4,0,39,0,0,0,8.35,0,0,0,D Nikolov,BUL
1587,Nilansh Keswani (UAE),3,3,7.0,0,61,0,0,0,8.71,0,0,0,Nilansh Keswani,UAE
1588,K Nitish Kumar Reddy (IND),1,1,2.0,0,17,0,0,0,8.5,0,0,0,K Nitish Kumar Reddy,IND
1589,Noorullah Sidiqi (BEL),1,1,1.0,0,20,0,0,0,20,0,0,0,Noorullah Sidiqi,BEL
1590,NN Odhiambo (KENYA),2,2,5.0,0,67,0,0,0,13.4,0,0,0,NN Odhiambo,KENYA
1591,C Olphert (IRE),2,2,5.0,0,65,0,0,0,13,0,0,0,C Olphert,IRE
1592,Omid Mailk Khel (BEL),1,1,2.0,0,11,0,0,0,5.5,0,0,0,Omid Mailk Khel,BEL
1593,Osama Mahmood (SUI),1,1,2.0,1,10,0,0,0,5,0,0,0,Osama Mahmood,SUI
1594,A Osei (GHA),1,1,1.0,0,7,0,0,0,7,0,0,0,A Osei,GHA
1595,Osman Khan (AUT),1,1,1.0,0,20,0,0,0,20,0,0,0,Osman Khan,AUT
1596,VS Padhaal (FIN),1,1,1.0,0,12,0,0,0,12,0,0,0,VS Padhaal,FIN
1597,BA Pai (GIBR),1,1,2.0,0,13,0,0,0,6.5,0,0,0,BA Pai,GIBR
1598,T Parima (COK),1,1,0.1,0,0,0,0,0,0,0,0,0,T Parima,COK
1599,R Parkin (EST),1,1,4.0,0,33,0,0,0,8.25,0,0,0,R Parkin,EST
1600,P Murungi (UGA),1,1,1.0,0,15,0,0,0,15,0,0,0,P Murungi,UGA
1601,FL Patel (PAN),1,1,1.0,0,4,0,0,0,4,0,0,0,FL Patel,PAN
1602,R Pathan (CAN),1,1,2.0,0,24,0,0,0,12,0,0,0,R Pathan,CAN
1603,BM Pecic (SRB),1,1,4.0,0,32,0,0,0,8,0,0,0,BM Pecic,SRB
1604,W Perchard (JER),3,3,6.0,0,46,0,0,0,7.66,0,0,0,W Perchard,JER
1605,S Pitabeddara (SKOR),1,1,1.0,0,11,0,0,0,11,0,0,0,S Pitabeddara,SKOR
1606,M Podosky (PHI),1,1,1.0,0,17,0,0,0,17,0,0,0,M Podosky,PHI
1607,JM Polarouthu (HUN),1,1,2.0,0,16,0,0,0,8,0,0,0,JM Polarouthu,HUN
1608,KH Prajapati (OMA),2,2,1.2,0,19,0,0,0,14.25,0,0,0,KH Prajapati,OMA
1609,AR Prasad (CAM),3,3,3.5,0,38,0,0,0,9.91,0,0,0,AR Prasad,CAM
1610,Pratis GC (NEP),2,2,6.0,0,55,0,0,0,9.16,0,0,0,Pratis GC,NEP
1611,AEV Puentes (Chile),1,1,0.2,0,6,0,0,0,18,0,0,0,AEV Puentes,Chile
1612,Rahim Khan (MAS),2,2,5.0,0,29,0,0,0,5.8,0,0,0,Rahim Khan,MAS
1613,Rahman Ademi (SRB),3,3,4.0,0,51,0,0,0,12.75,0,0,0,Rahman Ademi,SRB
1614,S Ramakrishnan (CZK-R),1,1,1.0,0,14,0,0,0,14,0,0,0,S Ramakrishnan,CZK-R
1615,Ramanjot Singh (SVN),1,1,1.0,0,7,0,0,0,7,0,0,0,Ramanjot Singh,SVN
1616,Hamza Khan (RWN),1,1,1.0,0,15,0,0,0,15,0,0,0,Hamza Khan,RWN
1617,PV Rarotoga (Samoa),2,2,6.0,0,50,0,0,0,8.33,0,0,0,PV Rarotoga,Samoa
1618,Rasheed Ali Mamadkhel (SVN),1,1,2.0,0,6,0,0,0,3,0,0,0,Rasheed Ali Mamadkhel,SVN
1619,Rasheed Rassam (MDV),2,2,3.0,0,30,0,0,0,10,0,0,0,Rasheed Rassam,MDV
1620,Ravinder Gill (ROM),1,1,2.0,0,19,0,0,0,9.5,0,0,0,Ravinder Gill,ROM
1621,JB Richards (BOT),1,1,0.4,0,8,0,0,0,12,0,0,0,JB Richards,BOT
1622,Riyaz Kajalwala (CYP),1,1,0.3,0,14,0,0,0,28,0,0,0,Riyaz Kajalwala,CYP
1623,I Roberts (Arg),1,1,2.0,0,7,0,0,0,3.5,0,0,0,I Roberts,Arg
1624,O Rowe (Arg),1,1,2.0,0,7,0,0,0,3.5,0,0,0,O Rowe,Arg
1625,Sabbir Rahman (BAN),1,1,1.0,0,9,0,0,0,9,0,0,0,Sabbir Rahman,BAN
1626,Saeed Waqar Ali (SVN),1,1,2.0,0,45,0,0,0,22.5,0,0,0,Saeed Waqar Ali,SVN
1627,Sai Hla Htwe (MYAN),1,1,0.2,0,3,0,0,0,9,0,0,0,Sai Hla Htwe,MYAN
1628,Sajid Patel (LES),1,1,0.0,0,1,0,0,0,0,0,0,0,Sajid Patel,LES
1629,Ali Nayyer (SUI),1,1,4.0,0,31,0,0,0,7.75,0,0,0,Ali Nayyer,SUI
1630,N Salekar (THA),1,1,2.0,0,13,0,0,0,6.5,0,0,0,N Salekar,THA
1631,AJA Samuels (COK),2,2,2.0,0,12,0,0,0,6,0,0,0,AJA Samuels,COK
1632,R Sandeep (SWZ),1,1,1.0,0,7,0,0,0,7,0,0,0,R Sandeep,SWZ
1633,PR Santhanakrishnan (Mex),1,1,1.0,0,5,0,0,0,5,0,0,0,PR Santhanakrishnan,Mex
1634,P Sarraf (NEP),2,2,4.0,0,24,0,0,0,6,0,0,0,P Sarraf,NEP
1635,RR Saun (CRC),1,1,2.0,0,17,0,0,0,8.5,0,0,0,RR Saun,CRC
1636,A Sawyer (GIBR),2,2,2.0,0,22,0,0,0,11,0,0,0,A Sawyer,GIBR
1637,Seif Athumani (TAN),1,1,0.1,0,6,0,0,0,36,0,0,0,Seif Athumani,TAN
1638,Amoluk Singh (GHA),2,2,2.0,0,12,0,0,0,6,0,0,0,Amoluk Singh,GHA
1639,S Selvaraj (TAN),1,1,3.0,0,18,0,0,0,6,0,0,0,S Selvaraj,TAN
1640,YSD Seneveratne (CAY),1,1,1.0,0,6,0,0,0,6,0,0,0,YSD Seneveratne,CAY
1641,Shadnan Khan (AUT),1,1,0.3,0,6,0,0,0,12,0,0,0,Shadnan Khan,AUT
1642,Shafiullah Zakhel (BEL),1,1,2.0,0,25,0,0,0,12.5,0,0,0,Shafiullah Zakhel,BEL
1643,AZ Shah (Fiji),1,1,2.0,0,20,0,0,0,10,0,0,0,AZ Shah,Fiji
1644,Shaheryar Butt (BEL),3,3,2.1,0,33,0,0,0,15.23,0,0,0,Shaheryar Butt,BEL
1645,A Shahi (CYP),1,1,1.0,0,5,0,0,0,5,0,0,0,A Shahi,CYP
1646,Shahidullah (AFG),1,1,2.0,0,18,0,0,0,9,0,0,0,Shahidullah,AFG
1647,Shahid Arshad (SVN),1,1,2.0,0,28,0,0,0,14,0,0,0,Shahid Arshad,SVN
1648,Shakeel Ahmed (OMA),1,1,4.0,0,28,0,0,0,7,0,0,0,Shakeel Ahmed,OMA
1649,Shan Siddiqui (GMB),1,1,2.0,0,13,0,0,0,6.5,0,0,0,Shan Siddiqui,GMB
1650,A Sharafu (UAE),1,1,0.1,0,3,0,0,0,18,0,0,0,A Sharafu,UAE
1651,Sharafuddin Ashraf (AFG),4,4,10.0,0,81,0,0,0,8.1,0,0,0,Sharafuddin Ashraf,AFG
1652,Shariq Munir (QAT),3,3,6.0,0,61,0,0,0,10.16,0,0,0,Shariq Munir,QAT
1653,KK Sharma (SVN),1,1,1.0,0,2,0,0,0,2,0,0,0,KK Sharma,SVN
1654,SM Sharma (UAE),1,1,1.0,0,18,0,0,0,18,0,0,0,SM Sharma,UAE
1655,Shenjian Zheng (CHN),1,1,1.0,0,32,0,0,0,32,0,0,0,Shenjian Zheng,CHN
1656,R Sheshadri (SGP),2,2,2.0,0,18,0,0,0,9,0,0,0,R Sheshadri,SGP
1657,SG Shinde (SRB),1,1,2.0,0,24,0,0,0,12,0,0,0,SG Shinde,SRB
1658,C Shivakumar (SGP),2,2,4.0,0,38,0,0,0,9.5,0,0,0,C Shivakumar,SGP
1659,L Siaka (PNG),2,2,2.0,0,25,0,0,0,12.5,0,0,0,L Siaka,PNG
1660,B Siddharth (OMA),2,2,3.1,0,30,0,0,0,9.47,0,0,0,B Siddharth,OMA
1661,P Silas (BOT),1,1,1.0,0,13,0,0,0,13,0,0,0,P Silas,BOT
1662,G Singhdeo (CRC),1,1,0.5,0,4,0,0,0,4.8,0,0,0,G Singhdeo,CRC
1663,U Sofi (Samoa),1,1,2.0,0,19,0,0,0,9.5,0,0,0,U Sofi,Samoa
1664,A Sokovagone (Fiji),2,2,4.0,0,39,0,0,0,9.75,0,0,0,A Sokovagone,Fiji
1665,K Sonavale (OMA),2,2,1.3,0,17,0,0,0,11.33,0,0,0,K Sonavale,OMA
1666,CA Soper (PNG),1,1,1.0,0,14,0,0,0,14,0,0,0,CA Soper,PNG
1667,AL Stephen (VAN),2,2,4.1,0,33,0,0,0,7.92,0,0,0,AL Stephen,VAN
1668,BS Stephenson (Blz),1,1,3.0,0,20,0,0,0,6.66,0,0,0,BS Stephenson,Blz
1669,BDH Stevens (JER),1,1,1.0,0,9,0,0,0,9,0,0,0,BDH Stevens,JER
1670,I Stewart (SUI),2,2,7.0,0,51,0,0,0,7.28,0,0,0,I Stewart,SUI
1671,F Stoman (POR),1,1,1.0,0,13,0,0,0,13,0,0,0,F Stoman,POR
1672,BK Stroud (STHEL),1,1,1.0,0,8,0,0,0,8,0,0,0,BK Stroud,STHEL
1673,T Stubbs (SA),2,2,2.0,0,41,0,0,0,20.5,0,0,0,T Stubbs,SA
1674,C Sudarsanan (MLT),1,1,2.0,0,25,0,0,0,12.5,0,0,0,C Sudarsanan,MLT
1675,F Suluoto (Samoa),1,1,1.0,0,16,0,0,0,16,0,0,0,F Suluoto,Samoa
1676,Sumon Khan (BAN),1,1,2.0,0,20,0,0,0,10,0,0,0,Sumon Khan,BAN
1677,MJ Swepson (AUS),1,1,2.0,0,31,0,0,0,15.5,0,0,0,MJ Swepson,AUS
1678,Syed Faizan Tahir (KSA),1,1,1.0,0,8,0,0,0,8,0,0,0,Syed Faizan Tahir,KSA
1679,R Tari (VAN),2,2,2.1,0,18,0,0,0,8.3,0,0,0,R Tari,VAN
1680,B Terbish (MNG),2,2,2.0,0,35,0,0,0,17.5,0,0,0,B Terbish,MNG
1681,N Thailappan (BHR),1,1,3.0,0,40,0,0,0,13.33,0,0,0,N Thailappan,BHR
1682,S Thanikaithasan (DEN),2,2,2.5,0,25,0,0,0,8.82,0,0,0,S Thanikaithasan,DEN
1683,BM Tickner (NZ),2,2,2.5,0,30,0,0,0,10.58,0,0,0,BM Tickner,NZ
1684,Towhid Hridoy (BAN),1,1,0.2,0,5,0,0,0,15,0,0,0,Towhid Hridoy,BAN
1685,AM Tribe (JER),3,3,6.0,0,31,0,0,0,5.16,0,0,0,AM Tribe,JER
1686,A Trivedi (LUX),1,1,1.0,0,15,0,0,0,15,0,0,0,A Trivedi,LUX
1687,T Turan (TKY),1,1,0.5,0,4,0,0,0,4.8,0,0,0,T Turan,TKY
1688,T Ulutuna (TKY),1,1,1.0,0,6,0,0,0,6,0,0,0,T Ulutuna,TKY
1689,Usman Rafiq (USA),1,1,2.0,0,24,0,0,0,12,0,0,0,Usman Rafiq,USA
1690,GJ van Rensburg (NAM),2,2,2.0,0,15,0,0,0,7.5,0,0,0,GJ van Rensburg,NAM
1691,TF van Woerkom (IRE),1,1,1.0,0,10,0,0,0,10,0,0,0,TF van Woerkom,IRE
1692,S Vashisht (ROM),1,1,2.0,0,29,0,0,0,14.5,0,0,0,S Vashisht,ROM
1693,S Vesawkar (NEP),1,1,2.0,0,16,0,0,0,8,0,0,0,S Vesawkar,NEP
1694,J Vijay (POR),1,1,2.0,0,31,0,0,0,15.5,0,0,0,J Vijay,POR
1695,Vimal Kumar (PHI),1,1,3.0,0,35,0,0,0,11.66,0,0,0,Vimal Kumar,PHI
1696,Vivek Dixit (LUX),1,1,1.0,0,8,0,0,0,8,0,0,0,Vivek Dixit,LUX
1697,V Viyaskanth (SL),1,1,4.0,0,28,0,0,0,7,0,0,0,V Viyaskanth,SL
1698,E Walker (IOM),1,1,3.0,0,20,0,0,0,6.66,0,0,0,E Walker,IOM
1699,Waqar Ul Hassan (KSA),1,1,1.0,0,10,0,0,0,10,0,0,0,Waqar Ul Hassan,KSA
1700,Waseem Yaqoob (LES),2,2,5.2,0,47,0,0,0,8.81,0,0,0,Waseem Yaqoob,LES
1701,MB Williams (SLE),2,2,3.0,0,23,0,0,0,7.66,0,0,0,MB Williams,SLE
1702,PPS Win (MYAN),1,1,2.0,0,18,0,0,0,9,0,0,0,PPS Win,MYAN
1703,NK Yadav (NEP),1,1,1.0,0,12,0,0,0,12,0,0,0,NK Yadav,NEP
1704,Yadwinder Singh (HUN),1,1,2.0,0,2,0,0,0,1,0,0,0,Yadwinder Singh,HUN
1705,Yaseer Nazeer (BHR),1,1,1.0,0,16,0,0,0,16,0,0,0,Yaseer Nazeer,BHR
1706,P Yevugah (GHA),1,1,1.0,0,11,0,0,0,11,0,0,0,P Yevugah,GHA
1707,Yin Chenhao (CHN),1,1,1.0,0,5,0,0,0,5,0,0,0,Yin Chenhao,CHN
1708,Y Saranonnakkun (THA),1,1,3.0,0,20,0,0,0,6.66,0,0,0,Y Saranonnakkun,THA
1709,Yousif Wali (BHR),1,1,1.0,0,18,0,0,0,18,0,0,0,Yousif Wali,BHR
1710,Zahid Khan (SLE),1,1,1.0,0,16,0,0,0,16,0,0,0,Zahid Khan,SLE
1711,Zahir Mohammed (HUN),1,1,1.0,0,23,0,0,0,23,0,0,0,Zahir Mohammed,HUN
1712,Zahoor Ahmad (KSA),1,1,1.0,0,4,0,0,0,4,0,0,0,Zahoor Ahmad,KSA
1713,ZM Tribe (JER),4,4,5.4,0,36,0,0,0,6.35,0,0,0,ZM Tribe,JER
1714,BAA Zammitt (GIBR),1,1,0.5,0,5,0,0,0,6,0,0,0,BAA Zammitt,GIBR
1715,V Zanko (CRT),1,1,2.0,0,25,0,0,0,12.5,0,0,0,V Zanko,CRT
1716,Ziaur Rahman (AFG),2,2,6.0,0,57,0,0,0,9.5,0,0,0,Ziaur Rahman,AFG
1717,Ziaur Rehman (FIN),1,1,1.0,0,11,0,0,0,11,0,0,0,Ziaur Rehman,FIN
1718,T Zotos (GRC),1,1,1.0,0,11,0,0,0,11,0,0,0,T Zotos,GRC
1719,Zou Kui (CHN),1,1,2.0,0,37,0,0,0,18.5,0,0,0,Zou Kui,CHN
1720,Zuber Sunasara (KSA),1,1,0.2,0,2,0,0,0,6,0,0,0,Zuber Sunasara,KSA
