,Player,Matches,Innings,Overs,Maidens,Runs,Wickets,BBI,Average,Economy,SR,Four_Wickets,Five_Wickets,Player_Name,Country
0,Rizwan Butt (BHR),91,90,324.5,8,2207,137,6/9,16.1,6.79,14.2,3,4,Rizwan Butt,BHR
1,Arshdeep Singh (IND),83,82,289.2,2,2470,127,5/51,19.44,8.53,13.6,2,1,Arshdeep Singh,IND
2,Ali Dawood (BHR),75,75,266.4,8,1656,116,7/19,14.27,6.21,13.7,6,1,Ali Dawood,BHR
3,Ehsan Khan (HKG),79,77,283.1,5,1771,113,4/5,15.67,6.25,15,5,0,Ehsan Khan,HKG
4,Junaid Siddique (UAE),77,77,290.1,2,2273,108,5/35,21.04,7.83,16.1,4,1,Junaid Siddique,UAE
5,Virandeep Singh (MAS),87,80,259.1,8,1390,106,4/5,13.11,5.36,14.6,4,0,Virandeep Singh,MAS
6,H Ssenyondo (UGA),70,68,242.2,10,1266,103,5/8,12.29,5.22,14.1,6,1,H Ssenyondo,UGA
7,PW Hasaranga (SL),62,62,237.2,2,1760,102,4/15,17.25,7.41,13.9,4,0,PW Hasaranga,SL
8,AR Ramjani (UGA),65,63,223.1,10,1070,102,5/17,10.49,4.79,13.1,4,1,AR Ramjani,UGA
9,R Ngarava (ZIM),75,73,260.4,8,1887,97,4/16,19.45,7.23,16.1,2,0,R Ngarava,ZIM
10,Sikandar Raza (ZIM),91,87,297.0,5,1948,94,5/18,20.72,6.55,18.9,2,1,Sikandar Raza,ZIM
11,Haris Rauf (PAK),60,60,215.2,2,1798,92,4/18,19.54,8.34,14,4,0,Haris Rauf,PAK
12,MR Adair (IRE),69,69,246.0,1,2014,91,4/13,22.13,8.18,16.2,2,0,MR Adair,IRE
13,Shaheen Shah Afridi (PAK),64,64,227.1,1,1782,91,4/22,19.58,7.84,14.9,3,0,Shaheen Shah Afridi,PAK
14,Rashid Khan (AFG),59,59,227.0,1,1338,90,4/14,14.86,5.89,15.1,5,0,Rashid Khan,AFG
15,AU Rashid (ENG),77,73,272.4,3,2064,89,4/11,23.19,7.56,18.3,2,0,AU Rashid,ENG
16,Z Bimenyimana (RWN),91,89,263.2,7,1877,87,3/7,21.57,7.12,18.1,0,0,Z Bimenyimana,RWN
17,AJ Hosein (WI),83,82,293.2,3,2191,86,5/11,25.47,7.46,20.4,2,1,AJ Hosein,WI
18,M Akayezu (RWN),84,78,225.4,2,1843,85,4/16,21.68,8.16,15.9,2,0,M Akayezu,RWN
19,JO Holder (WI),66,65,238.2,2,2129,85,5/27,25.04,8.93,16.8,4,1,JO Holder,WI
20,F Banunaek (INA),85,84,253.0,3,1730,84,4/17,20.59,6.83,18,1,0,F Banunaek,INA
21,Imran Anwar (BHR),92,88,254.5,4,1881,84,4/24,22.39,7.38,18.2,1,0,Imran Anwar,BHR
22,S Lamichhane (NEP),46,46,176.5,6,1032,83,5/9,12.43,5.83,12.7,1,2,S Lamichhane,NEP
23,Taskin Ahmed (BAN),53,53,198.4,2,1541,83,4/16,18.56,7.75,14.3,3,0,Taskin Ahmed,BAN
24,A Zampa (AUS),58,56,209.2,0,1659,82,4/12,20.23,7.92,15.3,5,0,A Zampa,AUS
25,B Muzarabani (ZIM),68,65,230.5,8,1610,81,4/17,19.87,6.97,17,1,0,B Muzarabani,ZIM
26,AR Patel (IND),78,72,224.4,4,1696,81,3/15,20.93,7.54,16.6,0,0,AR Patel,IND
27,IS Sodhi (NZ),74,69,231.5,0,1912,79,4/12,24.2,8.24,17.6,2,0,IS Sodhi,NZ
28,DJ Hawoe (INA),90,87,256.0,5,1759,78,4/18,22.55,6.87,19.6,1,0,DJ Hawoe,INA
29,Aqib Iqbal (AUT),67,66,232.1,7,1567,77,3/10,20.35,6.74,18,0,0,Aqib Iqbal,AUT
30,S Vijay Unni (MAS),71,71,229.5,4,1433,77,4/6,18.61,6.23,17.9,2,0,S Vijay Unni,MAS
31,Yasim Murtaza (HKG),71,68,240.0,3,1543,77,4/9,20.03,6.42,18.7,1,0,Yasim Murtaza,HKG
32,Mohammad Nawaz (3) (PAK),68,62,196.2,1,1415,76,5/18,18.61,7.2,15.5,0,2,Mohammad Nawaz,3
33,AM Kimote (TAN),67,63,179.0,4,1265,75,4/13,16.86,7.06,14.3,2,0,AM Kimote,TAN
34,R Shepherd (WI),70,66,200.1,0,1985,75,5/20,26.46,9.91,16,1,1,R Shepherd,WI
35,Vraj Patel (KENYA),56,55,202.0,6,1098,74,4/29,14.83,5.43,16.3,1,0,Vraj Patel,KENYA
36,Pavandeep Singh (MAS),61,61,230.4,7,1304,73,4/16,17.86,5.65,18.9,1,0,Pavandeep Singh,MAS
37,M Theekshana (SL),73,73,275.0,0,1982,73,3/23,27.15,7.2,22.6,0,0,M Theekshana,SL
38,Mustafizur Rahman (BAN),65,64,235.2,2,1635,72,6/10,22.7,6.94,19.6,0,1,Mustafizur Rahman,BAN
39,SO Ngoche (KENYA),63,61,207.4,12,1139,71,4/14,16.04,5.48,17.5,1,0,SO Ngoche,KENYA
40,HH Pandya (IND),83,77,227.0,4,1906,71,4/16,26.84,8.39,19.1,2,0,HH Pandya,IND
41,Rishad Hossain (BAN),55,53,183.2,1,1489,71,3/18,20.97,8.12,15.4,0,0,Rishad Hossain,BAN
42,MJ Santner (NZ),72,68,249.4,2,1791,71,4/16,25.22,7.17,21,1,0,MJ Santner,NZ
43,N Senamontree (THA),52,49,181.1,12,967,70,4/9,13.81,5.33,15.5,3,0,N Senamontree,THA
44,CV Varun (IND),38,36,135.0,1,1042,70,5/17,14.88,7.71,11.5,1,2,CV Varun,IND
45,Abdul Majid (BHR),80,78,278.1,12,1536,69,4/19,22.26,5.52,24.1,1,0,Abdul Majid,BHR
46,IO Okpe (NGA),64,60,172.5,2,1114,68,5/25,16.38,6.44,15.2,0,1,IO Okpe,NGA
47,E Rukiriza (RWN),69,66,206.1,1,1376,68,5/11,20.23,6.67,18.1,3,2,E Rukiriza,RWN
48,YI Patel (KUW),57,57,212.2,1,1278,66,4/22,19.36,6.01,19.3,1,0,YI Patel,KUW
49,Fazalhaq Farooqi (AFG),53,53,185.3,4,1304,65,5/9,20.06,7.02,17.1,1,1,Fazalhaq Farooqi,AFG
50,Kaleem Sana (CAN),45,44,152.5,9,946,65,4/17,14.55,6.18,14.1,5,0,Kaleem Sana,CAN
51,YM Nkanya (TAN),51,49,163.0,6,868,65,5/2,13.35,5.32,15,3,1,YM Nkanya,TAN
52,Ishtiaq Ahmad (KSA),47,45,156.2,3,1087,64,5/27,16.98,6.95,14.6,1,1,Ishtiaq Ahmad,KSA
53,Ravi Bishnoi (IND),44,44,168.4,3,1249,64,4/13,19.51,7.4,15.8,2,0,Ravi Bishnoi,IND
54,AS Joseph (WI),45,44,165.0,0,1525,62,5/40,24.59,9.24,15.9,2,1,AS Joseph,WI
55,Karan KC (NEP),55,55,172.1,4,1380,62,5/21,22.25,8.01,16.6,1,1,Karan KC,NEP
56,JB Little (IRE),50,50,187.0,2,1403,62,4/35,22.62,7.5,18,1,0,JB Little,IRE
57,MNM Aslam (KUW),63,63,221.4,5,1365,61,4/22,22.37,6.15,21.8,1,0,MNM Aslam,KUW
58,Muhammad Nadir (RWN),63,63,234.5,9,1229,61,4/10,20.14,5.23,23,1,0,Muhammad Nadir,RWN
59,Muhammad Jawadullah (UAE),41,41,153.1,1,1196,60,4/21,19.93,7.8,15.3,3,0,Muhammad Jawadullah,UAE
60,LN Oluoch (KENYA),62,57,162.4,2,1161,60,5/20,19.35,7.13,16.2,3,1,LN Oluoch,KENYA
61,DS Airee (NEP),68,64,192.2,4,1161,59,4/18,19.67,6.03,19.5,2,0,DS Airee,NEP
62,IKEG Artawan (INA),77,69,186.2,0,1249,59,4/12,21.16,6.7,18.9,1,0,IKEG Artawan,INA
63,SA Jumbe (TAN),59,57,164.5,1,1234,59,5/10,20.91,7.48,16.7,2,1,SA Jumbe,TAN
64,Syed Aziz (MAS),91,59,171.2,6,1256,59,4/9,21.28,7.33,17.4,2,0,Syed Aziz,MAS
65,K Irakoze (RWN),64,61,176.3,3,1172,58,4/20,20.2,6.64,18.2,2,0,K Irakoze,RWN
66,RM Koda (INA),68,68,216.1,4,1442,58,3/14,24.86,6.67,22.3,0,0,RM Koda,INA
67,JA Duffy (NZ),43,41,139.2,1,1139,57,4/14,19.98,8.17,14.6,4,0,JA Duffy,NZ
68,J Miyagi (UGA),42,41,132.2,3,834,57,3/7,14.63,6.3,13.9,0,0,J Miyagi,UGA
69,F Nsubuga (UGA),52,51,173.5,13,835,57,3/8,14.64,4.8,18.2,0,0,F Nsubuga,UGA
70,E Sebareme (RWN),59,54,161.3,4,965,57,4/6,16.92,5.97,17,1,0,E Sebareme,RWN
71,DM Nakrani (UGA),56,51,172.0,7,1001,56,4/12,17.87,5.81,18.4,2,0,DM Nakrani,UGA
72,Umair Tariq (AUT),45,40,103.3,4,740,56,5/32,13.21,7.14,11,1,1,Umair Tariq,AUT
73,Aizaz Khan (HKG),60,50,141.3,2,1235,55,4/26,22.45,8.72,15.4,2,0,Aizaz Khan,HKG
74,PVD Chameera (SL),38,38,143.4,1,1175,55,5/24,21.36,8.17,15.6,1,1,PVD Chameera,SL
75,C Kyewuta (UGA),42,42,136.1,5,894,55,4/5,16.25,6.56,14.8,4,0,C Kyewuta,UGA
76,BJ McCarthy (IRE),52,52,185.4,2,1559,55,3/7,28.34,8.39,20.2,0,0,BJ McCarthy,IRE
77,Mujeeb Ur Rahman (AFG),43,43,157.4,2,1067,55,4/20,19.4,6.76,17.2,2,0,Mujeeb Ur Rahman,AFG
78,Azmatullah Omarzai (AFG),66,61,162.2,1,1328,54,4/9,24.59,8.18,18,3,0,Azmatullah Omarzai,AFG
79,Bilal Khan (OMA),41,41,149.5,3,1041,54,3/11,19.27,6.94,16.6,0,0,Bilal Khan,OMA
80,Kuldeep Yadav (IND),31,30,106.2,1,723,54,5/17,13.38,6.79,11.8,2,1,Kuldeep Yadav,IND
81,L Ngidi (SA),41,41,137.4,1,1160,54,5/39,21.48,8.42,15.2,2,1,L Ngidi,SA
82,S Ravichandran (JPN),47,43,132.5,5,642,54,5/22,11.88,4.83,14.7,1,1,S Ravichandran,JPN
83,Usman Najeeb (KSA),40,39,137.1,3,1075,54,4/25,19.9,7.83,15.2,1,0,Usman Najeeb,KSA
84,A Bohara (NEP),38,36,123.2,2,945,53,6/11,17.83,7.66,13.9,1,1,A Bohara,NEP
85,Khalid Ahmadi (BEL),34,33,118.1,1,846,53,4/5,15.96,7.15,13.3,3,0,Khalid Ahmadi,BEL
86,CW Perchard (JER),32,32,114.1,1,756,53,4/15,14.26,6.62,12.9,1,0,CW Perchard,JER
87,C Rubagumya (RWN),80,58,153.0,5,1134,53,3/5,21.39,7.41,17.3,0,0,C Rubagumya,RWN
88,A Shukla (HKG),57,54,172.1,5,1374,53,4/49,25.92,7.98,19.4,1,0,A Shukla,HKG
89,Sompal Kami (NEP),55,55,169.0,3,1242,53,3/22,23.43,7.34,19.1,0,0,Sompal Kami,NEP
90,TG Southee (NZ),34,33,126.0,5,942,53,5/25,17.77,7.47,14.2,1,1,TG Southee,NZ
91,CA Young (IRE),31,31,106.4,0,880,53,4/24,16.6,8.25,12,2,0,CA Young,IRE
92,Abrar Ahmed (PAK),38,37,135.2,1,903,52,4/9,17.36,6.67,15.6,1,0,Abrar Ahmed,PAK
93,LA Burns (ESP),33,33,118.4,2,650,52,5/11,12.5,5.47,13.6,0,1,LA Burns,ESP
94,MG Erasmus (NAM),51,47,133.2,1,821,52,4/20,15.78,6.15,15.3,1,0,MG Erasmus,NAM
95,D Maisuria (BOT),32,31,109.0,3,635,52,5/18,12.21,5.82,12.5,2,2,D Maisuria,BOT
96,Saad Bin Zafar (CAN),52,49,171.0,3,1064,52,3/10,20.46,6.22,19.7,0,0,Saad Bin Zafar,CAN
97,Ali Naseer (UAE),40,39,136.1,4,1022,51,4/24,20.03,7.5,16,3,0,Ali Naseer,UAE
98,JJ Bumrah (IND),39,37,133.5,4,883,51,3/7,17.31,6.59,15.7,0,0,JJ Bumrah,IND
99,Imran Khan (BHR),56,55,166.1,3,1188,51,4/16,23.29,7.14,19.5,1,0,Imran Khan,BHR
100,SA Okpe (NGA),65,61,179.3,7,1053,51,5/9,20.64,5.86,21.1,1,1,SA Okpe,NGA
101,SM Curran (ENG),59,55,165.3,1,1482,50,5/10,29.64,8.95,19.8,0,1,SM Curran,ENG
102,NT Ellis (AUS),34,34,117.3,3,928,50,4/12,18.56,7.89,14.1,2,0,NT Ellis,AUS
103,D Jakiel (MWI),44,44,150.0,4,1090,50,5/11,21.8,7.26,18,2,1,D Jakiel,MWI
104,BM Scholtz (NAM),53,51,182.0,0,1187,50,4/20,23.74,6.52,21.8,1,0,BM Scholtz,NAM
105,Shadab Khan (PAK),60,55,180.4,0,1400,50,4/8,28,7.74,21.6,1,0,Shadab Khan,PAK
106,S Thakor (TAN),48,46,140.0,8,781,50,4/4,15.62,5.57,16.8,2,0,S Thakor,TAN
107,R Abdulkareem (NGA),45,39,106.4,5,649,49,6/22,13.24,6.08,13,1,1,R Abdulkareem,NGA
108,IK Gamantika (INA),74,52,152.1,4,887,49,4/24,18.1,5.82,18.6,1,0,IK Gamantika,INA
109,G Motie (WI),50,48,156.0,1,1238,49,4/28,25.26,7.93,19.1,1,0,G Motie,WI
110,Naveen-ul-Haq (AFG),35,35,118.1,2,925,49,4/20,18.87,7.82,14.4,2,0,Naveen-ul-Haq,AFG
111,Zain Ul Abidin (KSA),47,47,156.1,2,916,49,5/6,18.69,5.86,19.1,0,1,Zain Ul Abidin,KSA
112,Bilal Hassun (UGA),35,34,107.3,5,684,48,4/23,14.25,6.36,13.4,2,0,Bilal Hassun,UGA
113,P Aho (NGA),46,45,133.2,7,786,47,4/14,16.72,5.89,17,2,0,P Aho,NGA
114,DL Brangman (BER),31,30,106.1,7,557,47,5/19,11.85,5.24,13.5,1,1,DL Brangman,BER
115,LH Ferguson (NZ),36,35,121.2,5,897,47,4/12,19.08,7.39,15.4,2,0,LH Ferguson,NZ
116,JR Hazlewood (AUS),36,35,134.0,5,973,47,4/12,20.7,7.26,17.1,2,0,JR Hazlewood,AUS
117,Muslim Yar (GER),38,38,130.5,3,864,47,3/9,18.38,6.6,16.7,0,0,Muslim Yar,GER
118,Tanzim Hasan Sakib (BAN),40,39,140.5,5,1162,47,4/7,24.72,8.25,17.9,1,0,Tanzim Hasan Sakib,BAN
119,B Evans (ZIM),31,31,103.4,0,828,46,4/16,18,7.98,13.5,1,0,B Evans,ZIM
120,Aqib Ilyas (OMA),31,30,106.0,2,628,45,4/10,13.95,5.92,14.1,2,0,Aqib Ilyas,OMA
121,MJ Henry (NZ),36,33,117.5,1,983,45,3/26,21.84,8.34,15.7,0,0,MJ Henry,NZ
122,M Mooketsi (BOT),40,38,135.4,3,835,45,4/16,18.55,6.15,18,2,0,M Mooketsi,BOT
123,Sayed Monib (KUW),37,34,107.2,0,924,45,4/16,20.53,8.6,14.3,1,0,Sayed Monib,KUW
124,J Coetzee (THA),26,25,85.2,6,404,44,5/10,9.18,4.73,11.6,0,1,J Coetzee,THA
125,M Koli (ROM),32,32,114.5,2,840,44,5/12,19.09,7.31,15.6,0,2,M Koli,ROM
126,KDA Lukies (PHI),32,32,118.4,3,657,44,5/10,14.93,5.53,16.1,2,1,KDA Lukies,PHI
127,Mahedi Hasan (BAN),41,40,148.2,4,1011,44,4/11,22.97,6.81,20.2,2,0,Mahedi Hasan,BAN
128,Qamar Mushtaque (NOR),34,33,97.4,0,692,44,3/18,15.72,7.08,13.3,0,0,Qamar Mushtaque,NOR
129,Sami Sohail (MWI),53,40,119.3,2,877,44,4/6,19.93,7.33,16.2,1,0,Sami Sohail,MWI
130,JJ Smit (NAM),45,30,101.1,1,695,44,6/10,15.79,6.86,13.7,2,1,JJ Smit,NAM
131,Waseem Abbas (MLT),38,38,132.0,1,1098,44,3/18,24.95,8.31,18,0,0,Waseem Abbas,MLT
132,JC Archer (ENG),33,33,118.4,2,1006,43,3/12,23.39,8.47,16.5,0,0,JC Archer,ENG
133,MA Baig (MWI),31,30,103.3,2,491,43,6/9,11.41,4.74,14.4,1,2,MA Baig,MWI
134,JJ Huo (MOZ),31,27,85.2,6,581,43,4/11,13.51,6.8,11.9,1,0,JJ Huo,MOZ
135,MP Stoinis (AUS),52,38,105.3,1,943,43,4/23,21.93,8.93,14.7,1,0,MP Stoinis,AUS
136,Taranjeet Singh (ROM),36,35,109.2,2,770,43,4/17,17.9,7.04,15.2,2,0,Taranjeet Singh,ROM
137,Yasir Ali (ESP),29,27,83.3,2,456,43,6/28,10.6,5.46,11.6,0,1,Yasir Ali,ESP
138,LT Bichard (GUE),37,37,124.3,3,868,42,4/20,20.66,6.97,17.7,1,0,LT Bichard,GUE
139,Bilal Zalmai (AUT),42,41,157.5,1,1136,42,4/14,27.04,7.19,22.5,1,0,Bilal Zalmai,AUT
140,KA Maharaj (SA),41,41,137.4,0,1120,42,3/24,26.66,8.13,19.6,0,0,KA Maharaj,SA
141,GC Murtaza (CAM),44,41,136.5,3,1068,42,5/24,25.42,7.8,19.5,0,1,GC Murtaza,CAM
142,RP Burl (ZIM),84,51,125.2,2,880,41,3/13,21.46,7.02,18.3,0,0,RP Burl,ZIM
143,Ghulam Ahmadi (GER),36,36,127.0,6,929,41,5/23,22.65,7.31,18.5,1,1,Ghulam Ahmadi,GER
144,Muhammad Amir (MAS),58,34,98.0,2,626,41,5/16,15.26,6.38,14.3,0,1,Muhammad Amir,MAS
145,K Nassoro (TAN),65,52,140.2,3,930,41,4/14,22.68,6.62,20.5,1,0,K Nassoro,TAN
146,Shoriful Islam (BAN),42,40,138.2,2,1162,41,3/17,28.34,8.4,20.2,0,0,Shoriful Islam,BAN
147,K Waiswa (UGA),61,32,90.0,2,626,41,4/14,15.26,6.95,13.1,2,0,K Waiswa,UGA
148,GJ Delany (IRE),62,53,142.2,0,1087,40,3/16,27.17,7.63,21.3,0,0,GJ Delany,IRE
149,BFW de Leede (NED),33,30,92.2,1,682,40,3/17,17.05,7.38,13.8,0,0,BFW de Leede,NED
150,I Ntirenganya (RWN),50,50,156.3,2,1065,40,3/31,26.62,6.8,23.4,0,0,I Ntirenganya,RWN
151,O Harvey (GHA),31,30,104.3,3,554,40,5/36,13.85,5.3,15.6,1,1,O Harvey,GHA
152,M Pathirana (SL),28,27,86.5,1,732,40,4/24,18.3,8.42,13,2,0,M Pathirana,SL
153,I Takahashi (JPN),50,47,125.2,1,733,40,3/10,18.32,5.84,18.8,0,0,I Takahashi,JPN
154,R Trumpelmann (NAM),38,34,110.2,1,924,40,4/21,23.1,8.37,16.5,3,0,R Trumpelmann,NAM
155,S Veerapathiran (BHR),38,37,113.3,1,920,40,3/20,23,8.1,17,0,0,S Veerapathiran,BHR
156,C Rumistrzewicz (ESP),27,25,91.0,2,462,39,5/7,11.84,5.07,14,1,2,C Rumistrzewicz,ESP
157,R Sakurano-Thomas (JPN),38,37,93.2,3,627,39,6/26,16.07,6.71,14.3,0,2,R Sakurano-Thomas,JPN
158,SZ Vayani (MWI),43,41,133.5,3,900,39,4/8,23.07,6.72,20.5,2,0,SZ Vayani,MWI
159,B Ward (JER),24,23,87.5,2,523,39,4/6,13.41,5.95,13.5,2,0,B Ward,JER
160,S Yeshey (BHU),39,38,132.0,3,728,39,8/7,18.66,5.51,20.3,1,1,S Yeshey,BHU
161,Zahoor Khan (UAE),31,31,118.0,0,825,39,4/16,21.15,6.99,18.1,1,0,Zahoor Khan,UAE
162,Aayan Afzal Khan (UAE),37,36,130.2,1,776,38,3/7,20.42,5.95,20.5,0,0,Aayan Afzal Khan,UAE
163,Abbas Afridi (PAK),24,23,69.3,1,590,38,3/17,15.52,8.48,10.9,0,0,Abbas Afridi,PAK
164,Abdullah Akbarjan (AUT),27,27,86.4,1,580,38,4/11,15.26,6.69,13.6,2,0,Abdullah Akbarjan,AUT
165,RL Chase (WI),54,47,139.2,1,1055,38,3/12,27.76,7.57,22,0,0,RL Chase,WI
166,Mohamed Shafeeq (KUW),45,45,153.2,1,1231,38,3/28,32.39,8.02,24.2,0,0,Mohamed Shafeeq,KUW
167,Nasrulla Rana (HKG),46,41,103.5,3,862,38,6/12,22.68,8.3,16.3,1,1,Nasrulla Rana,HKG
168,JDS Neesham (NZ),61,41,97.4,0,877,38,5/22,23.07,8.97,15.4,1,1,JDS Neesham,NZ
169,A Nortje (SA),31,30,104.3,0,793,38,4/7,20.86,7.58,16.5,3,0,A Nortje,SA
170,Sarawut Maliwan (THA),40,39,111.5,1,762,38,4/20,20.05,6.81,17.6,1,0,Sarawut Maliwan,THA
171,Sazib Bhuiyan (CZK-R),28,25,79.1,0,657,38,4/46,17.28,8.29,12.5,1,0,Sazib Bhuiyan,CZK-R
172,Shakeel Ahmed (OMA),47,46,159.0,1,1063,38,3/15,27.97,6.68,25.1,0,0,Shakeel Ahmed,OMA
173,M Taniyama (JPN),38,36,86.4,5,471,38,4/19,12.39,5.43,13.6,1,0,M Taniyama,JPN
174,LV van Beek (NED),25,24,84.0,2,628,38,4/27,16.52,7.47,13.2,1,0,LV van Beek,NED
175,PA van Meekeren (NED),32,32,108.5,3,750,38,3/29,19.73,6.89,17.1,0,0,PA van Meekeren,NED
176,MM Baig (QAT),33,27,78.3,2,589,37,4/17,15.91,7.5,12.7,2,0,MM Baig,QAT
177,Fayyaz Butt (OMA),31,31,100.1,1,789,37,3/21,21.32,7.87,16.2,0,0,Fayyaz Butt,OMA
178,B Kumar (IND),32,31,103.4,7,724,37,5/4,19.56,6.98,16.8,2,1,B Kumar,IND
179,MV Pavlovic (SRB),27,25,82.2,1,543,37,4/13,14.67,6.59,13.3,3,0,MV Pavlovic,SRB
180,Hisham Shaikh (KSA),37,34,112.0,2,767,36,4/12,21.3,6.84,18.6,3,0,Hisham Shaikh,KSA
181,PK Langat (KENYA),35,32,92.2,3,690,36,6/17,19.16,7.47,15.3,1,1,PK Langat,KENYA
182,Mohammad Nabi (AFG),66,53,132.0,0,987,36,4/7,27.41,7.47,22,1,0,Mohammad Nabi,AFG
183,Namgay Thinley (BHU),41,38,125.4,3,750,36,3/3,20.83,5.96,20.9,0,0,Namgay Thinley,BHU
184,H Rathod (QAT),23,23,76.1,0,487,36,4/29,13.52,6.39,12.6,1,0,H Rathod,QAT
185,Rizwan Haider (MAS),36,34,98.2,1,718,36,4/34,19.94,7.3,16.3,1,0,Rizwan Haider,MAS
186,Shiraz Khan (KUW),40,39,131.4,3,845,36,4/12,23.47,6.41,21.9,1,0,Shiraz Khan,KUW
187,N Thushara (SL),30,30,99.5,2,815,36,5/20,22.63,8.16,16.6,3,1,N Thushara,SL
188,Anas Khan (HKG),25,22,70.3,0,424,35,4/30,12.11,6.01,12,1,0,Anas Khan,HKG
189,Basil Hameed (UAE),57,36,84.4,1,616,35,4/25,17.6,7.27,14.5,1,0,Basil Hameed,UAE
190,S Bodha (GIBR),29,29,88.0,0,713,35,5/16,20.37,8.1,15,1,1,S Bodha,GIBR
191,MG Bracewell (NZ),47,38,103.5,1,767,35,3/5,21.91,7.38,17.8,0,0,MG Bracewell,NZ
192,C Hinze (JPN),32,32,101.4,8,527,35,5/6,15.05,5.18,17.4,1,1,C Hinze,JPN
193,H Thaker (CAN),47,38,109.4,5,702,35,4/20,20.05,6.4,18.8,1,0,H Thaker,CAN
194,P Useni (NGA),45,42,97.5,3,623,35,4/14,17.8,6.36,16.7,1,0,P Useni,NGA
195,MRJ Watt (SCOT),34,33,116.1,2,856,35,4/12,24.45,7.36,19.9,2,0,MRJ Watt,SCOT
196,GD Arta (INA),61,37,105.0,7,618,34,3/16,18.17,5.88,18.5,0,0,GD Arta,INA
197,Ateeq Iqbal (HKG),40,38,113.2,7,699,34,3/8,20.55,6.16,20,0,0,Ateeq Iqbal,HKG
198,Haider Ali (UAE),27,27,104.0,2,641,34,4/16,18.85,6.16,18.3,1,0,Haider Ali,UAE
199,Ikramullah Khan (QAT),42,38,118.0,0,977,34,3/17,28.73,8.27,20.8,0,0,Ikramullah Khan,QAT
200,Khizar Hayat (MAS),47,42,131.2,7,808,34,2/2,23.76,6.15,23.1,0,0,Khizar Hayat,MAS
201,HJ Manenti (ITA),25,22,71.3,3,467,34,5/31,13.73,6.53,12.6,1,1,HJ Manenti,ITA
202,AJ Parmar (NOR),21,21,72.0,1,454,34,4/17,13.35,6.3,12.7,1,0,AJ Parmar,NOR
203,K Rabada (SA),39,39,137.4,3,1133,34,3/18,33.32,8.23,24.2,0,0,K Rabada,SA
204,Sahel Zadran (AUT),41,41,123.4,3,881,34,5/13,25.91,7.12,21.8,0,1,Sahel Zadran,AUT
205,D Suzuki (JPN),51,44,96.2,2,675,34,5/20,19.85,7,17,0,1,D Suzuki,JPN
206,Syazrul Idrus (MAS),22,20,60.4,3,410,34,7/8,12.05,6.75,10.7,2,1,Syazrul Idrus,MAS
207,C Bosch (SA),22,22,75.0,1,592,33,4/14,17.93,7.89,13.6,1,0,C Bosch,SA
208,Dawood Ahmadzai (Fran),30,30,104.0,2,687,33,6/21,20.81,6.6,18.9,0,1,Dawood Ahmadzai,Fran
209,S Godara (CAM),24,24,81.3,5,576,33,4/5,17.45,7.06,14.8,1,0,S Godara,CAM
210,M Jansen (SA),30,30,109.5,1,982,33,4/22,29.75,8.94,19.9,2,0,M Jansen,SA
211,LM Jongwe (ZIM),43,36,98.0,0,858,33,3/20,26,8.75,17.8,0,0,LM Jongwe,ZIM
212,Karanbir Singh (AUT),41,29,65.4,0,508,33,4/42,15.39,7.73,11.9,1,0,Karanbir Singh,AUT
213,MA Leask (SCOT),35,27,74.0,0,523,33,4/17,15.84,7.06,13.4,1,0,MA Leask,SCOT
214,OC McCoy (WI),30,30,95.4,1,882,33,6/17,26.72,9.21,17.3,0,1,OC McCoy,WI
215,AF Milne (NZ),25,23,84.0,1,748,33,5/26,22.66,8.9,15.2,1,1,AF Milne,NZ
216,S Muniandy (MAS),85,30,78.0,1,596,33,4/21,18.06,7.64,14.1,2,0,S Muniandy,MAS
217,V Saini (ROM),40,35,113.4,0,853,33,5/17,25.84,7.5,20.6,0,1,V Saini,ROM
218,Sarfaraz Ali (BHR),40,35,102.4,0,749,33,4/12,22.69,7.29,18.6,2,0,Sarfaraz Ali,BHR
219,G Sesay (SLE),28,27,78.4,4,432,33,4/6,13.09,5.49,14.3,1,0,G Sesay,SLE
220,Siraj Ullah Khadem (POR),25,25,84.2,3,508,33,5/17,15.39,6.02,15.3,0,1,Siraj Ullah Khadem,POR
221,T Wangchuk (BHU),36,36,106.2,3,805,33,4/41,24.39,7.57,19.3,1,0,T Wangchuk,BHU
222,V Zimonjic (SRB),36,35,121.2,3,949,33,3/26,28.75,7.82,22,0,0,V Zimonjic,SRB
223,Amjad Sher (FIN),31,30,111.4,4,755,32,4/12,23.59,6.76,20.9,1,0,Amjad Sher,FIN
224,YS Chahal (IND),30,29,98.3,1,789,32,3/20,24.65,8.01,18.4,0,0,YS Chahal,IND
225,BJ Currie (SCOT),22,21,75.0,3,441,32,5/13,13.78,5.88,14,0,1,BJ Currie,SCOT
226,H Fennell (Arg),21,20,71.4,0,410,32,5/14,12.81,5.72,13.4,1,1,H Fennell,Arg
227,Habib Khan (EST),20,20,74.1,0,542,32,4/16,16.93,7.3,13.9,1,0,Habib Khan,EST
228,E Kubwimana (RWN),39,34,92.2,0,804,32,3/33,25.12,8.7,17.3,0,0,E Kubwimana,RWN
229,Naseem Shah (PAK),37,36,130.0,0,1057,32,3/21,33.03,8.13,24.3,0,0,Naseem Shah,PAK
230,D Parashar (UAE),35,34,105.0,2,718,32,4/12,22.43,6.83,19.6,1,0,D Parashar,UAE
231,K Piet (BOT),39,33,107.0,3,697,32,3/14,21.78,6.51,20,0,0,K Piet,BOT
232,Ali Nayyer (SUI),27,26,90.4,1,682,32,3/13,21.31,7.52,17,0,0,Ali Nayyer,SUI
233,T Shamsi (SA),23,23,76.3,0,679,32,5/24,21.21,8.87,14.3,1,1,T Shamsi,SA
234,Shakib Al Hasan (BAN),35,33,110.0,0,801,32,5/22,25.03,7.28,20.6,1,1,Shakib Al Hasan,BAN
235,K Bhurtel (NEP),69,30,71.2,1,497,31,4/12,16.03,6.96,13.8,2,0,K Bhurtel,NEP
236,TL Chatara (ZIM),30,30,105.3,3,716,31,3/7,23.09,6.78,20.4,0,0,TL Chatara,ZIM
237,Harmeet Singh (USA),29,28,102.4,1,716,31,4/18,23.09,6.97,19.8,2,0,Harmeet Singh,USA
238,Janak Prakash (SGP),28,28,99.4,0,933,31,3/20,30.09,9.36,19.2,0,0,Janak Prakash,SGP
239,K Klein (NED),20,20,67.1,2,542,31,4/16,17.48,8.06,13,1,0,K Klein,NED
240,P Mishra (BUL),37,35,128.2,0,930,31,5/16,30,7.24,24.8,1,1,P Mishra,BUL
241,KV Morea (PNG),20,20,69.2,0,485,31,5/9,15.64,6.99,13.4,1,1,KV Morea,PNG
242,SN Netravalkar (USA),29,29,101.2,2,760,31,5/12,24.51,7.5,19.6,0,1,SN Netravalkar,USA
243,N Vanua (PNG),28,28,92.0,1,750,31,4/20,24.19,8.15,17.8,1,0,N Vanua,PNG
244,C Wright (CAY),32,30,97.4,2,644,31,3/13,20.77,6.59,18.9,0,0,C Wright,CAY
245,SA Abbott (AUS),22,21,73.4,1,705,30,4/31,23.5,9.57,14.7,1,0,SA Abbott,AUS
246,Adnan Idrees (KUW),32,27,80.0,0,636,30,3/20,21.2,7.95,16,0,0,Adnan Idrees,KUW
247,I Danladi (NGA),56,34,81.4,2,476,30,4/22,15.86,5.82,16.3,1,0,I Danladi,NGA
248,Joshua Asia (NGA),25,22,69.0,3,318,30,4/11,10.6,4.6,13.8,2,0,Joshua Asia,NGA
249,Mohameed Taiwo (NGA),37,33,86.4,1,495,30,4/13,16.5,5.71,17.3,2,0,Mohameed Taiwo,NGA
250,Mohammad Kamran (ESP),22,21,77.1,2,379,30,5/9,12.63,4.91,15.4,1,1,Mohammad Kamran,ESP
251,GM Mwendwa (KENYA),28,28,82.2,4,558,30,5/7,18.6,6.77,16.4,1,1,GM Mwendwa,KENYA
252,J Rasu (VAN),26,25,85.1,1,598,30,3/21,19.93,7.02,17,0,0,J Rasu,VAN
253,Umar Adam (MDV),28,28,93.2,1,755,30,3/11,25.16,8.08,18.6,0,0,Umar Adam,MDV
254,Utkarsh Jain (CAM),27,27,93.1,3,557,30,3/21,18.56,5.97,18.6,0,0,Utkarsh Jain,CAM
255,V Vijh (LUX),33,31,96.3,0,746,30,3/9,24.86,7.73,19.3,0,0,V Vijh,LUX
256,PS Bais (Mex),20,19,67.0,5,316,29,6/14,10.89,4.71,13.8,0,1,PS Bais,Mex
257,Gulsan Jha (NEP),55,34,88.3,1,639,29,3/31,22.03,7.22,18.3,0,0,Gulsan Jha,NEP
258,CJ Jordan (ENG),24,24,78.4,0,733,29,4/10,25.27,9.31,16.2,2,0,CJ Jordan,ENG
259,J Kariko (PNG),22,22,78.5,2,404,29,4/11,13.93,5.12,16.3,1,0,J Kariko,PNG
260,M Magagula (SWZ),28,26,75.0,0,638,29,3/4,22,8.5,15.5,0,0,M Magagula,SWZ
261,A Morris (CAY),21,21,75.0,3,454,29,4/7,15.65,6.05,15.5,2,0,A Morris,CAY
262,Muhammad Jabir (QAT),28,28,86.1,0,768,29,4/37,26.48,8.91,17.8,1,0,Muhammad Jabir,QAT
263,A Nathwani (AUT),22,22,75.0,0,516,29,3/14,17.79,6.88,15.5,0,0,A Nathwani,AUT
264,RR Patel (KENYA),57,26,71.5,3,412,29,3/12,14.2,5.73,14.8,0,0,RR Patel,KENYA
265,AR Puri (SGP),38,38,117.0,2,922,29,3/26,31.79,7.88,24.2,0,0,AR Puri,SGP
266,D Sabir (BER),31,21,62.1,1,372,29,4/21,12.82,5.98,12.8,1,0,D Sabir,BER
267,Saim Ayub (PAK),67,35,90.0,0,646,29,3/25,22.27,7.17,18.6,0,0,Saim Ayub,PAK
268,MD Shanaka (SL),74,47,92.0,1,795,29,2/4,27.41,8.64,19,0,0,MD Shanaka,SL
269,SF Tiai (Samoa),23,23,84.0,1,590,29,5/27,20.34,7.02,17.3,1,1,SF Tiai,Samoa
270,Vishil Patel (KENYA),21,20,62.0,3,361,29,4/5,12.44,5.82,12.8,3,0,Vishil Patel,KENYA
271,Waqar Zalmai (AUT),29,28,80.3,1,712,29,5/17,24.55,8.84,16.6,0,1,Waqar Zalmai,AUT
272,B White (IRE),29,27,88.0,0,742,29,4/20,25.58,8.43,18.2,1,0,B White,IRE
273,Zaker Taqawi (SWE),16,16,55.3,2,361,29,5/17,12.44,6.5,11.4,1,2,Zaker Taqawi,SWE
274,J Baguma (UGA),21,20,65.1,1,386,28,4/14,13.78,5.92,13.9,1,0,J Baguma,UGA
275,JA Burrows (IOM),21,20,59.2,1,472,28,4/16,16.85,7.95,12.7,1,0,JA Burrows,IOM
276,Festus Benn (BHM),28,24,71.3,1,513,28,3/9,18.32,7.17,15.3,0,0,Festus Benn,BHM
277,A Gbla (SLE),34,26,66.1,2,417,28,4/9,14.89,6.3,14.1,1,0,A Gbla,SLE
278,Hasan Mahmud (BAN),25,25,85.0,2,668,28,3/33,23.85,7.85,18.2,0,0,Hasan Mahmud,BAN
279,D Heyliger (CAN),43,42,119.3,3,947,28,2/18,33.82,7.92,25.6,0,0,D Heyliger,CAN
280,A Limdawala (MWI),53,38,95.1,1,688,28,4/23,24.57,7.22,20.3,1,0,A Limdawala,MWI
281,Luqman Butt (CAM),45,38,110.1,1,853,28,4/40,30.46,7.74,23.6,1,0,Luqman Butt,CAM
282,SA Mohandas (HUN),29,27,92.0,1,698,28,3/17,24.92,7.58,19.7,0,0,SA Mohandas,HUN
283,GE Ngegba (SLE),28,23,84.4,2,453,28,5/12,16.17,5.35,18.1,0,1,GE Ngegba,SLE
284,GA Priandana (INA),69,31,64.1,1,465,28,5/1,16.6,7.24,13.7,1,1,GA Priandana,INA
285,AA Rahayu (INA),34,27,66.5,1,382,28,4/11,13.64,5.71,14.3,2,0,AA Rahayu,INA
286,RJW Topley (ENG),29,29,100.3,0,805,28,3/22,28.75,8,21.5,0,0,RJW Topley,ENG
287,SC van Schalkwyk (USA),18,18,59.3,0,513,28,4/25,18.32,8.62,12.7,2,0,SC van Schalkwyk,USA
288,Vinay Ravi (NOR),34,34,103.2,3,696,28,4/31,24.85,6.73,22.1,1,0,Vinay Ravi,NOR
289,MA Wood (ENG),19,18,57.5,0,472,28,3/12,16.85,8.16,12.3,0,0,MA Wood,ENG
290,Zeeshan Maqsood (OMA),39,37,105.2,1,665,28,4/29,23.75,6.31,22.5,1,0,Zeeshan Maqsood,OMA
291,Avesh Khan (IND),25,24,83.1,1,752,27,4/18,27.85,9.04,18.4,1,0,Avesh Khan,IND
292,L Bruce (GIBR),36,33,104.2,0,810,27,3/24,30,7.76,23.1,0,0,L Bruce,GIBR
293,LA Dawson (ENG),26,24,79.1,0,618,27,4/20,22.88,7.8,17.5,1,0,LA Dawson,ENG
294,A Dutt (NED),26,26,90.2,1,599,27,3/17,22.18,6.63,20,0,0,A Dutt,NED
295,K Hinds (BHM),22,22,77.0,4,440,27,5/18,16.29,5.71,17.1,0,1,K Hinds,BHM
296,Ibrahim Rizan (MDV),30,28,88.0,3,605,27,3/6,22.4,6.87,19.5,0,0,Ibrahim Rizan,MDV
297,Ijaz Hussain (ROM),20,19,57.0,0,418,27,4/28,15.48,7.33,12.6,1,0,Ijaz Hussain,ROM
298,B Ito-Davis (JPN),22,19,52.4,3,227,27,3/8,8.4,4.31,11.7,0,0,B Ito-Davis,JPN
299,CJPF Kalugamage (ITA),22,22,71.5,3,479,27,4/17,17.74,6.66,15.9,1,0,CJPF Kalugamage,ITA
300,Mohammad Wasim (1) (PAK),24,24,80.1,0,663,27,4/24,24.55,8.27,17.8,1,0,Mohammad Wasim,1
301,LJ Myott (PHI),22,22,78.3,3,477,27,4/11,17.66,6.07,17.4,1,0,LJ Myott,PHI
302,Nasum Ahmed (BAN),31,29,101.4,1,748,27,4/10,27.7,7.35,22.5,1,0,Nasum Ahmed,BAN
303,J Shaju (MLT),20,20,68.2,0,566,27,4/17,20.96,8.28,15.1,1,0,J Shaju,MLT
304,MWR Stokes (GUE),38,33,92.2,3,685,27,3/42,25.37,7.41,20.5,0,0,MWR Stokes,GUE
305,Sufiyan Muqeem (PAK),19,19,63.2,2,398,27,5/3,14.74,6.28,14,0,1,Sufiyan Muqeem,PAK
306,VP Thamotharam (MLT),46,36,94.2,0,787,27,3/22,29.14,8.34,20.9,0,0,VP Thamotharam,MLT
307,C Udekwe (NGA),26,24,75.1,3,433,27,3/12,16.03,5.76,16.7,0,0,C Udekwe,NGA
308,Usman Khalid (KSA),31,29,88.2,4,526,27,4/6,19.48,5.95,19.6,2,0,Usman Khalid,KSA
309,Usman Khan (Fran),21,19,56.5,1,383,27,4/17,14.18,6.73,12.6,1,0,Usman Khan,Fran
310,Adil Butt (SWZ),25,23,82.0,5,601,26,3/4,23.11,7.32,18.9,0,0,Adil Butt,SWZ
311,CJA Amini (PNG),31,25,65.2,0,403,26,4/18,15.5,6.16,15,1,0,CJA Amini,PNG
312,Anjar Tadarus (INA),73,34,74.3,0,554,26,5/8,21.3,7.43,17.1,1,1,Anjar Tadarus,INA
313,SVE Bharathi (GER),22,22,72.4,1,425,26,4/6,16.34,5.84,16.7,1,0,SVE Bharathi,GER
314,HA Chohan (TAN),23,23,67.0,2,411,26,4/15,15.8,6.13,15.4,1,0,HA Chohan,TAN
315,R Coker (SLE),38,36,111.4,3,653,26,4/4,25.11,5.84,25.7,1,0,R Coker,SLE
316,S Dube (IND),50,31,65.5,0,638,26,3/4,24.53,9.69,15.1,0,0,S Dube,IND
317,Faheem Ashraf (PAK),43,33,75.4,0,636,26,4/23,24.46,8.4,17.4,2,0,Faheem Ashraf,PAK
318,Fareed Ahmad (AFG),22,21,61.2,0,549,26,3/14,21.11,8.95,14.1,0,0,Fareed Ahmad,AFG
319,Ibrahim Hassan (MDV),30,30,88.3,1,656,26,4/12,25.23,7.41,20.4,1,0,Ibrahim Hassan,MDV
320,AF Ifill (CAY),22,22,73.1,1,428,26,4/8,16.46,5.84,16.8,1,0,AF Ifill,CAY
321,S Joseph (WI),22,22,75.0,0,703,26,4/30,27.03,9.37,17.3,1,0,S Joseph,WI
322,Kaleemullah (OMA),32,32,98.5,3,703,26,3/23,27.03,7.11,22.8,0,0,Kaleemullah,OMA
323,Mehran Khan (OMA),29,23,62.0,3,439,26,3/7,16.88,7.08,14.3,0,0,Mehran Khan,OMA
324,Mohammad Ghazanfar (HKG),24,23,73.2,1,514,26,3/16,19.76,7,16.9,0,0,Mohammad Ghazanfar,HKG
325,J Overton (ENG),24,20,57.5,1,476,26,3/18,18.3,8.23,13.3,0,0,J Overton,ENG
326,LN Rajbanshi (NEP),26,26,84.3,3,565,26,3/13,21.73,6.68,19.5,0,0,LN Rajbanshi,NEP
327,CB Roposo (MOZ),22,20,57.5,1,370,26,3/14,14.23,6.39,13.3,0,0,CB Roposo,MOZ
328,JTS Sumerauer (JER),31,30,93.2,0,706,26,4/22,27.15,7.56,21.5,1,0,JTS Sumerauer,JER
329,MB Tambe (FIN),24,24,78.2,0,515,26,5/19,19.8,6.57,18,0,1,MB Tambe,FIN
330,Washington Sundar (IND),29,26,70.2,0,464,26,3/3,17.84,6.59,16.2,0,0,Washington Sundar,IND
331,Waseem Yaqoob (LES),17,17,52.2,2,440,26,6/18,16.92,8.4,12,1,1,Waseem Yaqoob,LES
332,D Wiese (NAM),23,23,75.2,2,497,26,4/17,19.11,6.59,17.3,1,0,D Wiese,NAM
333,Khalid Zahid (SWE),24,24,81.2,1,545,25,3/15,21.8,6.7,19.5,0,0,Khalid Zahid,SWE
334,M Dale-Bradley (GUE),24,23,79.0,0,515,25,4/17,20.6,6.51,18.9,1,0,M Dale-Bradley,GUE
335,Fitri Sham (MAS),21,20,74.0,2,449,25,3/23,17.96,6.06,17.7,0,0,Fitri Sham,MAS
336,MJ Humphreys (IRE),18,18,67.0,0,464,25,4/13,18.56,6.92,16,2,0,MJ Humphreys,IRE
337,R Kalimuthu (SGP),15,15,52.1,2,431,25,5/21,17.24,8.26,12.5,0,1,R Kalimuthu,SGP
338,LS Livingstone (ENG),46,32,71.0,1,680,25,3/17,27.2,9.57,17,0,0,LS Livingstone,ENG
339,K Mirpuri (GIBR),27,27,90.5,1,725,25,3/16,29,7.98,21.8,0,0,K Mirpuri,GIBR
340,Muhammad Moiz (ROM),19,18,53.2,1,436,25,3/18,17.44,8.17,12.8,0,0,Muhammad Moiz,ROM
341,N Nipiko (VAN),25,18,54.5,0,460,25,4/12,18.4,8.38,13.1,3,0,N Nipiko,VAN
342,HV Patel (IND),23,22,76.5,0,719,25,4/25,28.76,9.35,18.4,1,0,HV Patel,IND
343,C Pengkumta (THA),29,26,71.4,2,513,25,4/22,20.52,7.15,17.2,1,0,C Pengkumta,THA
344,Raaz Mohammad (FIN),19,19,63.2,2,424,25,4/7,16.96,6.69,15.2,1,0,Raaz Mohammad,FIN
345,Rahmatullah Mangal (Fran),20,20,62.2,2,440,25,4/12,17.6,7.05,14.9,2,0,Rahmatullah Mangal,Fran
346,SM Sharif (SCOT),23,23,72.3,2,589,25,2/7,23.56,8.12,17.4,0,0,SM Sharif,SCOT
347,B Shikongo (NAM),25,24,65.3,1,477,25,3/21,19.08,7.28,15.7,0,0,B Shikongo,NAM
348,Aamir Kaleem (OMA),30,22,60.5,1,489,24,5/29,20.37,8.03,15.2,0,1,Aamir Kaleem,OMA
349,Abdul Naser Baluch (SWE),17,17,60.5,4,409,24,4/15,17.04,6.72,15.2,1,0,Abdul Naser Baluch,SWE
350,Ahmadullah Shinwari (NOR),27,27,83.1,0,545,24,4/20,22.7,6.55,20.7,1,0,Ahmadullah Shinwari,NOR
351,ASF Sirah (PHI),25,23,72.0,0,523,24,3/16,21.79,7.26,18,0,0,ASF Sirah,PHI
352,XC Bartlett (AUS),21,20,66.3,0,529,24,3/13,22.04,7.95,16.6,0,0,XC Bartlett,AUS
353,PJ Cummins (AUS),20,20,75.0,1,616,24,3/28,25.66,8.21,18.7,0,0,PJ Cummins,AUS
354,F Damiao Couana (MOZ),27,26,80.2,4,488,24,3/8,20.33,6.07,20,0,0,F Damiao Couana,MOZ
355,Faheem Nazir (SUI),27,19,52.5,0,384,24,3/14,16,7.26,13.2,0,0,Faheem Nazir,SUI
356,AA Gajic (SRB),25,22,70.1,3,588,24,4/12,24.5,8.38,17.5,1,0,AA Gajic,SRB
357,S Gooch (EST),17,16,53.0,2,391,24,3/20,16.29,7.37,13.2,0,0,S Gooch,EST
358,Huzaifa Mohammed (PHI),24,24,87.5,3,531,24,3/25,22.12,6.04,21.9,0,0,Huzaifa Mohammed,PHI
359,Jasdeep Singh (USA),26,26,90.0,1,749,24,3/22,31.2,8.32,22.5,0,0,Jasdeep Singh,USA
360,A Kirschbaum (Arg),21,20,70.0,1,419,24,3/8,17.45,5.98,17.5,0,0,A Kirschbaum,Arg
361,P Kumbhare (JPN),20,20,67.1,7,299,24,3/8,12.45,4.45,16.7,0,0,P Kumbhare,JPN
362,ND Laegsgaard (DEN),20,20,62.3,1,381,24,4/19,15.87,6.09,15.6,1,0,ND Laegsgaard,DEN
363,F Mutua (KENYA),22,19,45.4,3,309,24,3/5,12.87,6.76,11.4,0,0,F Mutua,KENYA
364,DMW Rawlins (BER),24,22,64.5,2,355,24,4/10,14.79,5.47,16.2,2,0,DMW Rawlins,BER
365,Sahir Naqash (GER),17,13,43.3,0,337,24,3/24,14.04,7.74,10.8,0,0,Sahir Naqash,GER
366,K Senamontree (THA),27,24,68.1,3,444,24,4/19,18.5,6.51,17,1,0,K Senamontree,THA
367,Shahil Momin (AUT),21,21,71.3,1,467,24,4/19,19.45,6.53,17.8,2,0,Shahil Momin,AUT
368,OE Taylor (COK),11,11,40.0,1,259,24,5/17,10.79,6.47,10,0,1,OE Taylor,COK
369,MK Thakur (THA),21,21,72.3,0,438,24,4/23,18.25,6.04,18.1,1,0,MK Thakur,THA
370,Abbas Ghani (HUN),22,17,41.1,1,375,23,4/14,16.3,9.1,10.7,1,0,Abbas Ghani,HUN
371,Akhil Anil (TAN),27,22,64.2,0,409,23,3/15,17.78,6.35,16.7,0,0,Akhil Anil,TAN
372,MM Ali (ENG),48,34,71.2,0,623,23,3/24,27.08,8.73,18.6,0,0,MM Ali,ENG
373,Asif Ali (BHR),55,35,76.3,0,488,23,2/1,21.21,6.37,19.9,0,0,Asif Ali,BHR
374,G Bakiweyem (GHA),29,28,77.4,3,485,23,3/16,21.08,6.24,20.2,0,0,G Bakiweyem,GHA
375,SFS Cheema (AUT),19,15,37.0,1,272,23,5/27,11.82,7.35,9.6,1,1,SFS Cheema,AUT
376,K Fletcher (SUI),21,21,69.0,1,464,23,4/24,20.17,6.72,18,1,0,K Fletcher,SUI
377,MW Forde (WI),25,23,74.4,1,616,23,3/19,26.78,8.25,19.4,0,0,MW Forde,WI
378,M Jele (SWZ),31,27,68.5,4,575,23,3/23,25,8.35,17.9,0,0,M Jele,SWZ
379,FJ Klaassen (NED),17,17,61.4,0,440,23,5/19,19.13,7.13,16,0,1,FJ Klaassen,NED
380,WP Masakadza (ZIM),51,47,134.4,1,1016,23,4/11,44.17,7.54,35.1,1,0,WP Masakadza,ZIM
381,Milad Momend (LUX),13,13,46.0,0,394,23,4/38,17.13,8.56,12,1,0,Milad Momend,LUX
382,A Nao (PNG),19,19,65.0,5,381,23,3/15,16.56,5.86,16.9,0,0,A Nao,PNG
383,Naveed Ahmed (CZK-R),23,23,77.0,0,516,23,3/8,22.43,6.7,20,0,0,Naveed Ahmed,CZK-R
384,S Pradhan (BHU),28,26,74.5,1,501,23,4/25,21.78,6.69,19.5,1,0,S Pradhan,BHU
385,Raza Iqbal (NOR),21,19,59.0,1,383,23,5/23,16.65,6.49,15.3,0,1,Raza Iqbal,NOR
386,Riazat Ali Shah (UGA),52,33,87.0,0,600,23,4/23,26.08,6.89,22.6,1,0,Riazat Ali Shah,UGA
387,AAP Rivero (Arg),21,18,61.1,2,305,23,3/11,13.26,4.98,15.9,0,0,AAP Rivero,Arg
388,Salman Mirza (PAK),17,16,57.4,1,371,23,3/14,16.13,6.43,15,0,0,Salman Mirza,PAK
389,M Shahbaz Butt (NOR),16,15,53.5,2,285,23,5/8,12.39,5.29,14,1,1,M Shahbaz Butt,NOR
390,Shoaib Rafiq (Mex),15,15,47.5,3,193,23,5/12,8.39,4.03,12.4,0,1,Shoaib Rafiq,Mex
391,M Taylor (BHM),30,27,89.4,1,651,23,3/17,28.3,7.26,23.3,0,0,M Taylor,BHM
392,T Taylor (CAY),19,19,62.1,0,429,23,4/43,18.65,6.9,16.2,1,0,T Taylor,CAY
393,Waqas Ahmad (MLT),15,15,57.3,1,413,23,5/11,17.95,7.18,15,0,1,Waqas Ahmad,MLT
394,NP Kenjige (USA),24,23,73.4,0,554,22,3/21,25.18,7.52,20,0,0,NP Kenjige,USA
395,OEG Baartman (SA),17,17,57.5,1,475,22,4/11,21.59,8.21,15.7,2,0,OEG Baartman,SA
396,KS Bagabena (GHA),30,26,71.0,4,411,22,4/19,18.68,5.78,19.3,1,0,KS Bagabena,GHA
397,V Baskaran (SGP),20,20,65.5,1,525,22,3/39,23.86,7.97,17.9,0,0,V Baskaran,SGP
398,FA Cossa (MOZ),27,25,81.1,3,473,22,3/18,21.5,5.82,22.1,0,0,FA Cossa,MOZ
399,BJ Dwarshuis (AUS),15,15,57.0,0,536,22,4/36,24.36,9.4,15.5,1,0,BJ Dwarshuis,AUS
400,Fanyan Mughal (MLT),24,24,76.3,1,581,22,3/15,26.4,7.59,20.8,0,0,Fanyan Mughal,MLT
401,T Lungameni (NAM),32,31,96.0,1,766,22,3/13,34.81,7.97,26.1,0,0,T Lungameni,NAM
402,EJB Miles (JER),16,16,59.0,1,377,22,2/16,17.13,6.38,16,0,0,EJB Miles,JER
403,W Nalisa (VAN),22,18,64.5,0,452,22,6/16,20.54,6.97,17.6,0,1,W Nalisa,VAN
404,A Nanda (LUX),26,25,81.0,0,664,22,3/32,30.18,8.19,22,0,0,A Nanda,LUX
405,BA Pai (GIBR),30,28,91.3,1,612,22,3/13,27.81,6.68,24.9,0,0,BA Pai,GIBR
406,Pyae Phyo Wai (MYAN),32,27,73.1,3,500,22,3/20,22.72,6.83,19.9,0,0,Pyae Phyo Wai,MYAN
407,Raja Adeel (ESP),21,21,68.2,2,436,22,3/8,19.81,6.38,18.6,0,0,Raja Adeel,ESP
408,AD Russell (WI),19,19,55.0,0,555,22,3/19,25.22,10.09,15,0,0,AD Russell,WI
409,M Sarenac (SRB),28,26,73.4,2,582,22,3/18,26.45,7.9,20,0,0,M Sarenac,SRB
410,BV Sears (NZ),20,18,62.1,0,537,22,3/22,24.4,8.63,16.9,0,0,BV Sears,NZ
411,Sufyan Mehmood (OMA),21,20,62.0,1,522,22,3/26,23.72,8.41,16.9,0,0,Sufyan Mehmood,OMA
412,HER Tyler (PHI),32,18,59.4,0,541,22,4/18,24.59,9.06,16.2,1,0,HER Tyler,PHI
413,Waji Ul Hassan (KSA),36,25,63.4,0,480,22,5/9,21.81,7.53,17.3,0,1,Waji Ul Hassan,KSA
414,Waqar Ali (CYP),10,10,38.0,0,176,22,4/13,8,4.63,10.3,4,0,Waqar Ali,CYP
415,NK Aneesh Kumar (SUI),28,27,91.5,1,619,21,3/19,29.47,6.74,26.2,0,0,NK Aneesh Kumar,SUI
416,B Arora (MLT),35,30,81.0,0,661,21,2/22,31.47,8.16,23.1,0,0,B Arora,MLT
417,Ashwin Vinod (SUI),22,22,70.0,3,511,21,4/37,24.33,7.3,20,1,0,Ashwin Vinod,SUI
418,R Baaleri (GHA),21,18,52.2,2,381,21,5/29,18.14,7.28,14.9,2,1,R Baaleri,GHA
419,TA Boult (NZ),17,17,66.0,3,434,21,4/13,20.66,6.57,18.8,1,0,TA Boult,NZ
420,Z Burgess (BER),27,27,84.1,0,502,21,3/20,23.9,5.96,24,0,0,Z Burgess,BER
421,C Forshaw (GUE),14,13,41.0,0,338,21,3/17,16.09,8.24,11.7,0,0,C Forshaw,GUE
422,KA Jamieson (NZ),19,19,64.3,1,628,21,3/8,29.9,9.73,18.4,0,0,KA Jamieson,NZ
423,K Juma (TAN),15,15,52.4,0,353,21,4/13,16.8,6.7,15,1,0,K Juma,TAN
424,SI Kamea (PNG),19,19,65.2,1,479,21,3/28,22.8,7.33,18.6,0,0,SI Kamea,PNG
425,JN Loftie-Eaton (NAM),44,24,49.2,0,373,21,4/10,17.76,7.56,14,1,0,JN Loftie-Eaton,NAM
426,P Malav (LUX),19,19,60.3,0,449,21,3/22,21.38,7.42,17.2,0,0,P Malav,LUX
427,HV Mandhyan (HUN),17,16,61.4,2,450,21,3/30,21.42,7.29,17.6,0,0,HV Mandhyan,HUN
428,B Masaba (UGA),52,23,58.2,0,310,21,3/8,14.76,5.31,16.6,0,0,B Masaba,UGA
429,PK Matautaava (VAN),18,17,54.0,2,294,21,3/10,14,5.44,15.4,0,0,PK Matautaava,VAN
430,Mohammad Saifuddin (BAN),18,17,60.4,0,548,21,3/15,26.09,9.03,17.3,0,0,Mohammad Saifuddin,BAN
431,Mujeeb-ur-Rehman (QAT),24,24,69.0,1,479,21,3/23,22.8,6.94,19.7,0,0,Mujeeb-ur-Rehman,QAT
432,Murid Ekrami (BEL),19,19,61.1,1,461,21,3/21,21.95,7.53,17.4,0,0,Murid Ekrami,BEL
433,Shah Abrar Hussain (CAM),29,23,73.1,0,553,21,3/17,26.33,7.55,20.9,0,0,Shah Abrar Hussain,CAM
434,DC Smith (PHI),30,23,66.3,2,519,21,3/18,24.71,7.8,19,0,0,DC Smith,PHI
435,OF Smith (WI),22,21,58.0,0,580,21,3/29,27.61,10,16.5,0,0,OF Smith,WI
436,RE van der Merwe (NED),25,25,68.0,0,486,21,3/15,23.14,7.14,19.4,0,0,RE van der Merwe,NED
437,Zeerak Chughtai (BUL),19,17,44.3,0,388,21,4/18,18.47,8.71,12.7,2,0,Zeerak Chughtai,BUL
438,Amir Farooq (QAT),18,18,58.5,1,466,20,5/32,23.3,7.92,17.6,0,1,Amir Farooq,QAT
439,Atif Mehmood (ESP),18,17,57.4,6,295,20,4/6,14.75,5.11,17.3,1,0,Atif Mehmood,ESP
440,LS Barkania (TAN),16,16,51.5,1,271,20,4/6,13.55,5.22,15.5,1,0,LS Barkania,TAN
441,J Bulele (MOZ),16,15,47.5,0,326,20,3/21,16.3,6.81,14.3,0,0,J Bulele,MOZ
442,BA Carse (ENG),14,13,44.4,0,412,20,3/23,20.6,9.22,13.4,0,0,BA Carse,ENG
443,K Fubler (BER),16,13,44.5,3,198,20,3/4,9.9,4.41,13.4,0,0,K Fubler,BER
444,PF Gallagher (FIN),15,15,56.5,0,338,20,3/17,16.9,5.94,17,0,0,PF Gallagher,FIN
445,D Ganesh (CRC),15,15,55.0,5,247,20,4/7,12.35,4.49,16.5,1,0,D Ganesh,CRC
446,CN Greaves (SCOT),26,21,53.3,0,407,20,3/26,20.35,7.6,16,0,0,CN Greaves,SCOT
447,D Klein (GER),15,15,58.2,0,368,20,3/31,18.4,6.3,17.5,0,0,D Klein,GER
448,H Lakov (BUL),28,21,76.0,1,621,20,3/21,31.05,8.17,22.8,0,0,H Lakov,BUL
449,DAM Louis (QAT),14,14,42.0,0,313,20,3/22,15.65,7.45,12.6,0,0,DAM Louis,QAT
450,D Madushanka (SL),19,19,63.0,0,590,20,3/24,29.5,9.36,18.9,0,0,D Madushanka,SL
451,Muhammad Asim (QAT),24,22,62.5,2,406,20,3/8,20.3,6.46,18.8,0,0,Muhammad Asim,QAT
452,Muhammad Siddiqui (SVN),15,15,54.0,1,393,20,4/25,19.65,7.27,16.2,1,0,Muhammad Siddiqui,SVN
453,Muhammad Wafiq (MAS),32,30,84.3,3,643,20,3/14,32.15,7.6,25.3,0,0,Muhammad Wafiq,MAS
454,Mukesh Kumar (IND),17,17,54.0,0,487,20,4/22,24.35,9.01,16.2,1,0,Mukesh Kumar,IND
455,Noor Ahmad (AFG),26,25,80.0,0,597,20,4/10,29.85,7.46,24,1,0,Noor Ahmad,AFG
456,D Rawat (CRC),15,15,45.0,3,235,20,4/3,11.75,5.22,13.5,2,0,D Rawat,CRC
457,EB Ringera (KENYA),22,21,61.3,2,403,20,3/12,20.15,6.55,18.4,0,0,EB Ringera,KENYA
458,L Rossi (Arg),14,12,42.0,2,206,20,5/3,10.3,4.9,12.6,1,1,L Rossi,Arg
459,Saud Munir (DEN),15,15,51.4,1,325,20,5/21,16.25,6.29,15.5,0,1,Saud Munir,DEN
460,DK Shetty (INA),21,21,56.3,0,377,20,3/7,18.85,6.67,16.9,0,0,DK Shetty,INA
461,N Tanner (PHI),19,16,42.4,0,319,20,5/29,15.95,7.47,12.8,0,1,N Tanner,PHI
462,J Tuffin (PHI),19,17,60.0,1,390,20,4/22,19.5,6.5,18,1,0,J Tuffin,PHI
463,Umair Qasim (SWZ),25,22,73.3,2,498,20,3/14,24.9,6.77,22,0,0,Umair Qasim,SWZ
464,NK Yadav (NEP),16,16,45.5,0,349,20,2/18,17.45,7.61,13.7,0,0,NK Yadav,NEP
465,M Yunusu Issa (TAN),40,25,58.0,0,421,20,3/24,21.05,7.25,17.4,0,0,M Yunusu Issa,TAN
466,Zaheer Zahiri (Fran),12,12,43.5,0,301,20,3/22,15.05,6.86,13.1,0,0,Zaheer Zahiri,Fran
467,Amar Sharma (MLT),22,22,67.0,0,566,19,3/24,29.78,8.44,21.1,0,0,Amar Sharma,MLT
468,Azyan Farhath (MDV),29,15,40.1,4,261,19,4/5,13.73,6.49,12.6,2,0,Azyan Farhath,MDV
469,C Campher (IRE),61,44,107.0,0,884,19,2/9,46.52,8.26,33.7,0,0,C Campher,IRE
470,ROC Dunka (CAY),22,22,68.0,1,546,19,3/23,28.73,8.02,21.4,0,0,ROC Dunka,CAY
471,Fayaz Khan (GER),17,15,48.0,0,350,19,5/19,18.42,7.29,15.1,0,1,Fayaz Khan,GER
472,ZG Foulkes (NZ),19,18,60.3,0,569,19,3/20,29.94,9.4,19.1,0,0,ZG Foulkes,NZ
473,JN Frylinck (NAM),51,24,73.5,1,585,19,2/17,30.78,7.92,23.3,0,0,JN Frylinck,NAM
474,Jakob Gul (BUL),13,11,43.0,0,318,19,4/37,16.73,7.39,13.5,1,0,Jakob Gul,BUL
475,CBRLS Kumara (SL),12,12,42.5,0,360,19,3/38,18.94,8.4,13.5,0,0,CBRLS Kumara,SL
476,H Lin Aung (MYAN),31,22,62.0,0,423,19,3/16,22.26,6.82,19.5,0,0,H Lin Aung,MYAN
477,GF Linde (SA),18,18,53.0,0,413,19,4/21,21.73,7.79,16.7,1,0,GF Linde,SA
478,A Martel (GUE),28,27,81.3,0,599,19,3/12,31.52,7.34,25.7,0,0,A Martel,GUE
479,E Mathew (MLT),27,20,56.5,0,464,19,4/39,24.42,8.16,17.9,1,0,E Mathew,MLT
480,KP Meiyappan (UAE),13,13,45.0,0,311,19,3/13,16.36,6.91,14.2,0,0,KP Meiyappan,UAE
481,Muhammad Rohid (UAE),17,17,57.0,1,466,19,3/23,24.52,8.17,18,0,0,Muhammad Rohid,UAE
482,Noman Amjad (Fran),23,22,69.2,0,475,19,3/24,25,6.85,21.8,0,0,Noman Amjad,Fran
483,R Ravindra (NZ),45,19,44.0,1,339,19,4/27,17.84,7.7,13.8,1,0,R Ravindra,NZ
484,A Reyes (GIBR),26,17,40.5,0,332,19,3/10,17.47,8.13,12.8,0,0,A Reyes,GIBR
485,NM Salonen (FIN),15,15,50.5,2,349,19,4/45,18.36,6.86,16,1,0,NM Salonen,FIN
486,Simranjeet Singh (UAE),17,17,54.3,1,342,19,4/15,18,6.27,17.2,1,0,Simranjeet Singh,UAE
487,MA Starc (AUS),17,17,62.0,1,520,19,4/20,27.36,8.38,19.5,1,0,MA Starc,AUS
488,F Stoman (POR),22,17,59.0,2,386,19,3/16,20.31,6.54,18.6,0,0,F Stoman,POR
489,Tashi Phuntsho (BHU),19,14,42.0,0,218,19,3/10,11.47,5.19,13.2,0,0,Tashi Phuntsho,BHU
490,Thuya Aung (MYAN),32,21,60.4,5,367,19,3/7,19.31,6.04,19.1,0,0,Thuya Aung,MYAN
491,T Tshose (BOT),39,30,84.1,1,632,19,2/14,33.26,7.5,26.5,0,0,T Tshose,BOT
492,H Venkataram (SGP),14,12,43.1,1,327,19,5/21,17.21,7.57,13.6,1,1,H Venkataram,SGP
493,D Visser (Samoa),17,14,46.0,1,349,19,4/11,18.36,7.58,14.5,1,0,D Visser,Samoa
494,L Wood (ENG),16,15,48.0,0,427,19,3/24,22.47,8.89,15.1,0,0,L Wood,ENG
495,A Wright (CAY),21,20,69.3,1,391,19,3/9,20.57,5.62,21.9,0,0,A Wright,CAY
496,Zuhaib Zubair (UAE),19,19,54.5,0,385,19,5/21,20.26,7.02,17.3,0,1,Zuhaib Zubair,UAE
497,Akif Raja (UAE),21,20,61.0,1,493,18,2/6,27.38,8.08,20.3,0,0,Akif Raja,UAE
498,Amjad Mahboob (SGP),16,16,56.0,0,480,18,3/29,26.66,8.57,18.6,0,0,Amjad Mahboob,SGP
499,GK Berg (ITA),13,13,46.0,1,292,18,4/14,16.22,6.34,15.3,1,0,GK Berg,ITA
500,H Bharadwaj (SGP),12,12,45.0,4,234,18,6/3,13,5.2,15,1,1,H Bharadwaj,SGP
501,L Erdenebulgan (MNG),15,13,45.0,0,440,18,3/29,24.44,9.77,15,0,0,L Erdenebulgan,MNG
502,Haroon Arshad (HKG),19,19,52.3,2,496,18,4/7,27.55,9.44,17.5,1,0,Haroon Arshad,HKG
503,Imad Wasim (PAK),17,17,52.0,1,296,18,3/8,16.44,5.69,17.3,0,0,Imad Wasim,PAK
504,Imran Ameer (MLT),25,22,72.3,1,496,18,2/19,27.55,6.84,24.1,0,0,Imran Ameer,MLT
505,K Kubota (JPN),19,19,43.2,1,227,18,3/11,12.61,5.23,14.4,0,0,K Kubota,JPN
506,CJ Langford (IOM),15,14,42.4,0,284,18,3/10,15.77,6.65,14.2,0,0,CJ Langford,IOM
507,R Mangal (Fran),18,18,44.1,0,366,18,3/2,20.33,8.28,14.7,0,0,R Mangal,Fran
508,KT Maphaka (SA),18,17,58.4,0,546,18,4/20,30.33,9.3,19.5,1,0,KT Maphaka,SA
509,GJ Maxwell (AUS),51,33,64.1,0,604,18,2/13,33.55,9.41,21.3,0,0,GJ Maxwell,AUS
510,Muhammad Saqlain (HUN),13,13,38.1,0,313,18,5/8,17.38,8.2,12.7,0,2,Muhammad Saqlain,HUN
511,WD Parnell (SA),16,16,57.3,1,475,18,5/30,26.38,8.26,19.1,0,1,WD Parnell,SA
512,TJG Pringle (NED),22,22,70.0,0,453,18,3/20,25.16,6.47,23.3,0,0,TJG Pringle,NED
513,LH Rodrigues (BRA),15,14,51.5,3,278,18,4/10,15.44,5.36,17.2,1,0,LH Rodrigues,BRA
514,Sajad Ahmadzai (BEL),17,17,52.4,0,384,18,3/22,21.33,7.29,17.5,0,0,Sajad Ahmadzai,BEL
515,Sher Sahak (NOR),29,14,34.1,0,237,18,3/18,13.16,6.93,11.3,0,0,Sher Sahak,NOR
516,ACF Stokes (GUE),13,13,43.0,0,254,18,3/9,14.11,5.9,14.3,0,0,ACF Stokes,GUE
517,K Thuchila (MWI),18,17,56.4,4,323,18,3/8,17.94,5.7,18.8,0,0,K Thuchila,MWI
518,Usman Tariq (PAK),9,8,30.1,2,201,18,4/16,11.16,6.66,10,2,0,Usman Tariq,PAK
519,Yasir Mohammad (USA),11,10,34.3,1,239,18,4/11,13.27,6.92,11.5,2,0,Yasir Mohammad,USA
520,Zaki Ul Hassan (BEL),11,11,37.5,0,320,18,4/24,17.77,8.45,12.6,2,0,Zaki Ul Hassan,BEL
521,SA Ahmad (DEN),24,21,62.0,1,401,17,2/7,23.58,6.46,21.8,0,0,SA Ahmad,DEN
522,A Ashokan (CZK-R),18,15,52.0,1,363,17,3/32,21.35,6.98,18.3,0,0,A Ashokan,CZK-R
523,Asif Shaikh (BHR),17,15,52.2,0,334,17,3/20,19.64,6.38,18.4,0,0,Asif Shaikh,BHR
524,C Bah (SLE),37,25,67.4,3,441,17,4/2,25.94,6.51,23.8,2,0,C Bah,SLE
525,S Conteh (SLE),23,22,62.4,5,339,17,4/12,19.94,5.4,22.1,1,0,S Conteh,SLE
526,R Hashu (POR),8,8,24.0,1,167,17,4/17,9.82,6.95,8.4,1,0,R Hashu,POR
527,S Hirugade (Mex),17,17,55.1,0,296,17,2/8,17.41,5.36,19.4,0,0,S Hirugade,Mex
528,C Karunaratne (SL),31,29,84.4,0,736,17,2/22,43.29,8.69,29.8,0,0,C Karunaratne,SL
529,KK Lin Thu (MYAN),32,22,62.0,2,358,17,3/7,21.05,5.77,21.8,0,0,KK Lin Thu,MYAN
530,D Marks (MLT),17,17,60.2,0,540,17,3/29,31.76,8.95,21.2,0,0,D Marks,MLT
531,S Murari (CRC),11,11,42.0,4,131,17,4/6,7.7,3.11,14.8,1,0,S Murari,CRC
532,Najjam Shahzad (POR),22,20,56.0,0,410,17,3/25,24.11,7.32,19.7,0,0,Najjam Shahzad,POR
533,SM Nash (Samoa),17,17,51.1,0,396,17,4/24,23.29,7.73,18,2,0,SM Nash,Samoa
534,W Ngowhuad (THA),13,12,32.1,1,312,17,4/23,18.35,9.69,11.3,2,0,W Ngowhuad,THA
535,S Nsubuga (UGA),15,15,42.1,0,294,17,3/22,17.29,6.97,14.8,0,0,S Nsubuga,UGA
536,WA Peatfield (GUE),12,12,43.0,0,235,17,4/22,13.82,5.46,15.1,1,0,WA Peatfield,GUE
537,J Ramanandi (OMA),15,14,40.4,0,328,17,3/22,19.29,8.06,14.3,0,0,J Ramanandi,OMA
538,Samiullah Rahmani (SWE),20,15,41.2,0,279,17,4/23,16.41,6.75,14.5,1,0,Samiullah Rahmani,SWE
539,A Shahi (CYP),15,15,44.0,0,343,17,3/25,20.17,7.79,15.5,0,0,A Shahi,CYP
540,Shivam Sharma (CAN),11,11,32.5,0,181,17,4/14,10.64,5.51,11.5,1,0,Shivam Sharma,CAN
541,S Vashisht (ROM),27,16,50.0,3,341,17,4/26,20.05,6.82,17.6,1,0,S Vashisht,ROM
542,DN Wellalage (SL),15,15,57.3,0,429,17,3/9,25.23,7.46,20.2,0,0,DN Wellalage,SL
543,Zain Ahmad (Fran),20,13,40.0,0,265,17,4/20,15.58,6.62,14.1,1,0,Zain Ahmad,Fran
544,KD Abeyrathna (NOR),30,17,41.4,2,285,16,3/18,17.81,6.84,15.6,0,0,KD Abeyrathna,NOR
545,Bilal Muhammad (MLT),13,13,51.0,0,383,16,4/18,23.93,7.5,19.1,1,0,Bilal Muhammad,MLT
546,D Birrell (JER),12,12,40.4,1,284,16,3/19,17.75,6.98,15.2,0,0,D Birrell,JER
547,M Choamba (MWI),39,25,55.5,0,344,16,3/6,21.5,6.16,20.9,0,0,M Choamba,MWI
548,Danyal Raja (BUL),21,20,59.0,3,509,16,2/11,31.81,8.62,22.1,0,0,Danyal Raja,BUL
549,L Denny (COK),17,14,46.5,1,355,16,3/12,22.18,7.58,17.5,0,0,L Denny,COK
550,A Dhabe (SWE),9,9,34.0,1,195,16,4/25,12.18,5.73,12.7,1,0,A Dhabe,SWE
551,J Evans (ISR),9,9,35.0,0,237,16,4/20,14.81,6.77,13.1,1,0,J Evans,ISR
552,B Fernando (SL),19,19,65.5,0,551,16,3/31,34.43,8.36,24.6,0,0,B Fernando,SL
553,V Ganesan (GER),27,15,42.0,0,254,16,3/11,15.87,6.04,15.7,0,0,V Ganesan,GER
554,NA Greenwood (JER),29,20,58.0,0,347,16,3/8,21.68,5.98,21.7,0,0,NA Greenwood,JER
555,T Gwandu (ZIM),19,16,47.3,0,415,16,3/10,25.93,8.73,17.8,0,0,T Gwandu,ZIM
556,Izaz Ali (SVN),16,16,48.0,2,438,16,4/14,27.37,9.12,18,1,0,Izaz Ali,SVN
557,WG Jacks (ENG),40,16,36.0,0,312,16,3/14,19.5,8.66,13.5,0,0,WG Jacks,ENG
558,Jaskaran Singh (CAN),16,14,43.1,0,398,16,3/11,24.87,9.22,16.1,0,0,Jaskaran Singh,CAN
559,Jaspreet Singh (ITA),18,18,48.2,3,354,16,4/9,22.12,7.32,18.1,1,0,Jaspreet Singh,ITA
560,NR Johns-Wickberg (SRB),15,14,50.3,3,335,16,3/6,20.93,6.63,18.9,0,0,NR Johns-Wickberg,SRB
561,Junaid Khan (POR),16,16,54.0,1,309,16,3/18,19.31,5.72,20.2,0,0,Junaid Khan,POR
562,K Kato-Stafford (JPN),12,12,25.2,0,125,16,5/7,7.81,4.93,9.5,0,1,K Kato-Stafford,JPN
563,B Khumalo (BOT),24,23,59.5,1,464,16,2/20,29,7.75,22.4,0,0,B Khumalo,BOT
564,VJ Kingma (NED),17,17,56.4,1,380,16,4/21,23.75,6.7,21.2,1,0,VJ Kingma,NED
565,Kushal Malla (NEP),49,22,51.0,0,318,16,4/33,19.87,6.23,19.1,1,0,Kushal Malla,NEP
566,GT Main (SCOT),11,11,33.2,0,291,16,5/26,18.18,8.73,12.5,0,1,GT Main,SCOT
567,Mohammad Nadeem (OMA),45,32,69.3,0,601,16,2/11,37.56,8.64,26,0,0,Mohammad Nadeem,OMA
568,Mohammed Nadeem (QAT),17,17,62.0,1,391,16,3/20,24.43,6.3,23.2,0,0,Mohammed Nadeem,QAT
569,Nyein Cham Soe (MYAN),28,17,38.2,1,315,16,3/12,19.68,8.21,14.3,0,0,Nyein Cham Soe,MYAN
570,T Perera (BOT),25,17,49.0,0,412,16,4/21,25.75,8.4,18.3,1,0,T Perera,BOT
571,B Pondani (MWI),31,30,84.3,2,586,16,2/12,36.62,6.93,31.6,0,0,B Pondani,MWI
572,KW Richardson (AUS),10,10,37.0,0,354,16,4/30,22.12,9.56,13.8,1,0,KW Richardson,AUS
573,Robert Raina (THA),11,11,24.0,0,145,16,3/3,9.06,6.04,9,0,0,Robert Raina,THA
574,T Rossi (Arg),16,15,47.0,1,305,16,2/3,19.06,6.48,17.6,0,0,T Rossi,Arg
575,U Shantu (POR),8,8,30.4,2,170,16,3/23,10.62,5.54,11.5,0,0,U Shantu,POR
576,S Shrivastava (OMA),20,20,54.0,0,431,16,5/18,26.93,7.98,20.2,0,1,S Shrivastava,OMA
577,PSRK Sudarshan (SGP),14,14,49.0,0,374,16,3/29,23.37,7.63,18.3,0,0,PSRK Sudarshan,SGP
578,Taranjit Singh (CYP),15,14,46.3,1,313,16,4/15,19.56,6.73,17.4,1,0,Taranjit Singh,CYP
579,SC Williams (ZIM),35,30,64.0,0,395,16,2/1,24.68,6.17,24,0,0,SC Williams,ZIM
580,CR Woakes (ENG),17,17,47.2,0,395,16,3/4,24.68,8.34,17.7,0,0,CR Woakes,ENG
581,Aamir Lal (SKOR),10,10,35.0,0,228,15,4/35,15.2,6.51,14,1,0,Aamir Lal,SKOR
582,JB Abega (CAM),17,15,40.0,1,293,15,4/18,19.53,7.32,16,1,0,JB Abega,CAM
583,Abul Farhad (CZK-R),13,11,33.3,2,284,15,4/19,18.93,8.47,13.4,1,0,Abul Farhad,CZK-R
584,RDB Ahir (PAN),15,14,41.5,1,287,15,3/14,19.13,6.86,16.7,0,0,RDB Ahir,PAN
585,Rehan Ahmed (ENG),13,12,38.0,0,361,15,3/39,24.06,9.5,15.2,0,0,Rehan Ahmed,ENG
586,Asad Ali Rehemtulla (BUL),13,13,39.4,0,357,15,4/24,23.8,9,15.8,1,0,Asad Ali Rehemtulla,BUL
587,Meet Bhavsar (KUW),63,18,40.2,1,277,15,3/10,18.46,6.86,16.1,0,0,Meet Bhavsar,KUW
588,L Bonner (Blz),7,7,27.5,1,125,15,5/10,8.33,4.49,11.1,0,1,L Bonner,Blz
589,S Burdekin (CYP),14,9,27.4,0,211,15,4/22,14.06,7.62,11,1,0,S Burdekin,CYP
590,S Desungnoen (THA),43,26,60.0,0,433,15,2/18,28.86,7.21,24,0,0,S Desungnoen,THA
591,M Dixit (LUX),18,18,57.0,0,426,15,2/23,28.4,7.47,22.8,0,0,M Dixit,LUX
592,GH Dockrell (IRE),71,27,58.0,0,370,15,2/7,24.66,6.37,23.2,0,0,GH Dockrell,IRE
593,Gaurav Tiwari (INA),18,17,55.5,0,364,15,4/12,24.26,6.51,22.3,1,0,Gaurav Tiwari,INA
594,Gulbadin Naib (AFG),32,16,32.0,0,237,15,4/20,15.8,7.4,12.8,1,0,Gulbadin Naib,AFG
595,Hamid Mahmood (SWE),18,16,47.3,0,246,15,3/10,16.4,5.17,19,0,0,Hamid Mahmood,SWE
596,Harry Johnson (GUE),14,14,47.3,0,408,15,3/18,27.2,8.58,19,0,0,Harry Johnson,GUE
597,Irfan Hafejee (PAN),14,12,42.3,0,276,15,3/18,18.4,6.49,17,0,0,Irfan Hafejee,PAN
598,Jaswinder Singh (MLT),17,15,36.4,0,288,15,3/17,19.2,7.85,14.6,0,0,Jaswinder Singh,MLT
599,B Kgosiemang (BOT),20,19,51.3,0,428,15,3/26,28.53,8.31,20.6,0,0,B Kgosiemang,BOT
600,S Kushretha (LUX),9,9,34.0,0,192,15,3/20,12.8,5.64,13.6,0,0,S Kushretha,LUX
601,S Maduranga (SKOR),14,14,37.5,0,287,15,3/23,19.13,7.58,15.1,0,0,S Maduranga,SKOR
602,TT Maposa (ZIM),21,21,58.2,0,551,15,2/33,36.73,9.44,23.3,0,0,TT Maposa,ZIM
603,K Motlhanka (BOT),47,16,39.1,1,264,15,4/16,17.6,6.74,15.6,1,0,K Motlhanka,BOT
604,Muhammad Farooq (UAE),14,14,45.0,0,364,15,4/35,24.26,8.08,18,1,0,Muhammad Farooq,UAE
605,GBW Munaweera (QAT),13,13,44.0,1,387,15,2/27,25.8,8.79,17.6,0,0,GBW Munaweera,QAT
606,Ngawang Thinley (BHU),11,10,29.3,1,212,15,4/13,14.13,7.18,11.8,1,0,Ngawang Thinley,BHU
607,Shagharai Sefat (BEL),8,8,31.0,0,201,15,3/13,13.4,6.48,12.4,0,0,Shagharai Sefat,BEL
608,Shah Faisal (OMA),14,14,50.0,2,367,15,3/34,24.46,7.34,20,0,0,Shah Faisal,OMA
609,CA Soper (PNG),14,14,45.5,1,319,15,3/11,21.26,6.96,18.3,0,0,CA Soper,PNG
610,G Stewart (ITA),18,13,49.4,0,389,15,3/21,25.93,7.83,19.8,0,0,G Stewart,ITA
611,Syed Maisam Ali (POR),10,9,26.1,0,167,15,4/14,11.13,6.38,10.4,2,0,Syed Maisam Ali,POR
612,NK Tiwari (CYP),11,10,34.5,1,230,15,3/14,15.33,6.6,13.9,0,0,NK Tiwari,CYP
613,Wahidullah Sahak (NOR),14,13,33.3,0,269,15,3/17,17.93,8.02,13.4,0,0,Wahidullah Sahak,NOR
614,LB Williams (SA),14,13,41.1,0,415,15,3/36,27.66,10.08,16.4,0,0,LB Williams,SA
615,Abdullah Rana (SUI),8,8,22.0,0,184,14,3/16,13.14,8.36,9.4,0,0,Abdullah Rana,SUI
616,Abdul Samad (JPN),13,13,33.4,3,145,14,2/4,10.35,4.3,14.4,0,0,Abdul Samad,JPN
617,DK Anefie (GHA),25,18,51.0,2,305,14,2/12,21.78,5.98,21.8,0,0,DK Anefie,GHA
618,R Ankad (Mex),14,11,35.0,0,165,14,3/18,11.78,4.71,15,0,0,R Ankad,Mex
619,Arslan Amjad (EST),28,12,25.2,0,283,14,3/26,20.21,11.17,10.8,0,0,Arslan Amjad,EST
620,U Aryaman Sunil (SGP),20,19,63.0,0,579,14,3/33,41.35,9.19,27,0,0,U Aryaman Sunil,SGP
621,Atif-Ur-Rehman (KSA),19,19,60.5,3,360,14,3/13,25.71,5.91,26,0,0,Atif-Ur-Rehman,KSA
622,DG Blampied (JER),22,19,43.1,0,330,14,2/19,23.57,7.64,18.5,0,0,DG Blampied,JER
623,WAE Burton (SRB),34,16,40.3,0,325,14,3/25,23.21,8.02,17.3,0,0,WAE Burton,SRB
624,TD Chaoana (LES),17,17,59.3,1,383,14,3/16,27.35,6.43,25.5,0,0,TD Chaoana,LES
625,A Chenthamara (KUW),11,11,31.4,0,225,14,3/15,16.07,7.1,13.5,0,0,A Chenthamara,KUW
626,G Coetzee (SA),13,13,42.5,1,453,14,3/32,32.35,10.57,18.3,0,0,G Coetzee,SA
627,C Dickson (COK),17,15,53.5,0,356,14,3/21,25.42,6.61,23,0,0,C Dickson,COK
628,DT Doram (NED),14,14,49.0,0,369,14,3/14,26.35,7.53,21,0,0,DT Doram,NED
629,N Dutta (CAN),14,14,40.1,1,274,14,4/12,19.57,6.82,17.2,1,0,N Dutta,CAN
630,P Gheewala (EST),15,15,42.0,0,351,14,3/22,25.07,8.35,18,0,0,P Gheewala,EST
631,C Green (AUS),28,16,38.3,0,350,14,3/35,25,9.09,16.5,0,0,C Green,AUS
632,OD Hald (DEN),15,15,35.0,1,275,14,3/5,19.64,7.85,15,0,0,OD Hald,DEN
633,Iftikhar Kankhel (BEL),11,11,30.5,0,278,14,3/14,19.85,9.01,13.2,0,0,Iftikhar Kankhel,BEL
634,CK Jasmat (Samoa),24,20,65.4,0,436,14,2/22,31.14,6.63,28.1,0,0,CK Jasmat,Samoa
635,SH Johnson (AUS),8,8,26.4,0,239,14,5/26,17.07,8.96,11.4,0,1,SH Johnson,AUS
636,DV Macome (MOZ),18,12,38.0,1,257,14,3/18,18.35,6.76,16.2,0,0,DV Macome,MOZ
637,S Mahmood (ENG),10,10,34.0,2,284,14,4/34,20.28,8.35,14.5,1,0,S Mahmood,ENG
638,Mehidy Hasan Miraz (BAN),21,18,42.0,0,337,14,4/12,24.07,8.02,18,1,0,Mehidy Hasan Miraz,BAN
639,Mohammad Atif (ESP),10,10,38.2,0,181,14,3/7,12.92,4.72,16.4,0,0,Mohammad Atif,ESP
640,Mohammed Irshad (QAT),15,12,26.3,0,242,14,4/24,17.28,9.13,11.3,1,0,Mohammed Irshad,QAT
641,Muhammad Salman (BHR),16,16,52.0,1,347,14,3/25,24.78,6.67,22.2,0,0,Muhammad Salman,BHR
642,Owais Ahmed (QAT),18,17,57.0,0,380,14,4/29,27.14,6.66,24.4,1,0,Owais Ahmed,QAT
643,Paing Danu (MYAN),19,18,53.1,2,357,14,2/15,25.5,6.71,22.7,0,0,Paing Danu,MYAN
644,RK Paudel (NEP),69,18,39.5,0,261,14,2/7,18.64,6.55,17,0,0,RK Paudel,NEP
645,A Paul (EST),19,13,37.0,0,323,14,3/25,23.07,8.72,15.8,0,0,A Paul,EST
646,Qais Ahmad (AFG),11,10,31.0,0,216,14,3/16,15.42,6.96,13.2,0,0,Qais Ahmad,AFG
647,Saghir Khan (UAE),8,8,29.0,0,254,14,3/44,18.14,8.75,12.4,0,0,Saghir Khan,UAE
648,L Shafeeg (MDV),17,15,41.5,0,336,14,3/9,24,8.03,17.9,0,0,L Shafeeg,MDV
649,HAM Shah (DEN),23,9,26.5,1,146,14,4/19,10.42,5.44,11.5,1,0,HAM Shah,DEN
650,LA Simango (MOZ),14,14,35.2,2,219,14,2/11,15.64,6.19,15.1,0,0,LA Simango,MOZ
651,Simi Singh (IRE),14,14,42.3,0,332,14,3/9,23.71,7.81,18.2,0,0,Simi Singh,IRE
652,J Singye (BHU),23,22,57.4,1,370,14,3/19,26.42,6.41,24.7,0,0,J Singye,BHU
653,Soyeb Pendi (Zamb),9,9,33.0,1,188,14,3/17,13.42,5.69,14.1,0,0,Soyeb Pendi,Zamb
654,AL Stephen (VAN),14,14,43.1,1,339,14,3/40,24.21,7.85,18.5,0,0,AL Stephen,VAN
655,BM Tickner (NZ),10,10,31.5,0,302,14,4/27,21.57,9.48,13.6,1,0,BM Tickner,NZ
656,BN Toube (CAM),18,17,44.4,0,346,14,3/13,24.71,7.74,19.1,0,0,BN Toube,CAM
657,SM Tupou (Fiji),9,7,24.0,0,145,14,3/6,10.35,6.04,10.2,0,0,SM Tupou,Fiji
658,M Ozturk (TKY),12,11,41.5,0,336,14,3/22,24,8.03,17.9,0,0,M Ozturk,TKY
659,A Vala (PNG),35,20,42.0,2,290,14,3/18,20.71,6.9,18,0,0,A Vala,PNG
660,DG Weakley (BHM),15,13,45.0,3,312,14,2/5,22.28,6.93,19.2,0,0,DG Weakley,BHM
661,S Wickramasekara (CZK-R),18,14,38.5,1,283,14,5/15,20.21,7.28,16.6,1,1,S Wickramasekara,CZK-R
662,D Wotu (VAN),17,16,52.3,0,378,14,3/21,27,7.2,22.5,0,0,D Wotu,VAN
663,Abdollah Ahmadzai (AFG),9,9,28.4,0,257,13,3/42,19.76,8.96,13.2,0,0,Abdollah Ahmadzai,AFG
664,Abdullah Mahmood (DEN),14,13,34.4,0,221,13,4/12,17,6.37,16,1,0,Abdullah Mahmood,DEN
665,BP Adapaka (HUN),17,15,52.1,0,392,13,3/17,30.15,7.51,24,0,0,BP Adapaka,HUN
666,Ali Hasan (ITA),11,11,37.0,1,229,13,3/9,17.61,6.18,17,0,0,Ali Hasan,ITA
667,Ali Khan (USA),16,16,54.1,0,489,13,3/23,37.61,9.02,25,0,0,Ali Khan,USA
668,KA Bazil (CAY),14,13,42.5,2,287,13,2/9,22.07,6.7,19.7,0,0,KA Bazil,CAY
669,JT Brassell (NAM),19,18,46.1,0,411,13,2/15,31.61,8.9,21.3,0,0,JT Brassell,NAM
670,HL Carlyon (JER),30,22,52.0,1,317,13,3/14,24.38,6.09,24,0,0,HL Carlyon,JER
671,ML Castillo (Blz),8,8,24.0,0,145,13,6/16,11.15,6.04,11,0,1,ML Castillo,Blz
672,P Dakainivanua (Fiji),10,9,36.0,0,239,13,4/32,18.38,6.63,16.6,1,0,P Dakainivanua,Fiji
673,A Dhingra (LUX),15,15,44.3,1,372,13,2/26,28.61,8.35,20.5,0,0,A Dhingra,LUX
674,S di Bartolomeo (ITA),7,7,24.3,0,128,13,5/14,9.84,5.22,11.3,0,1,S di Bartolomeo,ITA
675,RM Dorji (BHU),39,21,50.2,0,425,13,2/16,32.69,8.44,23.2,0,0,RM Dorji,BHU
676,TJ Draca (ITA),11,11,35.0,2,254,13,3/9,19.53,7.25,16.1,0,0,TJ Draca,ITA
677,Fazil Rahman (MLT),6,6,21.5,1,158,13,4/15,12.15,7.23,10,2,0,Fazil Rahman,MLT
678,S Gill (KENYA),17,16,55.2,2,326,13,2/10,25.07,5.89,25.5,0,0,S Gill,KENYA
679,AM Hardie (AUS),16,13,40.0,2,346,13,3/21,26.61,8.65,18.4,0,0,AM Hardie,AUS
680,JAM Henri (POR),13,13,43.0,0,349,13,2/35,26.84,8.11,19.8,0,0,JAM Henri,POR
681,T Jamtsho (BHU),40,20,40.3,1,340,13,3/4,26.15,8.39,18.6,0,0,T Jamtsho,BHU
682,Junaid Aziz (BHR),73,11,23.0,0,199,13,5/5,15.3,8.65,10.6,0,1,Junaid Aziz,BHR
683,E Karimi (DEN),11,11,34.0,0,217,13,4/21,16.69,6.38,15.6,1,0,E Karimi,DEN
684,L Karlsson (SWE),9,8,24.5,1,133,13,4/20,10.23,5.35,11.4,1,0,L Karlsson,SWE
685,DB Loic (CAM),17,17,41.0,2,273,13,3/15,21,6.65,18.9,0,0,DB Loic,CAM
686,Mohammed Siraj (IND),13,13,46.0,2,294,13,4/17,22.61,6.39,21.2,1,0,Mohammed Siraj,IND
687,PK Mohanarangam (Mex),10,9,27.4,1,114,13,4/15,8.76,4.12,12.7,1,0,PK Mohanarangam,Mex
688,Mosaddek Hossain (BAN),17,14,33.3,1,238,13,5/20,18.3,7.1,15.4,0,1,Mosaddek Hossain,BAN
689,Muhammad Arfan (UAE),11,11,36.4,0,248,13,2/8,19.07,6.76,16.9,0,0,Muhammad Arfan,UAE
690,Nadeem Khan (OMA),11,11,40.0,1,241,13,4/20,18.53,6.02,18.4,1,0,Nadeem Khan,OMA
691,A Natubhai Ahir (PAN),19,17,52.5,3,271,13,2/11,20.84,5.12,24.3,0,0,A Natubhai Ahir,PAN
692,AE Paraam (SGP),14,14,48.0,0,376,13,3/16,28.92,7.83,22.1,0,0,AE Paraam,SGP
693,A Prashar (HUN),13,12,36.0,0,220,13,2/8,16.92,6.11,16.6,0,0,A Prashar,HUN
694,Rafiullah (OMA),32,23,52.0,0,497,13,4/25,38.23,9.55,24,1,0,Rafiullah,OMA
695,S Ravikumar (CRC),14,13,33.0,0,174,13,3/10,13.38,5.27,15.2,0,0,S Ravikumar,CRC
696,D Robson (EST),13,13,51.5,0,314,13,2/18,24.15,6.05,23.9,0,0,D Robson,EST
697,S Sola (Samoa),15,13,40.5,1,297,13,3/21,22.84,7.27,18.8,0,0,S Sola,Samoa
698,Surya Anand (DEN),21,21,58.1,2,368,13,2/19,28.3,6.32,26.8,0,0,Surya Anand,DEN
699,R Thapliyal (BEL),8,8,25.2,0,226,13,4/35,17.38,8.92,11.6,1,0,R Thapliyal,BEL
700,DJ Willey (ENG),11,11,37.2,1,326,13,3/25,25.07,8.73,17.2,0,0,DJ Willey,ENG
701,Yasar Haroon (BRA),15,13,44.0,2,282,13,5/16,21.69,6.4,20.3,0,1,Yasar Haroon,BRA
702,Zeeshan Kukikhel (HUN),23,12,34.3,2,303,13,3/31,23.3,8.78,15.9,0,0,Zeeshan Kukikhel,HUN
703,Akhil Arjunan (FIN),16,15,49.5,0,337,12,2/13,28.08,6.76,24.9,0,0,Akhil Arjunan,FIN
704,Ali Masood (EST),20,11,29.5,0,278,12,3/32,23.16,9.31,14.9,0,0,Ali Masood,EST
705,Amandeep Singh (POR),16,13,37.0,0,251,12,3/11,20.91,6.78,18.5,0,0,Amandeep Singh,POR
706,Ammar Khalid (CAN),7,7,26.0,1,174,12,4/17,14.5,6.69,13,1,0,Ammar Khalid,CAN
707,MJ Ansell (IOM),19,17,61.0,1,331,12,3/22,27.58,5.42,30.5,0,0,MJ Ansell,IOM
708,Aziz Mohammad (BEL),16,14,43.5,0,361,12,2/15,30.08,8.23,21.9,0,0,Aziz Mohammad,BEL
709,R Bakum (GHA),27,17,39.5,1,303,12,3/29,25.25,7.6,19.9,0,0,R Bakum,GHA
710,DM de Silva (SL),25,15,27.4,0,182,12,2/24,15.16,6.57,13.8,0,0,DM de Silva,SL
711,JOA Gordon (CAN),10,9,28.3,0,223,12,3/6,18.58,7.82,14.2,0,0,JOA Gordon,CAN
712,M Gunasekara (CYP),20,15,44.4,2,322,12,3/20,26.83,7.2,22.3,0,0,M Gunasekara,CYP
713,Haider Butt (BHR),59,17,25.0,0,208,12,3/7,17.33,8.32,12.5,0,0,Haider Butt,BHR
714,Hasan Ali (PAK),9,9,29.2,0,319,12,5/30,26.58,10.87,14.6,0,1,Hasan Ali,PAK
715,L Hermida (Mex),15,11,32.0,0,209,12,4/38,17.41,6.53,16,1,0,L Hermida,Mex
716,Jonte Smith (BER),13,8,25.0,0,154,12,4/20,12.83,6.16,12.5,1,0,Jonte Smith,BER
717,A Kalasi (THA),12,11,37.0,1,177,12,2/9,14.75,4.78,18.5,0,0,A Kalasi,THA
718,Karim Janat (AFG),43,19,40.0,0,323,12,3/15,26.91,8.07,20,0,0,Karim Janat,AFG
719,N Krishna (SEY),12,10,25.4,0,232,12,2/17,19.33,9.03,12.8,0,0,N Krishna,SEY
720,IDM Latin (GIBR),30,11,27.5,0,267,12,4/25,22.25,9.59,13.9,1,0,IDM Latin,GIBR
721,W Madhevere (ZIM),58,24,46.0,1,304,12,2/7,25.33,6.6,23,0,0,W Madhevere,ZIM
722,Ma Qiancheng (CHN),11,10,32.2,0,196,12,5/9,16.33,6.06,16.1,0,1,Ma Qiancheng,CHN
723,Milind Kumar (USA),25,14,32.0,2,236,12,5/16,19.66,7.37,16,0,1,Milind Kumar,USA
724,Mohammad Amir (PAK),12,11,40.2,1,295,12,2/11,24.58,7.31,20.1,0,0,Mohammad Amir,PAK
725,Muhammad Burhan (HUN),11,11,35.0,0,253,12,4/25,21.08,7.22,17.5,1,0,Muhammad Burhan,HUN
726,K Namchaikul (THA),18,14,38.5,0,258,12,4/7,21.5,6.64,19.4,1,0,K Namchaikul,THA
727,N Nuntarach (THA),43,20,39.5,0,328,12,3/24,27.33,8.23,19.9,0,0,N Nuntarach,THA
728,B Niaz (BEL),32,14,32.2,0,258,12,3/26,21.5,7.97,16.1,0,0,B Niaz,BEL
729,Pramod Madushan (SL),9,9,28.1,0,249,12,4/34,20.75,8.84,14,1,0,Pramod Madushan,SL
730,D Pretorius (SA),8,7,26.2,0,248,12,3/26,20.66,9.41,13.1,0,0,D Pretorius,SA
731,Rameez Khan (ROM),13,8,25.0,0,186,12,5/22,15.5,7.44,12.5,0,1,Rameez Khan,ROM
732,H Rashid (SWZ),20,16,52.5,1,416,12,2/26,34.66,7.87,26.4,0,0,H Rashid,SWZ
733,Rohan Mustafa (UAE),12,12,40.3,0,315,12,3/30,26.25,7.77,20.2,0,0,Rohan Mustafa,UAE
734,J Sebanja (UGA),7,7,25.0,1,195,12,3/17,16.25,7.8,12.5,0,0,J Sebanja,UGA
735,Shahrukh Quddus (KUW),11,11,39.0,0,334,12,3/14,27.83,8.56,19.5,0,0,Shahrukh Quddus,KUW
736,RR Sharan (CAM),22,18,50.5,2,365,12,3/14,30.41,7.18,25.4,0,0,RR Sharan,CAM
737,R Siriwardena (CYP),13,6,19.0,0,192,12,4/27,16,10.1,9.5,1,0,R Siriwardena,CYP
738,P Thongsa (THA),23,14,27.3,0,186,12,3/5,15.5,6.76,13.7,0,0,P Thongsa,THA
739,A Turay (SLE),23,7,17.4,0,118,12,4/29,9.83,6.67,8.8,1,0,A Turay,SLE
740,A Turkmen (TKY),16,15,54.0,0,372,12,3/21,31,6.88,27,0,0,A Turkmen,TKY
741,A Yon (STHEL),12,8,25.0,0,182,12,5/10,15.16,7.28,12.5,1,1,A Yon,STHEL
742,Adnan Mirza (QAT),14,14,40.0,0,288,11,3/13,26.18,7.2,21.8,0,0,Adnan Mirza,QAT
743,Ahmed Baladraf (KSA),9,9,28.0,0,190,11,3/14,17.27,6.78,15.2,0,0,Ahmed Baladraf,KSA
744,C Alexander (Falk),6,6,24.0,0,131,11,3/18,11.9,5.45,13,0,0,C Alexander,Falk
745,MP Ainsworth (HUN),16,14,32.0,0,255,11,2/17,23.18,7.96,17.4,0,0,MP Ainsworth,HUN
746,R Ashwin (IND),14,14,51.0,1,374,11,3/22,34,7.33,27.8,0,0,R Ashwin,IND
747,R Athapaththu (ROM),7,6,24.0,0,198,11,3/23,18,8.25,13,0,0,R Athapaththu,ROM
748,Ayaz Dadabhai (Zamb),10,9,29.0,0,163,11,2/16,14.81,5.62,15.8,0,0,Ayaz Dadabhai,Zamb
749,NN Banner (Blz),8,7,28.0,1,165,11,3/12,15,5.89,15.2,0,0,NN Banner,Blz
750,JP Behrendorff (AUS),8,8,31.0,2,256,11,2/25,23.27,8.25,16.9,0,0,JP Behrendorff,AUS
751,P Cabebula (Fiji),10,10,35.4,0,258,11,4/14,23.45,7.23,19.4,1,0,P Cabebula,Fiji
752,J Drysdale (USA),11,11,33.0,0,295,11,3/18,26.81,8.93,18,0,0,J Drysdale,USA
753,B Dugic (SRB),16,13,28.0,0,287,11,5/28,26.09,10.25,15.2,0,1,B Dugic,SRB
754,KJ Ferrary (GIBR),8,7,23.2,0,149,11,3/26,13.54,6.38,12.7,0,0,KJ Ferrary,GIBR
755,SKS Gill (LUX),36,17,39.5,0,302,11,2/14,27.45,7.58,21.7,0,0,SKS Gill,LUX
756,AK Gokoel (Sur),8,8,27.0,1,164,11,3/14,14.9,6.07,14.7,0,0,AK Gokoel,Sur
757,GI Hume (IRE),10,10,31.2,1,302,11,3/17,27.45,9.63,17,0,0,GI Hume,IRE
758,J Jarvis (SCOT),8,8,22.4,1,193,11,3/14,17.54,8.51,12.3,0,0,J Jarvis,SCOT
759,BG Lister (NZ),12,11,36.5,0,316,11,3/35,28.72,8.57,20,0,0,BG Lister,NZ
760,TM Macalou (Mali),15,13,27.2,0,192,11,3/19,17.45,7.02,14.9,0,0,TM Macalou,Mali
761,AK Markram (SA),57,31,50.0,0,469,11,1/4,42.63,9.38,27.2,0,0,AK Markram,SA
762,Mehboob Ali (MLT),11,11,35.5,2,296,11,3/9,26.9,8.26,19.5,0,0,Mehboob Ali,MLT
763,A Mene-Ejegi (SRB),13,11,37.4,0,261,11,4/30,23.72,6.92,20.5,1,0,A Mene-Ejegi,SRB
764,P Nedeljkovic (SRB),10,10,36.0,0,233,11,5/20,21.18,6.47,19.6,0,1,P Nedeljkovic,SRB
765,R Nehonde (BOT),42,12,27.5,0,201,11,3/21,18.27,7.22,15.1,0,0,R Nehonde,BOT
766,Nimish Lathief (KUW),19,16,40.1,1,331,11,2/19,30.09,8.24,21.9,0,0,Nimish Lathief,KUW
767,NM Odhiambo (KENYA),41,17,36.0,0,313,11,2/32,28.45,8.69,19.6,0,0,NM Odhiambo,KENYA
768,D Panda (Mex),5,4,13.5,0,83,11,4/6,7.54,6,7.5,1,0,D Panda,Mex
769,NK Patel (USA),9,9,27.4,0,170,11,2/12,15.45,6.14,15,0,0,NK Patel,USA
770,Prashant Shukla (SWE),6,6,19.0,2,88,11,4/18,8,4.63,10.3,1,0,Prashant Shukla,SWE
771,NT Rajendran (KUW),9,9,34.0,0,204,11,3/15,18.54,6,18.5,0,0,NT Rajendran,KUW
772,Ronitkumar Ahir (PAN),3,3,12.0,0,29,11,4/8,2.63,2.41,6.5,2,0,Ronitkumar Ahir,PAN
773,Saeed Waqar Ali (SVN),12,12,34.0,1,337,11,2/15,30.63,9.91,18.5,0,0,Saeed Waqar Ali,SVN
774,Sajid Liaqat (GER),10,10,31.0,0,303,11,3/29,27.54,9.77,16.9,0,0,Sajid Liaqat,GER
775,S Sarthak (BHR),9,6,18.4,0,123,11,4/23,11.18,6.58,10.1,1,0,S Sarthak,BHR
776,CB Sole (SCOT),10,9,30.1,0,305,11,3/28,27.72,10.11,16.4,0,0,CB Sole,SCOT
777,DC Stovell (BER),8,7,23.0,1,127,11,3/17,11.54,5.52,12.5,0,0,DC Stovell,BER
778,HT Tector (IRE),70,17,36.0,0,243,11,2/17,22.09,6.75,19.6,0,0,HT Tector,IRE
779,TG Thamae (LES),11,9,27.0,0,196,11,4/18,17.81,7.25,14.7,1,0,TG Thamae,LES
780,S Tosic (SRB),25,15,34.0,0,321,11,2/10,29.18,9.44,18.5,0,0,S Tosic,SRB
781,DJ Turkich (CRT),9,9,30.0,2,135,11,3/7,12.27,4.5,16.3,0,0,DJ Turkich,CRT
782,DPS Tyagi (SGP),10,9,29.0,0,226,11,2/25,20.54,7.79,15.8,0,0,DPS Tyagi,SGP
783,Umran Malik (IND),8,8,23.1,0,243,11,3/48,22.09,10.48,12.6,0,0,Umran Malik,IND
784,T van der Gugten (NED),10,10,32.2,1,292,11,2/26,26.54,9.03,17.6,0,0,T van der Gugten,NED
785,JM Vujnovich (CRT),13,12,37.3,0,284,11,2/23,25.81,7.57,20.4,0,0,JM Vujnovich,CRT
786,Walter Behr (GER),8,7,22.0,2,124,11,3/12,11.27,5.63,12,0,0,Walter Behr,GER
787,DKD Warnakulasuriya (ITA),7,7,24.0,0,153,11,3/16,13.9,6.37,13,0,0,DKD Warnakulasuriya,ITA
788,Waseeq Ahmed (BHR),13,13,39.2,1,264,11,3/20,24,6.71,21.4,0,0,Waseeq Ahmed,BHR
789,BTJ Wheal (SCOT),12,11,39.0,1,339,11,3/33,30.81,8.69,21.2,0,0,BTJ Wheal,SCOT
790,Yves Cyusa (RWN),23,13,37.0,0,240,11,3/6,21.81,6.48,20.1,0,0,Yves Cyusa,RWN
791,VD Adewoye (NGA),37,13,29.5,0,243,10,4/24,24.3,8.14,17.9,1,0,VD Adewoye,NGA
792,KS Airee (NEP),8,8,27.0,0,184,10,3/15,18.4,6.81,16.2,0,0,KS Airee,NEP
793,J Alexander (Falk),6,5,11.3,1,89,10,3/16,8.9,7.73,6.9,0,0,J Alexander,Falk
794,Ali Nawaz (HUN),11,9,22.0,0,246,10,5/24,24.6,11.18,13.2,0,1,Ali Nawaz,HUN
795,Ali Sheikh (USA),7,6,22.0,0,141,10,5/15,14.1,6.4,13.2,0,1,Ali Sheikh,USA
796,GG Alta (TKY),12,11,33.5,1,335,10,3/25,33.5,9.9,20.3,0,0,GG Alta,TKY
797,Amal Jacob (HUN),16,13,42.4,0,317,10,2/16,31.7,7.42,25.6,0,0,Amal Jacob,HUN
798,Ameel Mauroof (MDV),15,13,31.4,0,241,10,2/12,24.1,7.61,19,0,0,Ameel Mauroof,MDV
799,Asif Javed (BHR),7,6,19.0,1,104,10,3/5,10.4,5.47,11.4,0,0,Asif Javed,BHR
800,MTMMJ Ave (COK),17,11,27.1,0,191,10,2/4,19.1,7.03,16.3,0,0,MTMMJ Ave,COK
801,S Bau (PNG),31,19,41.3,2,275,10,2/10,27.5,6.62,24.9,0,0,S Bau,PNG
802,K Cawte (IOM),14,12,35.1,0,290,10,2/23,29,8.24,21.1,0,0,K Cawte,IOM
803,JV Chand (Zamb),10,10,31.0,0,206,10,4/22,20.6,6.64,18.6,1,0,JV Chand,Zamb
804,G Chohan (PHI),22,16,35.4,2,342,10,3/21,34.2,9.58,21.4,0,0,G Chohan,PHI
805,WJ Cope (LUX),21,11,26.0,1,222,10,3/39,22.2,8.53,15.6,0,0,WJ Cope,LUX
806,SS Cottrell (WI),11,11,35.5,2,324,10,2/30,32.4,9.04,21.5,0,0,SS Cottrell,WI
807,S Crowie (STHEL),12,8,22.2,2,128,10,3/21,12.8,5.73,13.4,0,0,S Crowie,STHEL
808,Delawar Khan (DEN),9,9,22.0,0,167,10,3/12,16.7,7.59,13.2,0,0,Delawar Khan,DEN
809,D Dewald (BEL),10,10,35.0,1,249,10,2/22,24.9,7.11,21,0,0,D Dewald,BEL
810,Ronald Ebanks (CAY),6,6,24.0,1,114,10,3/16,11.4,4.75,14.4,0,0,Ronald Ebanks,CAY
811,DM Gondaria (KENYA),13,9,26.5,0,166,10,2/15,16.6,6.18,16.1,0,0,DM Gondaria,KENYA
812,Gurpratap Singh (CYP),5,5,17.0,1,117,10,4/35,11.7,6.88,10.2,1,0,Gurpratap Singh,CYP
813,R Hekure (PNG),16,16,49.0,0,364,10,2/22,36.4,7.42,29.4,0,0,R Hekure,PNG
814,MADI Hemantha (SL),8,8,29.2,0,267,10,3/37,26.7,9.1,17.6,0,0,MADI Hemantha,SL
815,DR Hooper (GUE),15,14,47.3,0,381,10,3/21,38.1,8.02,28.5,0,0,DR Hooper,GUE
816,Ilyas Ataullah (TKY),16,12,32.5,2,284,10,4/17,28.4,8.64,19.7,1,0,Ilyas Ataullah,TKY
817,O Isiyaku (NGA),8,8,25.4,1,165,10,3/17,16.5,6.42,15.4,0,0,O Isiyaku,NGA
818,Y Jasti (Mex),8,8,23.4,1,135,10,3/5,13.5,5.7,14.2,0,0,Y Jasti,Mex
819,Jaweed Sadran (AUT),17,17,44.2,0,365,10,3/17,36.5,8.23,26.6,0,0,Jaweed Sadran,AUT
820,G Kansonkho (MWI),44,11,22.5,0,192,10,2/6,19.2,8.4,13.7,0,0,G Kansonkho,MWI
821,S Kaveri (Mex),22,13,32.1,0,171,10,4/21,17.1,5.31,19.3,1,0,S Kaveri,Mex
822,Kawsar Khan (BRA),8,7,26.0,2,148,10,4/28,14.8,5.69,15.6,1,0,Kawsar Khan,BRA
823,Khalid Niazi (SUI),6,6,16.1,0,124,10,4/27,12.4,7.67,9.7,1,0,Khalid Niazi,SUI
824,F Khaliq (BEL),11,11,33.0,0,210,10,2/14,21,6.36,19.8,0,0,F Khaliq,BEL
825,Khawar Ali (OMA),7,7,22.2,0,156,10,4/11,15.6,6.98,13.4,1,0,Khawar Ali,OMA
826,Kim Daeyeon (SKOR),17,10,25.0,0,205,10,3/27,20.5,8.2,15,0,0,Kim Daeyeon,SKOR
827,H Klazinge (NAM),7,6,16.0,1,103,10,4/19,10.3,6.43,9.6,1,0,H Klazinge,NAM
828,A Krishna (SGP),11,11,35.1,1,280,10,3/18,28,7.96,21.1,0,0,A Krishna,SGP
829,Kuldeep Gurjar (SKOR),10,9,21.1,0,193,10,4/26,19.3,9.11,12.7,1,0,Kuldeep Gurjar,SKOR
830,Akhil Kumar (CAN),14,12,32.4,0,250,10,3/12,25,7.65,19.6,0,0,Akhil Kumar,CAN
831,KS Leverock (BER),11,11,34.0,1,195,10,3/15,19.5,5.73,20.4,0,0,KS Leverock,BER
832,H Lin Oo (MYAN),27,13,26.0,0,225,10,4/10,22.5,8.65,15.6,1,0,H Lin Oo,MYAN
833,AR McBrine (IRE),12,12,35.0,0,248,10,2/13,24.8,7.08,21,0,0,AR McBrine,IRE
834,Muhammad Murad (QAT),14,14,43.5,1,356,10,3/21,35.6,8.12,26.3,0,0,Muhammad Murad,QAT
835,Musawar Shah (QAT),6,6,21.0,0,166,10,3/42,16.6,7.9,12.6,0,0,Musawar Shah,QAT
836,K Nestor (GIBR),25,12,29.5,0,256,10,3/19,25.6,8.58,17.9,0,0,K Nestor,GIBR
837,Nilansh Keswani (UAE),12,12,42.0,1,298,10,2/16,29.8,7.09,25.2,0,0,Nilansh Keswani,UAE
838,AL Phehlukwayo (SA),7,7,24.0,0,266,10,3/28,26.6,11.08,14.4,0,0,AL Phehlukwayo,SA
839,T Ritawa (COK),11,8,18.0,0,148,10,5/19,14.8,8.22,10.8,0,1,T Ritawa,COK
840,Sachin Kumar (BHR),13,11,30.0,0,265,10,4/40,26.5,8.83,18,1,0,Sachin Kumar,BHR
841,N Salekar (THA),12,12,38.0,0,267,10,2/7,26.7,7.02,22.8,0,0,N Salekar,THA
842,T Sangha (AUS),7,7,28.0,0,249,10,4/31,24.9,8.89,16.8,1,0,T Sangha,AUS
843,Shahid Mahmood (BHR),13,13,44.0,0,385,10,2/30,38.5,8.75,26.4,0,0,Shahid Mahmood,BHR
844,Shahzeb Choudhry (SWE),5,5,17.2,0,85,10,4/11,8.5,4.9,10.4,1,0,Shahzeb Choudhry,SWE
845,Sheraz Sheikh (BEL),32,19,42.1,0,357,10,3/33,35.7,8.46,25.3,0,0,Sheraz Sheikh,BEL
846,Shunan Ali (MDV),10,9,26.0,0,172,10,4/24,17.2,6.61,15.6,1,0,Shunan Ali,MDV
847,Tashi Dorji (BHU),15,13,32.2,2,223,10,3/3,22.3,6.89,19.4,0,0,Tashi Dorji,BHU
848,Tian Sen Qun (CHN),11,11,37.5,3,222,10,4/12,22.2,5.86,22.7,1,0,Tian Sen Qun,CHN
849,A Venkatesh (SWE),9,5,15.2,0,92,10,4/21,9.2,6,9.2,1,0,A Venkatesh,SWE
850,SM Warnakulasuriya (Fran),8,8,22.0,2,177,10,5/12,17.7,8.04,13.2,0,1,SM Warnakulasuriya,Fran
851,SMK Waththage (CZK-R),9,9,28.0,2,199,10,2/19,19.9,7.1,16.8,0,0,SMK Waththage,CZK-R
852,Mohammad Aadil Alam (NEP),12,10,23.0,0,157,9,4/24,17.44,6.82,15.3,1,0,Mohammad Aadil Alam,NEP
853,M Aboagye (GHA),11,11,31.0,0,197,9,3/21,21.88,6.35,20.6,0,0,M Aboagye,GHA
854,Abubacarr Kuyateh (GMB),11,11,33.0,0,263,9,3/19,29.22,7.96,22,0,0,Abubacarr Kuyateh,GMB
855,AG Achar (SGP),8,8,27.0,1,150,9,4/8,16.66,5.55,18,1,0,AG Achar,SGP
856,Anwar Rahman (MAS),7,6,19.0,0,120,9,3/15,13.33,6.31,12.6,0,0,Anwar Rahman,MAS
857,Aslan Jafri (SGP),10,7,23.0,0,176,9,3/17,19.55,7.65,15.3,0,0,Aslan Jafri,SGP
858,R Avery (BRA),8,8,26.0,0,183,9,4/20,20.33,7.03,17.3,1,0,R Avery,BRA
859,Avishka Iroshan (ROM),15,8,17.2,0,165,9,4/10,18.33,9.51,11.5,1,0,Avishka Iroshan,ROM
860,Azam Khalil (SWE),9,9,31.0,1,178,9,3/15,19.77,5.74,20.6,0,0,Azam Khalil,SWE
861,E Beukes (CAM),43,14,40.3,0,317,9,2/25,35.22,7.82,27,0,0,E Beukes,CAM
862,A Bhargava (SGP),5,4,13.0,0,74,9,4/19,8.22,5.69,8.6,1,0,A Bhargava,SGP
863,Bilal Ahmad Mir (SKOR),8,8,22.5,0,192,9,3/22,21.33,8.4,15.2,0,0,Bilal Ahmad Mir,SKOR
864,Bilal Masud (EST),19,11,30.1,0,235,9,2/18,26.11,7.79,20.1,0,0,Bilal Masud,EST
865,J Butler (IOM),10,8,21.3,0,175,9,2/19,19.44,8.13,14.3,0,0,J Butler,IOM
866,CPPM Sadun (CYP),15,15,43.3,0,293,9,4/1,32.55,6.73,29,1,0,CPPM Sadun,CYP
867,A Conteh (GMB),9,8,25.1,0,161,9,4/10,17.88,6.39,16.7,1,0,A Conteh,GMB
868,TL Cutler (VAN),11,11,36.0,0,289,9,3/11,32.11,8.02,24,0,0,TL Cutler,VAN
869,JA Fitzgerald (GIBR),27,14,38.0,0,378,9,2/30,42,9.94,25.3,0,0,JA Fitzgerald,GIBR
870,BC Fortuin (SA),14,14,39.0,0,380,9,2/36,42.22,9.74,26,0,0,BC Fortuin,SA
871,NT Gireesh (CAM),23,10,22.0,0,186,9,3/21,20.66,8.45,14.6,0,0,NT Gireesh,CAM
872,RJ Gleeson (ENG),6,6,21.0,1,187,9,3/15,20.77,8.9,14,0,0,RJ Gleeson,ENG
873,M Gogev (BUL),18,16,47.5,0,442,9,2/20,49.11,9.24,31.8,0,0,M Gogev,BUL
874,Harshit Rana (IND),9,8,28.0,1,297,9,3/33,33,10.6,18.6,0,0,Harshit Rana,IND
875,J Horrocks (GIBR),17,13,35.0,0,303,9,2/15,33.66,8.65,23.3,0,0,J Horrocks,GIBR
876,JM Iradukunda (RWN),10,10,32.1,0,244,9,4/39,27.11,7.58,21.4,1,0,JM Iradukunda,RWN
877,Jai Sinh (SUI),13,4,13.0,0,104,9,5/23,11.55,8,8.6,1,1,Jai Sinh,SUI
878,YYM Jakda (LES),7,6,19.5,0,169,9,3/32,18.77,8.52,13.2,0,0,YYM Jakda,LES
879,Javid Patel (Zamb),10,10,36.0,0,234,9,2/11,26,6.5,24,0,0,Javid Patel,Zamb
880,Jobayer Hossen (SEY),4,4,14.0,0,104,9,5/25,11.55,7.42,9.3,0,1,Jobayer Hossen,SEY
881,AB Kamara (SLE),10,10,24.0,2,169,9,3/6,18.77,7.04,16,0,0,AB Kamara,SLE
882,NA Karnik (SGP),8,8,26.2,0,236,9,3/31,26.22,8.96,17.5,0,0,NA Karnik,SGP
883,Kashif Daud (UAE),12,11,25.5,0,219,9,4/32,24.33,8.47,17.2,1,0,Kashif Daud,UAE
884,Khalander Mustafa (KSA),6,6,21.3,0,152,9,3/33,16.88,7.06,14.3,0,0,Khalander Mustafa,KSA
885,Lucky Ali (DEN),13,7,18.0,2,74,9,3/16,8.22,4.11,12,0,0,Lucky Ali,DEN
886,Luka Woods (SRB),13,13,47.5,0,290,9,2/13,32.22,6.06,31.8,0,0,Luka Woods,SRB
887,Mansoor Shah (NOR),5,5,13.5,0,118,9,3/19,13.11,8.53,9.2,0,0,Mansoor Shah,NOR
888,G Mckeon (Fran),23,10,26.3,1,166,9,3/27,18.44,6.26,17.6,0,0,G Mckeon,Fran
889,JQK Moala (Fiji),6,6,20.0,2,115,9,3/21,12.77,5.75,13.3,0,0,JQK Moala,Fiji
890,Mohammed Shami (IND),8,8,25.3,0,193,9,3/25,21.44,7.56,17,0,0,Mohammed Shami,IND
891,I Mugisha (RWN),14,14,34.0,1,248,9,2/12,27.55,7.29,22.6,0,0,I Mugisha,RWN
892,Muhammad Qasim (MLT),4,4,15.0,0,78,9,3/13,8.66,5.2,10,0,0,Muhammad Qasim,MLT
893,D Mullen (GUE),10,10,31.5,1,223,9,3/26,24.77,7,21.2,0,0,D Mullen,GUE
894,AA Navicha (MOZ),31,6,18.3,0,147,9,2/15,16.33,7.94,12.3,0,0,AA Navicha,MOZ
895,E Niyomugabo (RWN),37,11,26.2,0,186,9,3/32,20.66,7.06,17.5,0,0,E Niyomugabo,RWN
896,DK Pallekonda (SVN),13,11,26.0,0,249,9,2/13,27.66,9.57,17.3,0,0,DK Pallekonda,SVN
897,N Peter (SA),12,12,35.0,0,324,9,2/32,36,9.25,23.3,0,0,N Peter,SA
898,S Pillai (CRC),13,13,43.3,3,214,9,3/4,23.77,4.91,29,0,0,S Pillai,CRC
899,J Proctor (BER),11,11,33.2,1,206,9,2/20,22.88,6.18,22.2,0,0,J Proctor,BER
900,Ritik Tomar (CZK-R),25,15,36.0,0,312,9,2/18,34.66,8.66,24,0,0,Ritik Tomar,CZK-R
901,Sadat Said (HUN),5,5,16.1,0,132,9,3/32,14.66,8.16,10.7,0,0,Sadat Said,HUN
902,Saqlain Arshad (QAT),41,12,23.0,0,165,9,2/14,18.33,7.17,15.3,0,0,Saqlain Arshad,QAT
903,Shahid Afridi (GER),13,11,25.0,0,247,9,3/15,27.44,9.88,16.6,0,0,Shahid Afridi,GER
904,Shaik Basha (TAN),15,11,20.0,0,191,9,3/32,21.22,9.55,13.3,0,0,Shaik Basha,TAN
905,MW Short (AUS),24,10,18.0,0,206,9,5/22,22.88,11.44,12,0,1,MW Short,AUS
906,XSD Smith (Sur),8,8,27.0,1,122,9,3/13,13.55,4.51,18,0,0,XSD Smith,Sur
907,Syed Aqeel Israr (GHA),10,9,27.3,1,159,9,2/20,17.66,5.78,18.3,0,0,Syed Aqeel Israr,GHA
908,AN Toube (CAM),18,9,28.0,0,215,9,4/13,23.88,7.67,18.6,1,0,AN Toube,CAM
909,JL Tutty (COK),8,8,30.0,0,185,9,2/17,20.55,6.16,20,0,0,JL Tutty,COK
910,Usman Qadir (PAK),8,6,24.0,0,212,9,2/20,23.55,8.83,16,0,0,Usman Qadir,PAK
911,M Vandrasi (CZK-R),8,8,24.0,0,177,9,4/19,19.66,7.37,16,2,0,M Vandrasi,CZK-R
912,DV Varghese (BUL),18,17,36.2,0,357,9,1/7,39.66,9.82,24.2,0,0,DV Varghese,BUL
913,Arjun Vinod (SUI),26,17,40.0,0,304,9,3/16,33.77,7.6,26.6,0,0,Arjun Vinod,SUI
914,K Vislapuu (EST),19,16,39.5,1,364,9,3/29,40.44,9.13,26.5,0,0,K Vislapuu,EST
915,M Vivekanandan (MNG),13,10,35.0,0,358,9,2/21,39.77,10.22,23.3,0,0,M Vivekanandan,MNG
916,Yair Nagavkar (ISR),8,8,27.4,0,191,9,2/17,21.22,6.9,18.4,0,0,Yair Nagavkar,ISR
917,Ziaurahman Shinwari (AUT),9,8,21.5,0,165,9,4/22,18.33,7.55,14.5,1,0,Ziaurahman Shinwari,AUT
918,N Zimonjic (SRB),28,14,28.5,0,295,9,3/18,32.77,10.23,19.2,0,0,N Zimonjic,SRB
919,Ali Yalmaz (HUN),10,6,16.0,1,154,8,3/16,19.25,9.62,12,0,0,Ali Yalmaz,HUN
920,T Amarmend (MNG),13,10,29.2,0,272,8,2/32,34,9.27,22,0,0,T Amarmend,MNG
921,Arif Ullah (MAS),7,6,21.3,0,179,8,4/10,22.37,8.32,16.1,1,0,Arif Ullah,MAS
922,Muhammad Asim (Zamb),10,9,26.0,1,186,8,3/11,23.25,7.15,19.5,0,0,Muhammad Asim,Zamb
923,RD Atangana (CAM),14,11,25.3,1,165,8,2/0,20.62,6.47,19.1,0,0,RD Atangana,CAM
924,Atif Kamal (LUX),7,7,18.0,0,120,8,3/15,15,6.66,13.5,0,0,Atif Kamal,LUX
925,Avi Dixit (SGP),13,6,23.0,0,141,8,3/27,17.62,6.13,17.2,0,0,Avi Dixit,SGP
926,Ayaan Khan (OMA),40,29,56.0,0,443,8,2/16,55.37,7.91,42,0,0,Ayaan Khan,OMA
927,M Badenhorst (BOT),11,10,23.5,1,198,8,4/21,24.75,8.3,17.8,1,0,M Badenhorst,BOT
928,JR Barry (BHM),11,9,23.1,2,200,8,3/20,25,8.63,17.3,0,0,JR Barry,BHM
929,A Beresford-Peirse (CRT),12,12,42.0,0,354,8,2/30,44.25,8.42,31.5,0,0,A Beresford-Peirse,CRT
930,JG Bethell (ENG),31,6,15.3,0,135,8,4/11,16.87,8.7,11.6,1,0,JG Bethell,ENG
931,SR Bhudia (KENYA),45,11,22.4,2,121,8,3/0,15.12,5.33,17,0,0,SR Bhudia,KENYA
932,DA Blignaut (GER),18,12,22.0,1,176,8,2/8,22,8,16.5,0,0,DA Blignaut,GER
933,M Chadha (CAM),17,5,16.0,0,145,8,2/21,18.12,9.06,12,0,0,M Chadha,CAM
934,DL Chahar (IND),8,8,28.5,1,251,8,2/15,31.37,8.7,21.6,0,0,DL Chahar,IND
935,C Chatphaisan (THA),58,11,22.3,1,142,8,1/5,17.75,6.31,16.8,0,0,C Chatphaisan,THA
936,Chen Zhuo Yue (CHN),11,10,28.1,2,211,8,4/16,26.37,7.49,21.1,1,0,Chen Zhuo Yue,CHN
937,R Drake (JPN),15,15,32.5,0,308,8,3/15,38.5,9.38,24.6,0,0,R Drake,JPN
938,H Deshan (SUI),13,9,21.2,0,154,8,3/18,19.25,7.21,16,0,0,H Deshan,SUI
939,AA Hawoe (INA),18,8,16.3,1,104,8,2/13,13,6.3,12.3,0,0,AA Hawoe,INA
940,SJ Hughes-Pinan (ESP),7,7,27.2,1,108,8,5/12,13.5,3.95,20.5,0,1,SJ Hughes-Pinan,ESP
941,Ilyas Ahmed (KUW),12,12,38.0,0,275,8,2/23,34.37,7.23,28.5,0,0,Ilyas Ahmed,KUW
942,Imran Yousaf (KSA),5,5,17.3,1,101,8,3/16,12.62,5.77,13.1,0,0,Imran Yousaf,KSA
943,RA Jadeja (IND),19,17,46.5,0,359,8,2/25,44.87,7.66,35.1,0,0,RA Jadeja,IND
944,M Jobarteh (GMB),12,11,30.3,0,289,8,3/27,36.12,9.47,22.8,0,0,M Jobarteh,GMB
945,D Johnson (SUI),13,10,29.0,0,222,8,2/26,27.75,7.65,21.7,0,0,D Johnson,SUI
946,Kabir Berlia (SGP),6,6,19.1,0,161,8,3/41,20.12,8.4,14.3,0,0,Kabir Berlia,SGP
947,D Kansonkho (MWI),47,7,10.4,0,59,8,4/16,7.37,5.53,8,1,0,D Kansonkho,MWI
948,Khin Aye (MYAN),31,16,32.0,0,283,8,2/5,35.37,8.84,24,0,0,Khin Aye,MYAN
949,S Koppolu (SVN),17,13,36.3,0,361,8,2/20,45.12,9.89,27.3,0,0,S Koppolu,SVN
950,PE Kruger (SA),7,7,19.2,1,179,8,4/27,22.37,9.25,14.5,1,0,PE Kruger,SA
951,ZB Lion-Cachet (NED),15,11,29.2,0,206,8,2/5,25.75,7.02,22,0,0,ZB Lion-Cachet,NED
952,Luca Petre (ROM),18,10,20.5,0,200,8,2/33,25,9.6,15.6,0,0,Luca Petre,ROM
953,E Malinga (SL),8,8,22.5,0,215,8,2/24,26.87,9.41,17.1,0,0,E Malinga,SL
954,BAD Manenti (ITA),12,12,44.0,0,333,8,2/9,41.62,7.56,33,0,0,BAD Manenti,ITA
955,B Mavuta (ZIM),8,8,22.0,1,149,8,3/10,18.62,6.77,16.5,0,0,B Mavuta,ZIM
956,B McMullen (SCOT),27,18,38.5,0,350,8,2/33,43.75,9.01,29.1,0,0,B McMullen,SCOT
957,Merwais Shinwari (SVN),6,6,19.0,0,135,8,4/31,16.87,7.1,14.2,1,0,Merwais Shinwari,SVN
958,Mohammad Hasnain (PAK),10,10,37.0,0,355,8,2/21,44.37,9.59,27.7,0,0,Mohammad Hasnain,PAK
959,Muzahir Raza (OMA),6,6,19.0,1,164,8,3/42,20.5,8.63,14.2,0,0,Muzahir Raza,OMA
960,Nazwan Ismail (MDV),10,8,22.2,0,208,8,3/17,26,9.31,16.7,0,0,Nazwan Ismail,MDV
961,Niv Nagavkar (ISR),9,9,30.0,1,210,8,2/19,26.25,7,22.5,0,0,Niv Nagavkar,ISR
962,Noah Mead (Samoa),12,11,27.0,0,237,8,2/21,29.62,8.77,20.2,0,0,Noah Mead,Samoa
963,JJ Nyambo (TAN),13,10,30.2,0,209,8,2/3,26.12,6.89,22.7,0,0,JJ Nyambo,TAN
964,SH Obed (VAN),14,7,15.0,0,97,8,4/29,12.12,6.46,11.2,1,0,SH Obed,VAN
965,Parveen Kumar (CAN),8,7,26.0,1,135,8,3/9,16.87,5.19,19.5,0,0,Parveen Kumar,CAN
966,AP Patel (CAN),9,8,23.0,1,139,8,3/31,17.37,6.04,17.2,0,0,AP Patel,CAN
967,N Pokana (PNG),8,8,29.0,1,236,8,2/17,29.5,8.13,21.7,0,0,N Pokana,PNG
968,M Prasidh Krishna (IND),5,5,20.0,0,220,8,3/41,27.5,11,15,0,0,M Prasidh Krishna,IND
969,Pratis GC (NEP),10,10,34.0,1,275,8,3/13,34.37,8.08,25.5,0,0,Pratis GC,NEP
970,P Pushparajan (MLT),11,9,22.2,0,167,8,3/34,20.87,7.47,16.7,0,0,P Pushparajan,MLT
971,KD Shah (HKG),19,13,24.0,0,197,8,3/18,24.62,8.2,18,0,0,KD Shah,HKG
972,Shariq Munir (QAT),14,10,26.0,0,218,8,4/12,27.25,8.38,19.5,1,0,Shariq Munir,QAT
973,Shariz Ahmad (NED),14,12,28.0,0,222,8,2/15,27.75,7.92,21,0,0,Shariz Ahmad,NED
974,A Simelane (SA),10,10,27.0,0,271,8,2/28,33.87,10.03,20.2,0,0,A Simelane,SA
975,G Singh (Sur),7,6,22.2,1,105,8,2/13,13.12,4.7,16.7,0,0,G Singh,Sur
976,SK Springer (WI),6,5,14.0,0,113,8,4/20,14.12,8.07,10.5,1,0,SK Springer,WI
977,Toqeer Ahmad (DEN),6,6,19.4,2,131,8,3/21,16.37,6.66,14.7,0,0,Toqeer Ahmad,DEN
978,DGAPD Wiswi (INA),19,13,20.0,1,124,8,2/6,15.5,6.2,15,0,0,DGAPD Wiswi,INA
979,Zeeshan Goraya (AUT),8,7,19.4,1,126,8,2/5,15.75,6.4,14.7,0,0,Zeeshan Goraya,AUT
980,Aakash Chand (NEP),3,3,10.0,0,84,7,3/27,12,8.4,8.5,0,0,Aakash Chand,NEP
981,Ahmad Khalid Ahmadzai (BEL),6,6,18.1,0,140,7,3/30,20,7.7,15.5,0,0,Ahmad Khalid Ahmadzai,BEL
982,Ahmed Raza (UAE),10,10,27.0,0,209,7,5/19,29.85,7.74,23.1,0,1,Ahmed Raza,UAE
983,Andre Jarju (GMB),11,10,29.0,0,291,7,3/40,41.57,10.03,24.8,0,0,Andre Jarju,GMB
984,B Arends (Falk),6,6,15.5,0,121,7,3/11,17.28,7.64,13.5,0,0,B Arends,Falk
985,KIC Asalanka (SL),67,16,30.5,0,234,7,3/50,33.42,7.58,26.4,0,0,KIC Asalanka,SL
986,Imran Asif (AUT),17,6,14.2,0,104,7,2/13,14.85,7.25,12.2,0,0,Imran Asif,AUT
987,JW Batinibulu (Fiji),6,6,23.3,0,166,7,4/31,23.71,7.06,20.1,1,0,JW Batinibulu,Fiji
988,A Bishnoi (MLT),5,5,17.2,1,160,7,4/35,22.85,9.23,14.8,1,0,A Bishnoi,MLT
989,S Chaudhary (CZK-R),9,9,21.4,0,180,7,3/17,25.71,8.3,18.5,0,0,S Chaudhary,CZK-R
990,F Clarke (IOM),11,9,30.3,0,215,7,2/14,30.71,7.04,26.1,0,0,F Clarke,IOM
991,J Danikula (CRT),5,5,19.0,0,153,7,3/17,21.85,8.05,16.2,0,0,J Danikula,CRT
992,Dhananjay Rao (HKG),8,8,22.0,1,155,7,4/13,22.14,7.04,18.8,1,0,Dhananjay Rao,HKG
993,Ebadot Hossain (BAN),4,4,15.1,0,140,7,3/51,20,9.23,13,0,0,Ebadot Hossain,BAN
994,Elan Talker (ISR),8,8,24.0,0,172,7,2/18,24.57,7.16,20.5,0,0,Elan Talker,ISR
995,Gagandeep Singh (BUL),17,15,40.0,1,367,7,2/11,52.42,9.17,34.2,0,0,Gagandeep Singh,BUL
996,GC Galanis (GRC),8,8,28.0,0,158,7,2/16,22.57,5.64,24,0,0,GC Galanis,GRC
997,BD Glover (NED),4,4,10.5,1,84,7,3/9,12,7.75,9.2,0,0,BD Glover,NED
998,F Hand (IRE),14,13,27.2,0,272,7,3/18,38.85,9.95,23.4,0,0,F Hand,IRE
999,US Hathinjar (CAM),36,5,13.0,0,107,7,3/21,15.28,8.23,11.1,0,0,US Hathinjar,CAM
1000,Ibrahim Nashath (MDV),15,7,20.0,0,124,7,2/15,17.71,6.2,17.1,0,0,Ibrahim Nashath,MDV
1001,Iftikhar Ahmed (PAK),49,18,36.5,0,250,7,3/24,35.71,6.78,31.5,0,0,Iftikhar Ahmed,PAK
1002,Imran Ahmed Kaneez (CRC),5,5,15.0,1,73,7,2/0,10.42,4.86,12.8,0,0,Imran Ahmed Kaneez,CRC
1003,Jahandad Khan (PAK),8,8,18.0,0,211,7,2/30,30.14,11.72,15.4,0,0,Jahandad Khan,PAK
1004,K Jaikaran (Sur),8,6,14.0,0,97,7,3/22,13.85,6.92,12,0,0,K Jaikaran,Sur
1005,Jamshid Nasiri (Fran),5,5,16.0,0,83,7,2/13,11.85,5.18,13.7,0,0,Jamshid Nasiri,Fran
1006,JNT Seales (WI),9,9,30.0,0,311,7,3/32,44.42,10.36,25.7,0,0,JNT Seales,WI
1007,Jay Odedra (OMA),8,8,23.0,0,148,7,2/13,21.14,6.43,19.7,0,0,Jay Odedra,OMA
1008,S Jegannathan (INA),7,6,19.0,1,116,7,2/6,16.57,6.1,16.2,0,0,S Jegannathan,INA
1009,D Johnson (CAY),11,11,29.1,0,258,7,2/13,36.85,8.84,25,0,0,D Johnson,CAY
1010,J Jojo (DEN),6,6,19.0,2,118,7,2/7,16.85,6.21,16.2,0,0,J Jojo,DEN
1011,MO Jones (BER),6,6,23.2,0,98,7,3/23,14,4.2,20,0,0,MO Jones,BER
1012,M Kadyan (BUL),10,8,25.0,0,209,7,2/20,29.85,8.36,21.4,0,0,M Kadyan,BUL
1013,T Kahamker (ISR),6,3,10.0,0,70,7,3/10,10,7,8.5,0,0,T Kahamker,ISR
1014,Karma Dorji (BHU),16,16,31.1,0,242,7,2/4,34.57,7.76,26.7,0,0,Karma Dorji,BHU
1015,MJM Kavana (COK),8,6,14.3,0,100,7,2/25,14.28,6.89,12.4,0,0,MJM Kavana,COK
1016,A Kheterpal (HUN),14,14,45.0,0,343,7,3/19,49,7.62,38.5,0,0,A Kheterpal,HUN
1017,M Khojbariya (SWZ),10,9,27.0,3,163,7,3/3,23.28,6.03,23.1,0,0,M Khojbariya,SWZ
1018,P Kotoisuva (Fiji),10,7,18.0,0,173,7,2/24,24.71,9.61,15.4,0,0,P Kotoisuva,Fiji
1019,TK Lal (CZK-R),8,8,31.0,1,201,7,2/14,28.71,6.48,26.5,0,0,TK Lal,CZK-R
1020,AN Lascu (ROM),12,8,22.0,0,208,7,5/21,29.71,9.45,18.8,0,1,AN Lascu,ROM
1021,AR Leo (STHEL),12,6,19.0,0,138,7,2/7,19.71,7.26,16.2,0,0,AR Leo,STHEL
1022,B Lewis (Blz),6,6,17.0,1,92,7,2/10,13.14,5.41,14.5,0,0,B Lewis,Blz
1023,AD Mathews (SL),12,11,23.2,0,189,7,2/9,27,8.1,20,0,0,AD Mathews,SL
1024,Y Mitari (RWN),14,13,32.0,0,238,7,3/39,34,7.43,27.4,0,0,Y Mitari,RWN
1025,Mohamed Turay (SLE),10,10,22.3,0,166,7,2/20,23.71,7.37,19.2,0,0,Mohamed Turay,SLE
1026,Mohammed Alamgir (SWZ),13,8,14.5,0,138,7,2/12,19.71,9.3,12.7,0,0,Mohammed Alamgir,SWZ
1027,A Mongar (BHU),7,7,14.2,1,84,7,2/3,12,5.86,12.2,0,0,A Mongar,BHU
1028,E Ndubudem (NGA),7,7,23.0,0,123,7,2/13,17.57,5.34,19.7,0,0,E Ndubudem,NGA
1029,Nizakat Khan (HKG),80,10,20.5,1,133,7,2/5,19,6.38,17.8,0,0,Nizakat Khan,HKG
1030,W O'Rourke (NZ),7,7,27.0,0,188,7,3/27,26.85,6.96,23.1,0,0,W O'Rourke,NZ
1031,Omar Hayat (DEN),4,4,11.0,0,87,7,3/31,12.42,7.9,9.4,0,0,Omar Hayat,DEN
1032,Parveen Kumar (FIN),7,7,20.2,0,151,7,3/30,21.57,7.42,17.4,0,0,Parveen Kumar,FIN
1033,GD Phillips (NZ),61,17,28.5,0,254,7,3/6,36.28,8.8,24.7,0,0,GD Phillips,NZ
1034,CAK Rajitha (SL),8,8,29.0,1,257,7,2/22,36.71,8.86,24.8,0,0,CAK Rajitha,SL
1035,D Ramani (CZK-R),6,6,21.0,0,178,7,2/26,25.42,8.47,18,0,0,D Ramani,CZK-R
1036,S Ravoka (Fiji),6,5,20.0,0,128,7,3/23,18.28,6.4,17.1,0,0,S Ravoka,Fiji
1037,D Ravu (PNG),7,7,26.0,0,235,7,3/53,33.57,9.03,22.2,0,0,D Ravu,PNG
1038,Sarfraz Rao (Falk),6,6,19.0,0,109,7,3/18,15.57,5.73,16.2,0,0,Sarfraz Rao,Falk
1039,H Satheedevi (CRT),8,8,20.0,0,193,7,2/12,27.57,9.65,17.1,0,0,H Satheedevi,CRT
1040,Scott Austin (CYP),25,5,13.0,0,81,7,3/19,11.57,6.23,11.1,0,0,Scott Austin,CYP
1041,Shafat Ali Syed (ESP),10,7,16.2,0,130,7,5/31,18.57,7.95,14,0,1,Shafat Ali Syed,ESP
1042,Sharafuddin Ashraf (AFG),13,10,30.0,0,204,7,3/24,29.14,6.8,25.7,0,0,Sharafuddin Ashraf,AFG
1043,Sheikh Rasik (HUN),10,10,29.0,1,189,7,3/25,27,6.51,24.8,0,0,Sheikh Rasik,HUN
1044,Shivam Mavi (IND),6,6,14.0,0,123,7,4/22,17.57,8.78,12,1,0,Shivam Mavi,IND
1045,SS Shukla (BHR),7,7,19.0,0,97,7,3/19,13.85,5.1,16.2,0,0,SS Shukla,BHR
1046,R Smith (BHM),8,7,18.0,0,131,7,2/14,18.71,7.27,15.4,0,0,R Smith,BHM
1047,BA Stokes (ENG),9,8,20.2,0,139,7,2/19,19.85,6.83,17.4,0,0,BA Stokes,ENG
1048,BK Stroud (STHEL),12,10,30.0,4,162,7,2/17,23.14,5.4,25.7,0,0,BK Stroud,STHEL
1049,P Stroud (Falk),6,6,22.3,1,105,7,2/11,15,4.66,19.2,0,0,P Stroud,Falk
1050,S Sugaya-Slater (JPN),10,10,24.5,0,195,7,2/22,27.85,7.85,21.2,0,0,S Sugaya-Slater,JPN
1051,PR Surve (INA),39,15,30.3,0,245,7,2/28,35,8.03,26.1,0,0,PR Surve,INA
1052,Taher Muhammad (SVN),17,14,35.4,0,331,7,2/22,47.28,9.28,30.5,0,0,Taher Muhammad,SVN
1053,GT Taylor (BHM),19,12,32.0,0,238,7,2/27,34,7.43,27.4,0,0,GT Taylor,BHM
1054,G Venkateswaran (LUX),17,11,30.2,0,291,7,2/28,41.57,9.59,26,0,0,G Venkateswaran,LUX
1055,ZXM Vukusic (CRT),8,7,21.3,0,189,7,2/10,27,8.79,18.4,0,0,ZXM Vukusic,CRT
1056,D Wabwire (UGA),7,7,21.1,1,149,7,3/24,21.28,7.03,18.1,0,0,D Wabwire,UGA
1057,HR Walsh (WI),9,9,31.0,0,253,7,2/24,36.14,8.16,26.5,0,0,HR Walsh,WI
1058,TS Waqavakatoga (Fiji),10,10,26.0,0,187,7,2/16,26.71,7.19,22.2,0,0,TS Waqavakatoga,Fiji
1059,OJ Webster (IOM),5,5,19.0,0,130,7,3/33,18.57,6.84,16.2,0,0,OJ Webster,IOM
1060,Zahid Zadran (GER),8,8,25.4,0,218,7,2/19,31.14,8.49,22,0,0,Zahid Zadran,GER
1061,Zaman Khan (PAK),10,10,31.3,0,236,7,1/4,33.71,7.49,27,0,0,Zaman Khan,PAK
1062,Zawar Farid (UAE),14,9,26.5,0,215,7,2/31,30.71,8.01,23,0,0,Zawar Farid,UAE
1063,Abhishek Sharma (IND),45,18,26.3,0,234,6,2/3,39,8.83,26.5,0,0,Abhishek Sharma,IND
1064,Adil Khan (GER),4,4,12.0,0,89,6,2/18,14.83,7.41,12,0,0,Adil Khan,GER
1065,Aditya Panwar (EST),6,6,13.5,1,122,6,3/3,20.33,8.81,13.8,0,0,Aditya Panwar,EST
1066,AC Agar (AUS),9,9,36.0,1,203,6,1/14,33.83,5.63,36,0,0,AC Agar,AUS
1067,Salman Agha (PAK),52,14,20.0,0,152,6,1/7,25.33,7.6,20,0,0,Salman Agha,PAK
1068,Alam Nakash (SKOR),10,10,22.1,0,155,6,3/8,25.83,6.99,22.1,0,0,Alam Nakash,SKOR
1069,MA Algi (MOZ),5,5,14.0,2,132,6,2/15,22,9.42,14,0,0,MA Algi,MOZ
1070,Aqif Farooq (KUW),4,4,15.0,0,145,6,3/24,24.16,9.66,15,0,0,Aqif Farooq,KUW
1071,Arun Yadav (TAN),11,6,12.0,0,105,6,3/12,17.5,8.75,12,0,0,Arun Yadav,TAN
1072,Aslam Bera (Zamb),9,9,27.5,0,202,6,2/23,33.66,7.25,27.8,0,0,Aslam Bera,Zamb
1073,AAP Atkinson (ENG),4,4,10.5,0,122,6,4/20,20.33,11.26,10.8,1,0,AAP Atkinson,ENG
1074,Awais Ikram (SVN),6,6,15.0,0,168,6,2/34,28,11.2,15,0,0,Awais Ikram,SVN
1075,V Balakrishnan (BOT),40,8,6.1,0,37,6,2/11,6.16,6,6.1,0,0,V Balakrishnan,BOT
1076,B Balala (MWI),24,20,37.2,0,375,6,1/6,62.5,10.04,37.3,0,0,B Balala,MWI
1077,BJ Bennett (ZIM),58,17,24.2,2,204,6,2/20,34,8.38,24.3,0,0,BJ Bennett,ZIM
1078,Bilal Tahir (KUW),52,6,12.2,0,74,6,2/7,12.33,6,12.3,0,0,Bilal Tahir,KUW
1079,J Blades (WI),6,6,19.5,0,178,6,3/29,29.66,8.97,19.8,0,0,J Blades,WI
1080,Bukhar Illikkal (QAT),15,14,41.0,0,282,6,1/8,47,6.87,41,0,0,Bukhar Illikkal,QAT
1081,N Burger (SA),8,8,29.0,0,239,6,2/21,39.83,8.24,29,0,0,N Burger,SA
1082,DK Dahyabhai Ahir (PAN),8,7,22.0,1,113,6,3/11,18.83,5.13,22,0,0,DK Dahyabhai Ahir,PAN
1083,D Dawa (BHU),5,5,14.0,0,107,6,3/13,17.83,7.64,14,0,0,D Dawa,BHU
1084,R Dhakal (NEP),8,8,26.0,0,210,6,2/17,35,8.07,26,0,0,R Dhakal,NEP
1085,MT Diaby (Mali),10,5,10.2,0,84,6,2/6,14,8.12,10.3,0,0,MT Diaby,Mali
1086,HB Dickson (COK),14,7,25.3,0,163,6,2/22,27.16,6.39,25.5,0,0,HB Dickson,COK
1087,AC Douglas (BER),9,7,19.0,1,120,6,2/6,20,6.31,19,0,0,AC Douglas,BER
1088,J Dzulfikar (INA),18,7,16.5,4,68,6,3/3,11.33,4.03,16.8,0,0,J Dzulfikar,INA
1089,I Elec (TKY),12,7,19.0,1,120,6,4/31,20,6.31,19,1,0,I Elec,TKY
1090,R Fox (BHM),12,9,21.5,0,180,6,3/16,30,8.24,21.8,0,0,R Fox,BHM
1091,Garret Banner (Blz),8,7,25.0,0,158,6,2/14,26.33,6.32,25,0,0,Garret Banner,Blz
1092,Gaurav Mishra (ROM),12,12,33.0,0,242,6,2/18,40.33,7.33,33,0,0,Gaurav Mishra,ROM
1093,DJ Hooda (IND),21,8,15.5,0,76,6,4/10,12.66,4.8,15.8,1,0,DJ Hooda,IND
1094,A Husain (Arg),8,8,22.0,0,143,6,2/7,23.83,6.5,22,0,0,A Husain,Arg
1095,Ibrar Ahmad (HUN),3,3,6.3,0,56,6,5/27,9.33,8.61,6.5,0,1,Ibrar Ahmad,HUN
1096,Ihsanullah (PAK),4,4,14.5,0,108,6,3/29,18,7.28,14.8,0,0,Ihsanullah,PAK
1097,Iqbal Hossain (AUT),22,6,13.0,0,91,6,3/22,15.16,7,13,0,0,Iqbal Hossain,AUT
1098,E Jabarkhel (LUX),10,10,34.4,1,276,6,2/29,46,7.96,34.6,0,0,E Jabarkhel,LUX
1099,V Jatinder Kumar (GER),6,6,23.0,0,149,6,2/19,24.83,6.47,23,0,0,V Jatinder Kumar,GER
1100,Kamran Ahmadzai (Fran),9,8,18.5,0,151,6,4/12,25.16,8.01,18.8,1,0,Kamran Ahmadzai,Fran
1101,Kamran Wahid (HUN),5,4,14.0,0,126,6,3/24,21,9,14,0,0,Kamran Wahid,HUN
1102,CA Keita (Mali),15,6,13.1,0,100,6,2/7,16.66,7.59,13.1,0,0,CA Keita,Mali
1103,H Khogiyani (AUT),14,12,33.4,0,241,6,2/17,40.16,7.15,33.6,0,0,H Khogiyani,AUT
1104,Khushdil Shah (PAK),26,9,17.0,0,122,6,3/13,20.33,7.17,17,0,0,Khushdil Shah,PAK
1105,W Kokaua (COK),5,4,10.0,0,105,6,3/26,17.5,10.5,10,0,0,W Kokaua,COK
1106,M Kpaka (SLE),14,8,19.1,0,123,6,3/31,20.5,6.41,19.1,0,0,M Kpaka,SLE
1107,LJ Leokaoke (LES),8,8,25.0,0,168,6,2/23,28,6.72,25,0,0,LJ Leokaoke,LES
1108,Lovedeep Singh (CYP),6,6,20.0,0,137,6,2/16,22.83,6.85,20,0,0,Lovedeep Singh,CYP
1109,O Lutbayar (MNG),14,12,31.4,0,349,6,1/5,58.16,11.02,31.6,0,0,O Lutbayar,MNG
1110,DVD Madampage (SKOR),8,7,22.0,0,195,6,2/21,32.5,8.86,22,0,0,DVD Madampage,SKOR
1111,SKDT Madusanka (SEY),12,7,15.0,0,152,6,3/16,25.33,10.13,15,0,0,SKDT Madusanka,SEY
1112,Marcelle Hanekom (CAM),9,8,21.0,0,178,6,2/20,29.66,8.47,21,0,0,Marcelle Hanekom,CAM
1113,Mirza Ahmed (KUW),6,6,16.0,0,119,6,2/15,19.83,7.43,16,0,0,Mirza Ahmed,KUW
1114,Muhammad Tanveer (QAT),46,15,32.4,0,278,6,2/31,46.33,8.51,32.6,0,0,Muhammad Tanveer,QAT
1115,JK Mukhiya (NEP),6,6,16.0,0,112,6,3/35,18.66,7,16,0,0,JK Mukhiya,NEP
1116,AM Patel (PAN),9,9,18.0,0,107,6,2/9,17.83,5.94,18,0,0,AM Patel,PAN
1117,RN Patel (KENYA),41,7,8.2,0,49,6,2/1,8.16,5.88,8.3,0,0,RN Patel,KENYA
1118,SJ Patel (CZK-R),7,5,12.0,0,84,6,4/34,14,7,12,1,0,SJ Patel,CZK-R
1119,A Pusthay (FIN),7,6,15.4,0,125,6,2/15,20.83,7.97,15.6,0,0,A Pusthay,FIN
1120,Rahat Ali (CZK-R),6,6,20.0,0,155,6,2/16,25.83,7.75,20,0,0,Rahat Ali,CZK-R
1121,KB Ahir (PAN),7,7,17.0,0,114,6,3/16,19,6.7,17,0,0,KB Ahir,PAN
1122,Rhys Burinaga (PHI),14,3,8.1,1,58,6,4/33,9.66,7.1,8.1,1,0,Rhys Burinaga,PHI
1123,JA Richardson (AUS),4,4,16.0,0,130,6,3/26,21.66,8.12,16,0,0,JA Richardson,AUS
1124,DE Roache (Samoa),12,4,11.0,0,92,6,3/23,15.33,8.36,11,0,0,DE Roache,Samoa
1125,Saber Zakhil (BEL),41,13,24.0,0,231,6,2/1,38.5,9.62,24,0,0,Saber Zakhil,BEL
1126,Saeed Ahmed (SWE),17,6,17.0,0,168,6,2/27,28,9.88,17,0,0,Saeed Ahmed,SWE
1127,Sahil Chauhan (EST),22,6,12.0,0,84,6,4/19,14,7,12,1,0,Sahil Chauhan,EST
1128,Salvin Stanly (CAM),27,10,19.1,0,173,6,2/8,28.83,9.02,19.1,0,0,Salvin Stanly,CAM
1129,T Sandaruwan (ROM),4,4,15.0,0,132,6,3/23,22,8.8,15,0,0,T Sandaruwan,ROM
1130,R Sandeep (SWZ),14,13,36.2,2,203,6,2/3,33.83,5.58,36.3,0,0,R Sandeep,SWZ
1131,Sandeep Goud (BHM),24,13,32.0,0,288,6,1/11,48,9,32,0,0,Sandeep Goud,BHM
1132,R Satheesan (ROM),35,12,24.5,0,251,6,3/37,41.83,10.1,24.8,0,0,R Satheesan,ROM
1133,Shafiullah Zakhel (BEL),5,5,15.0,0,127,6,3/12,21.16,8.46,15,0,0,Shafiullah Zakhel,BEL
1134,Shahnawaz Dahani (PAK),9,9,28.2,1,273,6,2/37,45.5,9.63,28.3,0,0,Shahnawaz Dahani,PAK
1135,Shoaib Ahmed (CYP),5,5,18.0,1,107,6,2/8,17.83,5.94,18,0,0,Shoaib Ahmed,CYP
1136,IC Simao (BRA),9,9,32.0,0,245,6,2/18,40.83,7.65,32,0,0,IC Simao,BRA
1137,RR Simmonds (WI),4,4,13.0,0,105,6,4/15,17.5,8.07,13,1,0,RR Simmonds,WI
1138,S Simpson (JER),2,2,8.0,0,47,6,4/18,7.83,5.87,8,1,0,S Simpson,JER
1139,C Smith (BER),10,10,31.1,0,228,6,2/11,38,7.31,31.1,0,0,C Smith,BER
1140,JT Smuts (ITA),7,7,25.3,1,169,6,2/18,28.16,6.62,25.5,0,0,JT Smuts,ITA
1141,Sohel Patel (PAN),6,5,15.0,0,89,6,2/12,14.83,5.93,15,0,0,Sohel Patel,PAN
1142,C Sridev (SGP),6,4,13.0,0,110,6,2/16,18.33,8.46,13,0,0,C Sridev,SGP
1143,J Stanigze (SWE),8,6,16.4,0,123,6,2/31,20.5,7.38,16.6,0,0,J Stanigze,SWE
1144,S Stanikzay (Fran),9,9,32.0,1,217,6,2/24,36.16,6.78,32,0,0,S Stanikzay,Fran
1145,BS Stephenson (Blz),8,6,21.0,0,112,6,3/16,18.66,5.33,21,0,0,BS Stephenson,Blz
1146,C Tchale (MWI),11,10,29.0,0,252,6,2/36,42,8.68,29,0,0,C Tchale,MWI
1147,Tejwinder Singh (CYP),5,5,17.0,0,124,6,2/23,20.66,7.29,17,0,0,Tejwinder Singh,CYP
1148,T Vanuarua (COK),6,6,18.0,0,123,6,2/24,20.5,6.83,18,0,0,T Vanuarua,COK
1149,S Vaz (POR),3,3,10.0,0,67,6,4/22,11.16,6.7,10,1,0,S Vaz,POR
1150,Vikramjit Singh (NED),27,8,16.3,0,163,6,3/16,27.16,9.87,16.5,0,0,Vikramjit Singh,NED
1151,Waqar Khan (SVN),15,6,8.0,0,111,6,3/35,18.5,13.87,8,0,0,Waqar Khan,SVN
1152,Waqas Barkat (HKG),9,6,16.0,1,137,6,4/18,22.83,8.56,16,1,0,Waqas Barkat,HKG
1153,Yash Talati (KENYA),2,2,8.0,2,26,6,3/8,4.33,3.25,8,0,0,Yash Talati,KENYA
1154,Zeeshan Ali (EST),6,6,19.0,0,148,6,2/21,24.66,7.78,19,0,0,Zeeshan Ali,EST
1155,Zohaib Sarwar (POR),10,6,17.1,0,147,6,2/8,24.5,8.56,17.1,0,0,Zohaib Sarwar,POR
1156,Zong Yuechao (CHN),8,6,16.0,0,102,6,2/12,17,6.37,16,0,0,Zong Yuechao,CHN
1157,Aaron Jones (USA),34,6,9.2,0,92,5,2/8,18.4,9.85,11.2,0,0,Aaron Jones,USA
1158,Abdul Wahid (KSA),10,7,20.0,0,194,5,2/10,38.8,9.7,24,0,0,Abdul Wahid,KSA
1159,CN Ackermann (NED),15,8,25.0,1,174,5,3/15,34.8,6.96,30,0,0,CN Ackermann,NED
1160,Adam Senn (CYP),10,10,35.0,0,213,5,1/11,42.6,6.08,42,0,0,Adam Senn,CYP
1161,Adnan Razzaq (BEL),10,10,29.0,0,246,5,2/23,49.2,8.48,34.8,0,0,Adnan Razzaq,BEL
1162,Afif Hossain (BAN),31,9,13.0,0,90,5,3/11,18,6.92,15.6,0,0,Afif Hossain,BAN
1163,Ahsan Yousuf (AUT),3,3,11.0,0,98,5,3/24,19.6,8.9,13.2,0,0,Ahsan Yousuf,AUT
1164,Aqeel Wahid (MAS),34,13,26.0,0,169,5,2/25,33.8,6.5,31.2,0,0,Aqeel Wahid,MAS
1165,Asad Rasheed (HKG),2,2,8.0,0,78,5,3/37,15.6,9.75,9.6,0,0,Asad Rasheed,HKG
1166,Atif Rasheed (FIN),19,5,8.5,1,63,5,4/13,12.6,7.13,10.6,1,0,Atif Rasheed,FIN
1167,Aung Ko Ko (MYAN),13,5,11.3,0,72,5,2/10,14.4,6.26,13.8,0,0,Aung Ko Ko,MYAN
1168,SKA Awiah (GHA),29,9,25.1,0,169,5,2/21,33.8,6.71,30.2,0,0,SKA Awiah,GHA
1169,Ayyaz Qureshi (SVN),6,4,13.2,0,114,5,2/25,22.8,8.55,16,0,0,Ayyaz Qureshi,SVN
1170,Baseer Khan (AUT),29,2,8.0,0,36,5,4/10,7.2,4.5,9.6,1,0,Baseer Khan,AUT
1171,Baz Aybui (SWE),6,4,12.0,1,85,5,2/14,17,7.08,14.4,0,0,Baz Aybui,SWE
1172,Bipin Kumar (QAT),12,10,35.0,0,305,5,2/32,61,8.71,42,0,0,Bipin Kumar,QAT
1173,Chaudhary Akram (NOR),6,4,9.0,0,63,5,2/13,12.6,7,10.8,0,0,Chaudhary Akram,NOR
1174,AG Cremer (ZIM),6,6,21.0,0,169,5,2/27,33.8,8.04,25.2,0,0,AG Cremer,ZIM
1175,EC D'Souza (UAE),11,4,7.5,0,53,5,4/9,10.6,6.76,9.4,1,0,EC D'Souza,UAE
1176,A Desai (USA),4,4,11.0,0,80,5,2/27,16,7.27,13.2,0,0,A Desai,USA
1177,DV Devjani Mutreja (Mex),8,5,7.0,0,56,5,3/23,11.2,8,8.4,0,0,DV Devjani Mutreja,Mex
1178,S Duggan (Arg),7,7,20.0,0,102,5,1/10,20.4,5.1,24,0,0,S Duggan,Arg
1179,SA Engelbrecht (NED),12,5,8.0,0,71,5,2/13,14.2,8.87,9.6,0,0,SA Engelbrecht,NED
1180,Fazil Muhammad (SKOR),5,5,13.5,0,100,5,4/27,20,7.22,16.6,1,0,Fazil Muhammad,SKOR
1181,M Gouws (GIBR),13,9,26.2,0,241,5,3/22,48.2,9.15,31.6,0,0,M Gouws,GIBR
1182,J Henry (STHEL),7,6,14.4,0,126,5,3/28,25.2,8.59,17.6,0,0,J Henry,STHEL
1183,N Hirani (KENYA),3,3,9.0,0,59,5,4/21,11.8,6.55,10.8,1,0,N Hirani,KENYA
1184,KAB Hynam-Nyberg (Samoa),7,6,18.0,0,165,5,2/36,33,9.16,21.6,0,0,KAB Hynam-Nyberg,Samoa
1185,Imtiaz Khan (KSA),5,5,14.0,0,120,5,3/26,24,8.57,16.8,0,0,Imtiaz Khan,KSA
1186,Abduljabar Jabarkhail (BEL),6,6,21.0,0,175,5,2/30,35,8.33,25.2,0,0,Abduljabar Jabarkhail,BEL
1187,Jaspal Singh (MLT),35,11,29.1,0,236,5,1/8,47.2,8.09,35,0,0,Jaspal Singh,MLT
1188,Junaid Khan (FIN),3,3,12.0,0,76,5,2/15,15.2,6.33,14.4,0,0,Junaid Khan,FIN
1189,Kamal Soukhiya (LUX),6,6,22.0,0,194,5,1/26,38.8,8.81,26.4,0,0,Kamal Soukhiya,LUX
1190,I Kamara (SLE),11,6,15.1,0,79,5,3/4,15.8,5.2,18.2,0,0,I Kamara,SLE
1191,J Khadka (ROM),4,4,16.0,0,143,5,3/27,28.6,8.93,19.2,0,0,J Khadka,ROM
1192,V Khanduri (CYP),4,4,12.0,0,99,5,2/19,19.8,8.25,14.4,0,0,V Khanduri,CYP
1193,D Finau (Samoa),17,8,16.0,0,155,5,3/34,31,9.68,19.2,0,0,D Finau,Samoa
1194,J Lassayo (SLE),10,6,12.0,0,92,5,2/9,18.4,7.66,14.4,0,0,J Lassayo,SLE
1195,B Leo (STHEL),4,4,13.4,1,108,5,2/32,21.6,7.9,16.4,0,0,B Leo,STHEL
1196,M Levitt (NED),30,7,16.0,0,139,5,3/11,27.8,8.68,19.2,0,0,M Levitt,NED
1197,Madhawa Basnayaka (FIN),6,5,14.0,0,120,5,2/28,24,8.57,16.8,0,0,Madhawa Basnayaka,FIN
1198,A Maheshwari (CRT),12,7,18.5,0,190,5,2/41,38,10.08,22.6,0,0,A Maheshwari,CRT
1199,Mahmudullah (BAN),28,13,20.5,0,140,5,1/1,28,6.72,25,0,0,Mahmudullah,BAN
1200,L Makgale (BOT),8,8,18.4,0,121,5,2/16,24.2,6.48,22.4,0,0,L Makgale,BOT
1201,D Malinga (SWZ),3,2,6.0,0,56,5,4/28,11.2,9.33,7.2,1,0,D Malinga,SWZ
1202,G Mangau (VAN),3,3,11.0,2,64,5,3/36,12.8,5.81,13.2,0,0,G Mangau,VAN
1203,MV Matsau (LES),9,8,17.0,0,161,5,2/43,32.2,9.47,20.4,0,0,MV Matsau,LES
1204,ZE Matsinhe (MOZ),11,6,14.0,0,75,5,4/13,15,5.35,16.8,1,0,ZE Matsinhe,MOZ
1205,PHKD Mendis (SL),38,11,21.0,0,168,5,1/10,33.6,8,25.2,0,0,PHKD Mendis,SL
1206,Mohamed Ishmath (MDV),8,8,26.0,0,188,5,2/20,37.6,7.23,31.2,0,0,Mohamed Ishmath,MDV
1207,Mohammad Asaduzzaman (FIN),9,9,31.0,0,218,5,2/23,43.6,7.03,37.2,0,0,Mohammad Asaduzzaman,FIN
1208,Fahim Bhatti (BEL),14,14,41.0,2,291,5,1/5,58.2,7.09,49.2,0,0,Fahim Bhatti,BEL
1209,Muhammad Saqib (KSA),5,5,16.4,0,155,5,2/17,31,9.3,20,0,0,Muhammad Saqib,KSA
1210,LF Muller (BRA),15,5,10.0,0,72,5,2/22,14.4,7.2,12,0,0,LF Muller,BRA
1211,M Musinguzi (UGA),6,6,13.0,0,85,5,2/16,17,6.53,15.6,0,0,M Musinguzi,UGA
1212,S Muthusamy (SA),5,5,18.0,0,128,5,2/24,25.6,7.11,21.6,0,0,S Muthusamy,SA
1213,V Nagpaul (SGP),6,5,17.0,0,104,5,2/13,20.8,6.11,20.4,0,0,V Nagpaul,SGP
1214,Nangeyalia Kharote (AFG),7,4,12.0,0,78,5,2/16,15.6,6.5,14.4,0,0,Nangeyalia Kharote,AFG
1215,Obed Yosef (VAN),8,8,21.0,0,163,5,2/20,32.6,7.76,25.2,0,0,Obed Yosef,VAN
1216,MMR Obili (EST),6,6,22.0,0,155,5,2/24,31,7.04,26.4,0,0,MMR Obili,EST
1217,Omid Shafi Rahman (UAE),5,5,13.4,0,88,5,3/19,17.6,6.43,16.4,0,0,Omid Shafi Rahman,UAE
1218,RJG Palmer (JER),6,6,18.0,0,113,5,2/21,22.6,6.27,21.6,0,0,RJG Palmer,JER
1219,A Parima (COK),17,4,10.2,0,96,5,3/22,19.2,9.29,12.4,0,0,A Parima,COK
1220,M Podosky (PHI),35,8,28.0,0,230,5,2/21,46,8.21,33.6,0,0,M Podosky,PHI
1221,P Pustoslemsek (SVN),6,6,13.3,0,100,5,2/23,20,7.4,16.2,0,0,P Pustoslemsek,SVN
1222,KC Ramamoorthy (INA),30,5,13.5,0,102,5,3/17,20.4,7.37,16.6,0,0,KC Ramamoorthy,INA
1223,SR Rocket (SEY),9,8,22.0,0,162,5,2/23,32.4,7.36,26.4,0,0,SR Rocket,SEY
1224,S Rukmal (SEY),12,10,34.0,0,228,5,2/18,45.6,6.7,40.8,0,0,S Rukmal,SEY
1225,Shakeel Zeb (DEN),3,3,10.3,0,78,5,3/14,15.6,7.42,12.6,0,0,Shakeel Zeb,DEN
1226,P Sharma (KENYA),27,10,22.2,0,151,5,1/3,30.2,6.76,26.8,0,0,P Sharma,KENYA
1227,Z Shurentsetseg (MNG),12,10,22.1,0,227,5,3/32,45.4,10.24,26.6,0,0,Z Shurentsetseg,MNG
1228,L Sipamla (SA),4,4,16.0,0,187,5,2/38,37.4,11.68,19.2,0,0,L Sipamla,SA
1229,LI Salomone (MOZ),19,5,17.0,1,126,5,2/29,25.2,7.41,20.4,0,0,LI Salomone,MOZ
1230,Sulaiman Ali (BUL),7,6,13.0,0,138,5,2/32,27.6,10.61,15.6,0,0,Sulaiman Ali,BUL
1231,S Tabuisulu (Fiji),10,10,35.1,0,259,5,2/23,51.8,7.36,42.2,0,0,S Tabuisulu,Fiji
1232,SR Taylor (USA),18,11,27.0,0,188,5,2/9,37.6,6.96,32.4,0,0,SR Taylor,USA
1233,T Tumursukh (MNG),10,8,19.0,0,194,5,2/31,38.8,10.21,22.8,0,0,T Tumursukh,MNG
1234,N Tyagi (CZK-R),7,7,20.0,0,167,5,2/27,33.4,8.35,24,0,0,N Tyagi,CZK-R
1235,Usama Mir (PAK),5,5,20.0,1,175,5,2/21,35,8.75,24,0,0,Usama Mir,PAK
1236,VM Vaghela (USA),2,2,7.0,0,24,5,3/12,4.8,3.42,8.4,0,0,VM Vaghela,USA
1237,Vichanath Singh (THA),7,6,20.4,1,88,5,2/10,17.6,4.25,24.8,0,0,Vichanath Singh,THA
1238,PV Vuniwaqa (Fiji),16,10,19.0,0,181,5,2/31,36.2,9.52,22.8,0,0,PV Vuniwaqa,Fiji
1239,FN Walsh (PHI),3,2,8.0,0,85,5,3/27,17,10.62,9.6,0,0,FN Walsh,PHI
1240,AG Weligamage (HUN),12,6,20.0,0,203,5,3/45,40.6,10.15,24,0,0,AG Weligamage,HUN
1241,Yash Singh (MLT),6,6,18.0,0,142,5,1/16,28.4,7.88,21.6,0,0,Yash Singh,MLT
1242,Yusuf Ebrahim (PAN),12,10,16.3,1,141,5,3/18,28.2,8.54,19.8,0,0,Yusuf Ebrahim,PAN
1243,Zahid Ali (UAE),6,6,17.0,0,154,5,2/27,30.8,9.05,20.4,0,0,Zahid Ali,UAE
1244,Ziaur Rahman (AFG),5,5,18.0,0,181,5,3/36,36.2,10.05,21.6,0,0,Ziaur Rahman,AFG
1245,Zulqarnain Haider (ESP),6,6,15.0,0,91,5,2/26,18.2,6.06,18,0,0,Zulqarnain Haider,ESP
1246,Aarif Sheikh (NEP),34,9,16.0,0,132,4,1/2,33,8.25,24,0,0,Aarif Sheikh,NEP
1247,Abdullahi Ismail (NGA),4,4,14.0,0,90,4,2/20,22.5,6.42,21,0,0,Abdullahi Ismail,NGA
1248,N Advani (GIBR),9,4,7.2,0,62,4,4/14,15.5,8.45,11,1,0,N Advani,GIBR
1249,Ahmed Hassan (MDV),6,4,13.0,0,70,4,2/22,17.5,5.38,19.5,0,0,Ahmed Hassan,MDV
1250,Ahsan Khan (BUL),8,8,16.0,0,151,4,2/18,37.75,9.43,24,0,0,Ahsan Khan,BUL
1251,FA Allen (WI),14,11,25.5,0,225,4,2/50,56.25,8.7,38.7,0,0,FA Allen,WI
1252,Amir Butt (Mex),2,2,6.0,0,35,4,2/11,8.75,5.83,9,0,0,Amir Butt,Mex
1253,G Angeletti (Arg),10,5,15.4,0,93,4,1/9,23.25,5.93,23.5,0,0,G Angeletti,Arg
1254,Arafat Minhas (PAK),4,4,12.0,0,62,4,2/11,15.5,5.16,18,0,0,Arafat Minhas,PAK
1255,P Arrighi (Arg),3,3,12.0,1,88,4,2/45,22,7.33,18,0,0,P Arrighi,Arg
1256,V Ateak (GHA),3,3,7.3,0,39,4,2/4,9.75,5.2,11.2,0,0,V Ateak,GHA
1257,A Augastin (TAN),11,5,12.2,0,82,4,2/15,20.5,6.64,18.5,0,0,A Augastin,TAN
1258,K Babu (SKOR),8,7,17.0,0,157,4,1/9,39.25,9.23,25.5,0,0,K Babu,SKOR
1259,R Baruah (EST),7,6,10.0,0,89,4,3/13,22.25,8.9,15,0,0,R Baruah,EST
1260,Bashar Khan (ITA),5,5,16.3,1,72,4,2/18,18,4.36,24.7,0,0,Bashar Khan,ITA
1261,C Bevin (CRT),6,6,18.0,0,181,4,2/26,45.25,10.05,27,0,0,C Bevin,CRT
1262,ML Bojang (GMB),8,7,20.5,0,115,4,1/2,28.75,5.52,31.2,0,0,ML Bojang,GMB
1263,DE Burgess (Samoa),9,8,16.5,0,128,4,2/14,32,7.6,25.2,0,0,DE Burgess,Samoa
1264,N Davidovic (CRT),3,2,7.0,0,53,4,3/22,13.25,7.57,10.5,0,0,N Davidovic,CRT
1265,JJ Davidson (SCOT),4,4,13.0,0,89,4,2/29,22.25,6.84,19.5,0,0,JJ Davidson,SCOT
1266,YP Dayal (Sur),8,7,23.1,0,159,4,2/15,39.75,6.86,34.7,0,0,YP Dayal,Sur
1267,Deng Jinqi (CHN),6,5,12.3,0,87,4,2/12,21.75,6.96,18.7,0,0,Deng Jinqi,CHN
1268,JEA Doctora (PHI),14,6,9.2,0,82,4,3/30,20.5,8.78,14,0,0,JEA Doctora,PHI
1269,J Dowling (BUL),8,7,16.0,1,123,4,3/1,30.75,7.68,24,0,0,J Dowling,BUL
1270,D Doyle-Calle (ESP),35,4,5.0,0,29,4,2/6,7.25,5.8,7.5,0,0,D Doyle-Calle,ESP
1271,DC Drakes (WI),7,7,21.0,0,176,4,1/19,44,8.38,31.5,0,0,DC Drakes,WI
1272,R Edwards (CAY),4,4,11.0,0,89,4,2/24,22.25,8.09,16.5,0,0,R Edwards,CAY
1273,Elias Hasan (EST),11,10,26.0,0,250,4,1/24,62.5,9.61,39,0,0,Elias Hasan,EST
1274,Elias Tilman (TLS),8,8,18.0,0,175,4,3/32,43.75,9.72,27,0,0,Elias Tilman,TLS
1275,AM Fernando (SL),7,6,20.0,0,208,4,1/11,52,10.4,30,0,0,AM Fernando,SL
1276,M Fontaine (HUN),14,9,12.5,0,123,4,2/15,30.75,9.58,19.2,0,0,M Fontaine,HUN
1277,E Frimpong (GHA),4,4,10.0,1,31,4,3/4,7.75,3.1,15,0,0,E Frimpong,GHA
1278,LM Gabriel (LES),17,12,27.0,0,229,4,1/18,57.25,8.48,40.5,0,0,LM Gabriel,LES
1279,Ghulam Abbas Butt (FIN),14,8,20.0,3,123,4,2/30,30.75,6.15,30,0,0,Ghulam Abbas Butt,FIN
1280,JJ Griffin (IOM),5,3,9.5,0,75,4,2/31,18.75,7.62,14.7,0,0,JJ Griffin,IOM
1281,M Grzinic (CRT),3,2,6.0,1,18,4,2/7,4.5,3,9,0,0,M Grzinic,CRT
1282,Hamid Safi (AUT),22,5,6.4,0,75,4,3/15,18.75,11.25,10,0,0,Hamid Safi,AUT
1283,Hassan Khan Mohammad (HKG),4,4,13.0,0,101,4,2/14,25.25,7.76,19.5,0,0,Hassan Khan Mohammad,HKG
1284,RJ Hatchman (GIBR),15,11,25.0,0,313,4,1/21,78.25,12.52,37.5,0,0,RJ Hatchman,GIBR
1285,AN Hyobeom (SKOR),6,6,11.0,0,87,4,3/8,21.75,7.9,16.5,0,0,AN Hyobeom,SKOR
1286,Ibrahim Jabarkhel (Fran),10,6,14.0,0,87,4,2/12,21.75,6.21,21,0,0,Ibrahim Jabarkhel,Fran
1287,Isa Zaroo (BUL),22,3,9.0,0,91,4,2/28,22.75,10.11,13.5,0,0,Isa Zaroo,BUL
1288,AE Isesele (NGA),19,5,6.5,0,63,4,1/5,15.75,9.21,10.2,0,0,AE Isesele,NGA
1289,Ismaila Tamba (GMB),12,6,12.0,0,116,4,2/20,29,9.66,18,0,0,Ismaila Tamba,GMB
1290,VR Iyer (IND),6,3,6.1,0,63,4,2/23,15.75,10.21,9.2,0,0,VR Iyer,IND
1291,J Jagroo (BHM),5,5,17.0,1,105,4,1/16,26.25,6.17,25.5,0,0,J Jagroo,BHM
1292,B Jerkovic (CRT),9,5,9.0,0,100,4,3/19,25,11.11,13.5,0,0,B Jerkovic,CRT
1293,KR Jha (AUT),6,4,7.0,0,47,4,2/7,11.75,6.71,10.5,0,0,KR Jha,AUT
1294,AA Jimoh (NGA),6,5,12.1,0,71,4,1/10,17.75,5.83,18.2,0,0,AA Jimoh,NGA
1295,RR Joshi (CAN),6,6,18.4,0,179,4,1/16,44.75,9.58,28,0,0,RR Joshi,CAN
1296,Kamal Raiz (CYP),3,3,10.0,0,45,4,2/13,11.25,4.5,15,0,0,Kamal Raiz,CYP
1297,Kashif Khan (SGP),5,4,12.1,0,75,4,2/11,18.75,6.16,18.2,0,0,Kashif Khan,SGP
1298,A Kaul (SGP),11,3,5.5,0,31,4,3/20,7.75,5.31,8.7,0,0,A Kaul,SGP
1299,S Kharvi (INA),10,6,6.0,0,61,4,2/1,15.25,10.16,9,0,0,S Kharvi,INA
1300,NR Kirton (CAN),35,7,9.0,0,97,4,1/3,24.25,10.77,13.5,0,0,NR Kirton,CAN
1301,JS Kundi (KENYA),17,8,13.0,0,103,4,3/9,25.75,7.92,19.5,0,0,JS Kundi,KENYA
1302,L Lamin (SLE),37,6,13.4,0,102,4,3/10,25.5,7.46,20.5,0,0,L Lamin,SLE
1303,Luo Shilin (CHN),11,8,26.0,0,165,4,2/10,41.25,6.34,39,0,0,Luo Shilin,CHN
1304,Manpreet Singh (SGP),41,14,38.0,0,311,4,1/16,77.75,8.18,57,0,0,Manpreet Singh,SGP
1305,V Marghashayam (CZK-R),6,4,10.0,0,102,4,2/21,25.5,10.2,15,0,0,V Marghashayam,CZK-R
1306,Matiullah Khan (UAE),5,5,16.0,0,149,4,2/41,37.25,9.31,24,0,0,Matiullah Khan,UAE
1307,Md Shuayeb (CAM),6,4,6.0,0,50,4,2/13,12.5,8.33,9,0,0,Md Shuayeb,CAM
1308,AS Mehmi (GRC),8,7,19.2,0,136,4,1/11,34,7.03,29,0,0,AS Mehmi,GRC
1309,TS Mills (ENG),7,7,21.1,0,237,4,2/30,59.25,11.19,31.7,0,0,TS Mills,ENG
1310,Mohammad Mohsin (USA),4,4,12.0,0,72,4,2/19,18,6,18,0,0,Mohammad Mohsin,USA
1311,R Mondol (BAN),3,3,7.0,1,60,4,3/14,15,8.57,10.5,0,0,R Mondol,BAN
1312,Muhammad Soban (HUN),4,4,15.0,0,81,4,2/23,20.25,5.4,22.5,0,0,Muhammad Soban,HUN
1313,Muhammed Imran (OMA),2,2,5.3,0,42,4,3/23,10.5,7.63,8.2,0,0,Muhammed Imran,OMA
1314,Murat Yilmaz (TKY),7,6,12.5,0,104,4,2/24,26,8.1,19.2,0,0,Murat Yilmaz,TKY
1315,Myat Thu Aung (MYAN),22,4,6.0,0,41,4,2/5,10.25,6.83,9,0,0,Myat Thu Aung,MYAN
1316,S Nadigotla (ROM),25,4,10.2,0,71,4,3/30,17.75,6.87,15.5,0,0,S Nadigotla,ROM
1317,D Nanda (INA),6,3,9.0,0,30,4,2/1,7.5,3.33,13.5,0,0,D Nanda,INA
1318,Naveed Shahid (FIN),2,2,7.0,0,48,4,3/42,12,6.85,10.5,0,0,Naveed Shahid,FIN
1319,E Ndzeute (MOZ),4,3,10.0,0,79,4,3/21,19.75,7.9,15,0,0,E Ndzeute,MOZ
1320,TW Nightingale (GUE),39,14,27.0,0,208,4,2/26,52,7.7,40.5,0,0,TW Nightingale,GUE
1321,Nijat Masood (AFG),3,3,11.0,0,95,4,3/39,23.75,8.63,16.5,0,0,Nijat Masood,AFG
1322,L Nyarko (GHA),5,4,11.0,2,41,4,3/3,10.25,3.72,16.5,0,0,L Nyarko,GHA
1323,NN Odhiambo (KENYA),8,6,14.0,0,144,4,2/19,36,10.28,21,0,0,NN Odhiambo,KENYA
1324,Omar Rassol (BUL),17,9,18.0,0,214,4,2/29,53.5,11.88,27,0,0,Omar Rassol,BUL
1325,CL Outerbridge (BER),4,4,9.0,0,50,4,3/18,12.5,5.55,13.5,0,0,CL Outerbridge,BER
1326,AA Paradkar (USA),4,3,9.0,0,70,4,3/24,17.5,7.77,13.5,0,0,AA Paradkar,USA
1327,R Parag (IND),9,5,12.2,0,83,4,3/5,20.75,6.72,18.5,0,0,R Parag,IND
1328,K Pierre (WI),6,6,20.0,0,169,4,2/23,42.25,8.45,30,0,0,K Pierre,WI
1329,P Pirabakaran (Fran),3,3,6.0,0,47,4,2/11,11.75,7.83,9,0,0,P Pirabakaran,Fran
1330,KA Pollard (WI),8,6,17.0,0,126,4,2/31,31.5,7.41,25.5,0,0,KA Pollard,WI
1331,D Polpitiya (SWZ),6,5,14.0,0,112,4,3/15,28,8,21,0,0,D Polpitiya,SWZ
1332,LW Potthoff (CRT),2,2,5.0,0,33,4,3/18,8.25,6.6,7.5,0,0,LW Potthoff,CRT
1333,M Prasanna (ROM),4,4,13.0,0,129,4,2/40,32.25,9.92,19.5,0,0,M Prasanna,ROM
1334,Rafiulah Alokozai (BEL),7,7,18.0,0,176,4,1/16,44,9.77,27,0,0,Rafiulah Alokozai,BEL
1335,T Rapi (Samoa),3,3,11.0,1,62,4,3/18,15.5,5.63,16.5,0,0,T Rapi,Samoa
1336,V Ravindran (HUN),21,2,6.4,0,20,4,3/6,5,3,10,0,0,V Ravindran,HUN
1337,A Razmilic (CRT),12,10,23.2,0,260,4,2/20,65,11.14,35,0,0,A Razmilic,CRT
1338,C Roberts (Fran),17,3,5.0,0,37,4,3/14,9.25,7.4,7.5,0,0,C Roberts,Fran
1339,R Sai Kishore (IND),3,3,12.0,0,63,4,3/12,15.75,5.25,18,0,0,R Sai Kishore,IND
1340,Salman Nazar (CAN),4,4,13.0,0,99,4,3/27,24.75,7.61,19.5,0,0,Salman Nazar,CAN
1341,RSK Samson (VAN),2,2,5.0,0,37,4,2/14,9.25,7.4,7.5,0,0,RSK Samson,VAN
1342,Sareer Shah (LUX),6,6,21.0,0,194,4,2/21,48.5,9.23,31.5,0,0,Sareer Shah,LUX
1343,K Sathish (SGP),8,4,10.0,1,74,4,2/19,18.5,7.4,15,0,0,K Sathish,SGP
1344,S Sengupta (CZK-R),5,5,16.0,0,158,4,3/35,39.5,9.87,24,0,0,S Sengupta,CZK-R
1345,Shahzaib (KSA),6,5,15.0,1,72,4,2/15,18,4.8,22.5,0,0,Shahzaib,KSA
1346,Sheraz Sarwari (SUI),5,5,16.3,0,124,4,3/44,31,7.51,24.7,0,0,Sheraz Sarwari,SUI
1347,Sohail Ahmed (BHR),77,9,19.2,0,155,4,3/17,38.75,8.01,29,0,0,Sohail Ahmed,BHR
1348,Suhail Sattar (TLS),8,7,13.0,0,127,4,2/33,31.75,9.76,19.5,0,0,Suhail Sattar,TLS
1349,CAH Stevenson (USA),4,4,12.0,0,98,4,1/15,24.5,8.16,18,0,0,CAH Stevenson,USA
1350,I Stewart (SUI),5,4,12.0,0,93,4,4/20,23.25,7.75,18,1,0,I Stewart,SUI
1351,SN Swamy (SWE),2,2,8.0,0,53,4,4/17,13.25,6.62,12,1,0,SN Swamy,SWE
1352,R Swart (BOT),4,4,8.5,0,53,4,2/9,13.25,6,13.2,0,0,R Swart,BOT
1353,Tanvir Islam (BAN),6,6,17.0,0,136,4,1/17,34,8,25.5,0,0,Tanvir Islam,BAN
1354,I Tchakou (CAM),18,4,4.2,0,33,4,3/4,8.25,7.61,6.5,0,0,I Tchakou,CAM
1355,VE Tembo (MOZ),22,6,17.0,0,152,4,2/24,38,8.94,25.5,0,0,VE Tembo,MOZ
1356,J Theron (USA),5,5,16.0,0,137,4,2/10,34.25,8.56,24,0,0,J Theron,USA
1357,NT Tilak Varma (IND),48,7,9.3,0,55,4,1/1,13.75,5.78,14.2,0,0,NT Tilak Varma,IND
1358,SD Valjalo (CRT),5,5,15.0,2,126,4,2/31,31.5,8.4,22.5,0,0,SD Valjalo,CRT
1359,J van Heerden (GER),10,2,7.0,0,58,4,2/17,14.5,8.28,10.5,0,0,J van Heerden,GER
1360,VN Veetil (QAT),7,7,20.4,0,165,4,1/4,41.25,7.98,31,0,0,VN Veetil,QAT
1361,JK Vifah (GHA),17,4,10.4,0,66,4,2/21,16.5,6.18,16,0,0,JK Vifah,GHA
1362,Virendra Kumar (ISR),4,4,10.0,0,73,4,2/20,18.25,7.3,15,0,0,Virendra Kumar,ISR
1363,A Busing-Volschenk (NAM),6,2,7.0,0,54,4,2/11,13.5,7.71,10.5,0,0,A Busing-Volschenk,NAM
1364,Wang Qi (CHN),4,4,10.1,0,48,4,2/18,12,4.72,15.2,0,0,Wang Qi,CHN
1365,Wasim Ali (OMA),14,7,17.0,0,128,4,2/20,32,7.52,25.5,0,0,Wasim Ali,OMA
1366,M Whelan (GIBR),13,8,16.0,0,191,4,1/16,47.75,11.93,24,0,0,M Whelan,GIBR
1367,IGTP Wiguna (INA),6,6,14.0,0,104,4,2/27,26,7.42,21,0,0,IGTP Wiguna,INA
1368,J Wilson (GIBR),5,5,15.3,0,170,4,2/27,42.5,10.96,23.2,0,0,J Wilson,GIBR
1369,W Wotu (VAN),18,8,15.2,0,111,4,2/19,27.75,7.23,23,0,0,W Wotu,VAN
1370,MP Yadav (IND),3,3,12.0,1,83,4,2/32,20.75,6.91,18,0,0,MP Yadav,IND
1371,ST Yalimaiwai (Fiji),3,3,10.0,1,60,4,2/11,15,6,15,0,0,ST Yalimaiwai,Fiji
1372,K Yamamoto-Lake (JPN),6,5,11.0,0,60,4,2/10,15,5.45,16.5,0,0,K Yamamoto-Lake,JPN
1373,J Yon (STHEL),2,2,5.0,2,15,4,4/3,3.75,3,7.5,1,0,J Yon,STHEL
1374,Zain Ali (ITA),2,2,8.0,0,43,4,3/16,10.75,5.37,12,0,0,Zain Ali,ITA
1375,Aarnav Patel (KENYA),2,2,5.0,0,35,3,3/22,11.66,7,10,0,0,Aarnav Patel,KENYA
1376,Abdullah Jasat (PAN),4,4,11.0,0,88,3,1/11,29.33,8,22,0,0,Abdullah Jasat,PAN
1377,Abdulla Popalzae (GRC),1,1,3.0,0,21,3,3/21,7,7,6,0,0,Abdulla Popalzae,GRC
1378,Abdul Waheed (KSA),53,14,22.0,0,161,3,1/5,53.66,7.31,44,0,0,Abdul Waheed,KSA
1379,KK Ahmed (IND),4,4,14.0,0,103,3,2/32,34.33,7.35,28,0,0,KK Ahmed,IND
1380,Ahmed Daniyal (PAK),2,2,7.0,0,39,3,2/23,13,5.57,14,0,0,Ahmed Daniyal,PAK
1381,Ahmed Faiz (MAS),82,6,9.1,1,52,3,2/8,17.33,5.67,18.3,0,0,Ahmed Faiz,MAS
1382,Ajhar Alam (CZK-R),3,3,11.0,0,108,3,2/28,36,9.81,22,0,0,Ajhar Alam,CZK-R
1383,J Albin (BUL),13,8,20.2,0,247,3,1/19,82.33,12.14,40.6,0,0,J Albin,BUL
1384,Ali Hussain (ROM),10,10,24.0,0,224,3,1/21,74.66,9.33,48,0,0,Ali Hussain,ROM
1385,A Amado (ISR),3,3,6.0,0,58,3,2/38,19.33,9.66,12,0,0,A Amado,ISR
1386,Ameer Hamzah (ESP),4,3,6.0,0,35,3,2/18,11.66,5.83,12,0,0,Ameer Hamzah,ESP
1387,Ameer Saiyed (BOT),12,6,13.3,0,91,3,1/12,30.33,6.74,27,0,0,Ameer Saiyed,BOT
1388,Amir Zaib (POR),19,6,6.4,0,61,3,2/2,20.33,9.15,13.3,0,0,Amir Zaib,POR
1389,Ankit Dubey (SWE),2,2,5.0,0,23,3,3/10,7.66,4.6,10,0,0,Ankit Dubey,SWE
1390,Arshad Iqbal (PAK),2,2,5.0,0,37,3,3/14,12.33,7.4,10,0,0,Arshad Iqbal,PAK
1391,Asif Bevinje (ROM),4,4,12.5,0,88,3,2/22,29.33,6.85,25.6,0,0,Asif Bevinje,ROM
1392,Azin Rafeeg (MDV),3,2,7.0,1,45,3,3/10,15,6.42,14,0,0,Azin Rafeeg,MDV
1393,Aziz Sualley (GHA),10,5,12.0,0,91,3,2/25,30.33,7.58,24,0,0,Aziz Sualley,GHA
1394,J Baker (CAY),22,3,7.0,0,65,3,3/33,21.66,9.28,14,0,0,J Baker,CAY
1395,MY Bawa (PAN),2,1,4.0,0,20,3,3/20,6.66,5,8,0,0,MY Bawa,PAN
1396,AAH Bhikari (Sur),5,3,4.3,0,52,3,1/12,17.33,11.55,9,0,0,AAH Bhikari,Sur
1397,N Bidaisee (WI),3,3,8.0,0,62,3,3/29,20.66,7.75,16,0,0,N Bidaisee,WI
1398,WK Bitis (CRT),9,4,13.0,0,111,3,2/39,37,8.53,26,0,0,WK Bitis,CRT
1399,J Buchanan (CAY),5,5,13.0,0,94,3,2/13,31.33,7.23,26,0,0,J Buchanan,CAY
1400,K Burrows (BHM),6,1,2.0,0,22,3,3/22,7.33,11,4,0,0,K Burrows,BHM
1401,A Chaubey (CRT),4,4,13.1,0,126,3,3/30,42,9.56,26.3,0,0,A Chaubey,CRT
1402,A Chaudhary (SGP),5,5,13.0,0,101,3,2/9,33.66,7.76,26,0,0,A Chaudhary,SGP
1403,C Connolly (AUS),11,9,25.0,0,231,3,1/24,77,9.24,50,0,0,C Connolly,AUS
1404,M Cope (LUX),3,3,10.0,0,60,3,2/30,20,6,20,0,0,M Cope,LUX
1405,KC D'Souza (BUL),17,6,15.0,0,101,3,2/29,33.66,6.73,30,0,0,KC D'Souza,BUL
1406,J Daley (),4,2,6.0,1,32,3,3/16,10.66,5.33,12,0,0,J Daley,
1407,Danish Jasnaik (BHR),9,5,15.0,0,133,3,2/17,44.33,8.86,30,0,0,Danish Jasnaik,BHR
1408,JH Davey (SCOT),3,3,10.0,0,96,3,2/16,32,9.6,20,0,0,JH Davey,SCOT
1409,O Davidson (SCOT),4,4,12.0,0,105,3,1/12,35,8.75,24,0,0,O Davidson,SCOT
1410,JI de Villiers (NAM),8,7,20.0,1,164,3,2/19,54.66,8.2,40,0,0,JI de Villiers,NAM
1411,R Dhiman (BUL),4,4,11.0,0,84,3,1/20,28,7.63,22,0,0,R Dhiman,BUL
1412,MS Diawara (Mali),10,5,16.0,0,133,3,2/40,44.33,8.31,32,0,0,MS Diawara,Mali
1413,SDJJ Dima (MOZ),7,5,16.1,0,114,3,2/24,38,7.05,32.3,0,0,SDJJ Dima,MOZ
1414,KK Dobell (JPN),3,3,7.0,0,46,3,2/15,15.33,6.57,14,0,0,KK Dobell,JPN
1415,A Donovan (PHI),15,11,21.0,0,142,3,1/6,47.33,6.76,42,0,0,A Donovan,PHI
1416,TA Dudnath (Sur),2,2,5.0,0,34,3,2/22,11.33,6.8,10,0,0,TA Dudnath,Sur
1417,NH Ekanayake (BHM),4,3,9.5,0,60,3,2/15,20,6.1,19.6,0,0,NH Ekanayake,BHM
1418,MTM Faatea (Samoa),3,3,10.0,0,88,3,2/23,29.33,8.8,20,0,0,MTM Faatea,Samoa
1419,G Fatouros (GRC),4,4,10.0,0,75,3,2/40,25,7.5,20,0,0,G Fatouros,GRC
1420,Firas Hussain (BUL),10,6,13.0,0,113,3,1/15,37.66,8.69,26,0,0,Firas Hussain,BUL
1421,R Galgalikar (Mex),2,1,3.0,0,9,3,3/9,3,3,6,0,0,R Galgalikar,Mex
1422,JWW Gardner (PNG),6,6,17.0,0,141,3,2/27,47,8.29,34,0,0,JWW Gardner,PNG
1423,SK Gedara (SWE),3,3,7.1,0,68,3,2/25,22.66,9.48,14.3,0,0,SK Gedara,SWE
1424,A Gupta (NOR),4,4,11.0,1,89,3,2/18,29.66,8.09,22,0,0,A Gupta,NOR
1425,Hamza Dar (ESP),29,9,12.0,0,99,3,1/1,33,8.25,24,0,0,Hamza Dar,ESP
1426,Hassnain Shah (OMA),5,5,14.0,0,121,3,1/12,40.33,8.64,28,0,0,Hassnain Shah,OMA
1427,H Hiri (PNG),22,4,6.0,0,20,3,2/7,6.66,3.33,12,0,0,H Hiri,PNG
1428,Hussain Talat (PAK),5,2,6.0,0,54,3,2/18,18,9,12,0,0,Hussain Talat,PAK
1429,Ikbal Hossain (Fran),3,3,10.0,0,53,3,3/16,17.66,5.3,20,0,0,Ikbal Hossain,Fran
1430,Irfan Safi (AUT),3,3,6.5,0,66,3,3/22,22,9.65,13.6,0,0,Irfan Safi,AUT
1431,B Jagroo (BHM),5,4,8.0,0,80,3,2/34,26.66,10,16,0,0,B Jagroo,BHM
1432,Jaikumar Thakur (CRT),7,4,15.0,0,128,3,2/29,42.66,8.53,30,0,0,Jaikumar Thakur,CRT
1433,Javed Maroofkhail (NOR),12,3,7.0,1,48,3,2/14,16,6.85,14,0,0,Javed Maroofkhail,NOR
1434,Jitesh Patel (MLT),4,4,14.4,0,117,3,1/29,39,7.97,29.3,0,0,Jitesh Patel,MLT
1435,S Kamate (Mali),15,6,11.0,0,102,3,3/12,34,9.27,22,0,0,S Kamate,Mali
1436,Khaibar Deldar (HUN),14,4,11.0,0,104,3,1/17,34.66,9.45,22,0,0,Khaibar Deldar,HUN
1437,ML Kostic (SRB),10,5,11.5,0,151,3,1/23,50.33,12.76,23.6,0,0,ML Kostic,SRB
1438,MP Kuhnemann (AUS),8,8,27.0,0,220,3,1/27,73.33,8.14,54,0,0,MP Kuhnemann,AUS
1439,R Kumar (ROM),11,10,23.5,0,239,3,2/25,79.66,10.02,47.6,0,0,R Kumar,ROM
1440,Lakshit Gupta (CAM),35,8,16.0,1,144,3,1/19,48,9,32,0,0,Lakshit Gupta,CAM
1441,DO Leicher (NAM),16,7,12.0,0,116,3,1/4,38.66,9.66,24,0,0,DO Leicher,NAM
1442,M Leporoporo (LES),3,2,7.0,0,33,3,2/8,11,4.71,14,0,0,M Leporoporo,LES
1443,LC Le Tissier (GUE),10,3,5.0,0,47,3,3/23,15.66,9.4,10,0,0,LC Le Tissier,GUE
1444,JMJ Lynn (INA),1,1,4.0,0,22,3,3/22,7.33,5.5,8,0,0,JMJ Lynn,INA
1445,SSB Magala (SA),2,2,6.0,0,88,3,3/21,29.33,14.66,12,0,0,SSB Magala,SA
1446,B Mahesh (CYP),6,5,14.0,0,112,3,1/21,37.33,8,28,0,0,B Mahesh,CYP
1447,BF Mailata (Samoa),10,7,15.0,0,155,3,1/27,51.66,10.33,30,0,0,BF Mailata,Samoa
1448,V Manakitoga (Fiji),2,2,7.0,0,57,3,2/29,19,8.14,14,0,0,V Manakitoga,Fiji
1449,Manish Sharma (CAM),10,3,9.0,0,74,3,2/25,24.66,8.22,18,0,0,Manish Sharma,CAM
1450,P Manning (CAY),7,5,9.0,0,77,3,1/13,25.66,8.55,18,0,0,P Manning,CAY
1451,DE Martel (GUE),6,5,16.2,0,106,3,1/8,35.33,6.48,32.6,0,0,DE Martel,GUE
1452,DP Michael (Samoa),6,3,7.2,0,72,3,2/37,24,9.81,14.6,0,0,DP Michael,Samoa
1453,DJ Mitchell (NZ),78,8,7.2,0,91,3,1/6,30.33,12.4,14.6,0,0,DJ Mitchell,NZ
1454,K Modise (BOT),8,3,7.1,0,25,3,2/12,8.33,3.48,14.3,0,0,K Modise,BOT
1455,Mohammad Shamshad Khan (SLE),6,5,8.0,0,57,3,2/4,19,7.12,16,0,0,Mohammad Shamshad Khan,SLE
1456,Mohammad Waheed (HKG),4,4,11.5,0,124,3,3/23,41.33,10.47,23.6,0,0,Mohammad Waheed,HKG
1457,Mohsin Zaki (BHR),5,5,10.0,0,79,3,1/8,26.33,7.9,20,0,0,Mohsin Zaki,BHR
1458,L Monanthane (LES),9,9,19.0,0,146,3,2/9,48.66,7.68,38,0,0,L Monanthane,LES
1459,Muhammad Usman (EST),5,5,17.5,0,120,3,2/22,40,6.72,35.6,0,0,Muhammad Usman,EST
1460,Muhammed Turkmen (TKY),6,4,10.0,0,73,3,3/7,24.33,7.3,20,0,0,Muhammed Turkmen,TKY
1461,PWA Mulder (SA),6,5,9.0,0,105,3,2/51,35,11.66,18,0,0,PWA Mulder,SA
1462,CT Mumba (ZIM),7,7,16.0,0,140,3,1/11,46.66,8.75,32,0,0,CT Mumba,ZIM
1463,FC Muniz (BRA),6,4,12.0,0,80,3,1/15,26.66,6.66,24,0,0,FC Muniz,BRA
1464,A Nagarajan (QAT),8,7,15.0,0,136,3,2/19,45.33,9.06,30,0,0,A Nagarajan,QAT
1465,Nathan Ingleston (PAN),2,1,2.0,0,3,3,3/3,1,1.5,4,0,0,Nathan Ingleston,PAN
1466,Nazmul Huda (TLS),8,4,7.1,0,65,3,1/5,21.66,9.06,14.3,0,0,Nazmul Huda,TLS
1467,A Ndlovu (ZIM),9,9,25.0,1,199,3,1/14,66.33,7.96,50,0,0,A Ndlovu,ZIM
1468,JD Newton (CRT),4,4,13.1,0,66,3,1/10,22,5.01,26.3,0,0,JD Newton,CRT
1469,AT Nidamanuru (NED),26,1,4.0,0,30,3,3/30,10,7.5,8,0,0,AT Nidamanuru,NED
1470,K Nitish Kumar Reddy (IND),4,3,9.0,0,71,3,2/23,23.66,7.88,18,0,0,K Nitish Kumar Reddy,IND
1471,VM Nyauchi (ZIM),2,2,7.0,0,66,3,3/29,22,9.42,14,0,0,VM Nyauchi,ZIM
1472,E Ochieng (KENYA),2,2,6.0,0,41,3,2/28,13.66,6.83,12,0,0,E Ochieng,KENYA
1473,G Oliveira (BRA),12,9,20.0,0,165,3,2/12,55,8.25,40,0,0,G Oliveira,BRA
1474,CG Osborne (CRT),2,2,4.0,0,32,3,3/25,10.66,8,8,0,0,CG Osborne,CRT
1475,Pargat Singh (CAN),25,6,9.0,0,88,3,2/25,29.33,9.77,18,0,0,Pargat Singh,CAN
1476,Parvindar Kumar (KUW),11,6,14.0,0,116,3,1/20,38.66,8.28,28,0,0,Parvindar Kumar,KUW
1477,P Murungi (UGA),37,5,11.0,0,76,3,2/16,25.33,6.9,22,0,0,P Murungi,UGA
1478,ARH Patel (CRC),8,3,5.0,0,15,3,2/6,5,3,10,0,0,ARH Patel,CRC
1479,Qasim Akram (PAK),4,2,3.5,0,23,3,2/5,7.66,6,7.6,0,0,Qasim Akram,PAK
1480,M Raikes (GIBR),7,6,9.5,0,136,3,2/15,45.33,13.83,19.6,0,0,M Raikes,GIBR
1481,AM Rajpurohit (GMB),3,3,10.5,0,106,3,1/25,35.33,9.78,21.6,0,0,AM Rajpurohit,GMB
1482,Riaz Afridi (CZK-R),4,4,13.3,0,112,3,2/47,37.33,8.29,27,0,0,Riaz Afridi,CZK-R
1483,Sabir Ali (UAE),3,3,8.0,0,70,3,1/16,23.33,8.75,16,0,0,Sabir Ali,UAE
1484,Bilal Safdar (NOR),4,2,8.0,0,41,3,3/17,13.66,5.12,16,0,0,Bilal Safdar,NOR
1485,Sai Hla Htwe (MYAN),6,5,8.2,0,60,3,2/12,20,7.2,16.6,0,0,Sai Hla Htwe,MYAN
1486,Sajid Khan (CRT),8,6,20.1,0,177,3,1/30,59,8.77,40.3,0,0,Sajid Khan,CRT
1487,Samader Shadab (GRC),4,3,8.0,0,85,3,2/36,28.33,10.62,16,0,0,Samader Shadab,GRC
1488,Samarth Shetty (SWE),4,3,5.0,0,35,3,2/11,11.66,7,10,0,0,Samarth Shetty,SWE
1489,DR Sams (AUS),6,6,16.2,0,149,3,2/33,49.66,9.12,32.6,0,0,DR Sams,AUS
1490,AJA Samuels (COK),6,6,16.0,0,134,3,2/23,44.66,8.37,32,0,0,AJA Samuels,COK
1491,Sanjay Kumar Ahir (PAN),7,7,12.0,0,82,3,1/11,27.33,6.83,24,0,0,Sanjay Kumar Ahir,PAN
1492,L Sanogo (Mali),15,8,18.0,0,154,3,2/29,51.33,8.55,36,0,0,L Sanogo,Mali
1493,IP Swaney (SGP),13,7,8.0,0,109,3,2/26,36.33,13.62,16,0,0,IP Swaney,SGP
1494,Sedik Sahak (SWE),2,2,5.5,0,38,3,2/27,12.66,6.51,11.6,0,0,Sedik Sahak,SWE
1495,S Selvaraj (TAN),5,5,18.0,0,118,3,1/19,39.33,6.55,36,0,0,S Selvaraj,TAN
1496,Shadnan Khan (AUT),5,5,7.3,0,37,3,1/5,12.33,4.93,15,0,0,Shadnan Khan,AUT
1497,Shamsullah Ehsan (TKY),8,3,7.0,0,66,3,2/32,22,9.42,14,0,0,Shamsullah Ehsan,TKY
1498,SPS Shikongo (NAM),4,4,8.0,0,53,3,1/6,17.66,6.62,16,0,0,SPS Shikongo,NAM
1499,M Shumba (ZIM),18,3,8.0,0,54,3,3/16,18,6.75,16,0,0,M Shumba,ZIM
1500,MM Siddique (JPN),3,3,7.0,0,34,3,2/17,11.33,4.85,14,0,0,MM Siddique,JPN
1501,Sinan Khan (GRC),4,3,7.0,0,68,3,3/36,22.66,9.71,14,0,0,Sinan Khan,GRC
1502,RK Singh (IND),45,3,2.4,0,19,3,2/3,6.33,7.12,5.3,0,0,RK Singh,IND
1503,G Smith (CAY),3,2,8.0,0,54,3,2/18,18,6.75,16,0,0,G Smith,CAY
1504,Sohail Ahmad (CRT),9,6,10.0,0,135,3,2/63,45,13.5,20,0,0,Sohail Ahmad,CRT
1505,Soumya Sarkar (BAN),21,7,10.0,0,90,3,1/5,30,9,20,0,0,Soumya Sarkar,BAN
1506,D St Ange (),4,4,11.0,0,67,3,2/10,22.33,6.09,22,0,0,D St Ange,
1507,M Stanikzai (SUI),14,10,21.0,0,175,3,1/9,58.33,8.33,42,0,0,M Stanikzai,SUI
1508,M Swack (CAY),4,4,13.0,0,78,3,2/12,26,6,26,0,0,M Swack,CAY
1509,Syed Ali Gillani (SWE),3,3,9.0,0,78,3,1/17,26,8.66,18,0,0,Syed Ali Gillani,SWE
1510,T Yotharat (THA),6,5,10.0,0,59,3,1/2,19.66,5.9,20,0,0,T Yotharat,THA
1511,Tholal Mohamed Raya (MDV),2,2,5.0,1,19,3,2/7,6.33,3.8,10,0,0,Tholal Mohamed Raya,MDV
1512,OSB Tilley (CRT),8,4,11.5,0,125,3,1/31,41.66,10.56,23.6,0,0,OSB Tilley,CRT
1513,S Toutai (Samoa),3,3,12.0,0,123,3,2/36,41,10.25,24,0,0,S Toutai,Samoa
1514,I Uboh (NGA),10,6,13.0,0,112,3,1/21,37.33,8.61,26,0,0,I Uboh,NGA
1515,NL Ujawe (SVN),4,4,9.0,0,59,3,2/12,19.66,6.55,18,0,0,NL Ujawe,SVN
1516,S Vasilakis (GRC),4,4,10.0,0,71,3,2/9,23.66,7.1,20,0,0,S Vasilakis,GRC
1517,S Vats (LUX),2,1,3.0,0,54,3,3/54,18,18,6,0,0,S Vats,LUX
1518,Waleed Rana (ITA),3,3,6.4,0,57,3,3/10,19,8.55,13.3,0,0,Waleed Rana,ITA
1519,Waqas Ali (BEL),5,4,10.4,0,77,3,2/26,25.66,7.21,21.3,0,0,Waqas Ali,BEL
1520,KY Wilfried (CIV),5,4,10.0,0,127,3,1/8,42.33,12.7,20,0,0,KY Wilfried,CIV
1521,S Williams (SLE),7,6,14.0,0,148,3,1/19,49.33,10.57,28,0,0,S Williams,SLE
1522,UT Yadav (IND),2,2,5.0,0,61,3,2/27,20.33,12.2,10,0,0,UT Yadav,IND
1523,HN Ya France (NAM),8,5,9.0,0,53,3,1/11,17.66,5.88,18,0,0,HN Ya France,NAM
1524,Zafer Durmaz (TKY),8,6,11.0,0,78,3,2/20,26,7.09,22,0,0,Zafer Durmaz,TKY
1525,Zahir Khan (AFG),4,3,8.0,0,50,3,2/20,16.66,6.25,16,0,0,Zahir Khan,AFG
1526,Zahoor Ahmad (KSA),4,4,12.0,0,77,3,1/18,25.66,6.41,24,0,0,Zahoor Ahmad,KSA
1527,ZM Tribe (JER),21,5,9.4,0,56,3,3/20,18.66,5.79,19.3,0,0,ZM Tribe,JER
1528,V Zanko (CRT),11,5,6.4,0,56,3,2/9,18.66,8.4,13.3,0,0,V Zanko,CRT
1529,Aamer Jamal (PAK),6,6,16.5,0,187,2,1/13,93.5,11.1,50.5,0,0,Aamer Jamal,PAK
1530,Abdullah Sheikh (NOR),3,3,11.0,0,66,2,1/19,33,6,33,0,0,Abdullah Sheikh,NOR
1531,Abdul Bashir (GER),4,4,12.0,0,114,2,1/26,57,9.5,36,0,0,Abdul Bashir,GER
1532,Abhijeet Ahuja (HUN),15,1,2.0,1,8,2,2/8,4,4,6,0,0,Abhijeet Ahuja,HUN
1533,Adnan Shnwarei (NOR),4,3,4.4,0,49,2,2/26,24.5,10.5,14,0,0,Adnan Shnwarei,NOR
1534,Ahmad Raza (KSA),5,5,13.0,0,101,2,1/28,50.5,7.76,39,0,0,Ahmad Raza,KSA
1535,Ahmer Bin (BHR),94,6,6.0,0,59,2,1/6,29.5,9.83,18,0,0,Ahmer Bin,BHR
1536,Alexandros Karvelas (GRC),4,4,14.0,0,100,2,1/13,50,7.14,42,0,0,Alexandros Karvelas,GRC
1537,Ali Rasool (BUL),9,6,12.0,0,132,2,2/18,66,11,36,0,0,Ali Rasool,BUL
1538,Altaf Gill (SKOR),3,3,7.0,0,58,2,1/19,29,8.28,21,0,0,Altaf Gill,SKOR
1539,YJO Altamirano (CRC),5,3,4.1,0,20,2,1/0,10,4.8,12.5,0,0,YJO Altamirano,CRC
1540,Aminul Islam (CYP),1,1,3.0,0,14,2,2/14,7,4.66,9,0,0,Aminul Islam,CYP
1541,CJ Anderson (USA),11,6,12.0,0,90,2,1/11,45,7.5,36,0,0,CJ Anderson,USA
1542,Anik Ahmed (ITA),4,4,9.0,0,76,2,2/31,38,8.44,27,0,0,Anik Ahmed,ITA
1543,Anshuman Rath (HKG),56,4,8.4,0,70,2,1/0,35,8.07,26,0,0,Anshuman Rath,HKG
1544,SSD Arachchige (SL),1,1,3.3,0,26,2,2/26,13,7.42,10.5,0,0,SSD Arachchige,SL
1545,VRB Arachchige (MLT),4,4,9.0,0,83,2,1/7,41.5,9.22,27,0,0,VRB Arachchige,MLT
1546,Aryan Lakra (UAE),10,3,7.0,0,46,2,1/14,23,6.57,21,0,0,Aryan Lakra,UAE
1547,KMA Aziz (CIV),5,5,11.0,0,117,2,1/6,58.5,10.63,33,0,0,KMA Aziz,CIV
1548,DS Bajwa (CAN),21,7,13.0,0,120,2,1/21,60,9.23,39,0,0,DS Bajwa,CAN
1549,JD Baker (Samoa),6,4,11.0,0,82,2,1/14,41,7.45,33,0,0,JD Baker,Samoa
1550,JC Balt (NAM),6,5,11.2,0,70,2,1/11,35,6.17,34,0,0,JC Balt,NAM
1551,GG Banner (Blz),8,1,4.0,0,30,2,2/30,15,7.5,12,0,0,GG Banner,Blz
1552,Basir Ahamad (NEP),7,2,6.0,0,49,2,2/30,24.5,8.16,18,0,0,Basir Ahamad,NEP
1553,Abdullah Mohd Yousaf (BHR),3,3,6.3,0,57,2,1/3,28.5,8.76,19.5,0,0,Abdullah Mohd Yousaf,BHR
1554,M Beardman (AUS),1,1,4.0,0,33,2,2/33,16.5,8.25,12,0,0,M Beardman,AUS
1555,H Beresford-Peirse (CRT),3,3,9.0,0,94,2,1/26,47,10.44,27,0,0,H Beresford-Peirse,CRT
1556,U Bhagwan (CAN),4,4,12.0,0,119,2,1/24,59.5,9.91,36,0,0,U Bhagwan,CAN
1557,PD Blignaut (NAM),4,4,11.0,0,75,2,1/7,37.5,6.81,33,0,0,PD Blignaut,NAM
1558,T Britton (JER),1,1,4.0,0,21,2,2/21,10.5,5.25,12,0,0,T Britton,JER
1559,G Bruno (),2,1,4.0,0,40,2,2/40,20,10,12,0,0,G Bruno,
1560,IW Budiarta (INA),5,3,9.0,0,53,2,1/11,26.5,5.88,27,0,0,IW Budiarta,INA
1561,T Buri (THA),1,1,2.0,0,12,2,2/12,6,6,6,0,0,T Buri,THA
1562,G Burrows (IOM),16,2,3.0,0,23,2,1/9,11.5,7.66,9,0,0,G Burrows,IOM
1563,M Campopiano (ITA),27,3,7.0,0,40,2,1/12,20,5.71,21,0,0,M Campopiano,ITA
1564,C Cassell (SCOT),2,2,5.0,0,65,2,2/46,32.5,13,15,0,0,C Cassell,SCOT
1565,YS Chauhan (SWE),4,2,3.0,0,26,2,1/8,13,8.66,9,0,0,YS Chauhan,SWE
1566,R Cunningham (GIBR),3,2,4.2,0,62,2,1/28,31,14.3,13,0,0,R Cunningham,GIBR
1567,A Dananjaya (SL),2,2,6.0,0,56,2,2/37,28,9.33,18,0,0,A Dananjaya,SL
1568,TU Deshpande (IND),2,2,6.0,0,55,2,1/25,27.5,9.16,18,0,0,TU Deshpande,IND
1569,S Dhakal (NEP),6,6,20.0,0,162,2,1/19,81,8.1,60,0,0,S Dhakal,NEP
1570,SG Diaby (Mali),9,8,17.0,0,145,2,1/17,72.5,8.52,51,0,0,SG Diaby,Mali
1571,A Dizija (SRB),37,4,10.1,0,128,2,1/17,64,12.59,30.5,0,0,A Dizija,SRB
1572,K Dorji (BHU),2,2,4.4,0,43,2,1/20,21.5,9.21,14,0,0,K Dorji,BHU
1573,O Duff (BUL),4,3,3.4,0,45,2,2/17,22.5,12.27,11,0,0,O Duff,BUL
1574,KR Ebanks (CAY),3,3,8.0,0,73,2,2/32,36.5,9.12,24,0,0,KR Ebanks,CAY
1575,Ehsan Nawaz (HKG),1,1,3.0,0,24,2,2/24,12,8,9,0,0,Ehsan Nawaz,HKG
1576,EF Faalupega (Samoa),2,1,4.0,0,24,2,2/24,12,6,12,0,0,EF Faalupega,Samoa
1577,Farmanullah (AFG),1,1,3.0,0,19,2,2/19,9.5,6.33,9,0,0,Farmanullah,AFG
1578,D Ferreira (SA),16,7,17.4,0,153,2,1/13,76.5,8.66,53,0,0,D Ferreira,SA
1579,BE Fletcher (NED),2,2,5.0,0,60,2,1/20,30,12,15,0,0,BE Fletcher,NED
1580,KN Gabhane (HUN),3,1,3.0,0,29,2,2/29,14.5,9.66,9,0,0,KN Gabhane,HUN
1581,AD Galiem (SA),1,1,4.0,0,21,2,2/21,10.5,5.25,12,0,0,AD Galiem,SA
1582,AM Ghazanfar (AFG),5,5,16.0,1,96,2,1/9,48,6,48,0,0,AM Ghazanfar,AFG
1583,S Ghimire (POR),12,3,8.0,0,69,2,1/19,34.5,8.62,24,0,0,S Ghimire,POR
1584,A Gulati (BHM),8,4,7.0,0,83,2,2/42,41.5,11.85,21,0,0,A Gulati,BHM
1585,Hamza Tahir (SCOT),4,3,11.0,0,101,2,1/28,50.5,9.18,33,0,0,Hamza Tahir,SCOT
1586,Hardeep Singh (CYP),4,4,12.5,0,116,2,1/25,58,9.03,38.5,0,0,Hardeep Singh,CYP
1587,M Heingo (NAM),4,4,7.0,0,84,2,2/32,42,12,21,0,0,M Heingo,NAM
1588,AA Hussein (TAN),2,2,6.0,0,55,2,1/27,27.5,9.16,18,0,0,AA Hussein,TAN
1589,Lee Hwanhee (SKOR),2,2,2.0,0,31,2,2/6,15.5,15.5,6,0,0,Lee Hwanhee,SKOR
1590,JS Iggo (SGP),6,3,8.0,0,68,2,1/8,34,8.5,24,0,0,JS Iggo,SGP
1591,Ihsanullah Wafa (SWE),5,3,5.0,0,39,2,1/3,19.5,7.8,15,0,0,Ihsanullah Wafa,SWE
1592,A Ilaoa (Samoa),10,1,3.0,0,28,2,2/28,14,9.33,9,0,0,A Ilaoa,Samoa
1593,Ilyas Cetin (TKY),4,3,3.3,0,62,2,1/19,31,17.71,10.5,0,0,Ilyas Cetin,TKY
1594,Asif Iqbal (SKOR),3,2,5.0,0,42,2,1/14,21,8.4,15,0,0,Asif Iqbal,SKOR
1595,Itibarshah Deedar (AUT),11,11,23.4,0,207,2,1/28,103.5,8.74,71,0,0,Itibarshah Deedar,AUT
1596,S Jamil (BEL),7,5,8.4,0,84,2,1/15,42,9.69,26,0,0,S Jamil,BEL
1597,D Jansen (IOM),13,5,13.5,0,95,2,1/21,47.5,6.86,41.5,0,0,D Jansen,IOM
1598,P Jayawickrama (SL),4,4,12.0,0,106,2,1/29,53,8.83,36,0,0,P Jayawickrama,SL
1599,M Jenkinson (FIN),5,2,6.0,0,51,2,2/11,25.5,8.5,18,0,0,M Jenkinson,FIN
1600,R Johnson (),2,2,3.0,0,34,2,2/16,17,11.33,9,0,0,R Johnson,
1601,Junaid Siddiqui (CAN),5,5,15.1,1,93,2,1/13,46.5,6.13,45.5,0,0,Junaid Siddiqui,CAN
1602,AUKDS Kalugala (CYP),14,3,7.0,1,51,2,1/10,25.5,7.28,21,0,0,AUKDS Kalugala,CYP
1603,Kaung Htet Kyaw (MYAN),8,6,13.0,1,104,2,1/30,52,8,39,0,0,Kaung Htet Kyaw,MYAN
1604,H Kaushik (UAE),17,9,20.0,0,154,2,1/15,77,7.7,60,0,0,H Kaushik,UAE
1605,B Keganne (BOT),3,3,6.0,0,59,2,2/15,29.5,9.83,18,0,0,B Keganne,BOT
1606,A Khan (DEN),3,3,6.5,0,41,2,1/3,20.5,6,20.5,0,0,A Khan,DEN
1607,SP Krishnamurthi (USA),13,2,5.0,0,21,2,2/13,10.5,4.2,15,0,0,SP Krishnamurthi,USA
1608,M Kulfiwala (SWZ),3,1,0.5,0,1,2,2/1,0.5,1.2,2.5,0,0,M Kulfiwala,SWZ
1609,Kulwinderjeet Singh (PHI),8,1,0.5,0,6,2,2/6,3,7.2,2.5,0,0,Kulwinderjeet Singh,PHI
1610,P Kurup (BHR),64,1,2.4,0,10,2,2/10,5,3.75,8,0,0,P Kurup,BHR
1611,W Landman (SWZ),3,2,4.0,0,49,2,2/37,24.5,12.25,12,0,0,W Landman,SWZ
1612,Maaz Khan (LES),17,4,9.0,0,89,2,2/24,44.5,9.88,27,0,0,Maaz Khan,LES
1613,RM Magare (CZK-R),8,5,16.0,0,110,2,1/25,55,6.87,48,0,0,RM Magare,CZK-R
1614,T Makaya (MWI),9,3,9.0,0,53,2,1/18,26.5,5.88,27,0,0,T Makaya,MWI
1615,A Manousis (GRC),4,3,7.0,0,51,2,1/14,25.5,7.28,21,0,0,A Manousis,GRC
1616,B Maphosa (BOT),10,7,14.4,0,125,2,1/10,62.5,8.52,44,0,0,B Maphosa,BOT
1617,MR Marsh (AUS),49,5,10.0,0,81,2,1/18,40.5,8.1,30,0,0,MR Marsh,AUS
1618,T Martin (LUX),6,2,5.0,0,49,2,1/23,24.5,9.8,15,0,0,T Martin,LUX
1619,DK Mathias (BHR),16,7,14.0,0,115,2,2/17,57.5,8.21,42,0,0,DK Mathias,BHR
1620,KR Mayers (WI),39,13,19.0,0,181,2,2/26,90.5,9.52,57,0,0,KR Mayers,WI
1621,CE McConchie (NZ),11,8,12.1,0,122,2,2/9,61,10.02,36.5,0,0,CE McConchie,NZ
1622,GP Meade (ITA),25,5,8.0,0,57,2,1/4,28.5,7.12,24,0,0,GP Meade,ITA
1623,B Mejaro (LES),3,2,6.0,0,55,2,1/25,27.5,9.16,18,0,0,B Mejaro,LES
1624,AJ Michael (Samoa),6,4,10.4,0,69,2,1/15,34.5,6.46,32,0,0,AJ Michael,Samoa
1625,Michael Charlie (PNG),2,2,5.0,0,28,2,1/12,14,5.6,15,0,0,Michael Charlie,PNG
1626,B Mngoma (SWZ),3,2,2.4,0,11,2,1/1,5.5,4.12,8,0,0,B Mngoma,SWZ
1627,Mohamed Coulibaly (Mali),13,4,6.5,0,73,2,1/12,36.5,10.68,20.5,0,0,Mohamed Coulibaly,Mali
1628,Mohammed Faraazuddin (UAE),6,5,14.0,0,125,2,1/15,62.5,8.92,42,0,0,Mohammed Faraazuddin,UAE
1629,DR Mousley (ENG),4,4,9.0,0,82,2,2/29,41,9.11,27,0,0,DR Mousley,ENG
1630,T Mpatane (BOT),3,3,7.0,0,74,2,2/46,37,10.57,21,0,0,T Mpatane,BOT
1631,N Mugabe (KENYA),27,4,9.2,0,75,2,2/6,37.5,8.03,28,0,0,N Mugabe,KENYA
1632,Muhamad Syahadat (MAS),40,3,3.5,0,19,2,2/6,9.5,4.95,11.5,0,0,Muhamad Syahadat,MAS
1633,Muhammad Waseem (UAE),93,6,9.0,0,115,2,1/8,57.5,12.77,27,0,0,Muhammad Waseem,UAE
1634,Muhammet Kursat (TKY),4,3,5.0,0,35,2,2/17,17.5,7,15,0,0,Muhammet Kursat,TKY
1635,D Muhumuza (UGA),6,3,7.0,0,55,2,2/14,27.5,7.85,21,0,0,D Muhumuza,UGA
1636,Musaddiq Ahmed (GER),10,4,14.0,0,103,2,1/22,51.5,7.35,42,0,0,Musaddiq Ahmed,GER
1637,WP Myburgh (NAM),3,3,8.0,0,61,2,2/22,30.5,7.62,24,0,0,WP Myburgh,NAM
1638,Nahid Rana (BAN),1,1,4.0,0,50,2,2/50,25,12.5,12,0,0,Nahid Rana,BAN
1639,PV Naringrekar (CRC),9,3,6.0,1,28,2,1/4,14,4.66,18,0,0,PV Naringrekar,CRC
1640,Naseem Khan (CRT),8,5,9.0,0,85,2,1/8,42.5,9.44,27,0,0,Naseem Khan,CRT
1641,Natim Hassam (POR),5,3,8.0,0,58,2,2/22,29,7.25,24,0,0,Natim Hassam,POR
1642,Nawaf Ahmed (KUW),5,4,10.3,0,110,2,2/10,55,10.47,31.5,0,0,Nawaf Ahmed,KUW
1643,N Ndouteng (CAM),4,3,5.1,0,69,2,2/58,34.5,13.35,15.5,0,0,N Ndouteng,CAM
1644,Neeraj Mishra (CZK-R),6,6,17.0,0,158,2,1/17,79,9.29,51,0,0,Neeraj Mishra,CZK-R
1645,Niaz Ali (HKG),5,5,12.4,0,101,2,1/25,50.5,7.97,38,0,0,Niaz Ali,HKG
1646,E Otieno (KENYA),6,6,14.2,0,108,2,2/8,54,7.53,43,0,0,E Otieno,KENYA
1647,MJ Owen (AUS),15,4,5.0,0,59,2,1/14,29.5,11.8,15,0,0,MJ Owen,AUS
1648,Paras Singh (HKG),3,3,7.2,0,67,2,1/27,33.5,9.13,22,0,0,Paras Singh,HKG
1649,R Parkin (EST),4,4,11.0,0,92,2,2/10,46,8.36,33,0,0,R Parkin,EST
1650,FL Patel (PAN),9,7,16.0,0,120,2,1/12,60,7.5,48,0,0,FL Patel,PAN
1651,RJ Pierre (RWN),8,6,12.0,0,114,2,2/12,57,9.5,36,0,0,RJ Pierre,RWN
1652,MJ Potts (ENG),1,1,4.0,0,48,2,2/48,24,12,12,0,0,MJ Potts,ENG
1653,Raag Kapur (HKG),3,2,5.0,0,41,2,2/23,20.5,8.2,15,0,0,Raag Kapur,HKG
1654,TKP Rajapaksha (SEY),12,3,12.0,0,100,2,1/27,50,8.33,36,0,0,TKP Rajapaksha,SEY
1655,Rakibul Hasan (BAN),3,3,7.0,0,55,2,1/12,27.5,7.85,21,0,0,Rakibul Hasan,BAN
1656,TJ Ramphoma (LES),4,2,3.4,0,22,2,1/0,11,6,11,0,0,TJ Ramphoma,LES
1657,V Rathinasamy (CRT),4,3,6.0,0,37,2,1/6,18.5,6.16,18,0,0,V Rathinasamy,CRT
1658,P Rathnayake (SL),12,1,2.0,0,11,2,2/11,5.5,5.5,6,0,0,P Rathnayake,SL
1659,Ravinderpal Singh (CAN),25,3,4.1,0,29,2,2/10,14.5,6.96,12.5,0,0,Ravinderpal Singh,CAN
1660,MJG Rippon (NZ),1,1,4.0,0,37,2,2/37,18.5,9.25,12,0,0,MJG Rippon,NZ
1661,S Rossi (Arg),5,4,15.0,0,112,2,2/27,56,7.46,45,0,0,S Rossi,Arg
1662,Rupesh Singh (NEP),4,3,10.0,0,96,2,1/32,48,9.6,30,0,0,Rupesh Singh,NEP
1663,Shahbaz Ahmed (IND),2,2,5.2,0,41,2,1/13,20.5,7.68,16,0,0,Shahbaz Ahmed,IND
1664,Saif Hassan (BAN),19,9,17.0,0,121,2,2/18,60.5,7.11,51,0,0,Saif Hassan,BAN
1665,Salman Patel (Zamb),7,3,7.1,0,74,2,1/23,37,10.32,21.5,0,0,Salman Patel,Zamb
1666,YS Samra (CAN),20,1,2.0,0,13,2,2/13,6.5,6.5,6,0,0,YS Samra,CAN
1667,E Samson (ISR),3,3,8.0,0,66,2,1/12,33,8.25,24,0,0,E Samson,ISR
1668,O Sam Arthur (CRC),4,3,7.0,0,47,2,2/11,23.5,6.71,21,0,0,O Sam Arthur,CRC
1669,Sandeep Goud (OMA),12,6,8.0,0,64,2,1/7,32,8,24,0,0,Sandeep Goud,OMA
1670,Sandeep Nair (BUL),7,4,8.0,0,70,2,2/14,35,8.75,24,0,0,Sandeep Nair,BUL
1671,Saqib Zulfiqar (NED),6,4,9.0,0,52,2,2/16,26,5.77,27,0,0,Saqib Zulfiqar,NED
1672,Saran Aslam (DEN),12,3,7.0,0,48,2,2/14,24,6.85,21,0,0,Saran Aslam,DEN
1673,JE Scott (BHM),4,3,9.0,0,57,2,2/23,28.5,6.33,27,0,0,JE Scott,BHM
1674,Shafiq Jan (OMA),2,2,6.0,0,58,2,2/28,29,9.66,18,0,0,Shafiq Jan,OMA
1675,Shahab Alam (NEP),4,4,11.0,0,102,2,1/15,51,9.27,33,0,0,Shahab Alam,NEP
1676,Shamim Hossain (BAN),37,9,15.1,0,124,2,1/10,62,8.17,45.5,0,0,Shamim Hossain,BAN
1677,R Sharma (SGP),15,5,11.0,0,103,2,1/17,51.5,9.36,33,0,0,R Sharma,SGP
1678,V Shaw (Sur),7,3,4.1,0,23,2,1/4,11.5,5.52,12.5,0,0,V Shaw,Sur
1679,HB Shipley (NZ),5,4,13.0,0,141,2,1/25,70.5,10.84,39,0,0,HB Shipley,NZ
1680,Sikander Billah (BHR),7,4,7.4,0,52,2,1/9,26,6.78,23,0,0,Sikander Billah,BHR
1681,ED Silva (KUW),8,5,10.0,0,104,2,2/22,52,10.4,30,0,0,ED Silva,KUW
1682,Z Simpson (GIBR),2,1,2.5,0,32,2,2/32,16,11.29,8.5,0,0,Z Simpson,GIBR
1683,VA Singh (Sur),8,2,5.0,0,42,2,1/16,21,8.4,15,0,0,VA Singh,Sur
1684,Sukhjinder Singh (CAN),6,4,13.0,1,69,2,2/3,34.5,5.3,39,0,0,Sukhjinder Singh,CAN
1685,Tahir Patel (SWZ),6,6,20.2,0,140,2,1/20,70,6.88,61,0,0,Tahir Patel,SWZ
1686,Tanzeel Sheikh (KENYA),24,6,11.0,2,51,2,2/15,25.5,4.63,33,0,0,Tanzeel Sheikh,KENYA
1687,Tarun Yadav (BUL),3,3,3.5,0,21,2,2/7,10.5,5.47,11.5,0,0,Tarun Yadav,BUL
1688,Tasaduq Hussain (SWE),3,3,9.0,0,64,2,1/18,32,7.11,27,0,0,Tasaduq Hussain,SWE
1689,EG Taylor (Chile),2,2,6.0,0,43,2,2/26,21.5,7.16,18,0,0,EG Taylor,Chile
1690,S Thakur (ROM),3,2,8.0,0,72,2,2/36,36,9,24,0,0,S Thakur,ROM
1691,SN Thakur (IND),1,1,4.0,0,33,2,2/33,16.5,8.25,12,0,0,SN Thakur,IND
1692,A Tripathi (Mex),7,2,2.0,0,26,2,2/4,13,13,6,0,0,A Tripathi,Mex
1693,M Tuilaepa (Samoa),2,2,4.0,0,36,2,1/3,18,9,12,0,0,M Tuilaepa,Samoa
1694,M Turner (),3,3,9.0,2,36,2,1/8,18,4,27,0,0,M Turner,
1695,Sana Ullah (SKOR),4,4,9.4,0,76,2,1/16,38,7.86,29,0,0,Sana Ullah,SKOR
1696,Umair Sharif (KSA),8,6,14.0,0,117,2,1/7,58.5,8.35,42,0,0,Umair Sharif,KSA
1697,Usman Arif (NOR),8,2,3.0,0,28,2,2/13,14,9.33,9,0,0,Usman Arif,NOR
1698,JDF Vandersay (SL),7,7,26.2,0,227,2,1/25,113.5,8.62,79,0,0,JDF Vandersay,SL
1699,RV Viraj (CAM),4,3,5.0,0,64,2,2/32,32,12.8,15,0,0,RV Viraj,CAM
1700,S Vithayathil (),2,1,3.0,0,8,2,2/8,4,2.66,9,0,0,S Vithayathil,
1701,SV Wiig (USA),2,2,5.0,0,45,2,2/11,22.5,9,15,0,0,SV Wiig,USA
1702,PPS Win (MYAN),3,2,5.0,0,26,2,2/8,13,5.2,15,0,0,PPS Win,MYAN
1703,SA Yadav (IND),101,1,1.0,0,5,2,2/5,2.5,5,3,0,0,SA Yadav,IND
1704,Yahya Suhail (TLS),8,4,8.4,0,72,2,2/25,36,8.3,26,0,0,Yahya Suhail,TLS
1705,Ye Ko Ko (MYAN),1,1,4.0,0,28,2,2/28,14,7,12,0,0,Ye Ko Ko,MYAN
1706,Zabiullah Zahid (SWE),4,3,11.0,0,62,2,1/10,31,5.63,33,0,0,Zabiullah Zahid,SWE
1707,C Zavoiu (ROM),10,5,6.2,0,63,2,1/19,31.5,9.94,19,0,0,C Zavoiu,ROM
1708,Zhao Tianle (CHN),7,3,6.0,0,65,2,1/10,32.5,10.83,18,0,0,Zhao Tianle,CHN
1709,Z Abbasi (BOT),3,2,4.0,1,16,1,1/7,16,4,24,0,0,Z Abbasi,BOT
1710,Abdul Salam Khan (KSA),2,2,5.0,0,37,1,1/24,37,7.4,30,0,0,Abdul Salam Khan,KSA
1711,Abdul Makda (PAN),2,1,4.0,0,17,1,1/17,17,4.25,24,0,0,Abdul Makda,PAN
1712,KH Abe (JPN),24,1,1.0,0,8,1,1/8,8,8,6,0,0,KH Abe,JPN
1713,Abhishek Anand (JPN),12,2,2.0,0,8,1,1/4,8,4,12,0,0,Abhishek Anand,JPN
1714,G Aburto (Chile),2,2,4.0,0,28,1,1/17,28,7,24,0,0,G Aburto,Chile
1715,Adeel Tariq (AUT),2,1,2.0,0,13,1,1/13,13,6.5,12,0,0,Adeel Tariq,AUT
1716,Afif Khattak (SUI),1,1,3.0,0,23,1,1/23,23,7.66,18,0,0,Afif Khattak,SUI
1717,Aftab Hussain (HKG),1,1,4.0,0,23,1,1/23,23,5.75,24,0,0,Aftab Hussain,HKG
1718,N Ahir (PAN),6,4,6.0,1,67,1,1/9,67,11.16,36,0,0,N Ahir,PAN
1719,Ahmed Khan (HUN),3,3,11.0,0,87,1,1/27,87,7.9,66,0,0,Ahmed Khan,HUN
1720,F Akankwasa (UGA),8,4,9.0,0,71,1,1/22,71,7.88,54,0,0,F Akankwasa,UGA
1721,B Akhilesh Reddy (USA),4,4,16.0,0,85,1,1/14,85,5.31,96,0,0,B Akhilesh Reddy,USA
1722,Akramullah Malikzada (HUN),5,3,3.0,0,44,1,1/7,44,14.66,18,0,0,Akramullah Malikzada,HUN
1723,K Akurugoda (HUN),2,1,4.0,0,52,1,1/52,52,13,24,0,0,K Akurugoda,HUN
1724,Ali Saleem (NOR),21,1,1.0,0,4,1,1/4,4,4,6,0,0,Ali Saleem,NOR
1725,KO Altamirano (CRC),4,2,1.1,0,20,1,1/6,20,17.14,7,0,0,KO Altamirano,CRC
1726,M Altankhuyag (MNG),2,1,2.0,0,55,1,1/55,55,27.5,12,0,0,M Altankhuyag,MNG
1727,Anoop Orsu (LUX),26,3,5.0,0,53,1,1/15,53,10.6,30,0,0,Anoop Orsu,LUX
1728,Anskumar Ahir (PAN),2,2,5.4,0,37,1,1/10,37,6.52,34,0,0,Anskumar Ahir,PAN
1729,Khan Arbaaz (LES),2,2,3.0,0,20,1,1/10,20,6.66,18,0,0,Khan Arbaaz,LES
1730,Arslan Basharat (HUN),4,2,5.0,0,47,1,1/31,47,9.4,30,0,0,Arslan Basharat,HUN
1731,Ashish Rana (EST),1,1,2.0,0,21,1,1/21,21,10.5,12,0,0,Ashish Rana,EST
1732,A Ashok (NZ),1,1,4.0,0,28,1,1/28,28,7,24,0,0,A Ashok,NZ
1733,Aslam Mohammad (GRC),7,5,15.1,1,105,1,1/26,105,6.92,91,0,0,Aslam Mohammad,GRC
1734,Assad Mehmood (POR),2,2,7.0,0,29,1,1/16,29,4.14,42,0,0,Assad Mehmood,POR
1735,SK Atai (PNG),11,4,6.0,0,44,1,1/11,44,7.33,36,0,0,SK Atai,PNG
1736,SMHH Aung (MYAN),1,1,1.0,0,17,1,1/17,17,17,6,0,0,SMHH Aung,MYAN
1737,A Awasthi (CRT),8,5,8.3,0,128,1,1/32,128,15.05,51,0,0,A Awasthi,CRT
1738,G Axtell (BHR),2,2,7.0,0,42,1,1/17,42,6,42,0,0,G Axtell,BHR
1739,Baljinder Singh (ROM),1,1,3.0,0,29,1,1/29,29,9.66,18,0,0,Baljinder Singh,ROM
1740,S Banamali (SGP),5,5,15.5,0,149,1,1/28,149,9.41,95,0,0,S Banamali,SGP
1741,I Bardis (GRC),2,1,1.0,0,12,1,1/12,12,12,6,0,0,I Bardis,GRC
1742,Basharat Hussain (SKOR),5,4,11.0,0,104,1,1/27,104,9.45,66,0,0,Basharat Hussain,SKOR
1743,E Batkhuyag (MNG),4,2,3.5,0,38,1,1/13,38,9.91,23,0,0,E Batkhuyag,MNG
1744,RD Berrington (SCOT),32,1,1.0,0,13,1,1/13,13,13,6,0,0,RD Berrington,SCOT
1745,S Biko (KENYA),2,2,6.0,0,33,1,1/26,33,5.5,36,0,0,S Biko,KENYA
1746,Bilal Sami (AFG),1,1,4.0,0,31,1,1/31,31,7.75,24,0,0,Bilal Sami,AFG
1747,K Boniface (NGA),6,2,4.0,0,34,1,1/14,34,8.5,24,0,0,K Boniface,NGA
1748,D Bourne (),2,2,5.0,0,32,1,1/24,32,6.4,30,0,0,D Bourne,
1749,M Brasier (FIN),3,3,6.5,0,79,1,1/34,79,11.56,41,0,0,M Brasier,FIN
1750,J Broad (GER),9,6,11.3,0,93,1,1/9,93,8.08,69,0,0,J Broad,GER
1751,J Butler (GUE),29,2,5.0,0,51,1,1/36,51,10.2,30,0,0,J Butler,GUE
1752,G Cambell (Falk),2,1,2.0,0,13,1,1/13,13,6.5,12,0,0,G Cambell,Falk
1753,Y Cariah (WI),2,2,6.0,0,43,1,1/15,43,7.16,36,0,0,Y Cariah,WI
1754,A Carthew (Chile),2,1,3.0,0,12,1,1/12,12,4,18,0,0,A Carthew,Chile
1755,J Chialoufas (CYP),10,2,4.0,0,28,1,1/16,28,7,24,0,0,J Chialoufas,CYP
1756,F Choudary (SWE),2,2,3.0,0,31,1,1/17,31,10.33,18,0,0,F Choudary,SWE
1757,KDC Clarke (NZ),1,1,4.0,0,40,1,1/40,40,10,24,0,0,KDC Clarke,NZ
1758,JA Clarkson (NZ),8,1,1.0,0,8,1,1/8,8,8,6,0,0,JA Clarkson,NZ
1759,Davion Codner (CAY),4,3,5.0,0,47,1,1/14,47,9.4,30,0,0,Davion Codner,CAY
1760,A Curavic (CRT),3,1,1.0,0,11,1,1/11,11,11,6,0,0,A Curavic,CRT
1761,JT Darrell (BER),1,1,4.0,0,13,1,1/13,13,3.25,24,0,0,JT Darrell,BER
1762,S Davizi (CZK-R),25,5,9.0,0,70,1,1/25,70,7.77,54,0,0,S Davizi,CZK-R
1763,Dayal Joy (SVN),3,3,6.0,0,63,1,1/23,63,10.5,36,0,0,Dayal Joy,SVN
1764,A Denuwan (ITA),3,3,6.2,0,50,1,1/17,50,7.89,38,0,0,A Denuwan,ITA
1765,STRA de Silva (SEY),12,6,10.2,0,105,1,1/23,105,10.16,62,0,0,STRA de Silva,SEY
1766,P Desungnoen (THA),4,4,9.0,0,83,1,1/18,83,9.22,54,0,0,P Desungnoen,THA
1767,SM Dhakal (NEP),2,2,6.0,0,43,1,1/29,43,7.16,36,0,0,SM Dhakal,NEP
1768,R Dianish (MLT),20,2,3.0,0,23,1,1/15,23,7.66,18,0,0,R Dianish,MLT
1769,J Dickinson (SCOT),1,1,4.0,0,23,1,1/23,23,5.75,24,0,0,J Dickinson,SCOT
1770,PK Dimitri (CIV),5,2,8.0,0,88,1,1/45,88,11,48,0,0,PK Dimitri,CIV
1771,W Dlamini (SWZ),8,3,6.0,0,70,1,1/20,70,11.66,36,0,0,W Dlamini,SWZ
1772,S Draunivudi (Fiji),3,3,9.0,0,86,1,1/34,86,9.55,54,0,0,S Draunivudi,Fiji
1773,JNX du Plooy (HUN),4,2,5.0,0,51,1,1/37,51,10.2,30,0,0,JNX du Plooy,HUN
1774,V Dwivedi (EST),2,2,5.0,0,35,1,1/28,35,7,30,0,0,V Dwivedi,EST
1775,H Elder (SUI),2,2,5.0,0,32,1,1/15,32,6.4,30,0,0,H Elder,SUI
1776,AC Evans (SCOT),1,1,4.0,0,62,1,1/62,62,15.5,24,0,0,AC Evans,SCOT
1777,Faizalmahmed Patel (SWZ),2,2,8.0,0,80,1,1/40,80,10,48,0,0,Faizalmahmed Patel,SWZ
1778,Fakhrul Mohon (POR),4,4,9.0,1,80,1,1/15,80,8.88,54,0,0,Fakhrul Mohon,POR
1779,M Faraz Akram (ZIM),8,8,18.3,0,198,1,1/44,198,10.7,111,0,0,M Faraz Akram,ZIM
1780,J Fernando (ROM),4,4,10.0,0,93,1,1/34,93,9.3,60,0,0,J Fernando,ROM
1781,C Floyd (NED),2,2,6.0,0,51,1,1/36,51,8.5,36,0,0,C Floyd,NED
1782,S Fouche (NAM),3,2,4.0,0,35,1,1/30,35,8.75,24,0,0,S Fouche,NAM
1783,Franz Bur (Arg),3,1,2.0,0,16,1,1/16,16,8,12,0,0,Franz Bur,Arg
1784,LR Gaonkar (PAN),6,2,6.0,0,43,1,1/21,43,7.16,36,0,0,LR Gaonkar,PAN
1785,GHS Garton (ENG),1,1,4.0,0,57,1,1/57,57,14.25,24,0,0,GHS Garton,ENG
1786,P Gopalkrishnan (QAT),1,1,1.0,0,5,1,1/5,5,5,6,0,0,P Gopalkrishnan,QAT
1787,Gurpreet Singh (Mex),2,1,1.0,0,3,1,1/3,3,3,6,0,0,Gurpreet Singh,Mex
1788,C Gwilliam-Lopez (ESP),1,1,3.0,0,19,1,1/19,19,6.33,18,0,0,C Gwilliam-Lopez,ESP
1789,V Hampihallikar (SGP),6,6,12.0,0,129,1,1/30,129,10.75,72,0,0,V Hampihallikar,SGP
1790,Haris Karim (SVN),3,3,7.0,0,66,1,1/39,66,9.42,42,0,0,Haris Karim,SVN
1791,HL Harji (SEY),6,6,15.0,0,125,1,1/42,125,8.33,90,0,0,HL Harji,SEY
1792,Harprit Singh (Mex),2,2,3.0,0,32,1,1/11,32,10.66,18,0,0,Harprit Singh,Mex
1793,LHB Harrington-Myers (CAY),5,2,4.0,0,42,1,1/21,42,10.5,24,0,0,LHB Harrington-Myers,CAY
1794,Hasan Cakir (TKY),2,1,1.0,0,5,1,1/5,5,5,6,0,0,Hasan Cakir,TKY
1795,Hazrat Luqman (UAE),2,2,6.0,0,60,1,1/30,60,10,36,0,0,Hazrat Luqman,UAE
1796,JS Henriksen (DEN),5,4,6.0,0,81,1,1/28,81,13.5,36,0,0,JS Henriksen,DEN
1797,P Heron (CAY),11,1,1.0,0,8,1,1/8,8,8,6,0,0,P Heron,CAY
1798,OJ Herrington (BEL),7,3,5.0,0,48,1,1/12,48,9.6,30,0,0,OJ Herrington,BEL
1799,T Hinds (WI),2,2,4.2,0,54,1,1/30,54,12.46,26,0,0,T Hinds,WI
1800,P Hingorani (ROM),8,3,4.3,0,40,1,1/17,40,8.88,27,0,0,P Hingorani,ROM
1801,S Hongsi (THA),2,2,2.0,0,32,1,1/11,32,16,12,0,0,S Hongsi,THA
1802,Hussain Saadhin (MDV),2,2,2.0,0,24,1,1/4,24,12,12,0,0,Hussain Saadhin,MDV
1803,RF Hutton (PHI),1,1,1.0,0,13,1,1/13,13,13,6,0,0,RF Hutton,PHI
1804,Huzaif Yousuf (BUL),6,4,9.4,1,108,1,1/2,108,11.17,58,0,0,Huzaif Yousuf,BUL
1805,Ibrahim Kursad Dalyan (TKY),3,3,8.0,0,64,1,1/20,64,8,48,0,0,Ibrahim Kursad Dalyan,TKY
1806,Ibrahim Rahimi (NOR),19,3,2.5,0,35,1,1/8,35,12.35,17,0,0,Ibrahim Rahimi,NOR
1807,Irshad Mubbashar (KSA),5,2,2.0,0,22,1,1/15,22,11,12,0,0,Irshad Mubbashar,KSA
1808,B Isaac (STHEL),11,5,14.0,0,112,1,1/22,112,8,84,0,0,B Isaac,STHEL
1809,ZR Jabeneke (TAN),4,2,5.0,0,17,1,1/16,17,3.4,30,0,0,ZR Jabeneke,TAN
1810,Jaison Jerome (MLT),9,9,25.0,0,253,1,1/56,253,10.12,150,0,0,Jaison Jerome,MLT
1811,D Jamyansuren (MNG),5,1,4.0,0,60,1,1/60,60,15,24,0,0,D Jamyansuren,MNG
1812,V Jayant (LES),10,4,7.5,1,76,1,1/19,76,9.7,47,0,0,V Jayant,LES
1813,P Jayeshbhai Patel (PAN),9,3,11.0,0,70,1,1/21,70,6.36,66,0,0,P Jayeshbhai Patel,PAN
1814,JM Joao (MOZ),18,4,6.0,0,65,1,1/24,65,10.83,36,0,0,JM Joao,MOZ
1815,G Johnson (STHEL),7,5,13.0,0,84,1,1/13,84,6.46,78,0,0,G Johnson,STHEL
1816,MW Jones (SCOT),1,1,2.0,0,25,1,1/25,25,12.5,12,0,0,MW Jones,SCOT
1817,R Jones (Blz),3,2,6.0,0,41,1,1/22,41,6.83,36,0,0,R Jones,Blz
1818,Kashif Abbas (KSA),6,3,9.0,0,69,1,1/34,69,7.66,54,0,0,Kashif Abbas,KSA
1819,Kashif Siddique (KSA),11,1,0.2,0,1,1,1/1,1,3,2,0,0,Kashif Siddique,KSA
1820,T Kirk (GUE),1,1,4.0,0,28,1,1/28,28,7,24,0,0,T Kirk,GUE
1821,R Klein (NED),8,2,4.0,0,45,1,1/18,45,11.25,24,0,0,R Klein,NED
1822,HK Kukreja (SGP),6,2,4.0,0,51,1,1/22,51,12.75,24,0,0,HK Kukreja,SGP
1823,NR Kumar (USA),18,2,4.0,0,24,1,1/13,24,6,24,0,0,NR Kumar,USA
1824,A Kuthalingham (),3,2,5.0,0,24,1,1/18,24,4.8,30,0,0,A Kuthalingham,
1825,G Kuthalingham (),3,2,6.0,0,33,1,1/18,33,5.5,36,0,0,G Kuthalingham,
1826,Lemar Momand (SWE),3,3,6.0,0,43,1,1/16,43,7.16,36,0,0,Lemar Momand,SWE
1827,B Schuster (Samoa),2,2,4.0,0,27,1,1/11,27,6.75,24,0,0,B Schuster,Samoa
1828,C Liebenberg (IOM),2,2,6.0,0,44,1,1/32,44,7.33,36,0,0,C Liebenberg,IOM
1829,Luke Ward (IOM),7,1,1.0,0,4,1,1/4,4,4,6,0,0,Luke Ward,IOM
1830,P Madhukar (MAS),1,1,4.0,0,25,1,1/25,25,6.25,24,0,0,P Madhukar,MAS
1831,S Malla (NEP),1,1,3.0,0,35,1,1/35,35,11.66,18,0,0,S Malla,NEP
1832,M Malle (Mali),10,2,4.0,0,33,1,1/13,33,8.25,24,0,0,M Malle,Mali
1833,SKR Mallidi (SWE),3,2,3.0,0,34,1,1/18,34,11.33,18,0,0,SKR Mallidi,SWE
1834,Mohammad Ali (PAK),3,3,7.0,0,86,1,1/34,86,12.28,42,0,0,Mohammad Ali,PAK
1835,Mayank Nagayach (LUX),7,7,25.0,0,192,1,1/33,192,7.68,150,0,0,Mayank Nagayach,LUX
1836,Mazharul Islam (SEY),12,3,3.5,0,41,1,1/29,41,10.69,23,0,0,Mazharul Islam,SEY
1837,A Mehmood (HKG),5,4,10.0,0,104,1,1/35,104,10.4,60,0,0,A Mehmood,HKG
1838,RTM Mendis (SL),2,1,3.0,0,26,1,1/26,26,8.66,18,0,0,RTM Mendis,SL
1839,RP Meredith (AUS),1,1,4.0,0,34,1,1/34,34,8.5,24,0,0,RP Meredith,AUS
1840,SJ Modani (USA),3,1,1.0,0,2,1,1/2,2,2,6,0,0,SJ Modani,USA
1841,Mohamed Miuvaan (MDV),4,4,11.0,0,83,1,1/42,83,7.54,66,0,0,Mohamed Miuvaan,MDV
1842,Mohamed Shiyam (MDV),5,3,4.0,0,63,1,1/22,63,15.75,24,0,0,Mohamed Shiyam,MDV
1843,Iqbal Mudassir (SKOR),10,6,12.0,0,118,1,1/21,118,9.83,72,0,0,Iqbal Mudassir,SKOR
1844,Muhammad Fahad (TKY),4,4,12.0,0,95,1,1/29,95,7.91,72,0,0,Muhammad Fahad,TKY
1845,Muhammad Farooq (CYP),1,1,1.0,0,2,1,1/2,2,2,6,0,0,Muhammad Farooq,CYP
1846,Muhammad Imran (FIN),1,1,4.0,0,16,1,1/16,16,4,24,0,0,Muhammad Imran,FIN
1847,Muhammad Muneeb (BEL),36,2,3.0,0,30,1,1/18,30,10,18,0,0,Muhammad Muneeb,BEL
1848,Muhammad Tahir (GRC),2,2,2.5,0,21,1,1/9,21,7.41,17,0,0,Muhammad Tahir,GRC
1849,C Munoz-Mills (ESP),32,1,1.0,0,3,1,1/3,3,3,6,0,0,C Munoz-Mills,ESP
1850,Mustafa Atmaca (TKY),1,1,1.0,0,14,1,1/14,14,14,6,0,0,Mustafa Atmaca,TKY
1851,Mustapha Suwareh (GMB),11,2,3.0,0,52,1,1/6,52,17.33,18,0,0,Mustapha Suwareh,GMB
1852,I Mwebaze (UGA),2,2,6.0,0,32,1,1/19,32,5.33,36,0,0,I Mwebaze,UGA
1853,N Naranbaatar (MNG),13,8,18.4,0,253,1,1/30,253,13.55,112,0,0,N Naranbaatar,MNG
1854,WSLK Narayana (ISR),4,4,9.0,0,67,1,1/16,67,7.44,54,0,0,WSLK Narayana,ISR
1855,RV Nascimento (BRA),2,2,5.0,0,40,1,1/16,40,8,30,0,0,RV Nascimento,BRA
1856,Naseer Naail Ismail (MDV),2,2,6.0,1,31,1,1/23,31,5.16,36,0,0,Naseer Naail Ismail,MDV
1857,NZ Nhaduate (MOZ),2,2,5.0,0,36,1,1/24,36,7.2,30,0,0,NZ Nhaduate,MOZ
1858,N Nazmussakib (SKOR),10,1,1.2,0,17,1,1/17,17,12.75,8,0,0,N Nazmussakib,SKOR
1859,CO Obuya (KENYA),34,5,10.0,0,80,1,1/7,80,8,60,0,0,CO Obuya,KENYA
1860,MP O'Dowd (NED),48,2,5.0,0,35,1,1/9,35,7,30,0,0,MP O'Dowd,NED
1861,NMS Param (SGP),12,2,3.3,0,24,1,1/2,24,6.85,21,0,0,NMS Param,SGP
1862,MW Parkinson (ENG),2,2,6.0,0,65,1,1/44,65,10.83,36,0,0,MW Parkinson,ENG
1863,HMHE Parsons (SKOR),8,3,3.0,0,38,1,1/11,38,12.66,18,0,0,HMHE Parsons,SKOR
1864,AR Patwa (TAN),47,2,2.0,0,18,1,1/4,18,9,12,0,0,AR Patwa,TAN
1865,KMA Paul (WI),3,3,5.0,0,57,1,1/24,57,11.4,30,0,0,KMA Paul,WI
1866,JE Pitcher (BER),6,3,6.0,0,52,1,1/21,52,8.66,36,0,0,JE Pitcher,BER
1867,R Powell (WI),84,8,8.5,0,103,1,1/27,103,11.66,53,0,0,R Powell,WI
1868,SA Pradhan (SGP),2,2,6.0,0,56,1,1/39,56,9.33,36,0,0,SA Pradhan,SGP
1869,V Pulibanti (CRT),7,1,2.0,0,15,1,1/15,15,7.5,12,0,0,V Pulibanti,CRT
1870,T Pullman (JER),1,1,3.0,0,26,1,1/26,26,8.66,18,0,0,T Pullman,JER
1871,Raghav Dhawan (UGA),22,1,2.0,0,26,1,1/26,26,13,12,0,0,Raghav Dhawan,UGA
1872,Raihan Hossain (TLS),8,3,8.0,0,67,1,1/15,67,8.37,48,0,0,Raihan Hossain,TLS
1873,Rahman Ademi (SRB),7,5,11.0,0,96,1,1/21,96,8.72,66,0,0,Rahman Ademi,SRB
1874,Rahat Kazi (TLS),8,5,9.0,0,98,1,1/11,98,10.88,54,0,0,Rahat Kazi,TLS
1875,Ramandeep Singh (IND),2,1,3.2,0,42,1,1/42,42,12.6,20,0,0,Ramandeep Singh,IND
1876,SS Ranjane (USA),4,3,4.0,0,26,1,1/6,26,6.5,24,0,0,SS Ranjane,USA
1877,Rashid Khan (NEP),1,1,3.0,0,48,1,1/48,48,16,18,0,0,Rashid Khan,NEP
1878,Raunaq Kapur (HKG),1,1,2.0,0,24,1,1/24,24,12,12,0,0,Raunaq Kapur,HKG
1879,RA Reifer (WI),3,2,5.0,0,60,1,1/42,60,12,30,0,0,RA Reifer,WI
1880,G Richardson (JER),1,1,4.0,0,41,1,1/41,41,10.25,24,0,0,G Richardson,JER
1881,PS Roberts (CRT),4,4,9.0,0,63,1,1/12,63,7,54,0,0,PS Roberts,CRT
1882,Robiul Khan (ESP),1,1,3.0,0,26,1,1/26,26,8.66,18,0,0,Robiul Khan,ESP
1883,SI Runsewe (NGA),66,1,2.0,0,14,1,1/14,14,7,12,0,0,SI Runsewe,NGA
1884,SE Rutherford (WI),47,2,3.0,0,43,1,1/20,43,14.33,18,0,0,SE Rutherford,WI
1885,Sajid Khan Afridi (GRC),4,3,7.0,0,76,1,1/24,76,10.85,42,0,0,Sajid Khan Afridi,GRC
1886,SMLD Samarakoon (SL),1,1,3.0,0,10,1,1/10,10,3.33,18,0,0,SMLD Samarakoon,SL
1887,P Sarraf (NEP),5,3,7.0,0,42,1,1/18,42,6,42,0,0,P Sarraf,NEP
1888,A Sathyan (CRT),2,1,2.0,0,16,1,1/16,16,8,12,0,0,A Sathyan,CRT
1889,Saurabh Kumar (SKOR),4,4,7.0,0,82,1,1/8,82,11.71,42,0,0,Saurabh Kumar,SKOR
1890,Saqib Naveed (EST),2,2,5.0,0,55,1,1/40,55,11,30,0,0,Saqib Naveed,EST
1891,RA Sealy (CAY),34,1,1.0,0,3,1,1/3,3,3,6,0,0,RA Sealy,CAY
1892,Serdar Burak Emir (TKY),4,4,9.0,0,123,1,1/25,123,13.66,54,0,0,Serdar Burak Emir,TKY
1893,AZ Shah (Fiji),2,2,5.0,0,52,1,1/32,52,10.4,30,0,0,AZ Shah,Fiji
1894,Shahidullah (AFG),7,2,3.0,0,31,1,1/13,31,10.33,18,0,0,Shahidullah,AFG
1895,Shahid Ahmadzai (CAN),2,1,2.0,0,27,1,1/27,27,13.5,12,0,0,Shahid Ahmadzai,CAN
1896,S Shanmugam (CRC),3,3,6.0,0,29,1,1/8,29,4.83,36,0,0,S Shanmugam,CRC
1897,T Shanmugam (SEY),6,5,11.0,0,68,1,1/22,68,6.18,66,0,0,T Shanmugam,SEY
1898,SM Sharma (UAE),4,4,10.0,0,103,1,1/47,103,10.3,60,0,0,SM Sharma,UAE
1899,R Sheshadri (SGP),4,3,3.0,0,20,1,1/2,20,6.66,18,0,0,R Sheshadri,SGP
1900,LK Sharma (Mex),1,1,3.0,0,29,1,1/29,29,9.66,18,0,0,LK Sharma,Mex
1901,A Shukla (CRT),5,2,6.0,0,52,1,1/40,52,8.66,36,0,0,A Shukla,CRT
1902,H Singh (GER),19,2,3.0,0,28,1,1/18,28,9.33,18,0,0,H Singh,GER
1903,S Singh (PHI),1,1,3.0,0,29,1,1/29,29,9.66,18,0,0,S Singh,PHI
1904,C Smith (MAS),2,1,1.4,0,15,1,1/15,15,9,10,0,0,C Smith,MAS
1905,M Smith (),4,1,3.0,0,29,1,1/29,29,9.66,18,0,0,M Smith,
1906,U Sofi (Samoa),3,3,5.0,0,48,1,1/5,48,9.6,30,0,0,U Sofi,Samoa
1907,U Sorovakatini (Fiji),1,1,2.0,0,19,1,1/19,19,9.5,12,0,0,U Sorovakatini,Fiji
1908,M Spoors (CAN),10,1,2.0,0,5,1,1/5,5,2.5,12,0,0,M Spoors,CAN
1909,SSM Stanislaus (MLT),19,2,3.1,0,30,1,1/4,30,9.47,19,0,0,SSM Stanislaus,MLT
1910,BDH Stevens (JER),3,3,4.1,0,36,1,1/15,36,8.64,25,0,0,BDH Stevens,JER
1911,Sukhkaran Sahi (ROM),5,3,5.3,0,54,1,1/30,54,9.81,33,0,0,Sukhkaran Sahi,ROM
1912,V Sukumaran (UAE),10,2,2.0,0,29,1,1/4,29,14.5,12,0,0,V Sukumaran,UAE
1913,Sultan Ahmed (UAE),2,2,7.3,0,36,1,1/15,36,4.8,45,0,0,Sultan Ahmed,UAE
1914,Sumit Singh (FIN),2,2,4.0,0,39,1,1/18,39,9.75,24,0,0,Sumit Singh,FIN
1915,D Svilicic (CRT),5,4,11.0,0,141,1,1/52,141,12.81,66,0,0,D Svilicic,CRT
1916,Shayan Khan (EST),1,1,2.0,0,17,1,1/17,17,8.5,12,0,0,Shayan Khan,EST
1917,Taimur Khan (SWE),1,1,1.0,1,0,1,1/0,0,0,6,0,0,Taimur Khan,SWE
1918,K Tari (VAN),1,1,3.0,0,26,1,1/26,26,8.66,18,0,0,K Tari,VAN
1919,Tenjin Rabgey (BHU),36,3,5.0,0,26,1,1/10,26,5.2,30,0,0,Tenjin Rabgey,BHU
1920,N Thailappan (BHR),2,2,7.0,0,82,1,1/42,82,11.71,42,0,0,N Thailappan,BHR
1921,TO Thilappan (SGP),3,3,9.0,0,85,1,1/45,85,9.44,54,0,0,TO Thilappan,SGP
1922,J Thomas (STHEL),5,3,7.0,0,41,1,1/15,41,5.85,42,0,0,J Thomas,STHEL
1923,DT Tiripano (ZIM),6,6,14.0,0,120,1,1/20,120,8.57,84,0,0,DT Tiripano,ZIM
1924,G Toka (PNG),2,1,3.0,0,20,1,1/20,20,6.66,18,0,0,G Toka,PNG
1925,O Touray (GMB),3,2,3.0,0,46,1,1/31,46,15.33,18,0,0,O Touray,GMB
1926,JA Turner (ENG),2,2,6.0,0,64,1,1/42,64,10.66,36,0,0,JA Turner,ENG
1927,Ugyen Dorji (BHU),3,3,7.0,0,56,1,1/6,56,8,42,0,0,Ugyen Dorji,BHU
1928,A Uniyal (Chile),2,2,5.0,0,31,1,1/13,31,6.2,30,0,0,A Uniyal,Chile
1929,GJ van Rensburg (NAM),4,3,5.0,0,29,1,1/14,29,5.8,30,0,0,GJ van Rensburg,NAM
1930,TC Vine (ESP),1,1,2.0,0,16,1,1/16,16,8,12,0,0,TC Vine,ESP
1931,H Virdee (LUX),1,1,2.0,0,26,1,1/26,26,13,12,0,0,H Virdee,LUX
1932,Vishal Sharma (NOR),9,2,3.0,0,38,1,1/28,38,12.66,18,0,0,Vishal Sharma,NOR
1933,V Viyaskanth (SL),2,2,8.0,0,56,1,1/28,56,7,48,0,0,V Viyaskanth,SL
1934,Waleed Waqar (BUL),2,2,3.0,0,43,1,1/26,43,14.33,18,0,0,Waleed Waqar,BUL
1935,Walid Ghauri (NOR),24,3,5.0,0,40,1,1/18,40,8,30,0,0,Walid Ghauri,NOR
1936,E Walker (IOM),5,3,8.0,0,75,1,1/32,75,9.37,48,0,0,E Walker,IOM
1937,M Walker (BER),1,1,3.0,0,23,1,1/23,23,7.66,18,0,0,M Walker,BER
1938,C Wickramasinghe (SL),3,3,7.0,0,55,1,1/17,55,7.85,42,0,0,C Wickramasinghe,SL
1939,B Yadav (NEP),19,8,9.1,0,89,1,1/14,89,9.7,55,0,0,B Yadav,NEP
1940,Yousuf Ali (QAT),4,4,7.0,0,60,1,1/16,60,8.57,42,0,0,Yousuf Ali,QAT
1941,Zeeshan Abbas (BHR),3,2,5.0,0,45,1,1/30,45,9,30,0,0,Zeeshan Abbas,BHR
1942,Zeshan Arif (AUT),21,3,5.0,0,56,1,1/23,56,11.2,30,0,0,Zeshan Arif,AUT
1943,Zikria Islam (OMA),6,3,6.0,0,34,1,1/4,34,5.66,36,0,0,Zikria Islam,OMA
1944,F Zirahangaje (RWN),2,2,6.0,0,54,1,1/26,54,9,36,0,0,F Zirahangaje,RWN
1945,Zwe Htet Paing (MYAN),3,2,2.0,0,30,1,1/21,30,15,12,0,0,Zwe Htet Paing,MYAN
1946,RGD Mitchell (PHI),1,1,1.0,0,13,0,0,0,13,0,0,0,RGD Mitchell,PHI
1947,Abdullah Shahid (MDV),3,1,1.0,0,12,0,0,0,12,0,0,0,Abdullah Shahid,MDV
1948,Abdul Majid Malik (BHR),3,2,7.0,0,39,0,0,0,5.57,0,0,0,Abdul Majid Malik,BHR
1949,Adnan Gondal (POR),2,1,2.0,0,5,0,0,0,2.5,0,0,0,Adnan Gondal,POR
1950,JKC Ahir (PAN),3,3,3.1,0,34,0,0,0,10.73,0,0,0,JKC Ahir,PAN
1951,VC Ahir (PAN),3,2,6.0,0,53,0,0,0,8.83,0,0,0,VC Ahir,PAN
1952,Ahmed Wardak (GER),3,1,1.0,0,16,0,0,0,16,0,0,0,Ahmed Wardak,GER
1953,RJ Ainsworth (HUN),4,2,1.5,0,23,0,0,0,12.54,0,0,0,RJ Ainsworth,HUN
1954,D Ajekun (NGA),24,1,1.0,0,10,0,0,0,10,0,0,0,D Ajekun,NGA
1955,Akash Babu (QAT),7,1,1.0,0,11,0,0,0,11,0,0,0,Akash Babu,QAT
1956,MC Alex (CIV),5,3,8.1,0,85,0,0,0,10.4,0,0,0,MC Alex,CIV
1957,Ali Muaaz (GRC),4,1,0.1,0,1,0,0,0,6,0,0,0,Ali Muaaz,GRC
1958,RGA Amah (CAM),13,1,2.0,0,19,0,0,0,9.5,0,0,0,RGA Amah,CAM
1959,MHSMS Amaradasa (MDV),1,1,2.0,0,12,0,0,0,6,0,0,0,MHSMS Amaradasa,MDV
1960,A Andrews (SUI),4,1,1.0,0,21,0,0,0,21,0,0,0,A Andrews,SUI
1961,Anique Uddin (DEN),2,1,2.0,0,20,0,0,0,10,0,0,0,Anique Uddin,DEN
1962,DNA Ankrah (NGA),4,2,2.0,0,35,0,0,0,17.5,0,0,0,DNA Ankrah,NGA
1963,Anmoldeep Singh (ITA),4,4,5.2,0,66,0,0,0,12.37,0,0,0,Anmoldeep Singh,ITA
1964,Ansar Iqbal (NOR),5,2,2.0,0,16,0,0,0,8,0,0,0,Ansar Iqbal,NOR
1965,PUKK Arachchige (FIN),3,1,1.0,0,9,0,0,0,9,0,0,0,PUKK Arachchige,FIN
1966,SRMJJ Arachchilage (CYP),4,3,5.0,0,33,0,0,0,6.6,0,0,0,SRMJJ Arachchilage,CYP
1967,Arif Nasir Uddin (QAT),3,3,8.0,0,61,0,0,0,7.62,0,0,0,Arif Nasir Uddin,QAT
1968,Asif Khan (UAE),56,1,1.0,0,3,0,0,0,3,0,0,0,Asif Khan,UAE
1969,Asim Ashraf (GMB),3,3,10.0,0,115,0,0,0,11.5,0,0,0,Asim Ashraf,GMB
1970,Assad Borham (QAT),7,1,1.0,0,12,0,0,0,12,0,0,0,Assad Borham,QAT
1971,MFI Assuncao (BRA),15,2,3.0,0,52,0,0,0,17.33,0,0,0,MFI Assuncao,BRA
1972,A Athanaze (WI),15,1,1.0,0,16,0,0,0,16,0,0,0,A Athanaze,WI
1973,Azri Azhar (MAS),4,3,6.0,0,45,0,0,0,7.5,0,0,0,Azri Azhar,MAS
1974,TV Badri Narayanan (CRC),6,1,0.2,0,2,0,0,0,6,0,0,0,TV Badri Narayanan,CRC
1975,S Baker (ENG),1,1,4.0,0,52,0,0,0,13,0,0,0,S Baker,ENG
1976,Bakhtiar Tahiri (BUL),5,2,4.0,0,41,0,0,0,10.25,0,0,0,Bakhtiar Tahiri,BUL
1977,J Baleicikoibia (Fiji),6,2,4.0,0,48,0,0,0,12,0,0,0,J Baleicikoibia,Fiji
1978,Baljit Singh (ITA),2,2,3.0,0,7,0,0,0,2.33,0,0,0,Baljit Singh,ITA
1979,AR Balla (CAM),14,1,1.0,0,16,0,0,0,16,0,0,0,AR Balla,CAM
1980,JF Bangura (SLE),1,1,1.0,0,12,0,0,0,12,0,0,0,JF Bangura,SLE
1981,JW Bartlett (Chile),2,1,1.0,0,7,0,0,0,7,0,0,0,JW Bartlett,Chile
1982,Bashir Ahmad (AFG),1,1,3.0,0,38,0,0,0,12.66,0,0,0,Bashir Ahmad,AFG
1983,Basil George (MLT),25,2,2.0,0,31,0,0,0,15.5,0,0,0,Basil George,MLT
1984,Bashir Ahmad (SUI),1,1,2.0,0,36,0,0,0,18,0,0,0,Bashir Ahmad,SUI
1985,EF Beard (IOM),19,2,3.0,0,19,0,0,0,6.33,0,0,0,EF Beard,IOM
1986,HS Bedi (SRB),2,2,3.0,0,39,0,0,0,13,0,0,0,HS Bedi,SRB
1987,L Berthe (Mali),10,1,1.0,0,14,0,0,0,14,0,0,0,L Berthe,Mali
1988,S Bevin (CRT),3,1,0.2,0,14,0,0,0,42,0,0,0,S Bevin,CRT
1989,R Bharathan (CRC),6,1,1.0,0,13,0,0,0,13,0,0,0,R Bharathan,CRC
1990,Bilal Shah (OMA),1,1,2.0,0,18,0,0,0,9,0,0,0,Bilal Shah,OMA
1991,AR Bisht (OMA),9,2,3.0,0,25,0,0,0,8.33,0,0,0,AR Bisht,OMA
1992,R Brar (CYP),4,1,4.0,0,45,0,0,0,11.25,0,0,0,R Brar,CYP
1993,A Brownlee (Falk),3,1,1.0,0,8,0,0,0,8,0,0,0,A Brownlee,Falk
1994,JP Cabrera (Arg),2,1,2.0,0,10,0,0,0,5,0,0,0,JP Cabrera,Arg
1995,GF Cardos (TLS),8,1,1.0,0,12,0,0,0,12,0,0,0,GF Cardos,TLS
1996,O Casasola (Blz),7,1,2.0,0,15,0,0,0,7.5,0,0,0,O Casasola,Blz
1997,MS Chapman (NZ),79,1,1.0,0,4,0,0,0,4,0,0,0,MS Chapman,NZ
1998,TL Chivanga (ZIM),3,3,6.3,0,70,0,0,0,10.76,0,0,0,TL Chivanga,ZIM
1999,T Chopel (BHU),2,1,2.0,0,29,0,0,0,14.5,0,0,0,T Chopel,BHU
2000,C Cirino (BRA),1,1,2.0,0,17,0,0,0,8.5,0,0,0,C Cirino,BRA
2001,S Clarke (IOM),1,1,1.0,0,11,0,0,0,11,0,0,0,S Clarke,IOM
2002,DKJ Claude (CIV),5,2,1.1,0,28,0,0,0,24,0,0,0,DKJ Claude,CIV
2003,SL Clephane (CZK-R),2,1,2.0,0,30,0,0,0,15,0,0,0,SL Clephane,CZK-R
2004,TLW Cooper (NED),15,2,2.0,0,13,0,0,0,6.5,0,0,0,TLW Cooper,NED
2005,H Dandapani (FIN),1,1,2.0,0,14,0,0,0,7,0,0,0,H Dandapani,FIN
2006,JC Darji (TAN),1,1,2.0,0,11,0,0,0,5.5,0,0,0,JC Darji,TAN
2007,David Demba (GMB),2,1,3.0,0,26,0,0,0,8.66,0,0,0,David Demba,GMB
2008,A Daxini (CRT),4,2,1.3,0,24,0,0,0,16,0,0,0,A Daxini,CRT
2009,P Deol (CYP),3,1,4.0,0,31,0,0,0,7.75,0,0,0,P Deol,CYP
2010,N Dhamba (OMA),1,1,3.0,0,12,0,0,0,4,0,0,0,N Dhamba,OMA
2011,A Dhar (CAY),3,2,3.0,0,30,0,0,0,10,0,0,0,A Dhar,CAY
2012,Y Divekar (ISR),3,2,2.0,0,31,0,0,0,15.5,0,0,0,Y Divekar,ISR
2013,A Djorovic (SRB),5,3,6.0,0,79,0,0,0,13.16,0,0,0,A Djorovic,SRB
2014,LE Dlamini (SWZ),9,3,2.0,0,20,0,0,0,10,0,0,0,LE Dlamini,SWZ
2015,TW Dlamini (SWZ),6,1,2.0,1,2,0,0,0,1,0,0,0,TW Dlamini,SWZ
2016,U Dorji (BHU),1,1,2.0,0,23,0,0,0,11.5,0,0,0,U Dorji,BHU
2017,LA Dunbar (SRB),35,1,1.0,0,7,0,0,0,7,0,0,0,LA Dunbar,SRB
2018,J Edwards (AUS),1,1,2.0,0,25,0,0,0,12.5,0,0,0,J Edwards,AUS
2019,Ehsan Adil (USA),1,1,3.0,0,39,0,0,0,13,0,0,0,Ehsan Adil,USA
2020,E Kuchey (FIN),6,5,11.0,0,96,0,0,0,8.72,0,0,0,E Kuchey,FIN
2021,S Elayaperumal (Mex),5,1,1.0,0,11,0,0,0,11,0,0,0,S Elayaperumal,Mex
2022,Esam Rahman (JPN),8,5,8.0,0,93,0,0,0,11.62,0,0,0,Esam Rahman,JPN
2023,LKW Ezechiel (CIV),4,3,9.0,0,113,0,0,0,12.55,0,0,0,LKW Ezechiel,CIV
2024,Faisal Khan (KSA),50,8,9.2,0,94,0,0,0,10.07,0,0,0,Faisal Khan,KSA
2025,Faizal Salehji (PAN),4,2,3.0,0,22,0,0,0,7.33,0,0,0,Faizal Salehji,PAN
2026,Fayaz Mohammad (BUL),4,1,1.2,0,18,0,0,0,13.5,0,0,0,Fayaz Mohammad,BUL
2027,P Fernando (ITA),2,1,1.0,0,13,0,0,0,13,0,0,0,P Fernando,ITA
2028,RS Fernando (SL),1,1,1.0,0,17,0,0,0,17,0,0,0,RS Fernando,SL
2029,S Foster (CAY),20,5,6.0,0,61,0,0,0,10.16,0,0,0,S Foster,CAY
2030,R Francis (STHEL),9,3,6.0,0,52,0,0,0,8.66,0,0,0,R Francis,STHEL
2031,RE Francis (TAN),2,2,5.0,0,30,0,0,0,6,0,0,0,RE Francis,TAN
2032,Gabor Torok (HUN),4,1,1.0,0,9,0,0,0,9,0,0,0,Gabor Torok,HUN
2033,Gagandeep Singh (GHA),2,2,4.0,0,29,0,0,0,7.25,0,0,0,Gagandeep Singh,GHA
2034,D Gaikwad (HUN),1,1,0.2,0,0,0,0,0,0,0,0,0,D Gaikwad,HUN
2035,A Gall (HUN),1,1,2.0,0,24,0,0,0,12,0,0,0,A Gall,HUN
2036,J Gallimore (BHM),5,1,1.0,0,21,0,0,0,21,0,0,0,J Gallimore,BHM
2037,GK Ghalley (BHU),34,1,1.0,0,13,0,0,0,13,0,0,0,GK Ghalley,BHU
2038,L Gherasim (ROM),5,1,0.4,0,6,0,0,0,9,0,0,0,L Gherasim,ROM
2039,Ghayour Ahmad (KSA),2,2,4.0,0,35,0,0,0,8.75,0,0,0,Ghayour Ahmad,KSA
2040,J Ghelzai (AUT),8,1,1.0,0,9,0,0,0,9,0,0,0,J Ghelzai,AUT
2041,M Gherasim (ROM),10,4,4.2,0,37,0,0,0,8.53,0,0,0,M Gherasim,ROM
2042,P Ghosh (MLT),1,1,1.0,0,9,0,0,0,9,0,0,0,P Ghosh,MLT
2043,J Giyanani (UAE),1,1,4.0,0,35,0,0,0,8.75,0,0,0,J Giyanani,UAE
2044,N Gnanapragasam (SEY),1,1,2.0,0,8,0,0,0,4,0,0,0,N Gnanapragasam,SEY
2045,GI Gokoel (Sur),5,3,4.0,0,41,0,0,0,10.25,0,0,0,GI Gokoel,Sur
2046,R Goodwin (PHI),5,1,2.0,0,21,0,0,0,10.5,0,0,0,R Goodwin,PHI
2047,K Gore (WI),1,1,3.0,0,23,0,0,0,7.66,0,0,0,K Gore,WI
2048,JP Greaves (WI),2,1,1.0,0,14,0,0,0,14,0,0,0,JP Greaves,WI
2049,CJ Green (AUS),1,1,4.0,0,36,0,0,0,9,0,0,0,CJ Green,AUS
2050,OJR Groves (SVN),3,2,2.1,0,41,0,0,0,18.92,0,0,0,OJR Groves,SVN
2051,J Grzinic (CRT),7,1,0.1,0,4,0,0,0,24,0,0,0,J Grzinic,CRT
2052,MD Gunathilaka (SL),16,1,0.5,0,8,0,0,0,9.6,0,0,0,MD Gunathilaka,SL
2053,Gurpreet Singh (ITA),3,2,4.0,0,26,0,0,0,6.5,0,0,0,Gurpreet Singh,ITA
2054,Haroon Shahid (KUW),2,2,5.0,0,48,0,0,0,9.6,0,0,0,Haroon Shahid,KUW
2055,A Harris (BHM),21,2,3.0,0,29,0,0,0,9.66,0,0,0,A Harris,BHM
2056,Hasan Murad (BAN),2,1,2.0,0,16,0,0,0,8,0,0,0,Hasan Murad,BAN
2057,Hassan Nasir (Mex),1,1,2.0,0,11,0,0,0,5.5,0,0,0,Hassan Nasir,Mex
2058,TM Head (AUS),37,1,2.0,0,17,0,0,0,8.5,0,0,0,TM Head,AUS
2059,Hein Zin Aung (MYAN),4,1,1.0,0,13,0,0,0,13,0,0,0,Hein Zin Aung,MYAN
2060,RR Hendricks (SA),50,2,3.5,0,37,0,0,0,9.65,0,0,0,RR Hendricks,SA
2061,S Henry (Falk),5,3,6.0,0,38,0,0,0,6.33,0,0,0,S Henry,Falk
2062,V Hettiarachchi (EST),1,1,1.0,0,12,0,0,0,12,0,0,0,V Hettiarachchi,EST
2063,T Hewa (CAY),3,2,3.0,0,21,0,0,0,7,0,0,0,T Hewa,CAY
2064,S Hunter (),4,3,7.0,0,40,0,0,0,5.71,0,0,0,S Hunter,
2065,Ibrahim Sesay (SLE),6,1,0.3,0,10,0,0,0,20,0,0,0,Ibrahim Sesay,SLE
2066,Imal Zuwak (SWE),23,1,1.0,0,5,0,0,0,5,0,0,0,Imal Zuwak,SWE
2067,Irfan Sarfraz (KSA),4,2,3.0,0,24,0,0,0,8,0,0,0,Irfan Sarfraz,KSA
2068,Ismail Ali (MDV),18,3,6.0,0,61,0,0,0,10.16,0,0,0,Ismail Ali,MDV
2069,S Ivetic (SRB),14,2,1.0,0,5,0,0,0,5,0,0,0,S Ivetic,SRB
2070,SS Iyer (IND),19,1,0.2,0,2,0,0,0,6,0,0,0,SS Iyer,IND
2071,KA Jadhav (CAM),6,4,5.0,0,36,0,0,0,7.2,0,0,0,KA Jadhav,CAM
2072,YBK Jaiswal (IND),23,1,1.0,0,11,0,0,0,11,0,0,0,YBK Jaiswal,IND
2073,Jatinder Singh (OMA),45,1,0.1,0,6,0,0,0,36,0,0,0,Jatinder Singh,OMA
2074,A Johnson (CAN),31,3,5.0,0,36,0,0,0,7.2,0,0,0,A Johnson,CAN
2075,BE Johnson (GUE),1,1,2.0,0,32,0,0,0,16,0,0,0,BE Johnson,GUE
2076,Jun Hyunwoo (SKOR),10,1,4.0,0,25,0,0,0,6.25,0,0,0,Jun Hyunwoo,SKOR
2077,K Kadowaki-Fleming (JPN),49,1,1.0,0,8,0,0,0,8,0,0,0,K Kadowaki-Fleming,JPN
2078,E Kahamker (ISR),4,2,4.0,0,46,0,0,0,11.5,0,0,0,E Kahamker,ISR
2079,I Kaia (ZIM),18,2,2.0,0,9,0,0,0,4.5,0,0,0,I Kaia,ZIM
2080,MO Kain (USA),5,1,1.4,0,16,0,0,0,9.6,0,0,0,MO Kain,USA
2081,UT Kaisala (Samoa),8,1,2.0,0,13,0,0,0,6.5,0,0,0,UT Kaisala,Samoa
2082,D Kalvin (SEY),5,3,5.0,0,53,0,0,0,10.6,0,0,0,D Kalvin,SEY
2083,Kamran Khan (QAT),14,1,1.4,0,42,0,0,0,25.2,0,0,0,Kamran Khan,QAT
2084,KD Karthik (IND),28,1,1.0,0,18,0,0,0,18,0,0,0,KD Karthik,IND
2085,Karthik Jayaraj (CAY),1,1,3.0,0,24,0,0,0,8,0,0,0,Karthik Jayaraj,CAY
2086,Karthik Pillai (BUL),2,2,5.0,0,48,0,0,0,9.6,0,0,0,Karthik Pillai,BUL
2087,A Karvelas (GRC),1,1,3.0,0,10,0,0,0,3.33,0,0,0,A Karvelas,GRC
2088,M Kasselman (BOT),23,1,1.0,0,11,0,0,0,11,0,0,0,M Kasselman,BOT
2089,I Katzarski (BUL),10,1,1.0,0,18,0,0,0,18,0,0,0,I Katzarski,BUL
2090,K Kekez (CRT),3,1,2.0,0,29,0,0,0,14.5,0,0,0,K Kekez,CRT
2091,H Khuttan (POR),3,3,5.2,0,50,0,0,0,9.37,0,0,0,H Khuttan,POR
2092,RK Kiseto (TAN),5,5,12.0,1,97,0,0,0,8.08,0,0,0,RK Kiseto,TAN
2093,V Kohli (IND),30,1,1.0,0,6,0,0,0,6,0,0,0,V Kohli,IND
2094,S Kollery (BOT),2,1,2.0,0,15,0,0,0,7.5,0,0,0,S Kollery,BOT
2095,Komang Putra (INA),4,2,2.0,0,21,0,0,0,10.5,0,0,0,Komang Putra,INA
2096,Y Konate (Mali),5,1,3.0,0,16,0,0,0,5.33,0,0,0,Y Konate,Mali
2097,M Kristensen (DEN),2,2,3.0,0,24,0,0,0,8,0,0,0,M Kristensen,DEN
2098,S Kruger (Arg),1,1,4.0,0,25,0,0,0,6.25,0,0,0,S Kruger,Arg
2099,S Kubheka (SWZ),5,3,5.0,0,44,0,0,0,8.8,0,0,0,S Kubheka,SWZ
2100,E Kuyumcu (TKY),3,3,3.0,0,36,0,0,0,12,0,0,0,E Kuyumcu,TKY
2101,D la Cock (NAM),5,1,1.0,0,11,0,0,0,11,0,0,0,D la Cock,NAM
2102,SK Lahiri (Mex),2,1,2.0,0,16,0,0,0,8,0,0,0,SK Lahiri,Mex
2103,A Langham (STHEL),7,1,1.0,0,16,0,0,0,16,0,0,0,A Langham,STHEL
2104,AV Lazarus (THA),37,7,11.1,0,76,0,0,0,6.8,0,0,0,AV Lazarus,THA
2105,A Lazic (SRB),6,2,2.0,0,29,0,0,0,14.5,0,0,0,A Lazic,SRB
2106,Lee Kangmin (SKOR),6,2,4.0,0,40,0,0,0,10,0,0,0,Lee Kangmin,SKOR
2107,SE Leluma (LES),1,1,1.0,0,16,0,0,0,16,0,0,0,SE Leluma,LES
2108,ME Leoela (LES),14,2,4.0,0,37,0,0,0,9.25,0,0,0,ME Leoela,LES
2109,J Liyanage (SL),14,2,2.2,0,32,0,0,0,13.71,0,0,0,J Liyanage,SL
2110,JR Lucky (CRC),4,1,0.1,0,9,0,0,0,54,0,0,0,JR Lucky,CRC
2111,CS MacLeod (SCOT),4,1,1.0,0,11,0,0,0,11,0,0,0,CS MacLeod,SCOT
2112,HAG Madhushanka (SEY),2,2,3.0,0,36,0,0,0,12,0,0,0,HAG Madhushanka,SEY
2113,A Magdalenic (CRT),17,4,4.2,0,82,0,0,0,18.92,0,0,0,A Magdalenic,CRT
2114,Mahmad Data (PAN),2,2,1.5,0,21,0,0,0,11.45,0,0,0,Mahmad Data,PAN
2115,Mahmudul Hasan Joy (BAN),3,1,0.2,0,5,0,0,0,15,0,0,0,Mahmudul Hasan Joy,BAN
2116,ML Maiava (Samoa),5,2,4.0,0,33,0,0,0,8.25,0,0,0,ML Maiava,Samoa
2117,WJ Malinda (MDV),5,2,4.0,0,27,0,0,0,6.75,0,0,0,WJ Malinda,MDV
2118,Manan Ali (KSA),47,6,8.0,0,64,0,0,0,8,0,0,0,Manan Ali,KSA
2119,M Manivannan (CAY),1,1,3.0,0,31,0,0,0,10.33,0,0,0,M Manivannan,CAY
2120,MF Manjate (MOZ),11,1,1.0,0,11,0,0,0,11,0,0,0,MF Manjate,MOZ
2121,A Mansale (VAN),20,1,3.0,0,23,0,0,0,7.66,0,0,0,A Mansale,VAN
2122,L Maphane (BOT),4,1,1.0,0,15,0,0,0,15,0,0,0,L Maphane,BOT
2123,JK Masara (ZIM),1,1,1.0,0,5,0,0,0,5,0,0,0,JK Masara,ZIM
2124,J Masquater (TAN),6,2,1.4,0,12,0,0,0,7.2,0,0,0,J Masquater,TAN
2125,I Master (BOT),4,3,5.0,0,56,0,0,0,11.2,0,0,0,I Master,BOT
2126,J Matharu (CAN),2,2,6.0,0,45,0,0,0,7.5,0,0,0,J Matharu,CAN
2127,CM Mbebe (MOZ),2,1,4.0,0,27,0,0,0,6.75,0,0,0,CM Mbebe,MOZ
2128,L McCarthy (IRE),1,1,4.0,0,81,0,0,0,20.25,0,0,0,L McCarthy,IRE
2129,MD Shoyaib (EST),2,1,1.0,0,11,0,0,0,11,0,0,0,MD Shoyaib,EST
2130,AB Mengoumou (CAM),7,2,1.1,0,15,0,0,0,12.85,0,0,0,AB Mengoumou,CAM
2131,AR Menon (SGP),1,1,1.0,0,12,0,0,0,12,0,0,0,AR Menon,SGP
2132,K Mishara (SL),22,1,1.0,0,10,0,0,0,10,0,0,0,K Mishara,SL
2133,W Miyauchi (JPN),31,1,1.0,0,3,0,0,0,3,0,0,0,W Miyauchi,JPN
2134,Mohammad Ahnaff (QAT),21,1,1.0,0,15,0,0,0,15,0,0,0,Mohammad Ahnaff,QAT
2135,Mohammad Saleem (AFG),1,1,3.0,0,43,0,0,0,14.33,0,0,0,Mohammad Saleem,AFG
2136,Mokbul Ahammed (QAT),2,2,4.0,0,24,0,0,0,6,0,0,0,Mokbul Ahammed,QAT
2137,M Montgomery (GER),1,1,3.0,0,21,0,0,0,7,0,0,0,M Montgomery,GER
2138,LG Moras (BRA),6,5,13.1,0,106,0,0,0,8.05,0,0,0,LG Moras,BRA
2139,Z Motara (WI),1,1,1.0,0,13,0,0,0,13,0,0,0,Z Motara,WI
2140,AL Motshegetsi (BOT),2,1,2.0,0,8,0,0,0,4,0,0,0,AL Motshegetsi,BOT
2141,Mrittunjoy Chowdhury (BAN),1,1,1.0,0,14,0,0,0,14,0,0,0,Mrittunjoy Chowdhury,BAN
2142,K Mtunduwatha (MWI),1,1,1.0,0,10,0,0,0,10,0,0,0,K Mtunduwatha,MWI
2143,Mubeen Tariq (POR),1,1,2.0,0,32,0,0,0,16,0,0,0,Mubeen Tariq,POR
2144,Muhammad Afis (INA),4,2,4.0,0,45,0,0,0,11.25,0,0,0,Muhammad Afis,INA
2145,Muhammad Ajmal (MLT),4,2,2.0,0,19,0,0,0,9.5,0,0,0,Muhammad Ajmal,MLT
2146,Muhammad Amin (SWZ),7,3,9.0,0,79,0,0,0,8.77,0,0,0,Muhammad Amin,SWZ
2147,Muhammad Saleem (BRA),7,2,3.0,0,8,0,0,0,2.66,0,0,0,Muhammad Saleem,BRA
2148,Muhammad Usman (HUN),14,2,2.0,0,13,0,0,0,6.5,0,0,0,Muhammad Usman,HUN
2149,Muhammad Younis (BHR),7,1,1.0,0,13,0,0,0,13,0,0,0,Muhammad Younis,BHR
2150,Muhammad Zohaib (UAE),16,1,1.0,0,1,0,0,0,1,0,0,0,Muhammad Zohaib,UAE
2151,Muhammed Manga (GMB),11,1,1.2,0,19,0,0,0,14.25,0,0,0,Muhammed Manga,GMB
2152,Muhammet Bicer (TKY),7,1,1.0,0,5,0,0,0,5,0,0,0,Muhammet Bicer,TKY
2153,Mujibur Ali (OMA),3,1,1.0,0,11,0,0,0,11,0,0,0,Mujibur Ali,OMA
2154,Murat Ipek (TKY),4,1,1.0,0,3,0,0,0,3,0,0,0,Murat Ipek,TKY
2155,Musa Shaheen (DEN),16,1,1.0,0,10,0,0,0,10,0,0,0,Musa Shaheen,DEN
2156,Musa Twala (SWZ),5,1,2.0,0,24,0,0,0,12,0,0,0,Musa Twala,SWZ
2157,LA Musiani (Arg),6,2,3.0,0,34,0,0,0,11.33,0,0,0,LA Musiani,Arg
2158,Mustafa Balkis (TKY),1,1,0.5,0,9,0,0,0,10.8,0,0,0,Mustafa Balkis,TKY
2159,Mustafa Omer (Fran),6,1,3.0,0,28,0,0,0,9.33,0,0,0,Mustafa Omer,Fran
2160,D Myers (ZIM),29,4,5.0,0,71,0,0,0,14.2,0,0,0,D Myers,ZIM
2161,AS Nadkarni (USA),1,1,2.0,0,13,0,0,0,6.5,0,0,0,AS Nadkarni,USA
2162,AR Naidoo (CAY),24,2,3.0,0,52,0,0,0,17.33,0,0,0,AR Naidoo,CAY
2163,BM Narasimha (Mex),1,1,1.0,0,6,0,0,0,6,0,0,0,BM Narasimha,Mex
2164,Ebrahim Naseri (AUT),2,2,3.0,0,28,0,0,0,9.33,0,0,0,Ebrahim Naseri,AUT
2165,Naveena Shetty (BHR),12,2,2.0,0,12,0,0,0,6,0,0,0,Naveena Shetty,BHR
2166,Najmul Hossain Shanto (BAN),44,2,2.0,0,23,0,0,0,11.5,0,0,0,Najmul Hossain Shanto,BAN
2167,D Nikolov (BUL),18,3,4.4,0,39,0,0,0,8.35,0,0,0,D Nikolov,BUL
2168,Nooruddin Mujadady (GER),1,1,2.0,0,14,0,0,0,7,0,0,0,Nooruddin Mujadady,GER
2169,Noorullah Sidiqi (BEL),1,1,1.0,0,20,0,0,0,20,0,0,0,Noorullah Sidiqi,BEL
2170,Nouman Sarwar (QAT),2,2,4.0,0,28,0,0,0,7,0,0,0,Nouman Sarwar,QAT
2171,C Olphert (IRE),2,2,5.0,0,65,0,0,0,13,0,0,0,C Olphert,IRE
2172,Omid Mailk Khel (BEL),17,1,2.0,0,11,0,0,0,5.5,0,0,0,Omid Mailk Khel,BEL
2173,Osama Mahmood (SUI),11,1,2.0,1,10,0,0,0,5,0,0,0,Osama Mahmood,SUI
2174,A Osei (GHA),17,1,1.0,0,7,0,0,0,7,0,0,0,A Osei,GHA
2175,Osman Khan (AUT),1,1,1.0,0,20,0,0,0,20,0,0,0,Osman Khan,AUT
2176,VS Padhaal (FIN),26,1,1.0,0,12,0,0,0,12,0,0,0,VS Padhaal,FIN
2177,T Parima (COK),17,3,2.3,0,28,0,0,0,11.2,0,0,0,T Parima,COK
2178,R Pathan (CAN),8,1,2.0,0,24,0,0,0,12,0,0,0,R Pathan,CAN
2179,R Patten (BHM),4,2,3.0,0,33,0,0,0,11,0,0,0,R Patten,BHM
2180,BM Pecic (SRB),19,1,4.0,0,32,0,0,0,8,0,0,0,BM Pecic,SRB
2181,K Penjor (BHU),1,1,2.0,0,19,0,0,0,9.5,0,0,0,K Penjor,BHU
2182,W Perchard (JER),4,3,6.0,0,46,0,0,0,7.66,0,0,0,W Perchard,JER
2183,S Pitabeddara (SKOR),3,2,3.0,0,34,0,0,0,11.33,0,0,0,S Pitabeddara,SKOR
2184,JM Polarouthu (HUN),5,2,4.0,0,46,0,0,0,11.5,0,0,0,JM Polarouthu,HUN
2185,KH Prajapati (OMA),44,2,1.2,0,19,0,0,0,14.25,0,0,0,KH Prajapati,OMA
2186,AR Prasad (CAM),22,4,4.5,0,53,0,0,0,10.96,0,0,0,AR Prasad,CAM
2187,AEV Puentes (Chile),2,1,0.2,0,6,0,0,0,18,0,0,0,AEV Puentes,Chile
2188,Rafaqat Ali (NOR),1,1,1.0,0,25,0,0,0,25,0,0,0,Rafaqat Ali,NOR
2189,Rahim Khan (MAS),3,3,9.0,0,55,0,0,0,6.11,0,0,0,Rahim Khan,MAS
2190,S Ramakrishnan (CZK-R),10,2,4.0,0,46,0,0,0,11.5,0,0,0,S Ramakrishnan,CZK-R
2191,Ramanjot Singh (SVN),5,2,3.0,0,31,0,0,0,10.33,0,0,0,Ramanjot Singh,SVN
2192,Hamza Khan (RWN),36,1,1.0,0,15,0,0,0,15,0,0,0,Hamza Khan,RWN
2193,Ram Krishan (EST),1,1,1.0,0,16,0,0,0,16,0,0,0,Ram Krishan,EST
2194,PV Rarotoga (Samoa),3,2,6.0,0,50,0,0,0,8.33,0,0,0,PV Rarotoga,Samoa
2195,Rasheed Ali Mamadkhel (SVN),16,1,2.0,0,6,0,0,0,3,0,0,0,Rasheed Ali Mamadkhel,SVN
2196,Rasheed Rassam (MDV),3,2,3.0,0,30,0,0,0,10,0,0,0,Rasheed Rassam,MDV
2197,Ravinder Gill (ROM),2,1,2.0,0,19,0,0,0,9.5,0,0,0,Ravinder Gill,ROM
2198,JB Richards (BOT),2,1,0.4,0,8,0,0,0,12,0,0,0,JB Richards,BOT
2199,Riyaz Kajalwala (CYP),2,1,0.3,0,14,0,0,0,28,0,0,0,Riyaz Kajalwala,CYP
2200,I Roberts (Arg),4,1,2.0,0,7,0,0,0,3.5,0,0,0,I Roberts,Arg
2201,O Rowe (Arg),1,1,2.0,0,7,0,0,0,3.5,0,0,0,O Rowe,Arg
2202,Sabbir Rahman (BAN),4,1,1.0,0,9,0,0,0,9,0,0,0,Sabbir Rahman,BAN
2203,Safvan Patel (PAN),2,1,3.0,0,22,0,0,0,7.33,0,0,0,Safvan Patel,PAN
2204,Sajid Patel (LES),4,1,0.0,0,1,0,0,0,0,0,0,0,Sajid Patel,LES
2205,Sajid Safi (BEL),2,1,1.0,0,15,0,0,0,15,0,0,0,Sajid Safi,BEL
2206,PR Santhanakrishnan (Mex),22,1,1.0,0,5,0,0,0,5,0,0,0,PR Santhanakrishnan,Mex
2207,Sapan Mehta (FIN),5,1,1.0,0,9,0,0,0,9,0,0,0,Sapan Mehta,FIN
2208,P Sapesa (MWI),3,2,5.0,0,34,0,0,0,6.8,0,0,0,P Sapesa,MWI
2209,RR Saun (CRC),7,1,2.0,0,17,0,0,0,8.5,0,0,0,RR Saun,CRC
2210,A Sawyer (GIBR),3,2,2.0,0,22,0,0,0,11,0,0,0,A Sawyer,GIBR
2211,Seif Athumani (TAN),1,1,0.1,0,6,0,0,0,36,0,0,0,Seif Athumani,TAN
2212,Amoluk Singh (GHA),5,3,4.0,0,27,0,0,0,6.75,0,0,0,Amoluk Singh,GHA
2213,YSD Seneveratne (CAY),17,1,1.0,0,6,0,0,0,6,0,0,0,YSD Seneveratne,CAY
2214,Shaheryar Butt (BEL),40,3,2.1,0,33,0,0,0,15.23,0,0,0,Shaheryar Butt,BEL
2215,Shahid Arshad (SVN),16,2,3.0,0,45,0,0,0,15,0,0,0,Shahid Arshad,SVN
2216,Shan Siddiqui (GMB),2,2,4.0,0,31,0,0,0,7.75,0,0,0,Shan Siddiqui,GMB
2217,A Sharafu (UAE),63,1,0.1,0,3,0,0,0,18,0,0,0,A Sharafu,UAE
2218,KK Sharma (SVN),4,1,1.0,0,2,0,0,0,2,0,0,0,KK Sharma,SVN
2219,Shenjian Zheng (CHN),4,1,1.0,0,32,0,0,0,32,0,0,0,Shenjian Zheng,CHN
2220,SG Shinde (SRB),1,1,2.0,0,24,0,0,0,12,0,0,0,SG Shinde,SRB
2221,C Shivakumar (SGP),4,3,7.0,0,72,0,0,0,10.28,0,0,0,C Shivakumar,SGP
2222,L Siaka (PNG),35,2,2.0,0,25,0,0,0,12.5,0,0,0,L Siaka,PNG
2223,B Siddharth (OMA),3,2,3.1,0,30,0,0,0,9.47,0,0,0,B Siddharth,OMA
2224,P Silas (BOT),30,1,1.0,0,13,0,0,0,13,0,0,0,P Silas,BOT
2225,G Singhdeo (CRC),9,1,0.5,0,4,0,0,0,4.8,0,0,0,G Singhdeo,CRC
2226,D Siva Kumar (USA),1,1,2.0,0,11,0,0,0,5.5,0,0,0,D Siva Kumar,USA
2227,Sobu George (MLT),3,1,1.0,0,19,0,0,0,19,0,0,0,Sobu George,MLT
2228,A Sokovagone (Fiji),6,2,4.0,0,39,0,0,0,9.75,0,0,0,A Sokovagone,Fiji
2229,K Sonavale (OMA),6,2,1.3,0,17,0,0,0,11.33,0,0,0,K Sonavale,OMA
2230,OP Stone (ENG),1,1,4.0,0,36,0,0,0,9,0,0,0,OP Stone,ENG
2231,T Stubbs (SA),52,2,2.0,0,41,0,0,0,20.5,0,0,0,T Stubbs,SA
2232,C Sudarsanan (MLT),29,1,2.0,0,25,0,0,0,12.5,0,0,0,C Sudarsanan,MLT
2233,F Suluoto (Samoa),24,1,1.0,0,16,0,0,0,16,0,0,0,F Suluoto,Samoa
2234,Sumon Khan (BAN),1,1,2.0,0,20,0,0,0,10,0,0,0,Sumon Khan,BAN
2235,MJ Swepson (AUS),1,1,2.0,0,31,0,0,0,15.5,0,0,0,MJ Swepson,AUS
2236,Syed Faizan Tahir (KSA),10,1,1.0,0,8,0,0,0,8,0,0,0,Syed Faizan Tahir,KSA
2237,Khaled Ahmed (BAN),1,1,4.0,0,37,0,0,0,9.25,0,0,0,Khaled Ahmed,BAN
2238,RA Tappin (BHM),4,1,2.0,0,19,0,0,0,9.5,0,0,0,RA Tappin,BHM
2239,R Tari (VAN),24,2,2.1,0,18,0,0,0,8.3,0,0,0,R Tari,VAN
2240,B Terbish (MNG),4,2,2.0,0,35,0,0,0,17.5,0,0,0,B Terbish,MNG
2241,S Thanikaithasan (DEN),21,2,2.5,0,25,0,0,0,8.82,0,0,0,S Thanikaithasan,DEN
2242,O Thomas (WI),1,1,4.0,0,36,0,0,0,9,0,0,0,O Thomas,WI
2243,Towhid Hridoy (BAN),57,1,0.2,0,5,0,0,0,15,0,0,0,Towhid Hridoy,BAN
2244,AM Tribe (JER),21,3,6.0,0,31,0,0,0,5.16,0,0,0,AM Tribe,JER
2245,A Trivedi (LUX),1,1,1.0,0,15,0,0,0,15,0,0,0,A Trivedi,LUX
2246,MJ Tugaga (Samoa),2,2,7.0,0,44,0,0,0,6.28,0,0,0,MJ Tugaga,Samoa
2247,T Turan (TKY),3,1,0.5,0,4,0,0,0,4.8,0,0,0,T Turan,TKY
2248,T Ulutuna (TKY),3,1,1.0,0,6,0,0,0,6,0,0,0,T Ulutuna,TKY
2249,Usman Rafiq (USA),1,1,2.0,0,24,0,0,0,12,0,0,0,Usman Rafiq,USA
2250,VL Mukesh (SEY),3,1,2.0,0,13,0,0,0,6.5,0,0,0,VL Mukesh,SEY
2251,SA van Breda (JER),2,2,3.0,0,23,0,0,0,7.66,0,0,0,SA van Breda,JER
2252,TF van Woerkom (IRE),1,1,1.0,0,10,0,0,0,10,0,0,0,TF van Woerkom,IRE
2253,S Vesawkar (NEP),3,1,2.0,0,16,0,0,0,8,0,0,0,S Vesawkar,NEP
2254,J Vijay (POR),8,1,2.0,0,31,0,0,0,15.5,0,0,0,J Vijay,POR
2255,Vimal Kumar (PHI),2,1,3.0,0,35,0,0,0,11.66,0,0,0,Vimal Kumar,PHI
2256,N Vimukthi (SL),1,1,4.0,1,13,0,0,0,3.25,0,0,0,N Vimukthi,SL
2257,Vivek Dixit (LUX),2,1,1.0,0,8,0,0,0,8,0,0,0,Vivek Dixit,LUX
2258,D Vora (HKG),1,1,2.0,0,19,0,0,0,9.5,0,0,0,D Vora,HKG
2259,Wafadar Momand (AFG),2,2,5.1,0,65,0,0,0,12.58,0,0,0,Wafadar Momand,AFG
2260,Waqar Ul Hassan (KSA),10,1,1.0,0,10,0,0,0,10,0,0,0,Waqar Ul Hassan,KSA
2261,D Wheatley (BHM),27,1,2.0,0,34,0,0,0,17,0,0,0,D Wheatley,BHM
2262,S Weleilakeba (Fiji),3,2,3.0,0,33,0,0,0,11,0,0,0,S Weleilakeba,Fiji
2263,MB Williams (SLE),3,2,3.0,0,23,0,0,0,7.66,0,0,0,MB Williams,SLE
2264,JJ Wright (SWZ),1,1,1.4,0,14,0,0,0,8.4,0,0,0,JJ Wright,SWZ
2265,Yadwinder Singh (HUN),1,1,2.0,0,2,0,0,0,1,0,0,0,Yadwinder Singh,HUN
2266,Yaseer Nazeer (BHR),12,1,1.0,0,16,0,0,0,16,0,0,0,Yaseer Nazeer,BHR
2267,P Yevugah (GHA),6,1,1.0,0,11,0,0,0,11,0,0,0,P Yevugah,GHA
2268,Yin Chenhao (CHN),3,1,1.0,0,5,0,0,0,5,0,0,0,Yin Chenhao,CHN
2269,Y Saranonnakkun (THA),49,1,3.0,0,20,0,0,0,6.66,0,0,0,Y Saranonnakkun,THA
2270,Yousif Wali (BHR),2,1,1.0,0,18,0,0,0,18,0,0,0,Yousif Wali,BHR
2271,Zahid Khan (SLE),6,2,2.0,0,23,0,0,0,11.5,0,0,0,Zahid Khan,SLE
2272,Zahir Mohammed (HUN),33,1,1.0,0,23,0,0,0,23,0,0,0,Zahir Mohammed,HUN
2273,BAA Zammitt (GIBR),3,1,0.5,0,5,0,0,0,6,0,0,0,BAA Zammitt,GIBR
2274,Ziaur Rehman (FIN),9,1,1.0,0,11,0,0,0,11,0,0,0,Ziaur Rehman,FIN
2275,T Zotos (GRC),3,1,1.0,0,11,0,0,0,11,0,0,0,T Zotos,GRC
2276,Zou Kui (CHN),7,1,2.0,0,37,0,0,0,18.5,0,0,0,Zou Kui,CHN
2277,Zubaid Akbari (AFG),4,1,2.0,0,13,0,0,0,6.5,0,0,0,Zubaid Akbari,AFG
2278,Zuber Sunasara (KSA),1,1,0.2,0,2,0,0,0,6,0,0,0,Zuber Sunasara,KSA
2279,CC Machado (BRA),11,0,0,0,0,0,0,0,0,0,0,0,CC Machado,BRA
2280,Aadil Bhaiyat (SWZ),5,0,0,0,0,0,0,0,0,0,0,0,Aadil Bhaiyat,SWZ
2281,Aasif Sheikh (NEP),67,0,0,0,0,0,0,0,0,0,0,0,Aasif Sheikh,NEP
2282,P Abanda (CAM),9,0,0,0,0,0,0,0,0,0,0,0,P Abanda,CAM
2283,Abdul Hai Muhammad (BEL),3,0,0,0,0,0,0,0,0,0,0,0,Abdul Hai Muhammad,BEL
2284,Abdullah Khan Lodhi (TKY),4,0,0,0,0,0,0,0,0,0,0,0,Abdullah Khan Lodhi,TKY
2285,Abdullah Shafique (PAK),3,0,0,0,0,0,0,0,0,0,0,0,Abdullah Shafique,PAK
2286,Abdulla Bhoola (PAN),4,0,0,0,0,0,0,0,0,0,0,0,Abdulla Bhoola,PAN
2287,Abdulmalik Jabarkhel (Fran),2,0,0,0,0,0,0,0,0,0,0,0,Abdulmalik Jabarkhel,Fran
2288,Abdul-Shakoor Rahimzei (GER),9,0,0,0,0,0,0,0,0,0,0,0,Abdul-Shakoor Rahimzei,GER
2289,Abdul Rahman (SGP),10,0,0,0,0,0,0,0,0,0,0,0,Abdul Rahman,SGP
2290,Abdul Rahman (Fran),1,0,0,0,0,0,0,0,0,0,0,0,Abdul Rahman,Fran
2291,Abdul Samad (PAK),5,0,0,0,0,0,0,0,0,0,0,0,Abdul Samad,PAK
2292,Abdul Stanikzai (GER),5,0,0,0,0,0,0,0,0,0,0,0,Abdul Stanikzai,GER
2293,Abdul Shakoor (ROM),11,0,0,0,0,0,0,0,0,0,0,0,Abdul Shakoor,ROM
2294,Abdur Rahman Sudais (SWE),7,0,0,0,0,0,0,0,0,0,0,0,Abdur Rahman Sudais,SWE
2295,P Abhijit (SEY),3,0,0,0,0,0,0,0,0,0,0,0,P Abhijit,SEY
2296,Abhilash Patil (Mex),1,0,0,0,0,0,0,0,0,0,0,0,Abhilash Patil,Mex
2297,Abhishek Ahuja (HUN),17,0,0,0,0,0,0,0,0,0,0,0,Abhishek Ahuja,HUN
2298,YK Abovat (PAN),2,0,0,0,0,0,0,0,0,0,0,0,YK Abovat,PAN
2299,Abrar Bilal (AUT),12,0,0,0,0,0,0,0,0,0,0,0,Abrar Bilal,AUT
2300,NJV Aburto (Chile),1,0,0,0,0,0,0,0,0,0,0,0,NJV Aburto,Chile
2301,Abu Zar (SWE),2,0,0,0,0,0,0,0,0,0,0,0,Abu Zar,SWE
2302,N Acawei (Fiji),10,0,0,0,0,0,0,0,0,0,0,0,N Acawei,Fiji
2303,F Achelam (UGA),25,0,0,0,0,0,0,0,0,0,0,0,F Achelam,UGA
2304,Acrey Hugo (TAN),4,0,0,0,0,0,0,0,0,0,0,0,Acrey Hugo,TAN
2305,GR Adair (IRE),21,0,0,0,0,0,0,0,0,0,0,0,GR Adair,IRE
2306,Adam Khalaf (MDV),1,0,0,0,0,0,0,0,0,0,0,0,Adam Khalaf,MDV
2307,Abdul Hashmi (DEN),16,0,0,0,0,0,0,0,0,0,0,0,Abdul Hashmi,DEN
2308,S Adedeji (NGA),23,0,0,0,0,0,0,0,0,0,0,0,S Adedeji,NGA
2309,Adnan Tahir (ESP),2,0,0,0,0,0,0,0,0,0,0,0,Adnan Tahir,ESP
2310,Afsar Zazai (AFG),7,0,0,0,0,0,0,0,0,0,0,0,Afsar Zazai,AFG
2311,Aaftab Alam Khan (MLT),24,0,0,0,0,0,0,0,0,0,0,0,Aaftab Alam Khan,MLT
2312,Aftab Kayani (ROM),1,0,0,0,0,0,0,0,0,0,0,0,Aftab Kayani,ROM
2313,SG Ahir (PAN),1,0,0,0,0,0,0,0,0,0,0,0,SG Ahir,PAN
2314,A Ahmadhel (BUL),3,0,0,0,0,0,0,0,0,0,0,0,A Ahmadhel,BUL
2315,Ahmadi Ravat (PAN),2,0,0,0,0,0,0,0,0,0,0,0,Ahmadi Ravat,PAN
2316,Ahmad Ramdoni (INA),81,0,0,0,0,0,0,0,0,0,0,0,Ahmad Ramdoni,INA
2317,Ahmed Hassan (SUI),24,0,0,0,0,0,0,0,0,0,0,0,Ahmed Hassan,SUI
2318,Ahsan ul Haq (KUW),3,0,0,0,0,0,0,0,0,0,0,0,Ahsan ul Haq,KUW
2319,KK Ahuja (Mex),6,0,0,0,0,0,0,0,0,0,0,0,KK Ahuja,Mex
2320,Ainool Hafizs (MAS),62,0,0,0,0,0,0,0,0,0,0,0,Ainool Hafizs,MAS
2321,PS Airee (NEP),1,0,0,0,0,0,0,0,0,0,0,0,PS Airee,NEP
2322,Akbar Khan (HKG),7,0,0,0,0,0,0,0,0,0,0,0,Akbar Khan,HKG
2323,M Akhigbe (NGA),4,0,0,0,0,0,0,0,0,0,0,0,M Akhigbe,NGA
2324,JDP Albertze (BER),4,0,0,0,0,0,0,0,0,0,0,0,JDP Albertze,BER
2325,J Alegra (PHI),16,0,0,0,0,0,0,0,0,0,0,0,J Alegra,PHI
2326,AD Algar (ESP),5,0,0,0,0,0,0,0,0,0,0,0,AD Algar,ESP
2327,Ali Abbas (KSA),3,0,0,0,0,0,0,0,0,0,0,0,Ali Abbas,KSA
2328,Ali Farasat (HUN),22,0,0,0,0,0,0,0,0,0,0,0,Ali Farasat,HUN
2329,Ali Nadeem (CAN),6,0,0,0,0,0,0,0,0,0,0,0,Ali Nadeem,CAN
2330,Ali Rahmon (NGA),7,0,0,0,0,0,0,0,0,0,0,0,Ali Rahmon,NGA
2331,Ali Raza (EST),2,0,0,0,0,0,0,0,0,0,0,0,Ali Raza,EST
2332,Ali Zaheer (KUW),9,0,0,0,0,0,0,0,0,0,0,0,Ali Zaheer,KUW
2333,JD Allan (VAN),16,0,0,0,0,0,0,0,0,0,0,0,JD Allan,VAN
2334,FH Allen (NZ),55,0,0,0,0,0,0,0,0,0,0,0,FH Allen,NZ
2335,Aman Desai (SGP),40,0,0,0,0,0,0,0,0,0,0,0,Aman Desai,SGP
2336,Amar Naeem (AUT),23,0,0,0,0,0,0,0,0,0,0,0,Amar Naeem,AUT
2337,AN Aminou (CAM),17,0,0,0,0,0,0,0,0,0,0,0,AN Aminou,CAM
2338,Aminullah Tanha (NOR),5,0,0,0,0,0,0,0,0,0,0,0,Aminullah Tanha,NOR
2339,Amir Khan (MAS),11,0,0,0,0,0,0,0,0,0,0,0,Amir Khan,MAS
2340,Ammar Zuhdi Hazalan (MAS),3,0,0,0,0,0,0,0,0,0,0,0,Ammar Zuhdi Hazalan,MAS
2341,Anamul Haque (BAN),7,0,0,0,0,0,0,0,0,0,0,0,Anamul Haque,BAN
2342,PK Ananya (GHA),4,0,0,0,0,0,0,0,0,0,0,0,PK Ananya,GHA
2343,J Andrew (WI),5,0,0,0,0,0,0,0,0,0,0,0,J Andrew,WI
2344,B Angeltti (Arg),5,0,0,0,0,0,0,0,0,0,0,0,B Angeltti,Arg
2345,TM Anker (COK),1,0,0,0,0,0,0,0,0,0,0,0,TM Anker,COK
2346,Anser Mehmood (SUI),3,0,0,0,0,0,0,0,0,0,0,0,Anser Mehmood,SUI
2347,Ansh Tandon (UAE),8,0,0,0,0,0,0,0,0,0,0,0,Ansh Tandon,UAE
2348,CV Anto (KUW),44,0,0,0,0,0,0,0,0,0,0,0,CV Anto,KUW
2349,V Aravind (UAE),39,0,0,0,0,0,0,0,0,0,0,0,V Aravind,UAE
2350,Areeb Quadir (FIN),3,0,0,0,0,0,0,0,0,0,0,0,Areeb Quadir,FIN
2351,Arif Hosen (TLS),7,0,0,0,0,0,0,0,0,0,0,0,Arif Hosen,TLS
2352,V Aritharan (GER),4,0,0,0,0,0,0,0,0,0,0,0,V Aritharan,GER
2353,Aritra Bhakat (SWE),2,0,0,0,0,0,0,0,0,0,0,0,Aritra Bhakat,SWE
2354,Aritra Dutta (SGP),29,0,0,0,0,0,0,0,0,0,0,0,Aritra Dutta,SGP
2355,Arnav Manoj (SGP),3,0,0,0,0,0,0,0,0,0,0,0,Arnav Manoj,SGP
2356,P Arora (Mex),7,0,0,0,0,0,0,0,0,0,0,0,P Arora,Mex
2357,Arsalan Arif (AUT),14,0,0,0,0,0,0,0,0,0,0,0,Arsalan Arif,AUT
2358,Asad Mahmood (SUI),12,0,0,0,0,0,0,0,0,0,0,0,Asad Mahmood,SUI
2359,Ashish Bam (CYP),4,0,0,0,0,0,0,0,0,0,0,0,Ashish Bam,CYP
2360,Ashish Gupta (INA),5,0,0,0,0,0,0,0,0,0,0,0,Ashish Gupta,INA
2361,S Ashwathnarayana (HUN),10,0,0,0,0,0,0,0,0,0,0,0,S Ashwathnarayana,HUN
2362,Asif Ali (PAK),20,0,0,0,0,0,0,0,0,0,0,0,Asif Ali,PAK
2363,Aslam Khan (MAS),28,0,0,0,0,0,0,0,0,0,0,0,Aslam Khan,MAS
2364,SYS Assegon (CAM),3,0,0,0,0,0,0,0,0,0,0,0,SYS Assegon,CAM
2365,PS Athavale (OMA),21,0,0,0,0,0,0,0,0,0,0,0,PS Athavale,OMA
2366,JJ Atkinson (HKG),12,0,0,0,0,0,0,0,0,0,0,0,JJ Atkinson,HKG
2367,AWJ Auguste (WI),9,0,0,0,0,0,0,0,0,0,0,0,AWJ Auguste,WI
2368,Aviel Warsulkar (ISR),2,0,0,0,0,0,0,0,0,0,0,0,Aviel Warsulkar,ISR
2369,Awais Ahmed (ESP),14,0,0,0,0,0,0,0,0,0,0,0,Awais Ahmed,ESP
2370,Awais Ahmad (SWE),9,0,0,0,0,0,0,0,0,0,0,0,Awais Ahmad,SWE
2371,KM Awala (GHA),17,0,0,0,0,0,0,0,0,0,0,0,KM Awala,GHA
2372,P Ayoleyine (GHA),6,0,0,0,0,0,0,0,0,0,0,0,P Ayoleyine,GHA
2373,Azam Khan (PAK),11,0,0,0,0,0,0,0,0,0,0,0,Azam Khan,PAK
2374,Azeem Nazir (SUI),4,0,0,0,0,0,0,0,0,0,0,0,Azeem Nazir,SUI
2375,Azhar Andani (POR),11,0,0,0,0,0,0,0,0,0,0,0,Azhar Andani,POR
2376,EI Azine (MOZ),1,0,0,0,0,0,0,0,0,0,0,0,EI Azine,MOZ
2377,F Baaleri (GHA),5,0,0,0,0,0,0,0,0,0,0,0,F Baaleri,GHA
2378,SJ Baard (NAM),6,0,0,0,0,0,0,0,0,0,0,0,SJ Baard,NAM
2379,Babar Azam (PAK),72,0,0,0,0,0,0,0,0,0,0,0,Babar Azam,PAK
2380,Babar Hayat (HKG),79,0,0,0,0,0,0,0,0,0,0,0,Babar Hayat,HKG
2381,MO Bacarese (GIBR),1,0,0,0,0,0,0,0,0,0,0,0,MO Bacarese,GIBR
2382,P Baghel (CZK-R),3,0,0,0,0,0,0,0,0,0,0,0,P Baghel,CZK-R
2383,JM Bairstow (ENG),17,0,0,0,0,0,0,0,0,0,0,0,JM Bairstow,ENG
2384,GS Bajwa (ESP),4,0,0,0,0,0,0,0,0,0,0,0,GS Bajwa,ESP
2385,A Balbirnie (IRE),51,0,0,0,0,0,0,0,0,0,0,0,A Balbirnie,IRE
2386,GS Ballance (ZIM),1,0,0,0,0,0,0,0,0,0,0,0,GS Ballance,ZIM
2387,KNA Bandara (SL),2,0,0,0,0,0,0,0,0,0,0,0,KNA Bandara,SL
2388,S Bangera (ISR),8,0,0,0,0,0,0,0,0,0,0,0,S Bangera,ISR
2389,J Bangura (SLE),38,0,0,0,0,0,0,0,0,0,0,0,J Bangura,SLE
2390,T Banton (ENG),26,0,0,0,0,0,0,0,0,0,0,0,T Banton,ENG
2391,S Barediya (SWZ),2,0,0,0,0,0,0,0,0,0,0,0,S Barediya,SWZ
2392,J Barker (LUX),23,0,0,0,0,0,0,0,0,0,0,0,J Barker,LUX
2393,LJ Barker (GUE),4,0,0,0,0,0,0,0,0,0,0,0,LJ Barker,GUE
2394,TC Barker (LUX),32,0,0,0,0,0,0,0,0,0,0,0,TC Barker,LUX
2395,S Barnett (IOM),2,0,0,0,0,0,0,0,0,0,0,0,S Barnett,IOM
2396,P Baron (Arg),21,0,0,0,0,0,0,0,0,0,0,0,P Baron,Arg
2397,W Barresi (NED),4,0,0,0,0,0,0,0,0,0,0,0,W Barresi,NED
2398,OGL Bascome (BER),19,0,0,0,0,0,0,0,0,0,0,0,OGL Bascome,BER
2399,Basiru Jaye (GMB),2,0,0,0,0,0,0,0,0,0,0,0,Basiru Jaye,GMB
2400,RR Bastiansz (MLT),5,0,0,0,0,0,0,0,0,0,0,0,RR Bastiansz,MLT
2401,T Batjargal (MNG),2,0,0,0,0,0,0,0,0,0,0,0,T Batjargal,MNG
2402,T Bavuma (SA),15,0,0,0,0,0,0,0,0,0,0,0,T Bavuma,SA
2403,C Bayraktar (TKY),3,0,0,0,0,0,0,0,0,0,0,0,C Bayraktar,TKY
2404,M Beitaki (Fiji),16,0,0,0,0,0,0,0,0,0,0,0,M Beitaki,Fiji
2405,Benjamin Embleton (LUX),3,0,0,0,0,0,0,0,0,0,0,0,Benjamin Embleton,LUX
2406,Benson Chama (Zamb),2,0,0,0,0,0,0,0,0,0,0,0,Benson Chama,Zamb
2407,Ben Jones (EST),1,0,0,0,0,0,0,0,0,0,0,0,Ben Jones,EST
2408,D Berthe (Mali),2,0,0,0,0,0,0,0,0,0,0,0,D Berthe,Mali
2409,IIR Bhana (PAN),1,0,0,0,0,0,0,0,0,0,0,0,IIR Bhana,PAN
2410,B Bhandari (NEP),5,0,0,0,0,0,0,0,0,0,0,0,B Bhandari,NEP
2411,TS Bharaj (DEN),23,0,0,0,0,0,0,0,0,0,0,0,TS Bharaj,DEN
2412,M Bhatia (SGP),3,0,0,0,0,0,0,0,0,0,0,0,M Bhatia,SGP
2413,E Bhonkar (ISR),3,0,0,0,0,0,0,0,0,0,0,0,E Bhonkar,ISR
2414,MP Biddappa (PHI),3,0,0,0,0,0,0,0,0,0,0,0,MP Biddappa,PHI
2415,SW Billings (ENG),4,0,0,0,0,0,0,0,0,0,0,0,SW Billings,ENG
2416,C Birch (GUE),2,0,0,0,0,0,0,0,0,0,0,0,C Birch,GUE
2417,L Bloomfield (HUN),2,0,0,0,0,0,0,0,0,0,0,0,L Bloomfield,HUN
2418,TA Blundell (NZ),2,0,0,0,0,0,0,0,0,0,0,0,TA Blundell,NZ
2419,C Bogdanos (GRC),6,0,0,0,0,0,0,0,0,0,0,0,C Bogdanos,GRC
2420,S Bogdos (GRC),4,0,0,0,0,0,0,0,0,0,0,0,S Bogdos,GRC
2421,Boio Ray (PNG),3,0,0,0,0,0,0,0,0,0,0,0,Boio Ray,PNG
2422,VF Bomnyuy (CAM),5,0,0,0,0,0,0,0,0,0,0,0,VF Bomnyuy,CAM
2423,W Boshoff (SWE),15,0,0,0,0,0,0,0,0,0,0,0,W Boshoff,SWE
2424,P Bosnjak (CRT),12,0,0,0,0,0,0,0,0,0,0,0,P Bosnjak,CRT
2425,CJ Bowes (NZ),11,0,0,0,0,0,0,0,0,0,0,0,CJ Bowes,NZ
2426,DM Bravo (WI),4,0,0,0,0,0,0,0,0,0,0,0,DM Bravo,WI
2427,MP Breetzke (SA),13,0,0,0,0,0,0,0,0,0,0,0,MP Breetzke,SA
2428,Breeze Ahir (PAN),10,0,0,0,0,0,0,0,0,0,0,0,Breeze Ahir,PAN
2429,C Brennan (JER),27,0,0,0,0,0,0,0,0,0,0,0,C Brennan,JER
2430,D Brevis (SA),30,0,0,0,0,0,0,0,0,0,0,0,D Brevis,SA
2431,Brima Ansumana (SLE),4,0,0,0,0,0,0,0,0,0,0,0,Brima Ansumana,SLE
2432,HC Brook (ENG),63,0,0,0,0,0,0,0,0,0,0,0,HC Brook,ENG
2433,SSJ Brooks (WI),10,0,0,0,0,0,0,0,0,0,0,0,SSJ Brooks,WI
2434,T Brown (BHM),4,0,0,0,0,0,0,0,0,0,0,0,T Brown,BHM
2435,TC Bruce (SCOT),4,0,0,0,0,0,0,0,0,0,0,0,TC Bruce,SCOT
2436,JA Burns (ITA),8,0,0,0,0,0,0,0,0,0,0,0,JA Burns,ITA
2437,A Bushell (GUE),5,0,0,0,0,0,0,0,0,0,0,0,A Bushell,GUE
2438,JC Buttler (ENG),67,0,0,0,0,0,0,0,0,0,0,0,JC Buttler,ENG
2439,J Byrappa (Mex),2,0,0,0,0,0,0,0,0,0,0,0,J Byrappa,Mex
2440,MD Byrne (INA),2,0,0,0,0,0,0,0,0,0,0,0,MD Byrne,INA
2441,G Caisley (BRA),7,0,0,0,0,0,0,0,0,0,0,0,G Caisley,BRA
2442,BF Calitz (IRE),9,0,0,0,0,0,0,0,0,0,0,0,BF Calitz,IRE
2443,J Cama (Fiji),5,0,0,0,0,0,0,0,0,0,0,0,J Cama,Fiji
2444,G Campbell (),1,0,0,0,0,0,0,0,0,0,0,0,G Campbell,
2445,P Campbell (GMB),5,0,0,0,0,0,0,0,0,0,0,0,P Campbell,GMB
2446,J Campbell (ZIM),9,0,0,0,0,0,0,0,0,0,0,0,J Campbell,ZIM
2447,F Campbell (GMB),10,0,0,0,0,0,0,0,0,0,0,0,F Campbell,GMB
2448,L Canessane (Fran),31,0,0,0,0,0,0,0,0,0,0,0,L Canessane,Fran
2449,FE Carava (MOZ),10,0,0,0,0,0,0,0,0,0,0,0,FE Carava,MOZ
2450,AT Carey (AUS),4,0,0,0,0,0,0,0,0,0,0,0,AT Carey,AUS
2451,KU Carty (WI),8,0,0,0,0,0,0,0,0,0,0,0,KU Carty,WI
2452,N Casson (Falk),5,0,0,0,0,0,0,0,0,0,0,0,N Casson,Falk
2453,RW Chakabva (ZIM),23,0,0,0,0,0,0,0,0,0,0,0,RW Chakabva,ZIM
2454,ARA Chambers (POR),13,0,0,0,0,0,0,0,0,0,0,0,ARA Chambers,POR
2455,LD Chandimal (SL),8,0,0,0,0,0,0,0,0,0,0,0,LD Chandimal,SL
2456,S Chandramohan (SGP),36,0,0,0,0,0,0,0,0,0,0,0,S Chandramohan,SGP
2457,J Charles (WI),35,0,0,0,0,0,0,0,0,0,0,0,J Charles,WI
2458,Charles Trott (BER),5,0,0,0,0,0,0,0,0,0,0,0,Charles Trott,BER
2459,J Chaturanga (BHR),4,0,0,0,0,0,0,0,0,0,0,0,J Chaturanga,BHR
2460,G Chaturvedi (MLT),8,0,0,0,0,0,0,0,0,0,0,0,G Chaturvedi,MLT
2461,MPS Cheema (AUT),28,0,0,0,0,0,0,0,0,0,0,0,MPS Cheema,AUT
2462,N Chejay (BHU),19,0,0,0,0,0,0,0,0,0,0,0,N Chejay,BHU
2463,C Chete (MWI),23,0,0,0,0,0,0,0,0,0,0,0,C Chete,MWI
2464,JJ Chicuele (MOZ),4,0,0,0,0,0,0,0,0,0,0,0,JJ Chicuele,MOZ
2465,VB Chikkannaiah (GER),8,0,0,0,0,0,0,0,0,0,0,0,VB Chikkannaiah,GER
2466,S Chilemanya (NGA),6,0,0,0,0,0,0,0,0,0,0,0,S Chilemanya,NGA
2467,P Chin (CAY),9,0,0,0,0,0,0,0,0,0,0,0,P Chin,CAY
2468,Chirag Suri (UAE),15,0,0,0,0,0,0,0,0,0,0,0,Chirag Suri,UAE
2469,S Chophel (BHU),4,0,0,0,0,0,0,0,0,0,0,0,S Chophel,BHU
2470,R Chopra (UAE),39,0,0,0,0,0,0,0,0,0,0,0,R Chopra,UAE
2471,Choudhry Md Imran (KSA),4,0,0,0,0,0,0,0,0,0,0,0,Choudhry Md Imran,KSA
2472,Choudry Share Ali (SWE),9,0,0,0,0,0,0,0,0,0,0,0,Choudry Share Ali,SWE
2473,AT Chuvale (MOZ),1,0,0,0,0,0,0,0,0,0,0,0,AT Chuvale,MOZ
2474,Cihan Altun (TKY),3,0,0,0,0,0,0,0,0,0,0,0,Cihan Altun,TKY
2475,O Clapham (GUE),1,0,0,0,0,0,0,0,0,0,0,0,O Clapham,GUE
2476,D Cleaver (NZ),9,0,0,0,0,0,0,0,0,0,0,0,D Cleaver,NZ
2477,M Coetzee (HKG),31,0,0,0,0,0,0,0,0,0,0,0,M Coetzee,HKG
2478,M Cohen (ISR),3,0,0,0,0,0,0,0,0,0,0,0,M Cohen,ISR
2479,NG Collins (FIN),15,0,0,0,0,0,0,0,0,0,0,0,NG Collins,FIN
2480,BRF Constanzo (Chile),1,0,0,0,0,0,0,0,0,0,0,0,BRF Constanzo,Chile
2481,DP Conway (NZ),46,0,0,0,0,0,0,0,0,0,0,0,DP Conway,NZ
2482,BKB Corbin (CAY),15,0,0,0,0,0,0,0,0,0,0,0,BKB Corbin,CAY
2483,SJ Cotter (Samoa),14,0,0,0,0,0,0,0,0,0,0,0,SJ Cotter,Samoa
2484,J Clough (IOM),3,0,0,0,0,0,0,0,0,0,0,0,J Clough,IOM
2485,JM Cox (ENG),6,0,0,0,0,0,0,0,0,0,0,0,JM Cox,ENG
2486,NRJ Croes (NED),21,0,0,0,0,0,0,0,0,0,0,0,NRJ Croes,NED
2487,L Croospulle (SL),1,0,0,0,0,0,0,0,0,0,0,0,L Croospulle,SL
2488,MH Cross (SCOT),31,0,0,0,0,0,0,0,0,0,0,0,MH Cross,SCOT
2489,E Cruz (CRC),1,0,0,0,0,0,0,0,0,0,0,0,E Cruz,CRC
2490,G Cupido (SUI),5,0,0,0,0,0,0,0,0,0,0,0,G Cupido,SUI
2491,IDA Damarell (GUE),35,0,0,0,0,0,0,0,0,0,0,0,IDA Damarell,GUE
2492,Dane Leo (STHEL),3,0,0,0,0,0,0,0,0,0,0,0,Dane Leo,STHEL
2493,S Daniel (SL),1,0,0,0,0,0,0,0,0,0,0,0,S Daniel,SL
2494,Danyal Akbar (HUN),3,0,0,0,0,0,0,0,0,0,0,0,Danyal Akbar,HUN
2495,IK Darmawan (INA),3,0,0,0,0,0,0,0,0,0,0,0,IK Darmawan,INA
2496,Darwish Rasooli (AFG),28,0,0,0,0,0,0,0,0,0,0,0,Darwish Rasooli,AFG
2497,TH David (AUS),57,0,0,0,0,0,0,0,0,0,0,0,TH David,AUS
2498,A Davidson Soler (ESP),14,0,0,0,0,0,0,0,0,0,0,0,A Davidson Soler,ESP
2499,N Davin (NAM),21,0,0,0,0,0,0,0,0,0,0,0,N Davin,NAM
2500,R Davson (BHM),12,0,0,0,0,0,0,0,0,0,0,0,R Davson,BHM
2501,A Dawson (Falk),3,0,0,0,0,0,0,0,0,0,0,0,A Dawson,Falk
2502,Q de Kock (SA),49,0,0,0,0,0,0,0,0,0,0,0,Q de Kock,SA
2503,S Delai (Fiji),1,0,0,0,0,0,0,0,0,0,0,0,S Delai,Fiji
2504,Delroy Leo (STHEL),3,0,0,0,0,0,0,0,0,0,0,0,Delroy Leo,STHEL
2505,IA De Silva (BUL),17,0,0,0,0,0,0,0,0,0,0,0,IA De Silva,BUL
2506,Devender Singh (GHA),10,0,0,0,0,0,0,0,0,0,0,0,Devender Singh,GHA
2507,T de Zorzi (SA),2,0,0,0,0,0,0,0,0,0,0,0,T de Zorzi,SA
2508,NS Dhaliwal (CAN),31,0,0,0,0,0,0,0,0,0,0,0,NS Dhaliwal,CAN
2509,P Dhanuka (SGP),1,0,0,0,0,0,0,0,0,0,0,0,P Dhanuka,SGP
2510,Dharmang Patel (QAT),5,0,0,0,0,0,0,0,0,0,0,0,Dharmang Patel,QAT
2511,P Dhiman (ESP),4,0,0,0,0,0,0,0,0,0,0,0,P Dhiman,ESP
2512,MS Diakite (Mali),11,0,0,0,0,0,0,0,0,0,0,0,MS Diakite,Mali
2513,BI Dilruksha (SKOR),13,0,0,0,0,0,0,0,0,0,0,0,BI Dilruksha,SKOR
2514,Divyendra Singh (CZK-R),23,0,0,0,0,0,0,0,0,0,0,0,Divyendra Singh,CZK-R
2515,Divyes Kumar (MLT),1,0,0,0,0,0,0,0,0,0,0,0,Divyes Kumar,MLT
2516,QF Djakaridja (CIV),5,0,0,0,0,0,0,0,0,0,0,0,QF Djakaridja,CIV
2517,BM Dlamini (SWZ),6,0,0,0,0,0,0,0,0,0,0,0,BM Dlamini,SWZ
2518,ST Doheny (IRE),3,0,0,0,0,0,0,0,0,0,0,0,ST Doheny,IRE
2519,AD Dore (BER),15,0,0,0,0,0,0,0,0,0,0,0,AD Dore,BER
2520,K Doriga (PNG),21,0,0,0,0,0,0,0,0,0,0,0,K Doriga,PNG
2521,JN Dorji (BHU),8,0,0,0,0,0,0,0,0,0,0,0,JN Dorji,BHU
2522,CP Dowle (HUN),1,0,0,0,0,0,0,0,0,0,0,0,CP Dowle,HUN
2523,A Dowling (BUL),1,0,0,0,0,0,0,0,0,0,0,0,A Dowling,BUL
2524,BM Duckett (ENG),20,0,0,0,0,0,0,0,0,0,0,0,BM Duckett,ENG
2525,E Duff (BHM),15,0,0,0,0,0,0,0,0,0,0,0,E Duff,BHM
2526,JSE Dunford (JER),16,0,0,0,0,0,0,0,0,0,0,0,JSE Dunford,JER
2527,E Dusingizimana (RWN),56,0,0,0,0,0,0,0,0,0,0,0,E Dusingizimana,RWN
2528,Dylan Steyn (CZK-R),21,0,0,0,0,0,0,0,0,0,0,0,Dylan Steyn,CZK-R
2529,D Eckstein (AUT),1,0,0,0,0,0,0,0,0,0,0,0,D Eckstein,AUT
2530,SA Edwards (NED),50,0,0,0,0,0,0,0,0,0,0,0,SA Edwards,NED
2531,JKP Ellick (STHEL),2,0,0,0,0,0,0,0,0,0,0,0,JKP Ellick,STHEL
2532,L Emilio (MOZ),15,0,0,0,0,0,0,0,0,0,0,0,L Emilio,MOZ
2533,Eric Phiri (SWZ),19,0,0,0,0,0,0,0,0,0,0,0,Eric Phiri,SWZ
2534,CR Ervine (ZIM),37,0,0,0,0,0,0,0,0,0,0,0,CR Ervine,ZIM
2535,R Escobar (Arg),10,0,0,0,0,0,0,0,0,0,0,0,R Escobar,Arg
2536,J Essex (STHEL),2,0,0,0,0,0,0,0,0,0,0,0,J Essex,STHEL
2537,Fahad Nawaz (UAE),1,0,0,0,0,0,0,0,0,0,0,0,Fahad Nawaz,UAE
2538,Faheem Nellancheri (FIN),13,0,0,0,0,0,0,0,0,0,0,0,Faheem Nellancheri,FIN
2539,Faisal Mehmood (BEL),2,0,0,0,0,0,0,0,0,0,0,0,Faisal Mehmood,BEL
2540,Faisal Mubashir (GER),17,0,0,0,0,0,0,0,0,0,0,0,Faisal Mubashir,GER
2541,Faisal Raza (NOR),14,0,0,0,0,0,0,0,0,0,0,0,Faisal Raza,NOR
2542,Faisal Safi (Fran),4,0,0,0,0,0,0,0,0,0,0,0,Faisal Safi,Fran
2543,Fakhar Zaman (PAK),56,0,0,0,0,0,0,0,0,0,0,0,Fakhar Zaman,PAK
2544,A Faletar (CRT),4,0,0,0,0,0,0,0,0,0,0,0,A Faletar,CRT
2545,D Faletar (CRT),4,0,0,0,0,0,0,0,0,0,0,0,D Faletar,CRT
2546,Faraaz Mehti Abbas (FIN),7,0,0,0,0,0,0,0,0,0,0,0,Faraaz Mehti Abbas,FIN
2547,Fareed Shius (MDV),2,0,0,0,0,0,0,0,0,0,0,0,Fareed Shius,MDV
2548,IM Farrell (GIBR),1,0,0,0,0,0,0,0,0,0,0,0,IM Farrell,GIBR
2549,LB Ferbrache (GUE),26,0,0,0,0,0,0,0,0,0,0,0,LB Ferbrache,GUE
2550,L Fereti (Samoa),3,0,0,0,0,0,0,0,0,0,0,0,L Fereti,Samoa
2551,A Ferguson (Arg),17,0,0,0,0,0,0,0,0,0,0,0,A Ferguson,Arg
2552,MNK Fernando (SL),3,0,0,0,0,0,0,0,0,0,0,0,MNK Fernando,SL
2553,WIA Fernando (SL),9,0,0,0,0,0,0,0,0,0,0,0,WIA Fernando,SL
2554,Fiaz Ahmed (BHR),60,0,0,0,0,0,0,0,0,0,0,0,Fiaz Ahmed,BHR
2555,J Figy (UAE),2,0,0,0,0,0,0,0,0,0,0,0,J Figy,UAE
2556,AJ Finch (AUS),20,0,0,0,0,0,0,0,0,0,0,0,AJ Finch,AUS
2557,B Fitchet (GUE),20,0,0,0,0,0,0,0,0,0,0,0,B Fitchet,GUE
2558,ADS Fletcher (WI),6,0,0,0,0,0,0,0,0,0,0,0,ADS Fletcher,WI
2559,AD Fofana (Mali),3,0,0,0,0,0,0,0,0,0,0,0,AD Fofana,Mali
2560,C Forbes (SWZ),9,0,0,0,0,0,0,0,0,0,0,0,C Forbes,SWZ
2561,S Fowler (BHM),1,0,0,0,0,0,0,0,0,0,0,0,S Fowler,BHM
2562,D Foxcroft (NZ),5,0,0,0,0,0,0,0,0,0,0,0,D Foxcroft,NZ
2563,J Fraser-McGurk (AUS),8,0,0,0,0,0,0,0,0,0,0,0,J Fraser-McGurk,AUS
2564,TS Fray (BER),30,0,0,0,0,0,0,0,0,0,0,0,TS Fray,BER
2565,SJ French (Samoa),10,0,0,0,0,0,0,0,0,0,0,0,SJ French,Samoa
2566,JD Freyone (GIBR),11,0,0,0,0,0,0,0,0,0,0,0,JD Freyone,GIBR
2567,RD Gaikwad (IND),21,0,0,0,0,0,0,0,0,0,0,0,RD Gaikwad,IND
2568,G Ganbold (MNG),13,0,0,0,0,0,0,0,0,0,0,0,G Ganbold,MNG
2569,I Ganness (),2,0,0,0,0,0,0,0,0,0,0,0,I Ganness,
2570,S Gantulga (MNG),6,0,0,0,0,0,0,0,0,0,0,0,S Gantulga,MNG
2571,A Gasteratos (GRC),6,0,0,0,0,0,0,0,0,0,0,0,A Gasteratos,GRC
2572,Gaurav Maithani (MLT),2,0,0,0,0,0,0,0,0,0,0,0,Gaurav Maithani,MLT
2573,EN Gay (ITA),3,0,0,0,0,0,0,0,0,0,0,0,EN Gay,ITA
2574,R Gaznavi (SGP),20,0,0,0,0,0,0,0,0,0,0,0,R Gaznavi,SGP
2575,HS Gericke (MLT),9,0,0,0,0,0,0,0,0,0,0,0,HS Gericke,MLT
2576,SC Getkate (IRE),5,0,0,0,0,0,0,0,0,0,0,0,SC Getkate,IRE
2577,K Ghalley (BHU),4,0,0,0,0,0,0,0,0,0,0,0,K Ghalley,BHU
2578,M Gill (CAN),1,0,0,0,0,0,0,0,0,0,0,0,M Gill,CAN
2579,MK Gnanasekaram (SUI),7,0,0,0,0,0,0,0,0,0,0,0,MK Gnanasekaram,SUI
2580,GF Gomes (MOZ),8,0,0,0,0,0,0,0,0,0,0,0,GF Gomes,MOZ
2581,SP Gomes (POR),12,0,0,0,0,0,0,0,0,0,0,0,SP Gomes,POR
2582,A Gorawara (HKG),4,0,0,0,0,0,0,0,0,0,0,0,A Gorawara,HKG
2583,PB Gouge (JER),9,0,0,0,0,0,0,0,0,0,0,0,PB Gouge,JER
2584,AGS Gous (USA),27,0,0,0,0,0,0,0,0,0,0,0,AGS Gous,USA
2585,A Govorko (CRT),4,0,0,0,0,0,0,0,0,0,0,0,A Govorko,CRT
2586,ZE Green (NAM),50,0,0,0,0,0,0,0,0,0,0,0,ZE Green,NAM
2587,C Greenshields (POR),3,0,0,0,0,0,0,0,0,0,0,0,C Greenshields,POR
2588,S Grover (CZK-R),13,0,0,0,0,0,0,0,0,0,0,0,S Grover,CZK-R
2589,S Gulecha (SGP),3,0,0,0,0,0,0,0,0,0,0,0,S Gulecha,SGP
2590,J Gumbie (ZIM),3,0,0,0,0,0,0,0,0,0,0,0,J Gumbie,ZIM
2591,D Gumyusenge (RWN),35,0,0,0,0,0,0,0,0,0,0,0,D Gumyusenge,RWN
2592,KDACK Gunarathne (CAM),3,0,0,0,0,0,0,0,0,0,0,0,KDACK Gunarathne,CAM
2593,G Gune (SGP),13,0,0,0,0,0,0,0,0,0,0,0,G Gune,SGP
2594,MJ Guptill (NZ),10,0,0,0,0,0,0,0,0,0,0,0,MJ Guptill,NZ
2595,Gurdeep Singh (KENYA),1,0,0,0,0,0,0,0,0,0,0,0,Gurdeep Singh,KENYA
2596,S Guruvayoorappan (Mex),7,0,0,0,0,0,0,0,0,0,0,0,S Guruvayoorappan,Mex
2597,GE Gutierrez Chavez (Mex),3,0,0,0,0,0,0,0,0,0,0,0,GE Gutierrez Chavez,Mex
2598,Habib Ahmadzai (AUT),8,0,0,0,0,0,0,0,0,0,0,0,Habib Ahmadzai,AUT
2599,Haider Ali (PAK),14,0,0,0,0,0,0,0,0,0,0,0,Haider Ali,PAK
2600,OJ Hairs (SCOT),18,0,0,0,0,0,0,0,0,0,0,0,OJ Hairs,SCOT
2601,H Hajnic (CRT),4,0,0,0,0,0,0,0,0,0,0,0,H Hajnic,CRT
2602,JB Hakizimana (RWN),2,0,0,0,0,0,0,0,0,0,0,0,JB Hakizimana,RWN
2603,SU Halarnkar (CRC),2,0,0,0,0,0,0,0,0,0,0,0,SU Halarnkar,CRC
2604,A Halbhavi (LUX),17,0,0,0,0,0,0,0,0,0,0,0,A Halbhavi,LUX
2605,AD Hales (ENG),15,0,0,0,0,0,0,0,0,0,0,0,AD Hales,ENG
2606,Hamed Khan (HKG),2,0,0,0,0,0,0,0,0,0,0,0,Hamed Khan,HKG
2607,Hammad Mirza (OMA),27,0,0,0,0,0,0,0,0,0,0,0,Hammad Mirza,OMA
2608,Hamza Tariq (CAN),5,0,0,0,0,0,0,0,0,0,0,0,Hamza Tariq,CAN
2609,K Hardat (Sur),7,0,0,0,0,0,0,0,0,0,0,0,K Hardat,Sur
2610,D Hardware (),2,0,0,0,0,0,0,0,0,0,0,0,D Hardware,
2611,RW Hartley (SRB),4,0,0,0,0,0,0,0,0,0,0,0,RW Hartley,SRB
2612,C Hartmann (IOM),19,0,0,0,0,0,0,0,0,0,0,0,C Hartmann,IOM
2613,E Hasahya (UGA),5,0,0,0,0,0,0,0,0,0,0,0,E Hasahya,UGA
2614,Hasan Nawaz (PAK),25,0,0,0,0,0,0,0,0,0,0,0,Hasan Nawaz,PAK
2615,Hasan Yanar (TKY),4,0,0,0,0,0,0,0,0,0,0,0,Hasan Yanar,TKY
2616,Haseebullah Khan (PAK),3,0,0,0,0,0,0,0,0,0,0,0,Haseebullah Khan,PAK
2617,Haseeb Ghafoor (KSA),20,0,0,0,0,0,0,0,0,0,0,0,Haseeb Ghafoor,KSA
2618,SAR Hashimi (BRA),1,0,0,0,0,0,0,0,0,0,0,0,SAR Hashimi,BRA
2619,Hashmatullah Shahidi (AFG),2,0,0,0,0,0,0,0,0,0,0,0,Hashmatullah Shahidi,AFG
2620,Hasnain Ul Wahab (OMA),1,0,0,0,0,0,0,0,0,0,0,0,Hasnain Ul Wahab,OMA
2621,Hassan Khan (GER),6,0,0,0,0,0,0,0,0,0,0,0,Hassan Khan,GER
2622,Hassan Rasheed (MDV),20,0,0,0,0,0,0,0,0,0,0,0,Hassan Rasheed,MDV
2623,P Hatchman (GIBR),4,0,0,0,0,0,0,0,0,0,0,0,P Hatchman,GIBR
2624,E Haven (BHM),6,0,0,0,0,0,0,0,0,0,0,0,E Haven,BHM
2625,MJ Hay (NZ),12,0,0,0,0,0,0,0,0,0,0,0,MJ Hay,NZ
2626,Hazratullah Zazai (AFG),25,0,0,0,0,0,0,0,0,0,0,0,Hazratullah Zazai,AFG
2627,N Henderson (SUI),2,0,0,0,0,0,0,0,0,0,0,0,N Henderson,SUI
2628,E Henry (),1,0,0,0,0,0,0,0,0,0,0,0,E Henry,
2629,FFJ Heo (INA),6,0,0,0,0,0,0,0,0,0,0,0,FFJ Heo,INA
2630,RA Herman (SA),7,0,0,0,0,0,0,0,0,0,0,0,RA Herman,SA
2631,SO Hetmyer (WI),40,0,0,0,0,0,0,0,0,0,0,0,SO Hetmyer,WI
2632,Het Patel (SWZ),3,0,0,0,0,0,0,0,0,0,0,0,Het Patel,SWZ
2633,J Hill (PHI),5,0,0,0,0,0,0,0,0,0,0,0,J Hill,PHI
2634,V Hirlal (Sur),8,0,0,0,0,0,0,0,0,0,0,0,V Hirlal,Sur
2635,S Hook (EST),28,0,0,0,0,0,0,0,0,0,0,0,S Hook,EST
2636,SD Hope (WI),52,0,0,0,0,0,0,0,0,0,0,0,SD Hope,WI
2637,T Horpinitch (SEY),4,0,0,0,0,0,0,0,0,0,0,0,T Horpinitch,SEY
2638,S Houghton (CRT),17,0,0,0,0,0,0,0,0,0,0,0,S Houghton,CRT
2639,V Hristov (BUL),1,0,0,0,0,0,0,0,0,0,0,0,V Hristov,BUL
2640,Htun Myat Hei (MYAN),2,0,0,0,0,0,0,0,0,0,0,0,Htun Myat Hei,MYAN
2641,Huang Junjie (CHN),7,0,0,0,0,0,0,0,0,0,0,0,Huang Junjie,CHN
2642,AS Hundal (CAN),1,0,0,0,0,0,0,0,0,0,0,0,AS Hundal,CAN
2643,M Ibrahim (CIV),4,0,0,0,0,0,0,0,0,0,0,0,M Ibrahim,CIV
2644,Ibrahim Altinoluk (TKY),2,0,0,0,0,0,0,0,0,0,0,0,Ibrahim Altinoluk,TKY
2645,Ibrahim Karim (SLE),3,0,0,0,0,0,0,0,0,0,0,0,Ibrahim Karim,SLE
2646,Ibrahim Kpaka (SLE),8,0,0,0,0,0,0,0,0,0,0,0,Ibrahim Kpaka,SLE
2647,Ibrahim Zadran (AFG),62,0,0,0,0,0,0,0,0,0,0,0,Ibrahim Zadran,AFG
2648,Idrees Ul Haque (SUI),14,0,0,0,0,0,0,0,0,0,0,0,Idrees Ul Haque,SUI
2649,Iftekar Jaman (CYP),3,0,0,0,0,0,0,0,0,0,0,0,Iftekar Jaman,CYP
2650,LU Igalagamage (SL),1,0,0,0,0,0,0,0,0,0,0,0,LU Igalagamage,SL
2651,Ihsanullah (AFG),1,0,0,0,0,0,0,0,0,0,0,0,Ihsanullah,AFG
2652,Ijaz Ahmad Ahmadzai (AFG),4,0,0,0,0,0,0,0,0,0,0,0,Ijaz Ahmad Ahmadzai,AFG
2653,AL Leutogi (Samoa),2,0,0,0,0,0,0,0,0,0,0,0,AL Leutogi,Samoa
2654,Imran (AFG),1,0,0,0,0,0,0,0,0,0,0,0,Imran,AFG
2655,Imran Ali Butt (BHR),15,0,0,0,0,0,0,0,0,0,0,0,Imran Ali Butt,BHR
2656,Imran Khan (POR),2,0,0,0,0,0,0,0,0,0,0,0,Imran Khan,POR
2657,JD Inglis (Chile),1,0,0,0,0,0,0,0,0,0,0,0,JD Inglis,Chile
2658,JP Inglis (AUS),46,0,0,0,0,0,0,0,0,0,0,0,JP Inglis,AUS
2659,Irfan Khan (PAK),14,0,0,0,0,0,0,0,0,0,0,0,Irfan Khan,PAK
2660,Ishan Kishan (IND),39,0,0,0,0,0,0,0,0,0,0,0,Ishan Kishan,IND
2661,Ismaeel Zia (SWE),8,0,0,0,0,0,0,0,0,0,0,0,Ismaeel Zia,SWE
2662,H Isorena (PHI),5,0,0,0,0,0,0,0,0,0,0,0,H Isorena,PHI
2663,D Issiaka (CIV),5,0,0,0,0,0,0,0,0,0,0,0,D Issiaka,CIV
2664,O Issouf (CIV),2,0,0,0,0,0,0,0,0,0,0,0,O Issouf,CIV
2665,M Iturbe (Arg),11,0,0,0,0,0,0,0,0,0,0,0,M Iturbe,Arg
2666,S Iturbe (Arg),12,0,0,0,0,0,0,0,0,0,0,0,S Iturbe,Arg
2667,B Ivanov (BUL),1,0,0,0,0,0,0,0,0,0,0,0,B Ivanov,BUL
2668,Ivan Splicevic (CRT),2,0,0,0,0,0,0,0,0,0,0,0,Ivan Splicevic,CRT
2669,JP Izeta (Falk),1,0,0,0,0,0,0,0,0,0,0,0,JP Izeta,Falk
2670,Izhar Hussain (SUI),4,0,0,0,0,0,0,0,0,0,0,0,Izhar Hussain,SUI
2671,AJ Jabiri (TAN),18,0,0,0,0,0,0,0,0,0,0,0,AJ Jabiri,TAN
2672,K Jack (),3,0,0,0,0,0,0,0,0,0,0,0,K Jack,
2673,HA Jackson (Fran),21,0,0,0,0,0,0,0,0,0,0,0,HA Jackson,Fran
2674,W Jackson (MWI),2,0,0,0,0,0,0,0,0,0,0,0,W Jackson,MWI
2675,BJ Jacobs (NZ),5,0,0,0,0,0,0,0,0,0,0,0,BJ Jacobs,NZ
2676,DF Jacobs (THA),1,0,0,0,0,0,0,0,0,0,0,0,DF Jacobs,THA
2677,V Jagannivasan (CZK-R),4,0,0,0,0,0,0,0,0,0,0,0,V Jagannivasan,CZK-R
2678,Jai Tiwari (SUI),2,0,0,0,0,0,0,0,0,0,0,0,Jai Tiwari,SUI
2679,Jaker Ali (BAN),48,0,0,0,0,0,0,0,0,0,0,0,Jaker Ali,BAN
2680,Y Jalloh (SLE),19,0,0,0,0,0,0,0,0,0,0,0,Y Jalloh,SLE
2681,H Jangariya (SWZ),8,0,0,0,0,0,0,0,0,0,0,0,H Jangariya,SWZ
2682,AA Jangoo (WI),7,0,0,0,0,0,0,0,0,0,0,0,AA Jangoo,WI
2683,RM Jariwala (USA),1,0,0,0,0,0,0,0,0,0,0,0,RM Jariwala,USA
2684,Jason Lui (HKG),1,0,0,0,0,0,0,0,0,0,0,0,Jason Lui,HKG
2685,Jassim Khan (QAT),12,0,0,0,0,0,0,0,0,0,0,0,Jassim Khan,QAT
2686,B Jaye (GMB),1,0,0,0,0,0,0,0,0,0,0,0,B Jaye,GMB
2687,S Jele (SWZ),6,0,0,0,0,0,0,0,0,0,0,0,S Jele,SWZ
2688,J Jemison (BHM),27,0,0,0,0,0,0,0,0,0,0,0,J Jemison,BHM
2689,JW Jenner (JER),33,0,0,0,0,0,0,0,0,0,0,0,JW Jenner,JER
2690,Jitin Singh (TAN),14,0,0,0,0,0,0,0,0,0,0,0,Jitin Singh,TAN
2691,A Johnmary (Fran),3,0,0,0,0,0,0,0,0,0,0,0,A Johnmary,Fran
2692,D Johnson (Falk),6,0,0,0,0,0,0,0,0,0,0,0,D Johnson,Falk
2693,MA Jones (SCOT),15,0,0,0,0,0,0,0,0,0,0,0,MA Jones,SCOT
2694,S Jora (NEP),33,0,0,0,0,0,0,0,0,0,0,0,S Jora,NEP
2695,Jordan O'Brien (FIN),20,0,0,0,0,0,0,0,0,0,0,0,Jordan O'Brien,FIN
2696,Jubaid Ahamed (Fran),5,0,0,0,0,0,0,0,0,0,0,0,Jubaid Ahamed,Fran
2697,M Jukic (CRT),2,0,0,0,0,0,0,0,0,0,0,0,M Jukic,CRT
2698,Junaed Mullah (SVN),2,0,0,0,0,0,0,0,0,0,0,0,Junaed Mullah,SVN
2699,JMV Junior (Fiji),2,0,0,0,0,0,0,0,0,0,0,0,JMV Junior,Fiji
2700,DC Jurel (IND),4,0,0,0,0,0,0,0,0,0,0,0,DC Jurel,IND
2701,YI Kachhalia (PAN),7,0,0,0,0,0,0,0,0,0,0,0,YI Kachhalia,PAN
2702,A Kadowaki Fleming (JPN),3,0,0,0,0,0,0,0,0,0,0,0,A Kadowaki Fleming,JPN
2703,A Kainessie (SLE),13,0,0,0,0,0,0,0,0,0,0,0,A Kainessie,SLE
2704,CN Kakuru (UGA),50,0,0,0,0,0,0,0,0,0,0,0,CN Kakuru,UGA
2705,Kalhan Challu (HKG),9,0,0,0,0,0,0,0,0,0,0,0,Kalhan Challu,HKG
2706,JP Kaltapau (VAN),25,0,0,0,0,0,0,0,0,0,0,0,JP Kaltapau,VAN
2707,Kalyan Manne (Mex),1,0,0,0,0,0,0,0,0,0,0,0,Kalyan Manne,Mex
2708,L Kamarlekar (ISR),1,0,0,0,0,0,0,0,0,0,0,0,L Kamarlekar,ISR
2709,Kamrul Hasan (SWZ),3,0,0,0,0,0,0,0,0,0,0,0,Kamrul Hasan,SWZ
2710,TS Kamunhukamwe (ZIM),7,0,0,0,0,0,0,0,0,0,0,0,TS Kamunhukamwe,ZIM
2711,TE Kane (IRE),2,0,0,0,0,0,0,0,0,0,0,0,TE Kane,IRE
2712,A Kansonkho (MWI),1,0,0,0,0,0,0,0,0,0,0,0,A Kansonkho,MWI
2713,Kapil Kumar (PHI),6,0,0,0,0,0,0,0,0,0,0,0,Kapil Kumar,PHI
2714,A Kapoor (CAN),2,0,0,0,0,0,0,0,0,0,0,0,A Kapoor,CAN
2715,IA Karim (KENYA),35,0,0,0,0,0,0,0,0,0,0,0,IA Karim,KENYA
2716,P Karoho (PNG),1,0,0,0,0,0,0,0,0,0,0,0,P Karoho,PNG
2717,SVA Karthikeyan (ROM),2,0,0,0,0,0,0,0,0,0,0,0,SVA Karthikeyan,ROM
2718,Kasir Ahmed (HUN),1,0,0,0,0,0,0,0,0,0,0,0,Kasir Ahmed,HUN
2719,N Katechis (GRC),4,0,0,0,0,0,0,0,0,0,0,0,N Katechis,GRC
2720,Kaung Ko Ko (MYAN),2,0,0,0,0,0,0,0,0,0,0,0,Kaung Ko Ko,MYAN
2721,Kau Qalo (Fiji),2,0,0,0,0,0,0,0,0,0,0,0,Kau Qalo,Fiji
2722,Kazim Somani (MWI),17,0,0,0,0,0,0,0,0,0,0,0,Kazim Somani,MWI
2723,J Kemp (JER),5,0,0,0,0,0,0,0,0,0,0,0,J Kemp,JER
2724,DK Kesuma (INA),68,0,0,0,0,0,0,0,0,0,0,0,DK Kesuma,INA
2725,Khalid Kail (OMA),21,0,0,0,0,0,0,0,0,0,0,0,Khalid Kail,OMA
2726,Khalid Shah (UAE),8,0,0,0,0,0,0,0,0,0,0,0,Khalid Shah,UAE
2727,D Khanal (NEP),3,0,0,0,0,0,0,0,0,0,0,0,D Khanal,NEP
2728,Khandubhai Ahir (PAN),3,0,0,0,0,0,0,0,0,0,0,0,Khandubhai Ahir,PAN
2729,N Khanna (MLT),10,0,0,0,0,0,0,0,0,0,0,0,N Khanna,MLT
2730,R Khanyapa (LES),5,0,0,0,0,0,0,0,0,0,0,0,R Khanyapa,LES
2731,P Khari (CZK-R),3,0,0,0,0,0,0,0,0,0,0,0,P Khari,CZK-R
2732,Khawaja Nafay (PAK),4,0,0,0,0,0,0,0,0,0,0,0,Khawaja Nafay,PAK
2733,Khizer Ahmed (NOR),28,0,0,0,0,0,0,0,0,0,0,0,Khizer Ahmed,NOR
2734,Khurram Nawaz (OMA),5,0,0,0,0,0,0,0,0,0,0,0,Khurram Nawaz,OMA
2735,JH Kiani (PHI),1,0,0,0,0,0,0,0,0,0,0,0,JH Kiani,PHI
2736,J Kila (PNG),3,0,0,0,0,0,0,0,0,0,0,0,J Kila,PNG
2737,S Kimura (JPN),5,0,0,0,0,0,0,0,0,0,0,0,S Kimura,JPN
2738,BA King (WI),70,0,0,0,0,0,0,0,0,0,0,0,BA King,WI
2739,H Kinga (CAM),3,0,0,0,0,0,0,0,0,0,0,0,H Kinga,CAM
2740,MO Kitunda (TAN),52,0,0,0,0,0,0,0,0,0,0,0,MO Kitunda,TAN
2741,H Klaasen (SA),30,0,0,0,0,0,0,0,0,0,0,0,H Klaasen,SA
2742,K Klesse (GER),3,0,0,0,0,0,0,0,0,0,0,0,K Klesse,GER
2743,FA Klokker (DEN),7,0,0,0,0,0,0,0,0,0,0,0,FA Klokker,DEN
2744,N Knights (IOM),13,0,0,0,0,0,0,0,0,0,0,0,N Knights,IOM
2745,B Kohler-Cadmore (GER),4,0,0,0,0,0,0,0,0,0,0,0,B Kohler-Cadmore,GER
2746,I Komba (SLE),1,0,0,0,0,0,0,0,0,0,0,0,I Komba,SLE
2747,JP Kotze (NAM),32,0,0,0,0,0,0,0,0,0,0,0,JP Kotze,NAM
2748,K Krishnakumar (BUL),6,0,0,0,0,0,0,0,0,0,0,0,K Krishnakumar,BUL
2749,Kristan Tillett (Blz),4,0,0,0,0,0,0,0,0,0,0,0,Kristan Tillett,Blz
2750,MB Kruger (NAM),29,0,0,0,0,0,0,0,0,0,0,0,MB Kruger,NAM
2751,Kuldeep (POR),14,0,0,0,0,0,0,0,0,0,0,0,Kuldeep,POR
2752,MR Kumar (UAE),6,0,0,0,0,0,0,0,0,0,0,0,MR Kumar,UAE
2753,J Kunnanchirakkal (MLT),4,0,0,0,0,0,0,0,0,0,0,0,J Kunnanchirakkal,MLT
2754,M Labuschagne (AUS),1,0,0,0,0,0,0,0,0,0,0,0,M Labuschagne,AUS
2755,DB Lakhani (SWE),1,0,0,0,0,0,0,0,0,0,0,0,DB Lakhani,SWE
2756,D Lambasa (CRT),3,0,0,0,0,0,0,0,0,0,0,0,D Lambasa,CRT
2757,TWM Latham (NZ),8,0,0,0,0,0,0,0,0,0,0,0,TWM Latham,NZ
2758,YC Latouche (CRC),1,0,0,0,0,0,0,0,0,0,0,0,YC Latouche,CRC
2759,JAD Lawrenson (JER),12,0,0,0,0,0,0,0,0,0,0,0,JAD Lawrenson,JER
2760,Lee Hyosin (SKOR),4,0,0,0,0,0,0,0,0,0,0,0,Lee Hyosin,SKOR
2761,E Lewis (WI),17,0,0,0,0,0,0,0,0,0,0,0,E Lewis,WI
2762,J Linton (CAY),3,0,0,0,0,0,0,0,0,0,0,0,J Linton,CAY
2763,I Lisboa (Chile),1,0,0,0,0,0,0,0,0,0,0,0,I Lisboa,Chile
2764,Litton Das (BAN),74,0,0,0,0,0,0,0,0,0,0,0,Litton Das,BAN
2765,CA Liyanage (MDV),1,0,0,0,0,0,0,0,0,0,0,0,CA Liyanage,MDV
2766,I Liyanage (QAT),46,0,0,0,0,0,0,0,0,0,0,0,I Liyanage,QAT
2767,S Loday (BHU),16,0,0,0,0,0,0,0,0,0,0,0,S Loday,BHU
2768,Lokesh Bam (NEP),22,0,0,0,0,0,0,0,0,0,0,0,Lokesh Bam,NEP
2769,D Long Martinez (ESP),2,0,0,0,0,0,0,0,0,0,0,0,D Long Martinez,ESP
2770,R Lutaaya (UGA),28,0,0,0,0,0,0,0,0,0,0,0,R Lutaaya,UGA
2771,Lwin Maw (MYAN),2,0,0,0,0,0,0,0,0,0,0,0,Lwin Maw,MYAN
2772,Maaz Patel (SWZ),1,0,0,0,0,0,0,0,0,0,0,0,Maaz Patel,SWZ
2773,Mabsar Abdulla (MDV),2,0,0,0,0,0,0,0,0,0,0,0,Mabsar Abdulla,MDV
2774,BR McDermott (AUS),8,0,0,0,0,0,0,0,0,0,0,0,BR McDermott,AUS
2775,M Machado (POR),11,0,0,0,0,0,0,0,0,0,0,0,M Machado,POR
2776,TSS Mackintosh (SCOT),2,0,0,0,0,0,0,0,0,0,0,0,TSS Mackintosh,SCOT
2777,C Madande (ZIM),41,0,0,0,0,0,0,0,0,0,0,0,C Madande,ZIM
2778,WL Madsen (ITA),8,0,0,0,0,0,0,0,0,0,0,0,WL Madsen,ITA
2779,P Magafas (GRC),4,0,0,0,0,0,0,0,0,0,0,0,P Magafas,GRC
2780,Mahmud Jasat (PAN),14,0,0,0,0,0,0,0,0,0,0,0,Mahmud Jasat,PAN
2781,Maidul Islam (EST),6,0,0,0,0,0,0,0,0,0,0,0,Maidul Islam,EST
2782,Z Makadji (Mali),8,0,0,0,0,0,0,0,0,0,0,0,Z Makadji,Mali
2783,MS Maker (TAN),11,0,0,0,0,0,0,0,0,0,0,0,MS Maker,TAN
2784,DJ Malan (ENG),26,0,0,0,0,0,0,0,0,0,0,0,DJ Malan,ENG
2785,C Malaya (MWI),6,0,0,0,0,0,0,0,0,0,0,0,C Malaya,MWI
2786,JS Malhotra (USA),5,0,0,0,0,0,0,0,0,0,0,0,JS Malhotra,USA
2787,G Malla (NEP),13,0,0,0,0,0,0,0,0,0,0,0,G Malla,NEP
2788,D Matla (SVN),8,0,0,0,0,0,0,0,0,0,0,0,D Matla,SVN
2789,MCE Manalo (PHI),1,0,0,0,0,0,0,0,0,0,0,0,MCE Manalo,PHI
2790,G Manan (ROM),4,0,0,0,0,0,0,0,0,0,0,0,G Manan,ROM
2791,Manan Bashir (BUL),13,0,0,0,0,0,0,0,0,0,0,0,Manan Bashir,BUL
2792,Mandeep Singh (NOR),5,0,0,0,0,0,0,0,0,0,0,0,Mandeep Singh,NOR
2793,T Manders (BER),23,0,0,0,0,0,0,0,0,0,0,0,T Manders,BER
2794,A Manepalli (LUX),9,0,0,0,0,0,0,0,0,0,0,0,A Manepalli,LUX
2795,SG Mangela (UGA),16,0,0,0,0,0,0,0,0,0,0,0,SG Mangela,UGA
2796,O Manishimwe (RWN),89,0,0,0,0,0,0,0,0,0,0,0,O Manishimwe,RWN
2797,Manoj Adhikari (BHU),11,0,0,0,0,0,0,0,0,0,0,0,Manoj Adhikari,BHU
2798,Manpreet Singh (ITA),6,0,0,0,0,0,0,0,0,0,0,0,Manpreet Singh,ITA
2799,Mansoor Malangzai (BEL),4,0,0,0,0,0,0,0,0,0,0,0,Mansoor Malangzai,BEL
2800,Mansoor Safi (AUT),13,0,0,0,0,0,0,0,0,0,0,0,Mansoor Safi,AUT
2801,Maqsood Ahmad (BEL),3,0,0,0,0,0,0,0,0,0,0,0,Maqsood Ahmad,BEL
2802,DS Maraiwai (Fiji),9,0,0,0,0,0,0,0,0,0,0,0,DS Maraiwai,Fiji
2803,M Mariyappan (SEY),3,0,0,0,0,0,0,0,0,0,0,0,M Mariyappan,SEY
2804,Z Marosy (HUN),1,0,0,0,0,0,0,0,0,0,0,0,Z Marosy,HUN
2805,J Marples (GIBR),11,0,0,0,0,0,0,0,0,0,0,0,J Marples,GIBR
2806,D Marsic (CRT),9,0,0,0,0,0,0,0,0,0,0,0,D Marsic,CRT
2807,JC Martin (GUE),3,0,0,0,0,0,0,0,0,0,0,0,JC Martin,GUE
2808,J Martins (POR),4,0,0,0,0,0,0,0,0,0,0,0,J Martins,POR
2809,T Marumani (ZIM),56,0,0,0,0,0,0,0,0,0,0,0,T Marumani,ZIM
2810,B Masauko (MWI),11,0,0,0,0,0,0,0,0,0,0,0,B Masauko,MWI
2811,S Mathur (HKG),12,0,0,0,0,0,0,0,0,0,0,0,S Mathur,HKG
2812,ID Matic (CRT),2,0,0,0,0,0,0,0,0,0,0,0,ID Matic,CRT
2813,D Mauro (Arg),4,0,0,0,0,0,0,0,0,0,0,0,D Mauro,Arg
2814,LF Mavume (MOZ),12,0,0,0,0,0,0,0,0,0,0,0,LF Mavume,MOZ
2815,L Maximo (BRA),10,0,0,0,0,0,0,0,0,0,0,0,L Maximo,BRA
2816,W Maximo (BRA),9,0,0,0,0,0,0,0,0,0,0,0,W Maximo,BRA
2817,NP Mayavo (ZIM),1,0,0,0,0,0,0,0,0,0,0,0,NP Mayavo,ZIM
2818,Mazhar Khan (SVN),5,0,0,0,0,0,0,0,0,0,0,0,Mazhar Khan,SVN
2819,R Mazumder (CYP),22,0,0,0,0,0,0,0,0,0,0,0,R Mazumder,CYP
2820,R Mbaiwa (BOT),3,0,0,0,0,0,0,0,0,0,0,0,R Mbaiwa,BOT
2821,V Mbazo (BOT),36,0,0,0,0,0,0,0,0,0,0,0,V Mbazo,BOT
2822,H McAleer (IOM),5,0,0,0,0,0,0,0,0,0,0,0,H McAleer,IOM
2823,A McAuley (IOM),18,0,0,0,0,0,0,0,0,0,0,0,A McAuley,IOM
2824,CM McBride (SCOT),3,0,0,0,0,0,0,0,0,0,0,0,CM McBride,SCOT
2825,FDW McCreath (SCOT),4,0,0,0,0,0,0,0,0,0,0,0,FDW McCreath,SCOT
2826,SS McKechnie (HKG),11,0,0,0,0,0,0,0,0,0,0,0,SS McKechnie,HKG
2827,A McKnight (),2,0,0,0,0,0,0,0,0,0,0,0,A McKnight,
2828,Md Ariyan (ROM),16,0,0,0,0,0,0,0,0,0,0,0,Md Ariyan,ROM
2829,J Mees (LUX),24,0,0,0,0,0,0,0,0,0,0,0,J Mees,LUX
2830,Meet Ahir (PAN),4,0,0,0,0,0,0,0,0,0,0,0,Meet Ahir,PAN
2831,Junaid Mehmood (NOR),11,0,0,0,0,0,0,0,0,0,0,0,Junaid Mehmood,NOR
2832,DA Mehta (TAN),12,0,0,0,0,0,0,0,0,0,0,0,DA Mehta,TAN
2833,BKG Mendis (SL),77,0,0,0,0,0,0,0,0,0,0,0,BKG Mendis,SL
2834,D Mendonca (TLS),8,0,0,0,0,0,0,0,0,0,0,0,D Mendonca,TLS
2835,J Meza (CRC),1,0,0,0,0,0,0,0,0,0,0,0,J Meza,CRC
2836,Mihir Patel (CAN),1,0,0,0,0,0,0,0,0,0,0,0,Mihir Patel,CAN
2837,J Mikulic (SVN),1,0,0,0,0,0,0,0,0,0,0,0,J Mikulic,SVN
2838,DA Miller (SA),45,0,0,0,0,0,0,0,0,0,0,0,DA Miller,SA
2839,G Miller (COK),2,0,0,0,0,0,0,0,0,0,0,0,G Miller,COK
2840,Mirza Ahsan (AUT),22,0,0,0,0,0,0,0,0,0,0,0,Mirza Ahsan,AUT
2841,Mirza Baig (PAK),3,0,0,0,0,0,0,0,0,0,0,0,Mirza Baig,PAK
2842,T Misi (Samoa),2,0,0,0,0,0,0,0,0,0,0,0,T Misi,Samoa
2843,A Modi (SGP),7,0,0,0,0,0,0,0,0,0,0,0,A Modi,SGP
2844,OK Mohamed (CIV),5,0,0,0,0,0,0,0,0,0,0,0,OK Mohamed,CIV
2845,Mohamed Arief (MAS),8,0,0,0,0,0,0,0,0,0,0,0,Mohamed Arief,MAS
2846,Mohamed Azzam (MDV),29,0,0,0,0,0,0,0,0,0,0,0,Mohamed Azzam,MDV
2847,Mohamed Fadiga (Mali),1,0,0,0,0,0,0,0,0,0,0,0,Mohamed Fadiga,Mali
2848,Mohamed Rishwan (MDV),18,0,0,0,0,0,0,0,0,0,0,0,Mohamed Rishwan,MDV
2849,Mohammad Abrar (QAT),4,0,0,0,0,0,0,0,0,0,0,0,Mohammad Abrar,QAT
2850,Mohammad Amin (KUW),2,0,0,0,0,0,0,0,0,0,0,0,Mohammad Amin,KUW
2851,Mohammad Bhaidu (Zamb),7,0,0,0,0,0,0,0,0,0,0,0,Mohammad Bhaidu,Zamb
2852,Mohammad Boota (UAE),3,0,0,0,0,0,0,0,0,0,0,0,Mohammad Boota,UAE
2853,Mohammad Haris (PAK),35,0,0,0,0,0,0,0,0,0,0,0,Mohammad Haris,PAK
2854,Mohammad Ihsan (ESP),24,0,0,0,0,0,0,0,0,0,0,0,Mohammad Ihsan,ESP
2855,Mohammad Ishaq (AFG),8,0,0,0,0,0,0,0,0,0,0,0,Mohammad Ishaq,AFG
2856,Mohammad Naim (BAN),6,0,0,0,0,0,0,0,0,0,0,0,Mohammad Naim,BAN
2857,Mohammed Rizlan (QAT),18,0,0,0,0,0,0,0,0,0,0,0,Mohammed Rizlan,QAT
2858,Mohammad Rizwan (PAK),51,0,0,0,0,0,0,0,0,0,0,0,Mohammad Rizwan,PAK
2859,Mohammad Shahzad (AFG),3,0,0,0,0,0,0,0,0,0,0,0,Mohammad Shahzad,AFG
2860,Mohammad Yasin (ESP),12,0,0,0,0,0,0,0,0,0,0,0,Mohammad Yasin,ESP
2861,AK Mohan (FIN),23,0,0,0,0,0,0,0,0,0,0,0,AK Mohan,FIN
2862,S Mohan (PHI),1,0,0,0,0,0,0,0,0,0,0,0,S Mohan,PHI
2863,SR Mohan (SEY),9,0,0,0,0,0,0,0,0,0,0,0,SR Mohan,SEY
2864,Mohmedazim Abbasbhai (Zamb),7,0,0,0,0,0,0,0,0,0,0,0,Mohmedazim Abbasbhai,Zamb
2865,Mohsin Shabbir (KSA),3,0,0,0,0,0,0,0,0,0,0,0,Mohsin Shabbir,KSA
2866,Mongdara Sok (CAM),9,0,0,0,0,0,0,0,0,0,0,0,Mongdara Sok,CAM
2867,RDS Morein (TLS),8,0,0,0,0,0,0,0,0,0,0,0,RDS Morein,TLS
2868,EJG Morgan (ENG),2,0,0,0,0,0,0,0,0,0,0,0,EJG Morgan,ENG
2869,AJ Mosca (ITA),23,0,0,0,0,0,0,0,0,0,0,0,AJ Mosca,ITA
2870,J Mosca (ITA),24,0,0,0,0,0,0,0,0,0,0,0,J Mosca,ITA
2871,S Movva (CAN),27,0,0,0,0,0,0,0,0,0,0,0,S Movva,CAN
2872,FJ Mpegna (CAM),8,0,0,0,0,0,0,0,0,0,0,0,FJ Mpegna,CAM
2873,Muaviath Ganee (MDV),2,0,0,0,0,0,0,0,0,0,0,0,Muaviath Ganee,MDV
2874,Mubasir Khan (PAK),1,0,0,0,0,0,0,0,0,0,0,0,Mubasir Khan,PAK
2875,A Mucyodusenge (RWN),4,0,0,0,0,0,0,0,0,0,0,0,A Mucyodusenge,RWN
2876,Mudassar Muhammad (GER),3,0,0,0,0,0,0,0,0,0,0,0,Mudassar Muhammad,GER
2877,Muhaddis Muhaddis (INA),4,0,0,0,0,0,0,0,0,0,0,0,Muhaddis Muhaddis,INA
2878,Muhammad Haziq Aiman (MAS),13,0,0,0,0,0,0,0,0,0,0,0,Muhammad Haziq Aiman,MAS
2879,Muhammad Zafar Khan (TAN),5,0,0,0,0,0,0,0,0,0,0,0,Muhammad Zafar Khan,TAN
2880,Muhammad Kashif (KUW),4,0,0,0,0,0,0,0,0,0,0,0,Muhammad Kashif,KUW
2881,Muhammad Khan (HKG),6,0,0,0,0,0,0,0,0,0,0,0,Muhammad Khan,HKG
2882,Muhammad Naeem (CAM),9,0,0,0,0,0,0,0,0,0,0,0,Muhammad Naeem,CAM
2883,Muhammad Safdar (BHR),3,0,0,0,0,0,0,0,0,0,0,0,Muhammad Safdar,BHR
2884,Muhammad Umar (KUW),25,0,0,0,0,0,0,0,0,0,0,0,Muhammad Umar,KUW
2885,Muhammad Usman (UAE),4,0,0,0,0,0,0,0,0,0,0,0,Muhammad Usman,UAE
2886,Muhammed Basil (BHR),5,0,0,0,0,0,0,0,0,0,0,0,Muhammed Basil,BHR
2887,Muhammad Babar (ESP),2,0,0,0,0,0,0,0,0,0,0,0,Muhammad Babar,ESP
2888,RG Mukasa (UGA),49,0,0,0,0,0,0,0,0,0,0,0,RG Mukasa,UGA
2889,Mukesh Singh (Mex),1,0,0,0,0,0,0,0,0,0,0,0,Mukesh Singh,Mex
2890,Mukhtar Ghulami (Fran),21,0,0,0,0,0,0,0,0,0,0,0,Mukhtar Ghulami,Fran
2891,SR Mukkamalla (USA),21,0,0,0,0,0,0,0,0,0,0,0,SR Mukkamalla,USA
2892,A Mundra (SWE),15,0,0,0,0,0,0,0,0,0,0,0,A Mundra,SWE
2893,Munim Shahriar (BAN),5,0,0,0,0,0,0,0,0,0,0,0,Munim Shahriar,BAN
2894,IS Munir (UGA),1,0,0,0,0,0,0,0,0,0,0,0,IS Munir,UGA
2895,E Munkhbat (MNG),2,0,0,0,0,0,0,0,0,0,0,0,E Munkhbat,MNG
2896,HG Munsey (SCOT),34,0,0,0,0,0,0,0,0,0,0,0,HG Munsey,SCOT
2897,T Munyonga (ZIM),36,0,0,0,0,0,0,0,0,0,0,0,T Munyonga,ZIM
2898,G Murali (CRC),5,0,0,0,0,0,0,0,0,0,0,0,G Murali,CRC
2899,R Murugan (CRT),3,0,0,0,0,0,0,0,0,0,0,0,R Murugan,CRT
2900,T Musekiwa (ZIM),41,0,0,0,0,0,0,0,0,0,0,0,T Musekiwa,ZIM
2901,Mushfiqur Rahim (BAN),3,0,0,0,0,0,0,0,0,0,0,0,Mushfiqur Rahim,BAN
2902,A Mustafa (Arg),8,0,0,0,0,0,0,0,0,0,0,0,A Mustafa,Arg
2903,L Mutale (Zamb),3,0,0,0,0,0,0,0,0,0,0,0,L Mutale,Zamb
2904,A Mutreja (SGP),13,0,0,0,0,0,0,0,0,0,0,0,A Mutreja,SGP
2905,Mutte Ikram (HUN),1,0,0,0,0,0,0,0,0,0,0,0,Mutte Ikram,HUN
2906,D Mutu (TKY),1,0,0,0,0,0,0,0,0,0,0,0,D Mutu,TKY
2907,R Mutumbami (ZIM),2,0,0,0,0,0,0,0,0,0,0,0,R Mutumbami,ZIM
2908,Muzammil Shahzad (PHI),3,0,0,0,0,0,0,0,0,0,0,0,Muzammil Shahzad,PHI
2909,M Mwamadi (MWI),3,0,0,0,0,0,0,0,0,0,0,0,M Mwamadi,MWI
2910,SJ Myburgh (NED),10,0,0,0,0,0,0,0,0,0,0,0,SJ Myburgh,NED
2911,Naeem Gull (SWZ),7,0,0,0,0,0,0,0,0,0,0,0,Naeem Gull,SWZ
2912,K Nagnama (CIV),2,0,0,0,0,0,0,0,0,0,0,0,K Nagnama,CIV
2913,Y Naing Tun (MYAN),14,0,0,0,0,0,0,0,0,0,0,0,Y Naing Tun,MYAN
2914,AR Nair (BHM),3,0,0,0,0,0,0,0,0,0,0,0,AR Nair,BHM
2915,Najibullah Zadran (AFG),39,0,0,0,0,0,0,0,0,0,0,0,Najibullah Zadran,AFG
2916,B Namsrai (MNG),13,0,0,0,0,0,0,0,0,0,0,0,B Namsrai,MNG
2917,Naseem Khushi (OMA),35,0,0,0,0,0,0,0,0,0,0,0,Naseem Khushi,OMA
2918,D Nath (NEP),4,0,0,0,0,0,0,0,0,0,0,0,D Nath,NEP
2919,R Nath (TKY),12,0,0,0,0,0,0,0,0,0,0,0,R Nath,TKY
2920,S Natsagdorj (MNG),4,0,0,0,0,0,0,0,0,0,0,0,S Natsagdorj,MNG
2921,S Navaratne (JPN),8,0,0,0,0,0,0,0,0,0,0,0,S Navaratne,JPN
2922,Nawazish Akhtar (KSA),11,0,0,0,0,0,0,0,0,0,0,0,Nawazish Akhtar,KSA
2923,Nay Lin Htun (MYAN),17,0,0,0,0,0,0,0,0,0,0,0,Nay Lin Htun,MYAN
2924,LR Naylor (SCOT),2,0,0,0,0,0,0,0,0,0,0,0,LR Naylor,SCOT
2925,Nazir Patel (PAN),2,0,0,0,0,0,0,0,0,0,0,0,Nazir Patel,PAN
2926,Nazmus Sakib (MAS),4,0,0,0,0,0,0,0,0,0,0,0,Nazmus Sakib,MAS
2927,Nazril Rahman (MAS),2,0,0,0,0,0,0,0,0,0,0,0,Nazril Rahman,MAS
2928,D Ndikubwimana (RWN),93,0,0,0,0,0,0,0,0,0,0,0,D Ndikubwimana,RWN
2929,S Nerandzic (SRB),1,0,0,0,0,0,0,0,0,0,0,0,S Nerandzic,SRB
2930,OE Newey (GUE),3,0,0,0,0,0,0,0,0,0,0,0,OE Newey,GUE
2931,FFZ Nhaduate (MOZ),8,0,0,0,0,0,0,0,0,0,0,0,FFZ Nhaduate,MOZ
2932,H Niaz (Fran),10,0,0,0,0,0,0,0,0,0,0,0,H Niaz,Fran
2933,OB Nightingale (GUE),34,0,0,0,0,0,0,0,0,0,0,0,OB Nightingale,GUE
2934,SY Nihute (MWI),20,0,0,0,0,0,0,0,0,0,0,0,SY Nihute,MWI
2935,A Nimaga (Mali),3,0,0,0,0,0,0,0,0,0,0,0,A Nimaga,Mali
2936,Nirmaljit Singh (CAM),9,0,0,0,0,0,0,0,0,0,0,0,Nirmaljit Singh,CAM
2937,P Nissanka (SL),79,0,0,0,0,0,0,0,0,0,0,0,P Nissanka,SL
2938,Niyas Pullariyil (MLT),2,0,0,0,0,0,0,0,0,0,0,0,Niyas Pullariyil,MLT
2939,W Niyitanga (RWN),57,0,0,0,0,0,0,0,0,0,0,0,W Niyitanga,RWN
2940,I Niyomugabo (RWN),25,0,0,0,0,0,0,0,0,0,0,0,I Niyomugabo,RWN
2941,F Nkhoma (MWI),2,0,0,0,0,0,0,0,0,0,0,0,F Nkhoma,MWI
2942,W Nkosana (BOT),1,0,0,0,0,0,0,0,0,0,0,0,W Nkosana,BOT
2943,Noorkhan Ahmedi (SUI),6,0,0,0,0,0,0,0,0,0,0,0,Noorkhan Ahmedi,SUI
2944,Noor Ali Zadran (AFG),3,0,0,0,0,0,0,0,0,0,0,0,Noor Ali Zadran,AFG
2945,S Norman (JER),3,0,0,0,0,0,0,0,0,0,0,0,S Norman,JER
2946,D Norotam (POR),8,0,0,0,0,0,0,0,0,0,0,0,D Norotam,POR
2947,Nouman Butt (NOR),2,0,0,0,0,0,0,0,0,0,0,0,Nouman Butt,NOR
2948,GM Ntambalika (MWI),20,0,0,0,0,0,0,0,0,0,0,0,GM Ntambalika,MWI
2949,Numan Ahmadzai (SUI),3,0,0,0,0,0,0,0,0,0,0,0,Numan Ahmadzai,SUI
2950,C Nunes (POR),5,0,0,0,0,0,0,0,0,0,0,0,C Nunes,POR
2951,Nurudeen Ibrahim (GHA),1,0,0,0,0,0,0,0,0,0,0,0,Nurudeen Ibrahim,GHA
2952,Nurul Hasan (BAN),25,0,0,0,0,0,0,0,0,0,0,0,Nurul Hasan,BAN
2953,HS Nyakatawa (SWZ),6,0,0,0,0,0,0,0,0,0,0,0,HS Nyakatawa,SWZ
2954,AA Obanda (KENYA),9,0,0,0,0,0,0,0,0,0,0,0,AA Obanda,KENYA
2955,JM Obando (CRC),1,0,0,0,0,0,0,0,0,0,0,0,JM Obando,CRC
2956,R Obuya (UGA),41,0,0,0,0,0,0,0,0,0,0,0,R Obuya,UGA
2957,AR Odedara (OMA),8,0,0,0,0,0,0,0,0,0,0,0,AR Odedara,OMA
2958,OE Olaleye (NGA),21,0,0,0,0,0,0,0,0,0,0,0,OE Olaleye,NGA
2959,Omair Yousuf (PAK),7,0,0,0,0,0,0,0,0,0,0,0,Omair Yousuf,PAK
2960,MH Oman (SVN),4,0,0,0,0,0,0,0,0,0,0,0,MH Oman,SVN
2961,Omar Hussain (LES),3,0,0,0,0,0,0,0,0,0,0,0,Omar Hussain,LES
2962,Omid Rahimi (BEL),3,0,0,0,0,0,0,0,0,0,0,0,Omid Rahimi,BEL
2963,CB Ondoa (CAM),7,0,0,0,0,0,0,0,0,0,0,0,CB Ondoa,CAM
2964,AA Onikoyi (NGA),15,0,0,0,0,0,0,0,0,0,0,0,AA Onikoyi,NGA
2965,CN Onwuzulike (NGA),7,0,0,0,0,0,0,0,0,0,0,0,CN Onwuzulike,NGA
2966,E Otgonbayar (MNG),9,0,0,0,0,0,0,0,0,0,0,0,E Otgonbayar,MNG
2967,A Otwani (UGA),3,0,0,0,0,0,0,0,0,0,0,0,A Otwani,UGA
2968,Ousman Bah (GMB),11,0,0,0,0,0,0,0,0,0,0,0,Ousman Bah,GMB
2969,MAP Ovalle (Chile),2,0,0,0,0,0,0,0,0,0,0,0,MAP Ovalle,Chile
2970,A Oxley (Blz),8,0,0,0,0,0,0,0,0,0,0,0,A Oxley,Blz
2971,J Pakeman (Blz),5,0,0,0,0,0,0,0,0,0,0,0,J Pakeman,Blz
2972,J Pakhiaokajee (THA),6,0,0,0,0,0,0,0,0,0,0,0,J Pakhiaokajee,THA
2973,R Panchal (ESP),8,0,0,0,0,0,0,0,0,0,0,0,R Panchal,ESP
2974,J Pant (LUX),1,0,0,0,0,0,0,0,0,0,0,0,J Pant,LUX
2975,RR Pant (IND),35,0,0,0,0,0,0,0,0,0,0,0,RR Pant,IND
2976,ASH Parsons (SKOR),4,0,0,0,0,0,0,0,0,0,0,0,ASH Parsons,SKOR
2977,P Suman Bhai Ahir (PAN),6,0,0,0,0,0,0,0,0,0,0,0,P Suman Bhai Ahir,PAN
2978,Parvez Hossain Emon (BAN),30,0,0,0,0,0,0,0,0,0,0,0,Parvez Hossain Emon,BAN
2979,B Passoni (BRA),1,0,0,0,0,0,0,0,0,0,0,0,B Passoni,BRA
2980,IKA Pastika (INA),3,0,0,0,0,0,0,0,0,0,0,0,IKA Pastika,INA
2981,DR Patankar (MLT),25,0,0,0,0,0,0,0,0,0,0,0,DR Patankar,MLT
2982,AAA Patel (LES),2,0,0,0,0,0,0,0,0,0,0,0,AAA Patel,LES
2983,HJ Patel (PAN),2,0,0,0,0,0,0,0,0,0,0,0,HJ Patel,PAN
2984,MD Patel (USA),31,0,0,0,0,0,0,0,0,0,0,0,MD Patel,USA
2985,RB Patel (UGA),23,0,0,0,0,0,0,0,0,0,0,0,RB Patel,UGA
2986,SB Patel (MLT),11,0,0,0,0,0,0,0,0,0,0,0,SB Patel,MLT
2987,SK Patel (USA),2,0,0,0,0,0,0,0,0,0,0,0,SK Patel,USA
2988,SN Pathirana (CYP),15,0,0,0,0,0,0,0,0,0,0,0,SN Pathirana,CYP
2989,KB Patil (Mex),7,0,0,0,0,0,0,0,0,0,0,0,KB Patil,Mex
2990,A Shirai-Patmore (JPN),36,0,0,0,0,0,0,0,0,0,0,0,A Shirai-Patmore,JPN
2991,Patrick Nou (PNG),2,0,0,0,0,0,0,0,0,0,0,0,Patrick Nou,PNG
2992,J Paveley (Falk),3,0,0,0,0,0,0,0,0,0,0,0,J Paveley,Falk
2993,Pel Vannak (CAM),8,0,0,0,0,0,0,0,0,0,0,0,Pel Vannak,CAM
2994,BBJL Perera (ITA),4,0,0,0,0,0,0,0,0,0,0,0,BBJL Perera,ITA
2995,MDKJ Perera (SL),35,0,0,0,0,0,0,0,0,0,0,0,MDKJ Perera,SL
2996,S Periyalwar (ROM),28,0,0,0,0,0,0,0,0,0,0,0,S Periyalwar,ROM
2997,JR Philippe (AUS),7,0,0,0,0,0,0,0,0,0,0,0,JR Philippe,AUS
2998,P Suanchuai (THA),24,0,0,0,0,0,0,0,0,0,0,0,P Suanchuai,THA
2999,Phon Bunthean (CAM),15,0,0,0,0,0,0,0,0,0,0,0,Phon Bunthean,CAM
3000,J Pickering (COK),5,0,0,0,0,0,0,0,0,0,0,0,J Pickering,COK
3001,F Pieters (SKOR),1,0,0,0,0,0,0,0,0,0,0,0,F Pieters,SKOR
3002,H Pile (GIBR),2,0,0,0,0,0,0,0,0,0,0,0,H Pile,GIBR
3003,EDS Pimheiro (TLS),8,0,0,0,0,0,0,0,0,0,0,0,EDS Pimheiro,TLS
3004,R Pisal (ROM),10,0,0,0,0,0,0,0,0,0,0,0,R Pisal,ROM
3005,B Pita (Samoa),1,0,0,0,0,0,0,0,0,0,0,0,B Pita,Samoa
3006,JS Pita (Samoa),3,0,0,0,0,0,0,0,0,0,0,0,JS Pita,Samoa
3007,R Poojary (Mex),10,0,0,0,0,0,0,0,0,0,0,0,R Poojary,Mex
3008,J Pook (Blz),3,0,0,0,0,0,0,0,0,0,0,0,J Pook,Blz
3009,N Pooran (WI),57,0,0,0,0,0,0,0,0,0,0,0,N Pooran,WI
3010,C Potgieter (POR),5,0,0,0,0,0,0,0,0,0,0,0,C Potgieter,POR
3011,VRCF Poubel (BRA),2,0,0,0,0,0,0,0,0,0,0,0,VRCF Poubel,BRA
3012,GY Prastama (INA),4,0,0,0,0,0,0,0,0,0,0,0,GY Prastama,INA
3013,LG Pretorius (SA),13,0,0,0,0,0,0,0,0,0,0,0,LG Pretorius,SA
3014,C Pyle (GIBR),13,0,0,0,0,0,0,0,0,0,0,0,C Pyle,GIBR
3015,Qateel Zabiullah (SUI),3,0,0,0,0,0,0,0,0,0,0,0,Qateel Zabiullah,SUI
3016,Moshiur Rahman (EST),1,0,0,0,0,0,0,0,0,0,0,0,Moshiur Rahman,EST
3017,Rahmanullah Gurbaz (AFG),69,0,0,0,0,0,0,0,0,0,0,0,Rahmanullah Gurbaz,AFG
3018,Rahmat Shah (AFG),1,0,0,0,0,0,0,0,0,0,0,0,Rahmat Shah,AFG
3019,KL Rahul (IND),16,0,0,0,0,0,0,0,0,0,0,0,KL Rahul,IND
3020,YK Rai (UAE),1,0,0,0,0,0,0,0,0,0,0,0,YK Rai,UAE
3021,PA Raikes (GIBR),16,0,0,0,0,0,0,0,0,0,0,0,PA Raikes,GIBR
3022,Rajab Hussain (HKG),2,0,0,0,0,0,0,0,0,0,0,0,Rajab Hussain,HKG
3023,PBB Rajapaksa (SL),27,0,0,0,0,0,0,0,0,0,0,0,PBB Rajapaksa,SL
3024,Raja Shoaib (SKOR),10,0,0,0,0,0,0,0,0,0,0,0,Raja Shoaib,SKOR
3025,AP Rajeevan (TAN),55,0,0,0,0,0,0,0,0,0,0,0,AP Rajeevan,TAN
3026,Rajkumar Rajendran (MAS),3,0,0,0,0,0,0,0,0,0,0,0,Rajkumar Rajendran,MAS
3027,A Rajshekara (ROM),8,0,0,0,0,0,0,0,0,0,0,0,A Rajshekara,ROM
3028,R Ramadhasyena (INA),4,0,0,0,0,0,0,0,0,0,0,0,R Ramadhasyena,INA
3029,T Ramautar (Sur),5,0,0,0,0,0,0,0,0,0,0,0,T Ramautar,Sur
3030,Ramiz Rao (Falk),2,0,0,0,0,0,0,0,0,0,0,0,Ramiz Rao,Falk
3031,RJ Ramjiawan (Sur),2,0,0,0,0,0,0,0,0,0,0,0,RJ Ramjiawan,Sur
3032,A Randhawa (AUT),28,0,0,0,0,0,0,0,0,0,0,0,A Randhawa,AUT
3033,Ranjit Singh (AUT),8,0,0,0,0,0,0,0,0,0,0,0,Ranjit Singh,AUT
3034,Rashid Hashmi (CRT),1,0,0,0,0,0,0,0,0,0,0,0,Rashid Hashmi,CRT
3035,C Rathanak (CAM),4,0,0,0,0,0,0,0,0,0,0,0,C Rathanak,CAM
3036,PF Ravarua (COK),2,0,0,0,0,0,0,0,0,0,0,0,PF Ravarua,COK
3037,G Raymond (COK),2,0,0,0,0,0,0,0,0,0,0,0,G Raymond,COK
3038,Ali Raza (BEL),26,0,0,0,0,0,0,0,0,0,0,0,Ali Raza,BEL
3039,Razmal Shigiwal (AUT),43,0,0,0,0,0,0,0,0,0,0,0,Razmal Shigiwal,AUT
3040,J Reb (SRB),2,0,0,0,0,0,0,0,0,0,0,0,J Reb,SRB
3041,Rejaul Karim (BRA),5,0,0,0,0,0,0,0,0,0,0,0,Rejaul Karim,BRA
3042,MT Renshaw (AUS),6,0,0,0,0,0,0,0,0,0,0,0,MT Renshaw,AUS
3043,CR Richards (STHEL),12,0,0,0,0,0,0,0,0,0,0,0,CR Richards,STHEL
3044,DL Richards (STHEL),5,0,0,0,0,0,0,0,0,0,0,0,DL Richards,STHEL
3045,DDE Richardson (BER),1,0,0,0,0,0,0,0,0,0,0,0,DDE Richardson,BER
3046,JDA Richardson (BER),12,0,0,0,0,0,0,0,0,0,0,0,JDA Richardson,BER
3047,MJ Richardson (GER),14,0,0,0,0,0,0,0,0,0,0,0,MJ Richardson,GER
3048,RD Rickelton (SA),29,0,0,0,0,0,0,0,0,0,0,0,RD Rickelton,SA
3049,G Riley (GMB),3,0,0,0,0,0,0,0,0,0,0,0,G Riley,GMB
3050,CP Rizwan (UAE),11,0,0,0,0,0,0,0,0,0,0,0,CP Rizwan,UAE
3051,Rizwan Mahmood (DEN),6,0,0,0,0,0,0,0,0,0,0,0,Rizwan Mahmood,DEN
3052,Rizwan Mangera (PAN),2,0,0,0,0,0,0,0,0,0,0,0,Rizwan Mangera,PAN
3053,Rizwan Zahoor (SVN),2,0,0,0,0,0,0,0,0,0,0,0,Rizwan Zahoor,SVN
3054,E Robinson (GUE),1,0,0,0,0,0,0,0,0,0,0,0,E Robinson,GUE
3055,TB Robinson (NZ),24,0,0,0,0,0,0,0,0,0,0,0,TB Robinson,NZ
3056,CM Rocca (GIBR),2,0,0,0,0,0,0,0,0,0,0,0,CM Rocca,GIBR
3057,NA Rock (IRE),12,0,0,0,0,0,0,0,0,0,0,0,NA Rock,IRE
3058,KTK Rodrigo (MDV),13,0,0,0,0,0,0,0,0,0,0,0,KTK Rodrigo,MDV
3059,AG Roe (Chile),2,0,0,0,0,0,0,0,0,0,0,0,AG Roe,Chile
3060,AK Roger (CIV),3,0,0,0,0,0,0,0,0,0,0,0,AK Roger,CIV
3061,Rohail Nazir (PAK),3,0,0,0,0,0,0,0,0,0,0,0,Rohail Nazir,PAK
3062,R Rohan (SGP),19,0,0,0,0,0,0,0,0,0,0,0,R Rohan,SGP
3063,Rohit Kumar (ROM),13,0,0,0,0,0,0,0,0,0,0,0,Rohit Kumar,ROM
3064,Rohit Limbu (BHU),4,0,0,0,0,0,0,0,0,0,0,0,Rohit Limbu,BHU
3065,Rony Talukdar (BAN),10,0,0,0,0,0,0,0,0,0,0,0,Rony Talukdar,BAN
3066,RR Rossouw (SA),14,0,0,0,0,0,0,0,0,0,0,0,RR Rossouw,SA
3067,JJ Roy (ENG),11,0,0,0,0,0,0,0,0,0,0,0,JJ Roy,ENG
3068,L Ruane (FIN),1,0,0,0,0,0,0,0,0,0,0,0,L Ruane,FIN
3069,RT Rubbi (INA),2,0,0,0,0,0,0,0,0,0,0,0,RT Rubbi,INA
3070,GR Russ (PHI),24,0,0,0,0,0,0,0,0,0,0,0,GR Russ,PHI
3071,Saad Khan (KSA),16,0,0,0,0,0,0,0,0,0,0,0,Saad Khan,KSA
3072,Sachin Mandy (GER),27,0,0,0,0,0,0,0,0,0,0,0,Sachin Mandy,GER
3073,P Sadev (ITA),4,0,0,0,0,0,0,0,0,0,0,0,P Sadev,ITA
3074,Mofassar Saeed (NOR),1,0,0,0,0,0,0,0,0,0,0,0,Mofassar Saeed,NOR
3075,Saghar Manzoor (CRT),17,0,0,0,0,0,0,0,0,0,0,0,Saghar Manzoor,CRT
3076,Sagor Hossain (CZK-R),2,0,0,0,0,0,0,0,0,0,0,0,Sagor Hossain,CZK-R
3077,AK Sah (NEP),13,0,0,0,0,0,0,0,0,0,0,0,AK Sah,NEP
3078,Sahibzada Farhan (PAK),43,0,0,0,0,0,0,0,0,0,0,0,Sahibzada Farhan,PAK
3079,BC Sahin (TKY),3,0,0,0,0,0,0,0,0,0,0,0,BC Sahin,TKY
3080,Said Hakim (BEL),2,0,0,0,0,0,0,0,0,0,0,0,Said Hakim,BEL
3081,Saif-Ul Islam (NOR),2,0,0,0,0,0,0,0,0,0,0,0,Saif-Ul Islam,NOR
3082,Saif Ullah Malik (MAS),1,0,0,0,0,0,0,0,0,0,0,0,Saif Ullah Malik,MAS
3083,Saim Hussain (BUL),18,0,0,0,0,0,0,0,0,0,0,0,Saim Hussain,BUL
3084,LN Saishiv (OMA),1,0,0,0,0,0,0,0,0,0,0,0,LN Saishiv,OMA
3085,B Sai Sudharsan (IND),1,0,0,0,0,0,0,0,0,0,0,0,B Sai Sudharsan,IND
3086,Sajid Cheema (KSA),1,0,0,0,0,0,0,0,0,0,0,0,Sajid Cheema,KSA
3087,TNM Soleh (INA),1,0,0,0,0,0,0,0,0,0,0,0,TNM Soleh,INA
3088,PD Salt (ENG),60,0,0,0,0,0,0,0,0,0,0,0,PD Salt,ENG
3089,D Samarawickrama (ITA),3,0,0,0,0,0,0,0,0,0,0,0,D Samarawickrama,ITA
3090,S Samarawickrama (SL),10,0,0,0,0,0,0,0,0,0,0,0,S Samarawickrama,SL
3091,BA Sambo (MOZ),4,0,0,0,0,0,0,0,0,0,0,0,BA Sambo,MOZ
3092,Samiallah Khalil (SWE),2,0,0,0,0,0,0,0,0,0,0,0,Samiallah Khalil,SWE
3093,Samir Patel (LES),7,0,0,0,0,0,0,0,0,0,0,0,Samir Patel,LES
3094,Samiullah Shinwari (AFG),1,0,0,0,0,0,0,0,0,0,0,0,Samiullah Shinwari,AFG
3095,Q Sampson (WI),3,0,0,0,0,0,0,0,0,0,0,0,Q Sampson,WI
3096,SV Samson (IND),51,0,0,0,0,0,0,0,0,0,0,0,SV Samson,IND
3097,R Sandaruwan (KUW),61,0,0,0,0,0,0,0,0,0,0,0,R Sandaruwan,KUW
3098,T Sandeep (SWZ),20,0,0,0,0,0,0,0,0,0,0,0,T Sandeep,SWZ
3099,BS Sandhu (SVN),1,0,0,0,0,0,0,0,0,0,0,0,BS Sandhu,SVN
3100,Sohel Ebrahim Desai (PAN),5,0,0,0,0,0,0,0,0,0,0,0,Sohel Ebrahim Desai,PAN
3101,S Sankar (KSA),9,0,0,0,0,0,0,0,0,0,0,0,S Sankar,KSA
3102,S Santhirakumaran (Fran),3,0,0,0,0,0,0,0,0,0,0,0,S Santhirakumaran,Fran
3103,AS Samra (PHI),23,0,0,0,0,0,0,0,0,0,0,0,AS Samra,PHI
3104,S Rungrueang (THA),26,0,0,0,0,0,0,0,0,0,0,0,S Rungrueang,THA
3105,Sathya Narayanan (SUI),5,0,0,0,0,0,0,0,0,0,0,0,Sathya Narayanan,SUI
3106,Saud (KSA),1,0,0,0,0,0,0,0,0,0,0,0,Saud,KSA
3107,A Saud (NEP),3,0,0,0,0,0,0,0,0,0,0,0,A Saud,NEP
3108,RHO Saunders (NOR),2,0,0,0,0,0,0,0,0,0,0,0,RHO Saunders,NOR
3109,S Savkovic (SRB),2,0,0,0,0,0,0,0,0,0,0,0,S Savkovic,SRB
3110,Sazzad Hosen (BEL),2,0,0,0,0,0,0,0,0,0,0,0,Sazzad Hosen,BEL
3111,JOP Scamans (FIN),12,0,0,0,0,0,0,0,0,0,0,0,JOP Scamans,FIN
3112,G Schachat (ISR),3,0,0,0,0,0,0,0,0,0,0,0,G Schachat,ISR
3113,J Scheffer (Falk),6,0,0,0,0,0,0,0,0,0,0,0,J Scheffer,Falk
3114,MJ Scotland (BER),7,0,0,0,0,0,0,0,0,0,0,0,MJ Scotland,BER
3115,Sediqullah Atal (AFG),29,0,0,0,0,0,0,0,0,0,0,0,Sediqullah Atal,AFG
3116,S Seelan (INA),1,0,0,0,0,0,0,0,0,0,0,0,S Seelan,INA
3117,TL Seifert (NZ),49,0,0,0,0,0,0,0,0,0,0,0,TL Seifert,NZ
3118,R Sekaran (EST),6,0,0,0,0,0,0,0,0,0,0,0,R Sekaran,EST
3119,II Selemani (TAN),54,0,0,0,0,0,0,0,0,0,0,0,II Selemani,TAN
3120,Selim Salau (NGA),33,0,0,0,0,0,0,0,0,0,0,0,Selim Salau,NGA
3121,AA Senn (CYP),10,0,0,0,0,0,0,0,0,0,0,0,AA Senn,CYP
3122,S Ssesazi (UGA),72,0,0,0,0,0,0,0,0,0,0,0,S Ssesazi,UGA
3123,A Sethunathan (CRT),3,0,0,0,0,0,0,0,0,0,0,0,A Sethunathan,CRT
3124,Shahadat Hossain (3) (BAN),3,0,0,0,0,0,0,0,0,0,0,0,Shahadat Hossain,3
3125,Shahbaz Badar (BHR),11,0,0,0,0,0,0,0,0,0,0,0,Shahbaz Badar,BHR
3126,Shahid Wasif (HKG),13,0,0,0,0,0,0,0,0,0,0,0,Shahid Wasif,HKG
3127,Shahnawaz Patel (Zamb),8,0,0,0,0,0,0,0,0,0,0,0,Shahnawaz Patel,Zamb
3128,Shahzaib Jamil (QAT),24,0,0,0,0,0,0,0,0,0,0,0,Shahzaib Jamil,QAT
3129,Shahzeb Afridi (QAT),5,0,0,0,0,0,0,0,0,0,0,0,Shahzeb Afridi,QAT
3130,Shakkir Kassim (QAT),1,0,0,0,0,0,0,0,0,0,0,0,Shakkir Kassim,QAT
3131,SP Shalders (Chile),2,0,0,0,0,0,0,0,0,0,0,0,SP Shalders,Chile
3132,Shan Masood (PAK),19,0,0,0,0,0,0,0,0,0,0,0,Shan Masood,PAK
3133,Shaof Hassan (MDV),12,0,0,0,0,0,0,0,0,0,0,0,Shaof Hassan,MDV
3134,B Sharki (NEP),2,0,0,0,0,0,0,0,0,0,0,0,B Sharki,NEP
3135,A Sharma (UAE),22,0,0,0,0,0,0,0,0,0,0,0,A Sharma,UAE
3136,JM Sharma (IND),16,0,0,0,0,0,0,0,0,0,0,0,JM Sharma,IND
3137,RG Sharma (IND),40,0,0,0,0,0,0,0,0,0,0,0,RG Sharma,IND
3138,Sharveen Surendran (MAS),2,0,0,0,0,0,0,0,0,0,0,0,Sharveen Surendran,MAS
3139,Shayan Jahangir (USA),22,0,0,0,0,0,0,0,0,0,0,0,Shayan Jahangir,USA
3140,D Sheeli (KUW),2,0,0,0,0,0,0,0,0,0,0,0,D Sheeli,KUW
3141,Shehzad Patel (SWZ),3,0,0,0,0,0,0,0,0,0,0,0,Shehzad Patel,SWZ
3142,MA Sherry (SGP),8,0,0,0,0,0,0,0,0,0,0,0,MA Sherry,SGP
3143,K Shivam (CRC),8,0,0,0,0,0,0,0,0,0,0,0,K Shivam,CRC
3144,Shoaib Khan (OMA),28,0,0,0,0,0,0,0,0,0,0,0,Shoaib Khan,OMA
3145,Shoaib Khan (GER),6,0,0,0,0,0,0,0,0,0,0,0,Shoaib Khan,GER
3146,PK Shoufeer (CAM),6,0,0,0,0,0,0,0,0,0,0,0,PK Shoufeer,CAM
3147,A Shreshta (NGA),10,0,0,0,0,0,0,0,0,0,0,0,A Shreshta,NGA
3148,Shubman Gill (IND),36,0,0,0,0,0,0,0,0,0,0,0,Shubman Gill,IND
3149,V Shukla (OMA),23,0,0,0,0,0,0,0,0,0,0,0,V Shukla,OMA
3150,P Sibiya (SWZ),1,0,0,0,0,0,0,0,0,0,0,0,P Sibiya,SWZ
3151,M Sidibe (Mali),3,0,0,0,0,0,0,0,0,0,0,0,M Sidibe,Mali
3152,Sikander Zulfiqar (NED),1,0,0,0,0,0,0,0,0,0,0,0,Sikander Zulfiqar,NED
3153,BA Simango (MOZ),2,0,0,0,0,0,0,0,0,0,0,0,BA Simango,MOZ
3154,Simba Mbaki (TAN),1,0,0,0,0,0,0,0,0,0,0,0,Simba Mbaki,TAN
3155,C Simmonds (GUE),1,0,0,0,0,0,0,0,0,0,0,0,C Simmonds,GUE
3156,D Simpson (COK),3,0,0,0,0,0,0,0,0,0,0,0,D Simpson,COK
3157,WA Simpson (SGP),6,0,0,0,0,0,0,0,0,0,0,0,WA Simpson,SGP
3158,M Simpson-Parker (AUT),31,0,0,0,0,0,0,0,0,0,0,0,M Simpson-Parker,AUT
3159,A Bhadauria (LUX),2,0,0,0,0,0,0,0,0,0,0,0,A Bhadauria,LUX
3160,G Singh (USA),7,0,0,0,0,0,0,0,0,0,0,0,G Singh,USA
3161,RK Singh (Mex),4,0,0,0,0,0,0,0,0,0,0,0,RK Singh,Mex
3162,S Singh (KENYA),48,0,0,0,0,0,0,0,0,0,0,0,S Singh,KENYA
3163,LSP Siriwardene (ISR),4,0,0,0,0,0,0,0,0,0,0,0,LSP Siriwardene,ISR
3164,Sivakumar (CAM),6,0,0,0,0,0,0,0,0,0,0,0,Sivakumar,CAM
3165,GH Smit (GUE),3,0,0,0,0,0,0,0,0,0,0,0,GH Smit,GUE
3166,JF Smith (SA),6,0,0,0,0,0,0,0,0,0,0,0,JF Smith,SA
3167,JL Smith (ENG),5,0,0,0,0,0,0,0,0,0,0,0,JL Smith,ENG
3168,L Smith (Fran),3,0,0,0,0,0,0,0,0,0,0,0,L Smith,Fran
3169,NJA Smith (PHI),3,0,0,0,0,0,0,0,0,0,0,0,NJA Smith,PHI
3170,S Smith (BER),27,0,0,0,0,0,0,0,0,0,0,0,S Smith,BER
3171,SPD Smith (AUS),15,0,0,0,0,0,0,0,0,0,0,0,SPD Smith,AUS
3172,Sohaib Khan (UAE),6,0,0,0,0,0,0,0,0,0,0,0,Sohaib Khan,UAE
3173,M Sohel Patel (PAN),10,0,0,0,0,0,0,0,0,0,0,0,M Sohel Patel,PAN
3174,Sojib Miah (CZK-R),3,0,0,0,0,0,0,0,0,0,0,0,Sojib Miah,CZK-R
3175,SM Solia (Samoa),6,0,0,0,0,0,0,0,0,0,0,0,SM Solia,Samoa
3176,E Solomon (ISR),9,0,0,0,0,0,0,0,0,0,0,0,E Solomon,ISR
3177,Soochan Park (SKOR),2,0,0,0,0,0,0,0,0,0,0,0,Soochan Park,SKOR
3178,S Srikanth (SGP),1,0,0,0,0,0,0,0,0,0,0,0,S Srikanth,SGP
3179,H Srinivasan (GER),1,0,0,0,0,0,0,0,0,0,0,0,H Srinivasan,GER
3180,U Srivastava (USA),2,0,0,0,0,0,0,0,0,0,0,0,U Srivastava,USA
3181,KJ Stagno (GIBR),25,0,0,0,0,0,0,0,0,0,0,0,KJ Stagno,GIBR
3182,CJ Stamp (PHI),4,0,0,0,0,0,0,0,0,0,0,0,CJ Stamp,PHI
3183,L Steenkamp (NAM),11,0,0,0,0,0,0,0,0,0,0,0,L Steenkamp,NAM
3184,C Stephenson (Blz),5,0,0,0,0,0,0,0,0,0,0,0,C Stephenson,Blz
3185,PR Stirling (IRE),69,0,0,0,0,0,0,0,0,0,0,0,PR Stirling,IRE
3186,L Stubbs (CRT),4,0,0,0,0,0,0,0,0,0,0,0,L Stubbs,CRT
3187,P Sua (Samoa),2,0,0,0,0,0,0,0,0,0,0,0,P Sua,Samoa
3188,Sufyan Yousaf (OMA),1,0,0,0,0,0,0,0,0,0,0,0,Sufyan Yousaf,OMA
3189,J Suleman (SWZ),5,0,0,0,0,0,0,0,0,0,0,0,J Suleman,SWZ
3190,Sumeet Verma (UGA),5,0,0,0,0,0,0,0,0,0,0,0,Sumeet Verma,UGA
3191,TE Sumiya (MNG),6,0,0,0,0,0,0,0,0,0,0,0,TE Sumiya,MNG
3192,Sunil (CAY),1,0,0,0,0,0,0,0,0,0,0,0,Sunil,CAY
3193,Suraj Kumar (OMA),2,0,0,0,0,0,0,0,0,0,0,0,Suraj Kumar,OMA
3194,T Suri (UAE),12,0,0,0,0,0,0,0,0,0,0,0,T Suri,UAE
3195,CR Suryawanshi (SGP),2,0,0,0,0,0,0,0,0,0,0,0,CR Suryawanshi,SGP
3196,K Suttisan (THA),6,0,0,0,0,0,0,0,0,0,0,0,K Suttisan,THA
3197,Swann Htet Ko Ko (MYAN),22,0,0,0,0,0,0,0,0,0,0,0,Swann Htet Ko Ko,MYAN
3198,Syed Haider (UAE),20,0,0,0,0,0,0,0,0,0,0,0,Syed Haider,UAE
3199,Syed Hussain (CYP),1,0,0,0,0,0,0,0,0,0,0,0,Syed Hussain,CYP
3200,Syed Naqvi (ITA),5,0,0,0,0,0,0,0,0,0,0,0,Syed Naqvi,ITA
3201,Syed Rehmatullah (MAS),7,0,0,0,0,0,0,0,0,0,0,0,Syed Rehmatullah,MAS
3202,Syed Tameem (QAT),1,0,0,0,0,0,0,0,0,0,0,0,Syed Tameem,QAT
3203,Tafseer Ali (NOR),8,0,0,0,0,0,0,0,0,0,0,0,Tafseer Ali,NOR
3204,T Takada (JPN),3,0,0,0,0,0,0,0,0,0,0,0,T Takada,JPN
3205,K Hiratsuka (JPN),1,0,0,0,0,0,0,0,0,0,0,0,K Hiratsuka,JPN
3206,Talha Khan (GER),15,0,0,0,0,0,0,0,0,0,0,0,Talha Khan,GER
3207,R Tanna (EST),1,0,0,0,0,0,0,0,0,0,0,0,R Tanna,EST
3208,Tanzid Hasan (BAN),45,0,0,0,0,0,0,0,0,0,0,0,Tanzid Hasan,BAN
3209,Tarun Sharma (Mex),2,0,0,0,0,0,0,0,0,0,0,0,Tarun Sharma,Mex
3210,Tarun Sharma (SVN),14,0,0,0,0,0,0,0,0,0,0,0,Tarun Sharma,SVN
3211,K Tathgur (CAN),14,0,0,0,0,0,0,0,0,0,0,0,K Tathgur,CAN
3212,DR Tawake (Fiji),6,0,0,0,0,0,0,0,0,0,0,0,DR Tawake,Fiji
3213,BRM Taylor (ZIM),14,0,0,0,0,0,0,0,0,0,0,0,BRM Taylor,ZIM
3214,LRPL Taylor (Samoa),4,0,0,0,0,0,0,0,0,0,0,0,LRPL Taylor,Samoa
3215,Tayyab Tahir (PAK),8,0,0,0,0,0,0,0,0,0,0,0,Tayyab Tahir,PAK
3216,Tayyeb Javed (TLS),1,0,0,0,0,0,0,0,0,0,0,0,Tayyeb Javed,TLS
3217,C Tear (SCOT),8,0,0,0,0,0,0,0,0,0,0,0,C Tear,SCOT
3218,TH Tector (IRE),6,0,0,0,0,0,0,0,0,0,0,0,TH Tector,IRE
3219,D Teinaki (COK),4,0,0,0,0,0,0,0,0,0,0,0,D Teinaki,COK
3220,KB Tember (INA),2,0,0,0,0,0,0,0,0,0,0,0,KB Tember,INA
3221,Te Senglong (CAM),3,0,0,0,0,0,0,0,0,0,0,0,Te Senglong,CAM
3222,K Thagunna (NEP),2,0,0,0,0,0,0,0,0,0,0,0,K Thagunna,NEP
3223,G Thakur (MLT),13,0,0,0,0,0,0,0,0,0,0,0,G Thakur,MLT
3224,S Tharanga (CYP),6,0,0,0,0,0,0,0,0,0,0,0,S Tharanga,CYP
3225,UNGB Thenannahelage (CZK-R),9,0,0,0,0,0,0,0,0,0,0,0,UNGB Thenannahelage,CZK-R
3226,JK Theodore (GHA),27,0,0,0,0,0,0,0,0,0,0,0,JK Theodore,GHA
3227,R Theruvath (QAT),6,0,0,0,0,0,0,0,0,0,0,0,R Theruvath,QAT
3228,VT Thiyanesh (SGP),1,0,0,0,0,0,0,0,0,0,0,0,VT Thiyanesh,SGP
3229,DC Thomas (WI),8,0,0,0,0,0,0,0,0,0,0,0,DC Thomas,WI
3230,F Thorpe (GMB),2,0,0,0,0,0,0,0,0,0,0,0,F Thorpe,GMB
3231,M Thurgate (JPN),2,0,0,0,0,0,0,0,0,0,0,0,M Thurgate,JPN
3232,CF Tlali (LES),17,0,0,0,0,0,0,0,0,0,0,0,CF Tlali,LES
3233,GY Tomar (UGA),2,0,0,0,0,0,0,0,0,0,0,0,GY Tomar,UGA
3234,C Tommy (VAN),12,0,0,0,0,0,0,0,0,0,0,0,C Tommy,VAN
3235,D Traore (Mali),7,0,0,0,0,0,0,0,0,0,0,0,D Traore,Mali
3236,J Trembeath-Moro (ESP),8,0,0,0,0,0,0,0,0,0,0,0,J Trembeath-Moro,ESP
3237,D Tresac (SRB),1,0,0,0,0,0,0,0,0,0,0,0,D Tresac,SRB
3238,RA Tripathi (IND),5,0,0,0,0,0,0,0,0,0,0,0,RA Tripathi,IND
3239,Tshering Tashi (2) (BHU),20,0,0,0,0,0,0,0,0,0,0,0,Tshering Tashi,2
3240,LJ Tucker (IRE),69,0,0,0,0,0,0,0,0,0,0,0,LJ Tucker,IRE
3241,S Tuitoga (Fiji),2,0,0,0,0,0,0,0,0,0,0,0,S Tuitoga,Fiji
3242,CP Turkich (CRT),9,0,0,0,0,0,0,0,0,0,0,0,CP Turkich,CRT
3243,AJ Turner (AUS),1,0,0,0,0,0,0,0,0,0,0,0,AJ Turner,AUS
3244,O Tuyisenge (RWN),81,0,0,0,0,0,0,0,0,0,0,0,O Tuyisenge,RWN
3245,B Tuyizere (RWN),3,0,0,0,0,0,0,0,0,0,0,0,B Tuyizere,RWN
3246,Ubaid Martuza (BHR),8,0,0,0,0,0,0,0,0,0,0,0,Ubaid Martuza,BHR
3247,S Udawaththa (UAE),1,0,0,0,0,0,0,0,0,0,0,0,S Udawaththa,UAE
3248,S Udhayan (SEY),5,0,0,0,0,0,0,0,0,0,0,0,S Udhayan,SEY
3249,J Umanath (Mex),2,0,0,0,0,0,0,0,0,0,0,0,J Umanath,Mex
3250,Umar Nawaz (SWE),9,0,0,0,0,0,0,0,0,0,0,0,Umar Nawaz,SWE
3251,Umer Toor (BHR),33,0,0,0,0,0,0,0,0,0,0,0,Umer Toor,BHR
3252,H Upadhyay (MNG),5,0,0,0,0,0,0,0,0,0,0,0,H Upadhyay,MNG
3253,TP Ura (PNG),33,0,0,0,0,0,0,0,0,0,0,0,TP Ura,PNG
3254,Usman Ghani (AFG),12,0,0,0,0,0,0,0,0,0,0,0,Usman Ghani,AFG
3255,Usman Khan (PAK),38,0,0,0,0,0,0,0,0,0,0,0,Usman Khan,PAK
3256,Usman Patel (KUW),56,0,0,0,0,0,0,0,0,0,0,0,Usman Patel,KUW
3257,Q Utmanzai (AUT),1,0,0,0,0,0,0,0,0,0,0,0,Q Utmanzai,AUT
3258,Uzair Amir (QAT),2,0,0,0,0,0,0,0,0,0,0,0,Uzair Amir,QAT
3259,M Vaik (EST),16,0,0,0,0,0,0,0,0,0,0,0,M Vaik,EST
3260,P Vailoa (COK),2,0,0,0,0,0,0,0,0,0,0,0,P Vailoa,COK
3261,B Vakatini (COK),6,0,0,0,0,0,0,0,0,0,0,0,B Vakatini,COK
3262,TV Valivarthi (HUN),5,0,0,0,0,0,0,0,0,0,0,0,TV Valivarthi,HUN
3263,AC Valthapa (UAE),1,0,0,0,0,0,0,0,0,0,0,0,AC Valthapa,UAE
3264,HE van der Dussen (SA),23,0,0,0,0,0,0,0,0,0,0,0,HE van der Dussen,SA
3265,M van Lingen (NAM),22,0,0,0,0,0,0,0,0,0,0,0,M van Lingen,NAM
3266,E Van Reenen (SRB),3,0,0,0,0,0,0,0,0,0,0,0,E Van Reenen,SRB
3267,HGV Vare (PNG),16,0,0,0,0,0,0,0,0,0,0,0,HGV Vare,PNG
3268,KM Venkataswamy (CZK-R),1,0,0,0,0,0,0,0,0,0,0,0,KM Venkataswamy,CZK-R
3269,SH Venugopal (SGP),13,0,0,0,0,0,0,0,0,0,0,0,SH Venugopal,SGP
3270,C Veretaki (Fiji),4,0,0,0,0,0,0,0,0,0,0,0,C Veretaki,Fiji
3271,FAS Villalobos (CRC),4,0,0,0,0,0,0,0,0,0,0,0,FAS Villalobos,CRC
3272,KA Vimlesh (ROM),6,0,0,0,0,0,0,0,0,0,0,0,KA Vimlesh,ROM
3273,Vinay Iyer (JPN),2,0,0,0,0,0,0,0,0,0,0,0,Vinay Iyer,JPN
3274,JM Vince (ENG),5,0,0,0,0,0,0,0,0,0,0,0,JM Vince,ENG
3275,Vineet Shah (INA),11,0,0,0,0,0,0,0,0,0,0,0,Vineet Shah,INA
3276,J Vira (VAN),7,0,0,0,0,0,0,0,0,0,0,0,J Vira,VAN
3277,BA Viraliliu (VAN),3,0,0,0,0,0,0,0,0,0,0,0,BA Viraliliu,VAN
3278,R Vishwanath (LUX),1,0,0,0,0,0,0,0,0,0,0,0,R Vishwanath,LUX
3279,RL Vitas (SRB),9,0,0,0,0,0,0,0,0,0,0,0,RL Vitas,SRB
3280,MS Wade (AUS),37,0,0,0,0,0,0,0,0,0,0,0,MS Wade,AUS
3281,Wafiullah Tarakhil (AFG),2,0,0,0,0,0,0,0,0,0,0,0,Wafiullah Tarakhil,AFG
3282,SB Wagh (Mex),8,0,0,0,0,0,0,0,0,0,0,0,SB Wagh,Mex
3283,Walid Sahibzada (BEL),4,0,0,0,0,0,0,0,0,0,0,0,Walid Sahibzada,BEL
3284,R Walker (CAY),13,0,0,0,0,0,0,0,0,0,0,0,R Walker,CAY
3285,Wang Liuyang (CHN),4,0,0,0,0,0,0,0,0,0,0,0,Wang Liuyang,CHN
3286,Wan Azam (MAS),1,0,0,0,0,0,0,0,0,0,0,0,Wan Azam,MAS
3287,Waqas Haider (SWE),3,0,0,0,0,0,0,0,0,0,0,0,Waqas Haider,SWE
3288,DA Warner (AUS),22,0,0,0,0,0,0,0,0,0,0,0,DA Warner,AUS
3289,C Watuwa (UGA),2,0,0,0,0,0,0,0,0,0,0,0,C Watuwa,UGA
3290,C Webster (IOM),8,0,0,0,0,0,0,0,0,0,0,0,C Webster,IOM
3291,Wei Guo Lei (CHN),11,0,0,0,0,0,0,0,0,0,0,0,Wei Guo Lei,CHN
3292,NR Welch (ZIM),7,0,0,0,0,0,0,0,0,0,0,0,NR Welch,ZIM
3293,B Wentzel (GUE),1,0,0,0,0,0,0,0,0,0,0,0,B Wentzel,GUE
3294,J West (GIBR),4,0,0,0,0,0,0,0,0,0,0,0,J West,GIBR
3295,SA Wijeyeratne (CAN),15,0,0,0,0,0,0,0,0,0,0,0,SA Wijeyeratne,CAN
3296,N Wijesekera (AUT),6,0,0,0,0,0,0,0,0,0,0,0,N Wijesekera,AUT
3297,GPK Wijesingha (MDV),6,0,0,0,0,0,0,0,0,0,0,0,GPK Wijesingha,MDV
3298,CG Williams (NAM),8,0,0,0,0,0,0,0,0,0,0,0,CG Williams,NAM
3299,KS Williamson (NZ),19,0,0,0,0,0,0,0,0,0,0,0,KS Williamson,NZ
3300,OR Willis (CAY),5,0,0,0,0,0,0,0,0,0,0,0,OR Willis,CAY
3301,M Worndl (CZK-R),5,0,0,0,0,0,0,0,0,0,0,0,M Worndl,CZK-R
3302,T Wuatai (COK),6,0,0,0,0,0,0,0,0,0,0,0,T Wuatai,COK
3303,Xie Kunkun (CHN),4,0,0,0,0,0,0,0,0,0,0,0,Xie Kunkun,CHN
3304,Xie Qiulai (CHN),1,0,0,0,0,0,0,0,0,0,0,0,Xie Qiulai,CHN
3305,AP Yadav (THA),41,0,0,0,0,0,0,0,0,0,0,0,AP Yadav,THA
3306,L Yamamoto-Lake (JPN),42,0,0,0,0,0,0,0,0,0,0,0,L Yamamoto-Lake,JPN
3307,M Yambayamba (Zamb),8,0,0,0,0,0,0,0,0,0,0,0,M Yambayamba,Zamb
3308,Yasir Ali (BAN),11,0,0,0,0,0,0,0,0,0,0,0,Yasir Ali,BAN
3309,E Yaver (TKY),4,0,0,0,0,0,0,0,0,0,0,0,E Yaver,TKY
3310,Yogev Nagavkar (ISR),5,0,0,0,0,0,0,0,0,0,0,0,Yogev Nagavkar,ISR
3311,D Young (STHEL),5,0,0,0,0,0,0,0,0,0,0,0,D Young,STHEL
3312,WA Young (NZ),12,0,0,0,0,0,0,0,0,0,0,0,WA Young,NZ
3313,Zaid Soulat (BUL),6,0,0,0,0,0,0,0,0,0,0,0,Zaid Soulat,BUL
3314,Zain Asif (BUL),4,0,0,0,0,0,0,0,0,0,0,0,Zain Asif,BUL
3315,Zakir Hasan (BAN),3,0,0,0,0,0,0,0,0,0,0,0,Zakir Hasan,BAN
3316,Jakir Patel (Zamb),10,0,0,0,0,0,0,0,0,0,0,0,Jakir Patel,Zamb
3317,Zeeshan Ali (HKG),68,0,0,0,0,0,0,0,0,0,0,0,Zeeshan Ali,HKG
3318,Sarfraz Butt (KSA),3,0,0,0,0,0,0,0,0,0,0,0,Sarfraz Butt,KSA
3319,Zeeshan Haider (QAT),4,0,0,0,0,0,0,0,0,0,0,0,Zeeshan Haider,QAT
3320,Zeeshan Khan (MLT),29,0,0,0,0,0,0,0,0,0,0,0,Zeeshan Khan,MLT
3321,Zhuang Zelin (CHN),11,0,0,0,0,0,0,0,0,0,0,0,Zhuang Zelin,CHN
3322,Zubaidi Zulkifle (MAS),65,0,0,0,0,0,0,0,0,0,0,0,Zubaidi Zulkifle,MAS
3323,Zubair Ali (QAT),14,0,0,0,0,0,0,0,0,0,0,0,Zubair Ali,QAT
3324,Zuhair Muhammad (KSA),3,0,0,0,0,0,0,0,0,0,0,0,Zuhair Muhammad,KSA
3325,L Zulu (SWZ),4,0,0,0,0,0,0,0,0,0,0,0,L Zulu,SWZ
3326,P Zuze (MWI),27,0,0,0,0,0,0,0,0,0,0,0,P Zuze,MWI
