,Player,Matches,Innings,Not_Out,Runs,Highest_Score,Average,Balls_Faced,SR,Hundreds,Fifties,Zeros,Fours,Sixes,Player_Name,Country
0,Muhammad Waseem (UAE),93,93,5,3191,112,36.26,2113,151.01,2,26,5,262,187,Muhammad Waseem,UAE
1,SA Yadav (IND),101,97,15,3028,117,36.92,1850,163.67,4,22,5,272,167,SA Yadav,IND
2,Sikandar Raza (ZIM),91,88,11,2565,133*,33.31,1766,145.24,1,16,7,192,137,Sikandar Raza,ZIM
3,Virandeep Singh (MAS),87,80,19,2496,116*,40.91,1890,132.06,1,20,6,209,107,Virandeep Singh,MAS
4,P Nissanka (SL),79,79,5,2346,107,31.7,1800,130.33,2,16,7,243,69,P Nissanka,SL
5,Syed Aziz (MAS),91,86,14,2135,126,29.65,1485,143.77,1,14,6,181,119,Syed Aziz,MAS
6,BKG Mendis (SL),77,77,6,2084,86,29.35,1599,130.33,0,15,5,192,74,BKG Mendis,SL
7,Babar Azam (PAK),72,68,8,1976,110*,32.93,1561,126.58,2,14,7,205,40,Babar Azam,PAK
8,Sohail Ahmed (BHR),77,72,28,1901,80*,43.2,1595,119.18,0,15,6,123,80,Sohail Ahmed,BHR
9,JC Buttler (ENG),67,63,5,1897,96,32.7,1216,156,0,13,6,189,85,JC Buttler,ENG
10,BJ Bennett (ZIM),58,58,6,1888,111,36.3,1314,143.68,1,12,3,215,58,BJ Bennett,ZIM
11,R Powell (WI),84,78,12,1884,107,28.54,1277,147.53,1,8,0,106,134,R Powell,WI
12,Ibrahim Zadran (AFG),62,62,9,1851,95*,34.92,1598,115.83,0,16,1,172,44,Ibrahim Zadran,AFG
13,Litton Das (BAN),74,73,4,1811,83,26.24,1410,128.43,0,12,2,178,54,Litton Das,BAN
14,Babar Hayat (HKG),79,75,9,1798,110,27.24,1385,129.81,1,10,6,94,124,Babar Hayat,HKG
15,A Sharafu (UAE),63,61,8,1782,90*,33.62,1345,132.49,0,14,1,172,74,A Sharafu,UAE
16,Mohammad Rizwan (PAK),51,49,9,1775,98*,44.37,1452,122.24,0,17,2,135,48,Mohammad Rizwan,PAK
17,K Kadowaki-Fleming (JPN),49,49,4,1760,114,39.11,1239,142.05,2,12,1,134,89,K Kadowaki-Fleming,JPN
18,Rahmanullah Gurbaz (AFG),69,69,0,1749,100,25.34,1301,134.43,1,10,8,141,87,Rahmanullah Gurbaz,AFG
19,Karanbir Singh (AUT),41,40,4,1721,115,47.8,1017,169.22,2,16,3,147,136,Karanbir Singh,AUT
20,S Ssesazi (UGA),72,70,8,1721,100*,27.75,1358,126.73,1,13,8,185,58,S Ssesazi,UGA
21,HH Pandya (IND),83,72,19,1717,71*,32.39,1177,145.87,0,9,2,133,93,HH Pandya,IND
22,PD Salt (ENG),60,56,6,1717,141*,34.34,1035,165.89,4,8,6,170,83,PD Salt,ENG
23,BA King (WI),70,69,5,1709,85*,26.7,1300,131.46,0,13,5,178,78,BA King,WI
24,Anshuman Rath (HKG),56,56,5,1689,100*,33.11,1316,128.34,1,10,2,175,34,Anshuman Rath,HKG
25,Sami Sohail (MWI),53,51,12,1676,96*,42.97,1321,126.87,0,11,3,141,58,Sami Sohail,MWI
26,Nizakat Khan (HKG),80,79,9,1674,81,23.91,1415,118.3,0,10,4,126,56,Nizakat Khan,HKG
27,Meet Bhavsar (KUW),63,63,5,1670,89,28.79,1283,130.16,0,13,4,144,59,Meet Bhavsar,KUW
28,DS Airee (NEP),68,60,14,1648,110*,35.82,1147,143.67,1,11,1,115,74,DS Airee,NEP
29,RK Paudel (NEP),69,66,11,1640,61,29.81,1352,121.3,0,8,1,127,52,RK Paudel,NEP
30,GD Phillips (NZ),61,54,8,1636,104,35.56,1137,143.88,1,10,1,127,71,GD Phillips,NZ
31,K Bhurtel (NEP),69,67,5,1607,104*,25.91,1286,124.96,1,9,5,153,64,K Bhurtel,NEP
32,Aasif Sheikh (NEP),67,66,2,1556,69,24.31,1315,118.32,0,9,2,145,56,Aasif Sheikh,NEP
33,Abdul Waheed (KSA),53,50,5,1510,110,33.55,1139,132.57,1,8,1,148,50,Abdul Waheed,KSA
34,D Ndikubwimana (RWN),93,87,7,1506,82*,18.82,1765,85.32,0,8,6,143,24,D Ndikubwimana,RWN
35,FH Allen (NZ),55,54,3,1498,137,29.37,885,169.26,3,6,4,126,107,FH Allen,NZ
36,Fiaz Ahmed (BHR),60,57,13,1495,105*,33.97,1226,121.94,1,7,5,98,77,Fiaz Ahmed,BHR
37,P Kurup (BHR),64,63,5,1486,74,25.62,1355,109.66,0,7,2,158,36,P Kurup,BHR
38,TL Seifert (NZ),49,46,6,1474,97*,36.85,951,154.99,0,11,3,148,68,TL Seifert,NZ
39,Ahmed Faiz (MAS),82,67,8,1472,105*,24.94,1176,125.17,1,7,5,105,62,Ahmed Faiz,MAS
40,DJ Mitchell (NZ),78,66,15,1470,72*,28.82,1035,142.02,0,7,1,97,57,DJ Mitchell,NZ
41,Ahmer Bin (BHR),94,73,21,1458,68*,28.03,1146,127.22,0,7,1,115,50,Ahmer Bin,BHR
42,RR Hendricks (SA),50,49,1,1455,117,30.31,1075,135.34,1,11,5,148,53,RR Hendricks,SA
43,MS Chapman (NZ),79,63,11,1452,104*,27.92,995,145.92,1,8,5,123,66,MS Chapman,NZ
44,R Sandaruwan (KUW),61,61,1,1439,102*,23.98,1027,140.11,1,8,5,119,85,R Sandaruwan,KUW
45,N Pooran (WI),57,55,4,1430,98,28.03,1008,141.86,0,9,1,92,98,N Pooran,WI
46,LJ Tucker (IRE),69,66,7,1423,94*,24.11,1133,125.59,0,9,7,132,38,LJ Tucker,IRE
47,HT Tector (IRE),70,65,11,1421,96*,26.31,1176,120.83,0,7,5,122,32,HT Tector,IRE
48,Faisal Khan (KSA),50,50,4,1406,101,30.56,820,171.46,1,9,6,142,86,Faisal Khan,KSA
49,Haider Butt (BHR),59,56,13,1402,79*,32.6,1148,122.12,0,8,2,92,62,Haider Butt,BHR
50,SD Hope (WI),52,52,9,1402,102*,32.6,1010,138.81,1,9,3,102,80,SD Hope,WI
51,RP Burl (ZIM),84,79,22,1391,67*,24.4,1087,127.96,0,3,5,107,55,RP Burl,ZIM
52,Abhishek Sharma (IND),45,44,2,1386,135,33,734,188.82,2,9,6,133,93,Abhishek Sharma,IND
53,Zeeshan Ali (HKG),68,59,12,1384,101,29.44,1003,137.98,1,7,2,149,49,Zeeshan Ali,HKG
54,NT Tilak Varma (IND),48,45,14,1382,120*,44.58,949,145.62,2,6,4,109,72,NT Tilak Varma,IND
55,AK Markram (SA),57,55,8,1378,86*,29.31,932,147.85,0,8,1,138,55,AK Markram,SA
56,MR Marsh (AUS),49,45,7,1335,103*,35.13,859,155.41,1,7,2,124,78,MR Marsh,AUS
57,Asif Ali (BHR),55,53,4,1329,100*,27.12,975,136.3,1,8,6,113,82,Asif Ali,BHR
58,SI Runsewe (NGA),66,66,8,1314,80,22.65,1174,111.92,0,8,2,146,17,SI Runsewe,NGA
59,HC Brook (ENG),63,55,12,1303,100,30.3,847,153.83,1,6,1,107,59,HC Brook,ENG
60,Asif Khan (UAE),56,56,10,1302,79,28.3,944,137.92,0,6,4,81,84,Asif Khan,UAE
61,Muhammad Tanveer (QAT),46,40,10,1299,88*,43.3,958,135.59,0,9,2,87,78,Muhammad Tanveer,QAT
62,Saim Ayub (PAK),67,64,3,1298,98*,21.27,955,135.91,0,6,10,136,59,Saim Ayub,PAK
63,PR Stirling (IRE),69,67,4,1289,77,20.46,990,130.2,0,5,5,147,52,PR Stirling,IRE
64,Q de Kock (SA),49,48,2,1268,115,27.56,823,154.07,2,8,7,124,68,Q de Kock,SA
65,Sahibzada Farhan (PAK),43,42,2,1265,100*,31.62,909,139.16,2,10,3,107,66,Sahibzada Farhan,PAK
66,RR Patel (KENYA),57,50,10,1258,120,31.45,912,137.93,1,7,3,108,62,RR Patel,KENYA
67,Fakhar Zaman (PAK),56,52,3,1241,84,25.32,931,133.29,0,7,3,106,56,Fakhar Zaman,PAK
68,Luqman Butt (CAM),45,41,6,1239,80*,35.4,838,147.85,0,6,1,105,71,Luqman Butt,CAM
69,Zubaidi Zulkifle (MAS),65,64,3,1230,96,20.16,853,144.19,0,4,11,127,58,Zubaidi Zulkifle,MAS
70,O Manishimwe (RWN),89,80,8,1228,89*,17.05,1314,93.45,0,6,10,121,26,O Manishimwe,RWN
71,Bilal Zalmai (AUT),42,41,5,1226,79*,34.05,773,158.6,0,11,2,126,70,Bilal Zalmai,AUT
72,GA Priandana (INA),69,66,10,1217,78*,21.73,1143,106.47,0,6,7,118,41,GA Priandana,INA
73,MG Erasmus (NAM),51,49,10,1209,100*,31,999,121.02,1,7,2,94,40,MG Erasmus,NAM
74,AR Patwa (TAN),47,47,5,1208,79,28.76,988,122.26,0,6,2,150,34,AR Patwa,TAN
75,MD Shanaka (SL),74,65,14,1205,76*,23.62,831,145,0,6,9,81,73,MD Shanaka,SL
76,A Balbirnie (IRE),51,51,1,1199,77,23.98,980,122.34,0,8,3,117,51,A Balbirnie,IRE
77,MP O'Dowd (NED),48,46,4,1193,92*,28.4,997,119.65,0,8,2,127,28,MP O'Dowd,NED
78,SV Samson (IND),51,43,5,1193,111,31.39,740,161.21,3,5,6,105,71,SV Samson,IND
79,I Danladi (NGA),56,52,6,1187,80,25.8,1024,115.91,0,5,0,105,33,I Danladi,NGA
80,I Liyanage (QAT),46,43,3,1179,86,29.47,947,124.49,0,9,4,124,34,I Liyanage,QAT
81,Towhid Hridoy (BAN),57,51,8,1177,83*,27.37,953,123.5,0,5,3,76,43,Towhid Hridoy,BAN
82,HG Munsey (SCOT),34,34,2,1166,132,36.43,832,140.14,1,7,1,118,50,HG Munsey,SCOT
83,DK Kesuma (INA),68,63,8,1162,117*,21.12,1012,114.82,3,1,5,125,44,DK Kesuma,INA
84,KIC Asalanka (SL),67,65,8,1161,69,20.36,934,124.3,0,4,7,73,56,KIC Asalanka,SL
85,Ishan Kishan (IND),39,39,0,1161,103,29.76,788,147.33,1,8,2,117,61,Ishan Kishan,IND
86,T Marumani (ZIM),56,56,3,1158,86,21.84,859,134.8,0,7,4,130,41,T Marumani,ZIM
87,Imran Anwar (BHR),92,63,3,1144,87,19.06,893,128.1,0,7,10,69,80,Imran Anwar,BHR
88,DP Conway (NZ),46,43,6,1137,92*,30.72,918,123.85,0,8,3,107,33,DP Conway,NZ
89,II Selemani (TAN),54,53,3,1127,71,22.54,785,143.56,0,5,5,122,62,II Selemani,TAN
90,Tanzid Hasan (BAN),45,45,5,1120,89,28,875,128,0,11,6,101,52,Tanzid Hasan,BAN
91,Riazat Ali Shah (UGA),52,47,14,1116,98*,33.81,940,118.72,0,3,3,86,43,Riazat Ali Shah,UGA
92,K Motlhanka (BOT),47,46,5,1115,84,27.19,1061,105.08,0,6,2,123,18,K Motlhanka,BOT
93,O Tuyisenge (RWN),81,76,4,1099,66,15.26,1131,97.17,0,3,11,103,27,O Tuyisenge,RWN
94,RG Mukasa (UGA),49,47,5,1091,89,25.97,849,128.5,0,5,8,128,33,RG Mukasa,UGA
95,Taranjeet Singh (ROM),36,35,3,1075,110,33.59,707,152.05,1,4,0,129,49,Taranjeet Singh,ROM
96,AP Rajeevan (TAN),55,50,10,1063,70,26.57,951,111.77,0,6,2,96,18,AP Rajeevan,TAN
97,GJ Maxwell (AUS),51,46,6,1053,120*,26.32,692,152.16,2,3,4,90,56,GJ Maxwell,AUS
98,TH David (AUS),57,46,12,1044,102*,30.7,600,174,1,5,5,77,75,TH David,AUS
99,RG Sharma (IND),40,40,4,1034,121*,28.72,724,142.81,1,6,5,99,55,RG Sharma,IND
100,GH Dockrell (IRE),71,63,20,1025,58*,23.83,737,139.07,0,2,5,82,44,GH Dockrell,IRE
101,AP Yadav (THA),41,41,7,1024,79*,30.11,966,106,0,6,2,105,19,AP Yadav,THA
102,JN Frylinck (NAM),51,44,5,1023,134,26.23,804,127.23,1,2,2,93,30,JN Frylinck,NAM
103,DA Miller (SA),45,40,13,1018,106*,37.7,713,142.77,1,5,3,65,62,DA Miller,SA
104,TM Head (AUS),37,36,1,1016,91,29.02,607,167.38,0,6,2,130,50,TM Head,AUS
105,Usman Patel (KUW),56,54,12,1002,111*,23.85,783,127.96,1,5,6,89,39,Usman Patel,KUW
106,JP Inglis (AUS),46,43,7,1000,110,27.77,627,159.48,2,2,4,104,39,JP Inglis,AUS
107,VP Thamotharam (MLT),46,43,5,997,63,26.23,678,147.05,0,8,2,62,69,VP Thamotharam,MLT
108,Razmal Shigiwal (AUT),43,39,6,995,95*,30.15,702,141.73,0,5,4,89,40,Razmal Shigiwal,AUT
109,Aqib Iqbal (AUT),67,54,13,989,66*,24.12,821,120.46,0,4,4,79,34,Aqib Iqbal,AUT
110,Faheem Nazir (SUI),27,27,4,985,113,42.82,675,145.92,2,7,1,113,29,Faheem Nazir,SUI
111,V Aravind (UAE),39,37,5,971,97*,30.34,858,113.17,0,6,4,95,22,V Aravind,UAE
112,T Stubbs (SA),52,43,11,967,76,30.21,727,133.01,0,2,3,75,37,T Stubbs,SA
113,V Kohli (IND),30,30,6,961,122*,40.04,716,134.21,1,9,4,79,33,V Kohli,IND
114,MWR Stokes (GUE),38,36,15,961,73,45.76,749,128.3,0,6,1,83,21,MWR Stokes,GUE
115,MP Stoinis (AUS),52,43,13,960,67*,32,629,152.62,0,5,0,75,50,MP Stoinis,AUS
116,C Campher (IRE),61,51,7,958,72*,21.77,764,125.39,0,4,5,77,29,C Campher,IRE
117,S Ravichandran (JPN),47,45,4,956,86*,23.31,778,122.87,0,5,2,89,22,S Ravichandran,JPN
118,V Saini (ROM),40,38,8,956,91*,31.86,750,127.46,0,5,4,86,23,V Saini,ROM
119,M Levitt (NED),30,29,1,945,135,33.75,669,141.25,1,6,1,82,50,M Levitt,NED
120,E Dusingizimana (RWN),56,54,3,936,66*,18.35,891,105.05,0,4,6,93,32,E Dusingizimana,RWN
121,PR Surve (INA),39,36,12,928,71*,38.66,812,114.28,0,4,1,71,29,PR Surve,INA
122,SO Hetmyer (WI),40,37,3,927,85,27.26,580,159.82,0,6,1,60,67,SO Hetmyer,WI
123,Mohammad Nabi (AFG),66,60,16,925,60,21.02,732,126.36,0,3,5,66,39,Mohammad Nabi,AFG
124,Salman Agha (PAK),52,48,8,916,76,22.9,744,123.11,0,6,4,80,32,Salman Agha,PAK
125,CO Obuya (KENYA),34,32,5,914,96*,33.85,675,135.4,0,5,3,69,61,CO Obuya,KENYA
126,Najmul Hossain Shanto (BAN),44,42,5,911,71,24.62,829,109.89,0,4,0,81,20,Najmul Hossain Shanto,BAN
127,A Johnson (CAN),31,31,3,910,121*,32.5,618,147.24,2,6,5,85,60,A Johnson,CAN
128,CV Anto (KUW),44,44,5,907,75,23.25,612,148.2,0,3,1,59,66,CV Anto,KUW
129,Manpreet Singh (SGP),41,39,1,903,71,23.76,674,133.97,0,5,6,47,44,Manpreet Singh,SGP
130,LA Dunbar (SRB),35,33,5,897,117,32.03,769,116.64,1,4,1,79,43,LA Dunbar,SRB
131,Yasim Murtaza (HKG),71,60,8,895,60,17.21,763,117.3,0,3,1,64,38,Yasim Murtaza,HKG
132,R Satheesan (ROM),35,33,3,886,99*,29.53,652,135.88,0,5,5,90,43,R Satheesan,ROM
133,SA Edwards (NED),50,48,11,885,99,23.91,722,122.57,0,2,1,63,22,SA Edwards,NED
134,Ahmad Ramdoni (INA),81,64,19,882,46,19.6,1001,88.11,0,0,3,67,29,Ahmad Ramdoni,INA
135,JW Jenner (JER),33,33,6,879,80*,32.55,567,155.02,0,3,3,76,37,JW Jenner,JER
136,TP Ura (PNG),33,32,3,878,93*,30.27,527,166.6,0,9,3,64,60,TP Ura,PNG
137,Shubman Gill (IND),36,36,5,869,126*,28.03,627,138.59,1,3,2,98,26,Shubman Gill,IND
138,IK Gamantika (INA),74,59,9,862,78*,17.24,893,96.52,0,1,3,61,24,IK Gamantika,INA
139,S Dube (IND),50,38,12,860,66,33.07,558,154.12,0,5,2,54,55,S Dube,IND
140,RN Patel (KENYA),41,40,7,859,75,26.03,707,121.49,0,3,3,87,21,RN Patel,KENYA
141,Muhammad Muneeb (BEL),36,36,1,855,73,24.42,672,127.23,0,5,7,95,31,Muhammad Muneeb,BEL
142,Kushal Malla (NEP),49,45,7,854,137*,22.47,634,134.7,1,3,3,43,57,Kushal Malla,NEP
143,R Shepherd (WI),70,54,23,853,52*,27.51,591,144.33,0,1,4,47,64,R Shepherd,WI
144,S Muniandy (MAS),85,65,15,850,60*,17,770,110.38,0,1,4,58,27,S Muniandy,MAS
145,AR Ramjani (UGA),65,45,11,850,78,25,646,131.57,0,5,3,66,31,AR Ramjani,UGA
146,MD Patel (USA),31,27,1,847,104,32.57,587,144.29,1,7,1,89,27,MD Patel,USA
147,Mohammad Ihsan (ESP),24,24,6,845,160,46.94,484,174.58,3,1,0,71,57,Mohammad Ihsan,ESP
148,SKS Gill (LUX),36,36,3,844,67*,25.57,830,101.68,0,3,4,74,13,SKS Gill,LUX
149,Shaheryar Butt (BEL),40,38,7,842,91,27.16,650,129.53,0,2,1,66,48,Shaheryar Butt,BEL
150,NA Greenwood (JER),29,29,3,834,86*,32.07,567,147.08,0,4,2,90,25,NA Greenwood,JER
151,HAM Shah (DEN),23,23,1,831,100,37.77,644,129.03,1,7,2,76,25,HAM Shah,DEN
152,G Mckeon (Fran),23,23,1,830,109,37.72,576,144.09,2,4,1,72,42,G Mckeon,Fran
153,Aqib Ilyas (OMA),31,30,2,829,90,29.6,652,127.14,0,7,3,69,34,Aqib Ilyas,OMA
154,Jatinder Singh (OMA),45,45,3,825,69,19.64,671,122.95,0,5,2,96,22,Jatinder Singh,OMA
155,L Yamamoto-Lake (JPN),42,42,3,825,134*,21.15,627,131.57,1,4,7,83,33,L Yamamoto-Lake,JPN
156,Adil Butt (SWZ),25,25,1,823,88*,34.29,510,161.37,0,8,2,87,43,Adil Butt,SWZ
157,KH Prajapati (OMA),44,44,5,819,74*,21,754,108.62,0,6,5,82,24,KH Prajapati,OMA
158,Saqlain Arshad (QAT),41,41,2,819,76,21,659,124.27,0,4,4,106,21,Saqlain Arshad,QAT
159,V Balakrishnan (BOT),40,38,2,813,101,22.58,724,112.29,2,3,0,78,26,V Balakrishnan,BOT
160,JJ Smit (NAM),45,39,14,810,111*,32.4,544,148.89,1,3,2,49,52,JJ Smit,NAM
161,Azmatullah Omarzai (AFG),66,55,10,808,53,17.95,641,126.05,0,1,6,49,39,Azmatullah Omarzai,AFG
162,W Madhevere (ZIM),58,53,7,808,73*,17.56,720,112.22,0,3,4,92,9,W Madhevere,ZIM
163,Manan Ali (KSA),47,43,8,803,52*,22.94,564,142.37,0,1,4,38,56,Manan Ali,KSA
164,J Charles (WI),35,35,0,801,118,22.88,587,136.45,1,1,5,78,47,J Charles,WI
165,AV Lazarus (THA),37,36,6,799,95,26.63,694,115.12,0,5,1,64,29,AV Lazarus,THA
166,DM Nakrani (UGA),56,48,16,797,77*,24.9,656,121.49,0,2,2,46,44,DM Nakrani,UGA
167,MDKJ Perera (SL),35,34,3,796,101,25.67,585,136.06,1,4,5,83,21,MDKJ Perera,SL
168,Selim Salau (NGA),33,32,0,793,112,24.78,716,110.75,1,1,1,74,18,Selim Salau,NGA
169,SE Rutherford (WI),47,42,10,791,76*,24.71,524,150.95,0,5,7,61,49,SE Rutherford,WI
170,Mohammad Nawaz (3) (PAK),68,56,11,788,45*,17.51,591,133.33,0,0,7,59,41,Mohammad Nawaz,3
171,H Lakov (BUL),28,27,5,784,78,35.63,670,117.01,0,4,0,68,13,H Lakov,BUL
172,J Baker (CAY),22,22,3,783,94,41.21,606,129.2,0,8,0,69,44,J Baker,CAY
173,H Thaker (CAN),47,40,9,783,53*,25.25,645,121.39,0,2,0,46,33,H Thaker,CAN
174,Zeeshan Maqsood (OMA),39,34,6,776,102*,27.71,613,126.59,1,3,2,68,35,Zeeshan Maqsood,OMA
175,C Rubagumya (RWN),80,67,13,773,40,14.31,904,85.5,0,0,10,50,10,C Rubagumya,RWN
176,Saber Zakhil (BEL),41,37,7,772,65,25.73,459,168.19,0,2,2,42,68,Saber Zakhil,BEL
177,SC Williams (ZIM),35,34,2,771,77,24.09,586,131.56,0,5,3,81,15,SC Williams,ZIM
178,AGS Gous (USA),27,26,1,770,81,30.8,539,142.85,0,6,1,67,42,AGS Gous,USA
179,MNM Aslam (KUW),63,45,6,767,55,19.66,646,118.73,0,3,3,68,20,MNM Aslam,KUW
180,RL Chase (WI),54,39,8,765,67*,24.67,614,124.59,0,4,4,69,20,RL Chase,WI
181,A Dizija (SRB),37,36,1,758,92,21.65,665,113.98,0,6,3,71,28,A Dizija,SRB
182,RD Berrington (SCOT),32,30,4,757,60,29.11,538,140.7,0,3,1,54,34,RD Berrington,SCOT
183,R Obuya (UGA),41,39,4,755,83,21.57,636,118.71,0,5,5,62,34,R Obuya,UGA
184,Jaker Ali (BAN),48,43,13,752,72*,25.06,611,123.07,0,3,1,41,41,Jaker Ali,BAN
185,Zeeshan Khan (MLT),29,29,1,749,115,26.75,605,123.8,1,3,2,87,21,Zeeshan Khan,MLT
186,KR Mayers (WI),39,37,1,748,73,20.77,557,134.29,0,3,1,68,49,KR Mayers,WI
187,Azyan Farhath (MDV),29,29,6,742,66*,32.26,863,85.97,0,5,0,58,12,Azyan Farhath,MDV
188,R Chopra (UAE),39,35,7,742,80,26.5,636,116.66,0,5,2,53,29,R Chopra,UAE
189,RD Rickelton (SA),29,29,3,741,77*,28.5,493,150.3,0,4,2,57,42,RD Rickelton,SA
190,Iftikhar Ahmed (PAK),49,40,7,740,60,22.42,584,126.71,0,3,2,45,36,Iftikhar Ahmed,PAK
191,A Vala (PNG),35,34,6,740,93*,26.42,622,118.97,0,4,1,63,24,A Vala,PNG
192,DMW Rawlins (BER),24,22,6,739,91,46.18,492,150.2,0,7,1,47,50,DMW Rawlins,BER
193,L Bruce (GIBR),36,35,3,737,99*,23.03,677,108.86,0,7,5,84,14,L Bruce,GIBR
194,SR Mukkamalla (USA),21,21,3,737,100*,40.94,494,149.19,1,6,0,72,31,SR Mukkamalla,USA
195,Shadab Khan (PAK),60,43,6,734,52,19.83,499,147.09,0,1,3,58,33,Shadab Khan,PAK
196,TW Nightingale (GUE),39,37,2,733,75,20.94,576,127.25,0,3,2,62,28,TW Nightingale,GUE
197,S Davizi (CZK-R),25,24,3,729,115*,34.71,525,138.85,2,3,1,85,24,S Davizi,CZK-R
198,GJ Delany (IRE),62,50,12,725,56,19.07,548,132.29,0,2,4,52,36,GJ Delany,IRE
199,IA Karim (KENYA),35,26,11,725,63*,48.33,724,100.13,0,3,0,59,9,IA Karim,KENYA
200,YBK Jaiswal (IND),23,22,2,723,100,36.15,440,164.31,1,5,2,82,38,YBK Jaiswal,IND
201,DA Warner (AUS),22,22,2,723,81,36.15,482,150,0,7,0,87,23,DA Warner,AUS
202,BA Pai (GIBR),30,28,6,720,86*,32.72,646,111.45,0,4,2,70,10,BA Pai,GIBR
203,N Nipiko (VAN),25,25,4,719,100,34.23,571,125.91,1,4,0,64,29,N Nipiko,VAN
204,D Doyle-Calle (ESP),35,31,6,717,72,28.68,525,136.57,0,3,0,50,38,D Doyle-Calle,ESP
205,D Kansonkho (MWI),47,46,5,715,41,17.43,767,93.22,0,0,2,68,14,D Kansonkho,MWI
206,C Chatphaisan (THA),58,56,3,714,70*,13.47,712,100.28,0,2,13,64,21,C Chatphaisan,THA
207,B McMullen (SCOT),27,26,3,709,96,30.82,482,147.09,0,7,2,58,36,B McMullen,SCOT
208,R Ravindra (NZ),45,39,9,704,69,23.46,504,139.68,0,4,1,54,31,R Ravindra,NZ
209,LS Livingstone (ENG),46,37,8,703,87,24.24,489,143.76,0,2,2,41,41,LS Livingstone,ENG
210,Walid Ghauri (NOR),24,23,2,703,100*,33.47,587,119.76,1,4,0,65,22,Walid Ghauri,NOR
211,W Niyitanga (RWN),57,56,5,702,55*,13.76,842,83.37,0,2,5,46,21,W Niyitanga,RWN
212,MM Ali (ENG),48,36,7,700,63,24.13,472,148.3,0,4,3,42,44,MM Ali,ENG
213,Lakshit Gupta (CAM),35,35,5,700,62,23.33,684,102.33,0,3,1,58,26,Lakshit Gupta,CAM
214,JG Bethell (ENG),31,29,5,697,105,29.04,465,149.89,1,3,0,56,40,JG Bethell,ENG
215,D Brevis (SA),30,28,2,697,125*,26.8,427,163.23,1,1,1,39,55,D Brevis,SA
216,Anjar Tadarus (INA),73,61,10,696,59*,13.64,781,89.11,0,1,8,65,18,Anjar Tadarus,INA
217,NS Dhaliwal (CAN),31,30,3,693,70*,25.66,560,123.75,0,5,3,59,28,NS Dhaliwal,CAN
218,JN Loftie-Eaton (NAM),44,35,5,691,101,23.03,484,142.76,1,1,2,69,30,JN Loftie-Eaton,NAM
219,NR Kirton (CAN),35,33,4,689,69*,23.75,541,127.35,0,2,0,47,28,NR Kirton,CAN
220,Mohammad Nadeem (OMA),45,36,9,688,77*,25.48,652,105.52,0,3,1,44,17,Mohammad Nadeem,OMA
221,Basil Hameed (UAE),57,47,15,685,51,21.4,548,125,0,2,3,37,35,Basil Hameed,UAE
222,SA Okpe (NGA),65,49,13,679,45*,18.86,625,108.64,0,0,4,43,24,SA Okpe,NGA
223,Aizaz Khan (HKG),60,52,9,678,48*,15.76,613,110.6,0,0,5,48,21,Aizaz Khan,HKG
224,Junaid Aziz (BHR),73,45,15,675,52,22.5,621,108.69,0,1,1,39,35,Junaid Aziz,BHR
225,CR Ervine (ZIM),37,37,2,672,70,19.2,630,106.66,0,5,4,68,11,CR Ervine,ZIM
226,IDM Latin (GIBR),30,30,5,672,89,26.88,519,129.47,0,4,2,58,29,IDM Latin,GIBR
227,MJ Santner (NZ),72,46,19,672,77*,24.88,490,137.14,0,2,2,58,29,MJ Santner,NZ
228,S Chandramohan (SGP),36,34,3,668,100,21.54,559,119.49,1,2,1,56,32,S Chandramohan,SGP
229,Gulsan Jha (NEP),55,44,12,668,54,20.87,471,141.82,0,1,1,34,49,Gulsan Jha,NEP
230,RK Singh (IND),45,33,16,665,69*,39.11,427,155.73,0,3,2,55,38,RK Singh,IND
231,JO Holder (WI),66,47,12,663,49,18.94,452,146.68,0,0,7,41,46,JO Holder,WI
232,Hamza Khan (RWN),36,35,5,661,75,22.03,646,102.32,0,3,3,50,23,Hamza Khan,RWN
233,HL Carlyon (JER),30,30,1,659,110,22.72,510,129.21,1,2,2,71,21,HL Carlyon,JER
234,A Limdawala (MWI),53,41,5,659,68,18.3,723,91.14,0,3,2,48,16,A Limdawala,MWI
235,Shakib Al Hasan (BAN),35,34,7,657,70,24.33,533,123.26,0,4,3,65,15,Shakib Al Hasan,BAN
236,KJ Stagno (GIBR),25,24,1,656,101,28.52,370,177.29,1,3,2,41,56,KJ Stagno,GIBR
237,J Butler (GUE),29,28,3,654,87,26.16,570,114.73,0,2,1,57,20,J Butler,GUE
238,BFW de Leede (NED),33,31,10,653,91*,31.09,602,108.47,0,4,2,50,15,BFW de Leede,NED
239,DJ Malan (ENG),26,25,3,653,82,29.68,525,124.38,0,5,2,66,21,DJ Malan,ENG
240,R Nehonde (BOT),42,35,8,653,60*,24.18,683,95.6,0,2,2,48,14,R Nehonde,BOT
241,Bilal Tahir (KUW),52,42,12,650,61*,21.66,459,141.61,0,1,2,35,48,Bilal Tahir,KUW
242,B Niaz (BEL),32,30,2,648,72*,23.14,464,139.65,0,3,4,53,36,B Niaz,BEL
243,S Bau (PNG),31,29,3,646,85,24.84,548,117.88,0,5,5,63,20,S Bau,PNG
244,RM Dorji (BHU),39,39,1,642,73,16.89,602,106.64,0,3,3,48,24,RM Dorji,BHU
245,K Nassoro (TAN),65,51,6,642,60,14.26,738,86.99,0,1,4,63,6,K Nassoro,TAN
246,S Singh (KENYA),48,43,7,640,54*,17.77,644,99.37,0,1,4,74,3,S Singh,KENYA
247,C Green (AUS),28,26,4,638,62*,29,420,151.9,0,6,1,49,36,C Green,AUS
248,Sarfaraz Ali (BHR),40,40,3,638,69*,17.24,481,132.64,0,3,4,56,46,Sarfaraz Ali,BHR
249,N Davin (NAM),21,21,3,634,89,35.22,480,132.08,0,5,0,70,19,N Davin,NAM
250,Waji Ul Hassan (KSA),36,30,5,634,115*,25.36,527,120.3,1,3,4,47,23,Waji Ul Hassan,KSA
251,WG Jacks (ENG),40,34,6,630,53*,22.5,428,147.19,0,1,1,59,29,WG Jacks,ENG
252,T Manders (BER),23,23,4,629,82,33.1,478,131.58,0,6,3,59,28,T Manders,BER
253,MR Adair (IRE),69,46,9,628,72,16.97,464,135.34,0,1,4,46,32,MR Adair,IRE
254,AR Patel (IND),78,47,13,624,65,18.35,462,135.06,0,1,4,46,25,AR Patel,IND
255,I Takahashi (JPN),50,45,8,623,54*,16.83,472,131.99,0,1,5,46,31,I Takahashi,JPN
256,Sediqullah Atal (AFG),29,29,2,621,73*,23,529,117.39,0,4,2,37,29,Sediqullah Atal,AFG
257,JDS Neesham (NZ),61,43,12,617,48,19.9,416,148.31,0,0,5,49,29,JDS Neesham,NZ
258,Afif Hossain (BAN),31,30,5,614,77*,24.56,510,120.39,0,2,1,45,19,Afif Hossain,BAN
259,F Damiao Couana (MOZ),27,26,4,610,76*,27.72,521,117.08,0,4,3,69,15,F Damiao Couana,MOZ
260,Muhammad Asim (QAT),24,23,7,608,67*,38,438,138.81,0,5,4,59,21,Muhammad Asim,QAT
261,Parvez Hossain Emon (BAN),30,30,2,607,100,21.67,466,130.25,1,3,7,50,39,Parvez Hossain Emon,BAN
262,RA Sealy (CAY),34,32,2,606,73*,20.2,454,133.48,0,2,3,38,35,RA Sealy,CAY
263,SM Curran (ENG),59,39,10,605,58,20.86,487,124.22,0,2,0,34,26,SM Curran,ENG
264,M Podosky (PHI),35,35,4,602,101,19.41,525,114.66,1,1,6,47,33,M Podosky,PHI
265,K Waiswa (UGA),61,48,10,602,66*,15.84,549,109.65,0,1,4,60,15,K Waiswa,UGA
266,V Ravindran (HUN),21,20,1,601,77,31.63,419,143.43,0,4,0,69,24,V Ravindran,HUN
267,Ayaan Khan (OMA),40,36,5,598,53*,19.29,549,108.92,0,1,1,38,18,Ayaan Khan,OMA
268,TS Bharaj (DEN),23,23,2,598,63,28.47,460,130,0,5,0,49,19,TS Bharaj,DEN
269,RD Gaikwad (IND),21,18,4,598,123*,42.71,413,144.79,1,4,1,62,24,RD Gaikwad,IND
270,Najibullah Zadran (AFG),39,36,11,598,57,23.92,456,131.14,0,2,4,42,32,Najibullah Zadran,AFG
271,Aritra Dutta (SGP),29,29,1,596,122,21.28,437,136.38,1,2,2,63,30,Aritra Dutta,SGP
272,SR Bhudia (KENYA),45,35,5,596,57*,19.86,482,123.65,0,2,1,54,17,SR Bhudia,KENYA
273,PHKD Mendis (SL),38,33,4,595,65*,20.51,453,131.34,0,3,2,49,25,PHKD Mendis,SL
274,Khizer Ahmed (NOR),28,28,2,592,64*,22.76,490,120.81,0,2,3,60,17,Khizer Ahmed,NOR
275,US Hathinjar (CAM),36,36,2,591,74*,17.38,500,118.2,0,4,7,54,31,US Hathinjar,CAM
276,V Vijh (LUX),33,33,4,590,53*,20.34,532,110.9,0,1,4,39,23,V Vijh,LUX
277,T Jamtsho (BHU),40,40,5,586,66*,16.74,496,118.14,0,3,5,51,30,T Jamtsho,BHU
278,RR Pant (IND),35,31,6,586,52*,23.44,443,132.27,0,1,1,67,16,RR Pant,IND
279,YS Samra (CAN),20,19,3,586,110,36.62,367,159.67,1,3,0,56,33,YS Samra,CAN
280,Ahmed Hassan (SUI),24,23,5,584,59,32.44,441,132.42,0,2,0,38,38,Ahmed Hassan,SUI
281,Basil George (MLT),25,25,2,583,103*,25.34,449,129.84,1,3,2,37,34,Basil George,MLT
282,Muhammad Amir (MAS),58,45,4,582,80,14.19,548,106.2,0,2,4,54,15,Muhammad Amir,MAS
283,R Mazumder (CYP),22,21,5,581,80*,36.31,507,114.59,0,4,1,70,6,R Mazumder,CYP
284,TC Barker (LUX),32,32,1,579,66,18.67,480,120.62,0,2,5,65,15,TC Barker,LUX
285,M Taylor (BHM),30,30,1,579,71*,19.96,603,96.01,0,3,4,56,23,M Taylor,BHM
286,IO Okpe (NGA),64,51,12,578,65*,14.82,483,119.66,0,2,4,26,25,IO Okpe,NGA
287,Saim Hussain (BUL),18,17,2,578,108*,38.53,394,146.7,1,4,1,51,26,Saim Hussain,BUL
288,D Visser (Samoa),17,17,3,578,132,41.28,384,150.52,3,1,1,56,32,D Visser,Samoa
289,Aman Desai (SGP),40,38,1,577,64,15.59,496,116.33,0,2,5,54,16,Aman Desai,SGP
290,AJ Mosca (ITA),23,21,6,573,78,38.2,447,128.18,0,4,2,44,22,AJ Mosca,ITA
291,E Beukes (CAM),43,38,13,571,39,22.84,460,124.13,0,0,4,33,35,E Beukes,CAM
292,Naseem Khushi (OMA),35,28,1,571,69,21.14,350,163.14,0,3,2,40,42,Naseem Khushi,OMA
293,CJA Amini (PNG),31,28,5,570,91*,24.78,501,113.77,0,3,4,51,15,CJA Amini,PNG
294,Dylan Steyn (CZK-R),21,21,0,568,106,27.04,429,132.4,1,2,0,68,8,Dylan Steyn,CZK-R
295,AS Samra (PHI),23,23,2,564,101,26.85,407,138.57,1,3,0,44,28,AS Samra,PHI
296,TB Robinson (NZ),24,21,3,561,106*,31.16,404,138.86,1,2,2,48,24,TB Robinson,NZ
297,Aaron Jones (USA),34,31,5,559,94*,21.5,478,116.94,0,1,1,29,32,Aaron Jones,USA
298,Tenjin Rabgey (BHU),36,36,1,559,74,15.97,630,88.73,0,4,6,47,14,Tenjin Rabgey,BHU
299,Mohammad Haris (PAK),35,34,2,555,107*,17.34,407,136.36,1,1,4,49,27,Mohammad Haris,PAK
300,Imal Zuwak (SWE),23,23,2,554,70,26.38,455,121.75,0,3,3,61,13,Imal Zuwak,SWE
301,KS Williamson (NZ),19,18,3,554,61,36.93,462,119.91,0,4,0,43,12,KS Williamson,NZ
302,MO Kitunda (TAN),52,43,3,551,46,13.77,576,95.65,0,0,5,45,17,MO Kitunda,TAN
303,H Klaasen (SA),30,28,5,551,81,23.95,389,141.64,0,2,1,40,31,H Klaasen,SA
304,A Sharma (UAE),22,22,2,550,74*,27.5,483,113.87,0,5,2,64,12,A Sharma,UAE
305,G Kansonkho (MWI),44,38,4,548,52,16.11,648,84.56,0,1,2,58,2,G Kansonkho,MWI
306,DC Smith (PHI),30,29,1,542,68,19.35,449,120.71,0,2,4,47,23,DC Smith,PHI
307,Umar Adam (MDV),28,28,0,541,56,19.32,380,142.36,0,3,3,39,38,Umar Adam,MDV
308,A Mansale (VAN),20,19,4,540,82,36,435,124.13,0,5,1,32,21,A Mansale,VAN
309,Raghav Dhawan (UGA),22,20,2,539,56,29.94,499,108.01,0,3,1,41,15,Raghav Dhawan,UGA
310,JJ Huo (MOZ),31,29,9,538,107*,26.9,459,117.21,1,0,2,53,15,JJ Huo,MOZ
311,AM Tribe (JER),21,20,2,532,73*,29.55,417,127.57,0,4,1,51,18,AM Tribe,JER
312,JP Kotze (NAM),32,28,4,531,78,22.12,441,120.4,0,2,5,58,23,JP Kotze,NAM
313,Zeeshan Kukikhel (HUN),23,23,1,530,137,24.09,358,148.04,1,2,1,46,32,Zeeshan Kukikhel,HUN
314,M Coetzee (HKG),31,29,1,528,102,18.85,406,130.04,1,3,2,71,12,M Coetzee,HKG
315,Luka Woods (SRB),13,13,2,528,112,48,369,143.08,1,4,1,39,30,Luka Woods,SRB
316,IDA Damarell (GUE),35,31,4,527,51,19.51,471,111.88,0,1,2,57,8,IDA Damarell,GUE
317,Iqbal Hossain (AUT),22,20,0,526,71,26.3,325,161.84,0,3,3,49,37,Iqbal Hossain,AUT
318,Hamza Dar (ESP),29,24,7,525,91*,30.88,329,159.57,0,3,2,34,32,Hamza Dar,ESP
319,KS Leverock (BER),11,11,1,525,103,52.5,323,162.53,1,3,0,48,30,KS Leverock,BER
320,SS Iyer (IND),19,19,4,524,74*,34.93,372,140.86,0,5,2,44,22,SS Iyer,IND
321,M Gogev (BUL),18,18,1,523,77*,30.76,343,152.47,0,5,2,42,35,M Gogev,BUL
322,S Gooch (EST),17,17,2,523,72*,34.86,432,121.06,0,5,1,46,16,S Gooch,EST
323,Abbas Ghani (HUN),22,21,0,522,66,24.85,340,153.52,0,5,4,51,26,Abbas Ghani,HUN
324,N Mugabe (KENYA),27,26,5,522,71,24.85,480,108.75,0,3,4,43,17,N Mugabe,KENYA
325,KD Abeyrathna (NOR),30,28,4,520,46*,21.66,509,102.16,0,0,0,49,9,KD Abeyrathna,NOR
326,BM Duckett (ENG),20,20,2,518,84,28.77,337,153.7,0,3,2,68,8,BM Duckett,ENG
327,Jaspal Singh (MLT),35,35,7,516,65*,18.42,479,107.72,0,3,2,40,23,Jaspal Singh,MLT
328,Darwish Rasooli (AFG),28,26,3,515,84,22.39,414,124.39,0,4,4,38,17,Darwish Rasooli,AFG
329,Aqeel Wahid (MAS),34,27,11,513,65*,32.06,423,121.27,0,1,2,27,19,Aqeel Wahid,MAS
330,AJ Finch (AUS),20,20,2,512,63,28.44,427,119.9,0,4,1,48,12,AJ Finch,AUS
331,Zahir Mohammed (HUN),33,31,0,509,85,16.41,341,149.26,0,3,4,34,38,Zahir Mohammed,HUN
332,Gulbadin Naib (AFG),32,29,7,506,63,23,399,126.81,0,3,5,36,24,Gulbadin Naib,AFG
333,PV Vuniwaqa (Fiji),16,16,1,505,72*,33.66,327,154.43,0,2,1,42,37,PV Vuniwaqa,Fiji
334,SA Ahmad (DEN),24,22,3,504,66,26.52,431,116.93,0,3,1,50,11,SA Ahmad,DEN
335,GR Adair (IRE),21,21,0,503,100,23.95,361,139.33,1,1,0,48,28,GR Adair,IRE
336,YSD Seneveratne (CAY),17,17,3,503,150*,35.92,398,126.38,1,3,0,38,27,YSD Seneveratne,CAY
337,WAE Burton (SRB),34,32,6,502,84*,19.3,359,139.83,0,2,6,49,30,WAE Burton,SRB
338,Umer Toor (BHR),33,33,1,501,72,15.65,434,115.43,0,2,4,40,28,Umer Toor,BHR
339,Hazratullah Zazai (AFG),25,25,2,498,59*,21.65,426,116.9,0,1,1,53,20,Hazratullah Zazai,AFG
340,D Gumyusenge (RWN),35,32,3,494,68,17.03,482,102.48,0,2,8,40,20,D Gumyusenge,RWN
341,C Madande (ZIM),41,34,7,493,53*,18.25,444,111.03,0,1,2,40,14,C Madande,ZIM
342,T Banton (ENG),26,23,5,491,73,27.27,320,153.43,0,3,0,45,23,T Banton,ENG
343,M Chadha (CAM),17,16,4,488,74,40.66,410,119.02,0,3,1,38,23,M Chadha,CAM
344,PW Hasaranga (SL),62,50,11,488,67,12.51,373,130.83,0,1,5,49,15,PW Hasaranga,SL
345,TS Fray (BER),30,27,3,487,62*,20.29,521,93.47,0,2,0,36,8,TS Fray,BER
346,Habib Khan (EST),20,18,0,487,90,27.05,351,138.74,0,2,1,39,27,Habib Khan,EST
347,SR Taylor (USA),18,18,1,487,101*,28.64,369,131.97,1,2,2,54,21,SR Taylor,USA
348,DJ Hawoe (INA),90,62,14,486,40,10.12,396,122.72,0,0,11,31,23,DJ Hawoe,INA
349,J Mosca (ITA),24,24,3,486,72,23.14,348,139.65,0,4,2,54,16,J Mosca,ITA
350,I Niyomugabo (RWN),25,24,4,485,59*,24.25,488,99.38,0,1,2,48,7,I Niyomugabo,RWN
351,P Baron (Arg),21,21,3,484,69*,26.88,405,119.5,0,4,0,58,12,P Baron,Arg
352,JM Bairstow (ENG),17,15,4,481,90,43.72,339,141.88,0,3,1,37,27,JM Bairstow,ENG
353,ZE Green (NAM),50,33,12,479,52*,22.8,407,117.69,0,1,1,43,9,ZE Green,NAM
354,Sahil Chauhan (EST),22,21,5,479,144*,29.93,260,184.23,1,1,2,27,43,Sahil Chauhan,EST
355,DM de Silva (SL),25,25,2,478,66*,20.78,388,123.19,0,1,2,45,12,DM de Silva,SL
356,M Campopiano (ITA),27,22,6,477,87*,29.81,400,119.25,0,3,2,39,14,M Campopiano,ITA
357,Hammad Mirza (OMA),27,27,2,477,62*,19.08,442,107.91,0,3,2,41,14,Hammad Mirza,OMA
358,K Mishara (SL),22,22,2,477,76,23.85,371,128.57,0,3,2,45,20,K Mishara,SL
359,M Akayezu (RWN),84,70,8,475,37*,7.66,466,101.93,0,0,13,31,21,M Akayezu,RWN
360,D Myers (ZIM),29,26,3,474,96,20.6,383,123.75,0,2,3,43,16,D Myers,ZIM
361,Usman Khan (PAK),38,32,7,474,53,18.96,389,121.85,0,2,2,40,12,Usman Khan,PAK
362,Mahmudullah (BAN),28,25,3,473,54,21.5,410,115.36,0,2,1,32,17,Mahmudullah,BAN
363,HE van der Dussen (SA),23,22,4,473,75*,26.27,379,124.8,0,4,1,34,22,HE van der Dussen,SA
364,MS Wade (AUS),37,26,15,473,45*,43,322,146.89,0,0,0,41,17,MS Wade,AUS
365,Arslan Amjad (EST),28,27,1,472,64,18.15,423,111.58,0,3,5,32,21,Arslan Amjad,EST
366,O Harvey (GHA),31,29,3,472,107*,18.15,510,92.54,1,0,3,28,14,O Harvey,GHA
367,SKA Awiah (GHA),29,29,4,470,96*,18.8,491,95.72,0,2,4,48,8,SKA Awiah,GHA
368,Janak Prakash (SGP),28,28,7,470,56,22.38,375,125.33,0,1,0,28,19,Janak Prakash,SGP
369,L Siaka (PNG),35,32,3,470,55,16.2,396,118.68,0,1,3,32,16,L Siaka,PNG
370,MA Leask (SCOT),35,32,5,469,46,17.37,370,126.75,0,0,1,30,24,MA Leask,SCOT
371,J Bangura (SLE),38,33,4,468,52*,16.13,598,78.26,0,1,3,33,4,J Bangura,SLE
372,AE Paraam (SGP),14,13,4,466,100*,51.77,331,140.78,1,3,1,45,15,AE Paraam,SGP
373,Ali Raza (BEL),26,24,0,466,64,19.41,284,164.08,0,3,2,49,29,Ali Raza,BEL
374,PA Raikes (GIBR),16,16,1,465,74*,31,361,128.8,0,4,0,44,19,PA Raikes,GIBR
375,MH Cross (SCOT),31,28,5,463,49,20.13,407,113.75,0,0,0,39,9,MH Cross,SCOT
376,Shayan Jahangir (USA),22,21,6,462,61,30.8,342,135.08,0,2,1,41,18,Shayan Jahangir,USA
377,R Bakum (GHA),27,27,3,461,71,19.2,423,108.98,0,2,1,29,18,R Bakum,GHA
378,MTMMJ Ave (COK),17,17,5,460,92*,38.33,426,107.98,0,3,0,40,17,MTMMJ Ave,COK
379,Mohammad Ahnaff (QAT),21,20,4,460,60*,28.75,411,111.92,0,3,0,36,20,Mohammad Ahnaff,QAT
380,Arjun Vinod (SUI),26,26,5,460,67,21.9,435,105.74,0,1,2,43,9,Arjun Vinod,SUI
381,K Irakoze (RWN),64,50,7,458,60,10.65,426,107.51,0,1,12,32,20,K Irakoze,RWN
382,DS Bajwa (CAN),21,21,3,457,56,25.38,356,128.37,0,4,2,43,16,DS Bajwa,CAN
383,Hasan Nawaz (PAK),25,24,2,457,105*,20.77,296,154.39,1,2,5,24,34,Hasan Nawaz,PAK
384,L Lamin (SLE),37,33,8,457,52*,18.28,441,103.62,0,1,6,25,26,L Lamin,SLE
385,Saad Bin Zafar (CAN),52,30,15,456,33*,30.4,369,123.57,0,0,1,39,15,Saad Bin Zafar,CAN
386,Hisham Shaikh (KSA),37,28,8,455,47*,22.75,490,92.85,0,0,1,24,3,Hisham Shaikh,KSA
387,Shamim Hossain (BAN),37,29,6,455,51,19.78,357,127.45,0,1,3,39,17,Shamim Hossain,BAN
388,Yasir Ali (ESP),29,25,4,455,65*,21.66,467,97.43,0,2,1,37,9,Yasir Ali,ESP
389,Namgay Thinley (BHU),41,40,4,451,100,12.52,435,103.67,1,0,4,34,20,Namgay Thinley,BHU
390,M Simpson-Parker (AUT),31,26,4,450,63*,20.45,410,109.75,0,3,2,42,12,M Simpson-Parker,AUT
391,RB Patel (UGA),23,23,3,448,61*,22.4,459,97.6,0,2,1,61,3,RB Patel,UGA
392,V Shukla (OMA),23,22,5,447,52*,26.29,323,138.39,0,2,2,38,16,V Shukla,OMA
393,M van Lingen (NAM),22,22,0,446,67,20.27,373,119.57,0,2,2,54,12,M van Lingen,NAM
394,AR Naidoo (CAY),24,23,1,443,53*,20.13,443,100,0,1,4,39,11,AR Naidoo,CAY
395,Saif Hassan (BAN),19,18,3,442,69,29.46,360,122.77,0,4,2,19,32,Saif Hassan,BAN
396,GD Arta (INA),61,42,12,441,33,14.7,525,84,0,0,4,27,19,GD Arta,INA
397,M Gunasekara (CYP),20,19,2,441,70,25.94,336,131.25,0,3,2,30,29,M Gunasekara,CYP
398,Rashid Khan (AFG),59,42,15,440,48*,16.29,323,136.22,0,0,2,30,29,Rashid Khan,AFG
399,RR Rossouw (SA),14,13,2,440,109,40,243,181.06,2,1,3,40,27,RR Rossouw,SA
400,J Bulele (MOZ),16,16,2,436,62*,31.14,456,95.61,0,3,0,55,2,J Bulele,MOZ
401,Bilal Masud (EST),19,19,5,434,82,31,343,126.53,0,2,1,32,16,Bilal Masud,EST
402,MG Bracewell (NZ),47,31,9,434,61*,19.72,324,133.95,0,2,4,36,17,MG Bracewell,NZ
403,KL Rahul (IND),16,16,1,434,62,28.93,343,126.53,0,6,1,27,26,KL Rahul,IND
404,Karim Janat (AFG),43,35,8,432,56*,16,367,117.71,0,3,4,29,18,Karim Janat,AFG
405,Pargat Singh (CAN),25,22,1,432,89,20.57,369,117.07,0,3,4,39,14,Pargat Singh,CAN
406,AD Hales (ENG),15,15,1,430,86*,30.71,296,145.27,0,4,1,50,15,AD Hales,ENG
407,SA Jumbe (TAN),59,45,12,428,76*,12.96,413,103.63,0,1,6,34,20,SA Jumbe,TAN
408,ND Laegsgaard (DEN),20,20,4,428,91,26.75,264,162.12,0,3,5,36,28,ND Laegsgaard,DEN
409,E Sebareme (RWN),59,48,13,425,34,12.14,466,91.2,0,0,5,29,10,E Sebareme,RWN
410,PBB Rajapaksa (SL),27,25,4,424,71*,20.19,335,126.56,0,1,1,39,13,PBB Rajapaksa,SL
411,KC Ramamoorthy (INA),30,27,1,424,55,16.3,393,107.88,0,2,5,37,17,KC Ramamoorthy,INA
412,NM Odhiambo (KENYA),41,28,4,423,67,17.62,366,115.57,0,2,4,34,12,NM Odhiambo,KENYA
413,D Suzuki (JPN),51,43,14,423,45*,14.58,407,103.93,0,0,3,42,6,D Suzuki,JPN
414,Aamir Kaleem (OMA),30,27,2,422,72*,16.88,356,118.53,0,3,3,49,9,Aamir Kaleem,OMA
415,Arun Yadav (TAN),11,11,1,421,86,42.1,274,153.64,0,3,0,48,19,Arun Yadav,TAN
416,P Useni (NGA),45,37,7,421,37,14.03,275,153.09,0,0,3,20,31,P Useni,NGA
417,V Ganesan (GER),27,26,8,420,61*,23.33,360,116.66,0,2,1,56,1,V Ganesan,GER
418,G Stewart (ITA),18,16,2,419,76,29.92,251,166.93,0,2,2,24,38,G Stewart,ITA
419,S Ivetic (SRB),14,14,4,417,65*,41.7,423,98.58,0,3,0,30,13,S Ivetic,SRB
420,T Tshose (BOT),39,32,2,417,60,13.9,353,118.13,0,1,5,29,17,T Tshose,BOT
421,Kuldeep (POR),14,14,1,416,80,32,257,161.86,0,3,0,39,25,Kuldeep,POR
422,Milind Kumar (USA),25,21,7,416,56*,29.71,385,108.05,0,1,1,25,9,Milind Kumar,USA
423,MW Short (AUS),24,22,2,416,66,20.8,277,150.18,0,1,2,40,20,MW Short,AUS
424,S Desungnoen (THA),43,42,5,415,42,11.21,521,79.65,0,0,6,35,11,S Desungnoen,THA
425,OB Nightingale (GUE),34,25,9,413,57,25.81,385,107.27,0,1,2,26,3,OB Nightingale,GUE
426,A Ashokan (CZK-R),18,17,4,412,50*,31.69,357,115.4,0,1,0,18,17,A Ashokan,CZK-R
427,MM Baig (QAT),33,30,9,412,60*,19.61,324,127.16,0,1,4,22,23,MM Baig,QAT
428,L Canessane (Fran),31,30,3,412,89*,15.25,353,116.71,0,2,1,37,12,L Canessane,Fran
429,JP Kaltapau (VAN),25,23,3,412,60,20.6,416,99.03,0,1,3,34,5,JP Kaltapau,VAN
430,HJ Manenti (ITA),25,21,1,412,65,20.6,363,113.49,0,2,1,35,11,HJ Manenti,ITA
431,Zain Ul Abidin (KSA),47,36,14,411,58,18.68,344,119.47,0,1,4,21,21,Zain Ul Abidin,KSA
432,W Miyauchi (JPN),31,27,5,410,72,18.63,403,101.73,0,2,2,36,3,W Miyauchi,JPN
433,MB Kruger (NAM),29,27,2,407,59*,16.28,392,103.82,0,1,0,39,14,MB Kruger,NAM
434,Muhamad Syahadat (MAS),40,30,12,406,40*,22.55,376,107.97,0,0,2,27,14,Muhamad Syahadat,MAS
435,KC D'Souza (BUL),17,16,4,405,92*,33.75,244,165.98,0,2,1,21,31,KC D'Souza,BUL
436,Zubair Ali (QAT),14,14,2,405,86,33.75,333,121.62,0,5,4,34,15,Zubair Ali,QAT
437,C Roberts (Fran),17,17,4,404,50*,31.07,400,101,0,1,1,34,3,C Roberts,Fran
438,T Perera (BOT),25,22,6,402,48*,25.12,363,110.74,0,0,2,30,15,T Perera,BOT
439,Aslam Khan (MAS),28,24,3,397,77,18.9,249,159.43,0,1,2,40,28,Aslam Khan,MAS
440,GE Ngegba (SLE),28,28,6,396,72*,18,407,97.29,0,1,5,41,3,GE Ngegba,SLE
441,Usman Khan (Fran),21,19,4,396,63*,26.4,330,120,0,3,2,41,8,Usman Khan,Fran
442,Shan Masood (PAK),19,17,4,395,65*,30.38,324,121.91,0,3,2,30,7,Shan Masood,PAK
443,DK Mathias (BHR),16,16,4,394,61,32.83,365,107.94,0,2,0,25,21,DK Mathias,BHR
444,G Burrows (IOM),16,15,4,393,69*,35.72,350,112.28,0,4,1,34,5,G Burrows,IOM
445,A Shirai-Patmore (JPN),36,27,3,393,43,16.37,429,91.6,0,0,3,41,0,A Shirai-Patmore,JPN
446,Sheraz Sheikh (BEL),32,28,6,393,48,17.86,359,109.47,0,0,4,23,25,Sheraz Sheikh,BEL
447,S Thakor (TAN),48,37,6,391,44,12.61,278,140.64,0,0,5,39,19,S Thakor,TAN
448,IA De Silva (BUL),17,17,1,390,59,24.37,336,116.07,0,3,1,38,17,IA De Silva,BUL
449,P Mishra (BUL),37,29,4,390,55,15.6,327,119.26,0,2,3,23,30,P Mishra,BUL
450,Ikramullah Khan (QAT),42,28,5,388,55,16.86,351,110.54,0,3,3,37,12,Ikramullah Khan,QAT
451,S Jora (NEP),33,26,5,388,63,18.47,324,119.75,0,3,0,21,18,S Jora,NEP
452,OGL Bascome (BER),19,17,1,387,54,24.18,258,150,0,1,2,22,31,OGL Bascome,BER
453,SP Gomes (POR),12,12,4,386,82*,48.25,284,135.91,0,4,2,37,10,SP Gomes,POR
454,VS Padhaal (FIN),26,25,3,386,58,17.54,372,103.76,0,1,2,35,8,VS Padhaal,FIN
455,Vikramjit Singh (NED),27,25,0,384,52,15.36,336,114.28,0,1,3,32,17,Vikramjit Singh,NED
456,Aarif Sheikh (NEP),34,27,5,383,39*,17.4,335,114.32,0,0,3,37,9,Aarif Sheikh,NEP
457,Chirag Suri (UAE),15,15,1,383,88,27.35,320,119.68,0,3,2,43,10,Chirag Suri,UAE
458,Aziz Mohammad (BEL),16,16,0,381,72,23.81,274,139.05,0,3,1,41,21,Aziz Mohammad,BEL
459,AD Russell (WI),19,18,5,381,71,29.3,210,181.42,0,2,0,23,33,AD Russell,WI
460,T Sandeep (SWZ),20,20,4,381,68,23.81,361,105.54,0,2,1,46,4,T Sandeep,SWZ
461,Shahzaib Jamil (QAT),24,21,3,381,44,21.16,293,130.03,0,0,1,19,26,Shahzaib Jamil,QAT
462,R Lutaaya (UGA),28,26,0,380,70,14.61,299,127.09,0,1,5,43,9,R Lutaaya,UGA
463,IKEG Artawan (INA),77,53,20,379,41,11.48,394,96.19,0,0,7,33,13,IKEG Artawan,INA
464,J Coetzee (THA),26,23,6,378,45*,22.23,349,108.3,0,0,1,24,14,J Coetzee,THA
465,FA Cossa (MOZ),27,21,8,378,68,29.07,308,122.72,0,2,4,37,18,FA Cossa,MOZ
466,S Movva (CAN),27,23,5,378,37,21,358,105.58,0,0,1,29,8,S Movva,CAN
467,E Lewis (WI),17,17,1,376,91,23.5,268,140.29,0,3,2,31,26,E Lewis,WI
468,B Masaba (UGA),52,34,11,376,37*,16.34,361,104.15,0,0,3,37,7,B Masaba,UGA
469,BM Pecic (SRB),19,19,2,376,102,22.11,310,121.29,1,1,0,28,17,BM Pecic,SRB
470,Pyae Phyo Wai (MYAN),32,30,0,376,52,12.53,473,79.49,0,1,4,22,7,Pyae Phyo Wai,MYAN
471,C Brennan (JER),27,24,8,375,67*,23.43,296,126.68,0,2,2,25,18,C Brennan,JER
472,Sher Sahak (NOR),29,25,6,375,70*,19.73,256,146.48,0,2,1,24,22,Sher Sahak,NOR
473,Musaddiq Ahmed (GER),10,10,0,374,107,37.4,211,177.25,1,1,0,47,22,Musaddiq Ahmed,GER
474,Raza Iqbal (NOR),21,21,3,374,64*,20.77,298,125.5,0,4,4,44,8,Raza Iqbal,NOR
475,RR Sharan (CAM),22,22,2,374,86*,18.7,411,90.99,0,2,5,29,20,RR Sharan,CAM
476,P Sharma (KENYA),27,26,3,373,43,16.21,350,106.57,0,0,2,42,7,P Sharma,KENYA
477,Usman Khalid (KSA),31,26,8,373,75*,20.72,330,113.03,0,2,1,29,14,Usman Khalid,KSA
478,MA Baig (MWI),31,24,5,371,74,19.52,392,94.64,0,1,0,35,7,MA Baig,MWI
479,OJ Hairs (SCOT),18,18,1,371,127*,21.82,221,167.87,1,2,3,40,22,OJ Hairs,SCOT
480,A Turay (SLE),23,23,2,370,78*,17.61,361,102.49,0,1,2,41,6,A Turay,SLE
481,J Barker (LUX),23,21,7,369,48,26.35,361,102.21,0,0,1,25,2,J Barker,LUX
482,S Pradhan (BHU),28,27,1,369,59,14.19,416,88.7,0,1,3,41,4,S Pradhan,BHU
483,DJ Hooda (IND),21,17,5,368,104,30.66,250,147.2,1,0,2,29,18,DJ Hooda,IND
484,Ali Masood (EST),20,20,1,366,69*,19.26,373,98.12,0,2,0,33,7,Ali Masood,EST
485,S Hook (EST),28,24,7,366,69*,21.52,326,112.26,0,2,3,29,16,S Hook,EST
486,MA Jones (SCOT),15,15,1,366,86,26.14,264,138.63,0,2,1,34,17,MA Jones,SCOT
487,J Mees (LUX),24,24,4,366,85,18.3,333,109.9,0,1,2,30,13,J Mees,LUX
488,PS Athavale (OMA),21,17,1,364,54,22.75,288,126.38,0,2,1,39,10,PS Athavale,OMA
489,A Randhawa (AUT),28,25,6,363,78*,19.1,409,88.75,0,1,0,25,7,A Randhawa,AUT
490,Sazib Bhuiyan (CZK-R),28,24,2,363,59,16.5,277,131.04,0,3,3,40,14,Sazib Bhuiyan,CZK-R
491,SG Mangela (UGA),16,16,1,361,65*,24.06,310,116.45,0,2,1,32,4,SG Mangela,UGA
492,Shoaib Khan (OMA),28,27,7,361,57,18.05,341,105.86,0,1,6,33,12,Shoaib Khan,OMA
493,T Musekiwa (ZIM),41,35,13,360,28,16.36,280,128.57,0,0,4,30,9,T Musekiwa,ZIM
494,LN Oluoch (KENYA),62,38,14,360,32,15,299,120.4,0,0,3,27,14,LN Oluoch,KENYA
495,Isa Zaroo (BUL),22,19,1,358,78*,19.88,282,126.95,0,2,1,42,11,Isa Zaroo,BUL
496,Shah Abrar Hussain (CAM),29,20,4,358,74*,22.37,345,103.76,0,1,3,21,19,Shah Abrar Hussain,CAM
497,A Donovan (PHI),15,13,6,357,122*,51,221,161.53,1,1,1,25,22,A Donovan,PHI
498,S Wickramasekara (CZK-R),18,18,3,357,65,23.8,254,140.55,0,3,3,24,20,S Wickramasekara,CZK-R
499,B Arora (MLT),35,30,5,356,60,14.24,405,87.9,0,1,1,27,9,B Arora,MLT
500,Manan Bashir (BUL),13,13,3,352,70,35.2,150,234.66,0,1,0,16,41,Manan Bashir,BUL
501,T Parima (COK),17,17,1,352,104,22,264,133.33,1,0,2,30,20,T Parima,COK
502,LM Jongwe (ZIM),43,31,11,351,35,17.55,264,132.95,0,0,2,32,12,LM Jongwe,ZIM
503,Imran Ali Butt (BHR),15,15,1,350,62,25,346,101.15,0,2,0,33,9,Imran Ali Butt,BHR
504,CK Jasmat (Samoa),24,22,4,350,42*,19.44,320,109.37,0,0,2,25,17,CK Jasmat,Samoa
505,B Fitchet (GUE),20,20,0,349,41,17.45,286,122.02,0,0,0,44,11,B Fitchet,GUE
506,T Munyonga (ZIM),36,33,6,349,43*,12.92,328,106.4,0,0,3,30,7,T Munyonga,ZIM
507,Scott Austin (CYP),25,22,2,349,46,17.45,332,105.12,0,0,2,28,5,Scott Austin,CYP
508,GK Ghalley (BHU),34,32,5,346,40,12.81,376,92.02,0,0,6,23,15,GK Ghalley,BHU
509,Imran Ameer (MLT),25,23,7,344,46*,21.5,322,106.83,0,0,1,34,6,Imran Ameer,MLT
510,Sheikh Rasik (HUN),10,10,2,344,106*,43,201,171.14,1,2,0,19,28,Sheikh Rasik,HUN
511,S Vijay Unni (MAS),71,39,16,342,38,14.86,382,89.52,0,0,0,22,7,S Vijay Unni,MAS
512,VD Adewoye (NGA),37,30,5,341,49,13.64,259,131.66,0,0,4,27,16,VD Adewoye,NGA
513,F Banunaek (INA),85,35,8,340,54,12.59,407,83.53,0,1,5,25,4,F Banunaek,INA
514,R Dianish (MLT),20,20,1,340,58,17.89,299,113.71,0,1,2,35,12,R Dianish,MLT
515,SO Ngoche (KENYA),63,39,11,340,33*,12.14,305,111.47,0,0,8,24,13,SO Ngoche,KENYA
516,NG Collins (FIN),15,15,0,339,79,22.6,359,94.42,0,1,0,28,6,NG Collins,FIN
517,A Mundra (SWE),15,15,2,337,56*,25.92,240,140.41,0,1,1,36,17,A Mundra,SWE
518,H Singh (GER),19,16,2,336,70,24,248,135.48,0,2,1,30,13,H Singh,GER
519,SSM Stanislaus (MLT),19,17,0,336,62,19.76,329,102.12,0,1,1,23,12,SSM Stanislaus,MLT
520,Faheem Ashraf (PAK),43,30,8,335,51,15.22,231,145.02,0,1,2,25,18,Faheem Ashraf,PAK
521,A Athanaze (WI),15,15,1,334,60,23.85,264,126.51,0,2,0,32,17,A Athanaze,WI
522,AK Mohan (FIN),23,23,1,334,67*,15.18,390,85.64,0,2,2,22,11,AK Mohan,FIN
523,J Singye (BHU),23,22,0,334,46,15.18,455,73.4,0,0,1,15,5,J Singye,BHU
524,Nurul Hasan (BAN),25,24,12,333,42*,27.75,266,125.18,0,0,1,13,21,Nurul Hasan,BAN
525,HA Jackson (Fran),21,20,1,331,50,17.42,367,90.19,0,1,1,26,4,HA Jackson,Fran
526,Muhammad Umar (KUW),25,21,4,331,59,19.47,284,116.54,0,1,1,12,22,Muhammad Umar,KUW
527,S Thanikaithasan (DEN),21,19,2,330,52,19.41,258,127.9,0,1,2,24,12,S Thanikaithasan,DEN
528,H Hiri (PNG),22,17,4,326,53*,25.07,279,116.84,0,1,0,24,13,H Hiri,PNG
529,Ibrahim Rahimi (NOR),19,17,3,326,55*,23.28,198,164.64,0,1,2,13,32,Ibrahim Rahimi,NOR
530,Shaheen Shah Afridi (PAK),64,38,15,326,33*,14.17,256,127.34,0,0,7,18,24,Shaheen Shah Afridi,PAK
531,Soumya Sarkar (BAN),21,20,1,326,43*,17.15,267,122.09,0,0,3,32,12,Soumya Sarkar,BAN
532,JTS Sumerauer (JER),31,25,7,326,54*,18.11,231,141.12,0,1,2,20,15,JTS Sumerauer,JER
533,A Gbla (SLE),34,29,5,325,55*,13.54,312,104.16,0,1,4,23,11,A Gbla,SLE
534,AN Lascu (ROM),12,11,4,324,72*,46.28,220,147.27,0,3,0,43,13,AN Lascu,ROM
535,Mehidy Hasan Miraz (BAN),21,18,2,324,46,20.25,278,116.54,0,0,0,30,6,Mehidy Hasan Miraz,BAN
536,Rafiullah (OMA),32,25,3,323,33,14.68,186,173.65,0,0,4,15,31,Rafiullah,OMA
537,Ali Naseer (UAE),40,28,8,321,48*,16.05,253,126.87,0,0,1,23,11,Ali Naseer,UAE
538,Faisal Mubashir (GER),17,14,6,321,57*,40.12,287,111.84,0,1,2,25,4,Faisal Mubashir,GER
539,OE Olaleye (NGA),21,19,3,320,46*,20,320,100,0,0,1,24,8,OE Olaleye,NGA
540,D Heyliger (CAN),43,29,16,318,30,24.46,194,163.91,0,0,3,21,23,D Heyliger,CAN
541,Maaz Khan (LES),17,16,1,318,68*,21.2,223,142.6,0,2,4,29,15,Maaz Khan,LES
542,A Ferguson (Arg),17,15,5,312,50,31.2,358,87.15,0,1,1,31,1,A Ferguson,Arg
543,Y Saranonnakkun (THA),49,42,2,311,25,7.77,378,82.27,0,0,8,24,11,Y Saranonnakkun,THA
544,AM Kimote (TAN),67,40,18,308,32,14,296,104.05,0,0,4,29,6,AM Kimote,TAN
545,Talha Khan (GER),15,15,2,308,69*,23.69,272,113.23,0,2,2,23,9,Talha Khan,GER
546,M Kasselman (BOT),23,22,4,307,51,17.05,313,98.08,0,1,2,21,9,M Kasselman,BOT
547,BN Toube (CAM),18,17,1,307,49,19.18,316,97.15,0,0,1,37,8,BN Toube,CAM
548,Thuya Aung (MYAN),32,31,3,305,37,10.89,520,58.65,0,0,3,21,5,Thuya Aung,MYAN
549,N Vanua (PNG),28,20,1,304,71,16,241,126.14,0,2,4,17,21,N Vanua,PNG
550,Muhammad Zohaib (UAE),16,16,1,303,50,20.2,292,103.76,0,1,0,30,7,Muhammad Zohaib,UAE
551,HER Tyler (PHI),32,27,1,303,38,11.65,244,124.18,0,0,5,28,17,HER Tyler,PHI
552,S Periyalwar (ROM),28,24,6,302,52,16.77,318,94.96,0,2,3,28,3,S Periyalwar,ROM
553,J Rasu (VAN),26,25,4,301,43,14.33,274,109.85,0,0,4,21,8,J Rasu,VAN
554,KK Lin Thu (MYAN),32,31,2,300,71,10.34,421,71.25,0,1,5,26,3,KK Lin Thu,MYAN
555,Najjam Shahzad (POR),22,20,3,300,47,17.64,223,134.52,0,0,4,24,18,Najjam Shahzad,POR
556,Mehboob Ali (MLT),11,11,0,299,58,27.18,153,195.42,0,2,1,36,21,Mehboob Ali,MLT
557,Muhammad Siddiqui (SVN),15,15,0,298,48,19.86,256,116.4,0,0,1,28,14,Muhammad Siddiqui,SVN
558,SY Nihute (MWI),20,18,3,298,56,19.86,332,89.75,0,1,1,19,4,SY Nihute,MWI
559,B Ward (JER),24,17,4,298,47*,22.92,216,137.96,0,0,0,19,14,B Ward,JER
560,ZM Tribe (JER),21,19,4,298,43*,19.86,278,107.19,0,0,0,23,7,ZM Tribe,JER
561,Shiraz Khan (KUW),40,25,11,297,50*,21.21,316,93.98,0,1,1,10,14,Shiraz Khan,KUW
562,Atif Rasheed (FIN),19,18,1,295,43,17.35,250,118,0,0,2,18,13,Atif Rasheed,FIN
563,Amar Naeem (AUT),23,19,5,294,66,21,243,120.98,0,1,1,24,17,Amar Naeem,AUT
564,Khalid Kail (OMA),21,18,4,294,55,21,266,110.52,0,2,0,22,11,Khalid Kail,OMA
565,Ravinderpal Singh (CAN),25,21,4,294,47,17.29,215,136.74,0,0,3,20,16,Ravinderpal Singh,CAN
566,Festus Benn (BHM),28,25,7,293,39*,16.27,377,77.71,0,0,2,25,3,Festus Benn,BHM
567,HB Dickson (COK),14,14,1,292,112*,22.46,208,140.38,1,1,3,31,11,HB Dickson,COK
568,DR Patankar (MLT),25,22,1,291,54,13.85,278,104.67,0,1,0,30,6,DR Patankar,MLT
569,Shahil Momin (AUT),21,18,4,291,48*,20.78,304,95.72,0,0,1,17,2,Shahil Momin,AUT
570,CN Ackermann (NED),15,15,1,290,62,20.71,254,114.17,0,1,3,22,7,CN Ackermann,NED
571,Mirza Ahsan (AUT),22,20,2,290,70*,16.11,204,142.15,0,2,1,22,13,Mirza Ahsan,AUT
572,J Broad (GER),9,9,2,288,62,41.14,241,119.5,0,3,0,26,3,J Broad,GER
573,Muhammad Haziq Aiman (MAS),13,12,0,288,113,24,162,177.77,1,0,2,26,21,Muhammad Haziq Aiman,MAS
574,Imran Asif (AUT),17,16,2,287,102,20.5,262,109.54,1,0,1,26,15,Imran Asif,AUT
575,KD Karthik (IND),28,22,8,287,55,20.5,203,141.37,0,1,1,29,13,KD Karthik,IND
576,D Wiese (NAM),23,18,7,285,55,25.9,218,130.73,0,2,1,15,16,D Wiese,NAM
577,Divyendra Singh (CZK-R),23,19,1,284,67*,15.77,288,98.61,0,2,3,29,4,Divyendra Singh,CZK-R
578,Omar Rassol (BUL),17,16,3,284,99*,21.84,234,121.36,0,2,1,22,18,Omar Rassol,BUL
579,Ali Nayyer (SUI),27,21,8,284,48*,21.84,214,132.71,0,0,2,13,12,Ali Nayyer,SUI
580,I Kaia (ZIM),18,18,0,283,54,15.72,268,105.59,0,1,1,26,7,I Kaia,ZIM
581,Muhammad Asim (Zamb),10,10,0,282,60,28.2,229,123.14,0,2,2,30,18,Muhammad Asim,Zamb
582,BRM Taylor (ZIM),14,12,1,282,123,25.63,204,138.23,1,0,1,32,6,BRM Taylor,ZIM
583,SF Tiai (Samoa),23,19,3,282,45,17.62,243,116.04,0,0,1,23,15,SF Tiai,Samoa
584,Abhishek Ahuja (HUN),17,16,0,281,61,17.56,267,105.24,0,1,4,26,10,Abhishek Ahuja,HUN
585,Anoop Orsu (LUX),26,24,6,281,58*,15.61,237,118.56,0,1,7,21,13,Anoop Orsu,LUX
586,AJ Hosein (WI),83,31,12,281,44*,14.78,242,116.11,0,0,4,18,15,AJ Hosein,WI
587,S Adedeji (NGA),23,20,3,280,41,16.47,337,83.08,0,0,1,23,2,S Adedeji,NGA
588,SA Engelbrecht (NED),12,10,1,280,75,31.11,211,132.7,0,1,1,21,12,SA Engelbrecht,NED
589,Fanyan Mughal (MLT),24,23,2,279,56,13.28,257,108.56,0,1,2,23,14,Fanyan Mughal,MLT
590,Gaurav Tiwari (INA),18,17,4,279,56*,21.46,296,94.25,0,1,2,26,5,Gaurav Tiwari,INA
591,Muhammad Usman (HUN),14,12,2,279,72*,27.9,169,165.08,0,1,1,11,25,Muhammad Usman,HUN
592,Md Ariyan (ROM),16,13,3,278,90*,27.8,201,138.3,0,2,1,20,19,Md Ariyan,ROM
593,F Suluoto (Samoa),24,22,5,278,44*,16.35,252,110.31,0,0,2,17,17,F Suluoto,Samoa
594,NR Kumar (USA),18,16,2,277,64,19.78,231,119.91,0,1,1,17,12,NR Kumar,USA
595,Ilyas Ataullah (TKY),16,15,2,275,86,21.15,199,138.19,0,1,2,29,16,Ilyas Ataullah,TKY
596,S Kaveri (Mex),22,18,3,274,46*,18.26,356,76.96,0,0,2,16,2,S Kaveri,Mex
597,MJ Richardson (GER),14,13,3,274,59*,27.4,257,106.61,0,1,0,23,4,MJ Richardson,GER
598,A Parima (COK),17,16,2,273,57,19.5,239,114.22,0,1,2,28,11,A Parima,COK
599,RW Chakabva (ZIM),23,23,1,272,31,12.36,242,112.39,0,0,5,33,6,RW Chakabva,ZIM
600,R Baaleri (GHA),21,18,5,271,56*,20.84,340,79.7,0,2,0,15,2,R Baaleri,GHA
601,JA Burns (ITA),8,8,2,271,108*,45.16,195,138.97,1,1,1,26,10,JA Burns,ITA
602,S Houghton (CRT),17,17,1,271,88,16.93,298,90.93,0,1,3,21,9,S Houghton,CRT
603,Mukhtar Ghulami (Fran),21,19,1,271,46,15.05,247,109.71,0,0,3,22,13,Mukhtar Ghulami,Fran
604,Omid Mailk Khel (BEL),17,16,3,271,36,20.84,253,107.11,0,0,0,22,8,Omid Mailk Khel,BEL
605,Rizwan Butt (BHR),91,44,13,271,34*,8.74,233,116.3,0,0,8,7,20,Rizwan Butt,BHR
606,Samiullah Rahmani (SWE),20,16,1,271,50,18.06,189,143.38,0,1,2,18,21,Samiullah Rahmani,SWE
607,J van Heerden (GER),10,9,3,271,53*,45.16,225,120.44,0,1,0,36,2,J van Heerden,GER
608,Z Bimenyimana (RWN),91,55,17,270,30,7.1,226,119.46,0,0,15,16,15,Z Bimenyimana,RWN
609,Khushdil Shah (PAK),26,22,4,270,35*,15,263,102.66,0,0,0,11,15,Khushdil Shah,PAK
610,LF Muller (BRA),15,14,1,270,57*,20.76,249,108.43,0,1,0,27,6,LF Muller,BRA
611,P Pushparajan (MLT),11,11,0,270,103,24.54,181,149.17,1,0,1,23,14,P Pushparajan,MLT
612,K Hinds (BHM),22,22,0,269,60,12.22,275,97.81,0,2,6,20,16,K Hinds,BHM
613,M Spoors (CAN),10,9,2,269,108*,38.42,225,119.55,1,1,1,30,6,M Spoors,CAN
614,JV Chand (Zamb),10,10,2,268,47,33.5,252,106.34,0,0,0,23,6,JV Chand,Zamb
615,M Jansen (SA),30,20,5,268,55*,17.86,182,147.25,0,2,2,17,21,M Jansen,SA
616,AD Mathews (SL),12,10,4,268,66*,44.66,200,134,0,1,0,19,12,AD Mathews,SL
617,Muslim Yar (GER),38,21,7,268,39,19.14,214,125.23,0,0,2,20,12,Muslim Yar,GER
618,P Rathnayake (SL),12,10,1,266,60,29.55,181,146.96,0,2,1,27,7,P Rathnayake,SL
619,Ritik Tomar (CZK-R),25,23,4,266,38,14,229,116.15,0,0,2,23,9,Ritik Tomar,CZK-R
620,Shakeel Ahmed (OMA),47,26,7,266,45,14,270,98.51,0,0,3,20,9,Shakeel Ahmed,OMA
621,Surya Anand (DEN),21,15,6,266,50*,29.55,242,109.91,0,1,1,9,10,Surya Anand,DEN
622,Akhil Anil (TAN),27,23,4,265,52*,13.94,222,119.36,0,1,2,20,12,Akhil Anil,TAN
623,ASF Sirah (PHI),25,19,3,265,58*,16.56,204,129.9,0,1,1,27,9,ASF Sirah,PHI
624,BI Dilruksha (SKOR),13,13,0,265,71,20.38,248,106.85,0,1,0,26,9,BI Dilruksha,SKOR
625,S Ghimire (POR),12,10,3,265,53*,37.85,218,121.55,0,1,0,29,5,S Ghimire,POR
626,Hamid Mahmood (SWE),18,15,5,265,69,26.5,257,103.11,0,2,2,22,6,Hamid Mahmood,SWE
627,Jordan O'Brien (FIN),20,19,1,264,56*,14.66,229,115.28,0,1,2,24,6,Jordan O'Brien,FIN
628,C Munoz-Mills (ESP),32,20,12,264,33*,33,188,140.42,0,0,1,22,12,C Munoz-Mills,ESP
629,S Nadigotla (ROM),25,20,0,262,41,13.1,257,101.94,0,0,1,21,8,S Nadigotla,ROM
630,PR Santhanakrishnan (Mex),22,19,1,262,44*,14.55,257,101.94,0,0,2,27,9,PR Santhanakrishnan,Mex
631,A Turkmen (TKY),16,15,5,262,51*,26.2,197,132.99,0,2,1,24,12,A Turkmen,TKY
632,Aaftab Alam Khan (MLT),24,22,6,261,71*,16.31,211,123.69,0,1,4,24,9,Aaftab Alam Khan,MLT
633,KH Abe (JPN),24,21,2,260,80,13.68,215,120.93,0,1,3,16,13,KH Abe,JPN
634,JA Fitzgerald (GIBR),27,24,11,260,28*,20,180,144.44,0,0,3,13,16,JA Fitzgerald,GIBR
635,Karan KC (NEP),55,31,12,260,33*,13.68,173,150.28,0,0,3,13,20,Karan KC,NEP
636,S Veerapathiran (BHR),38,30,10,260,33*,13,218,119.26,0,0,5,15,15,S Veerapathiran,BHR
637,RA Jadeja (IND),19,15,6,259,46*,28.77,180,143.88,0,0,1,24,7,RA Jadeja,IND
638,Sayed Monib (KUW),37,27,10,259,32*,15.23,147,176.19,0,0,3,16,21,Sayed Monib,KUW
639,JK Vifah (GHA),17,17,2,259,63*,17.26,243,106.58,0,2,1,20,6,JK Vifah,GHA
640,R Tari (VAN),24,21,4,258,56,15.17,253,101.97,0,1,3,12,8,R Tari,VAN
641,D Ajekun (NGA),24,22,2,257,36,12.85,329,78.11,0,0,2,19,1,D Ajekun,NGA
642,A Kheterpal (HUN),14,14,6,257,42,32.12,213,120.65,0,0,2,27,6,A Kheterpal,HUN
643,YI Patel (KUW),57,32,15,257,40,15.11,289,88.92,0,0,2,10,8,YI Patel,KUW
644,A Kirschbaum (Arg),21,19,4,256,35*,17.06,272,94.11,0,0,0,20,3,A Kirschbaum,Arg
645,TLW Cooper (NED),15,15,1,255,81*,18.21,203,125.61,0,1,1,24,6,TLW Cooper,NED
646,DM Gondaria (KENYA),13,13,0,255,60,19.61,234,108.97,0,1,0,33,1,DM Gondaria,KENYA
647,Kashif Siddique (KSA),11,11,0,254,57,23.09,184,138.04,0,2,1,39,6,Kashif Siddique,KSA
648,L Steenkamp (NAM),11,11,0,253,58,23,195,129.74,0,2,0,25,7,L Steenkamp,NAM
649,P Murungi (UGA),37,25,7,252,31,14,213,118.3,0,0,1,22,9,P Murungi,UGA
650,R Trumpelmann (NAM),38,24,9,252,46,16.8,203,124.13,0,0,3,15,15,R Trumpelmann,NAM
651,V Mbazo (BOT),36,32,4,250,35,8.92,298,83.89,0,0,5,15,7,V Mbazo,BOT
652,Ameer Saiyed (BOT),12,12,0,249,55,20.75,238,104.62,0,1,0,25,6,Ameer Saiyed,BOT
653,SH Venugopal (SGP),13,13,2,249,46*,22.63,231,107.79,0,0,0,14,7,SH Venugopal,SGP
654,M Raikes (GIBR),7,7,1,248,85,41.33,161,154.03,0,3,0,25,10,M Raikes,GIBR
655,R Sakurano-Thomas (JPN),38,27,6,248,39,11.8,270,91.85,0,0,3,11,2,R Sakurano-Thomas,JPN
656,Amjad Sher (FIN),31,29,4,247,28,9.88,226,109.29,0,0,4,13,10,Amjad Sher,FIN
657,Avishka Iroshan (ROM),15,12,1,246,66,22.36,215,114.41,0,1,1,24,8,Avishka Iroshan,ROM
658,Wasim Ali (OMA),14,14,2,246,38,20.5,193,127.46,0,0,0,18,12,Wasim Ali,OMA
659,Yves Cyusa (RWN),23,18,3,246,61,16.4,245,100.4,0,1,0,22,8,Yves Cyusa,RWN
660,CPPM Sadun (CYP),15,13,1,245,52*,20.41,250,98,0,1,0,19,3,CPPM Sadun,CYP
661,AT Nidamanuru (NED),26,19,0,244,36,12.84,225,108.44,0,0,5,10,13,AT Nidamanuru,NED
662,Nasrulla Rana (HKG),46,30,13,243,36*,14.29,202,120.29,0,0,2,17,12,Nasrulla Rana,HKG
663,V Zimonjic (SRB),36,24,7,243,34,14.29,236,102.96,0,0,3,23,5,V Zimonjic,SRB
664,Harmeet Singh (USA),29,20,4,242,38,15.12,166,145.78,0,0,4,13,15,Harmeet Singh,USA
665,Izaz Ali (SVN),16,16,0,241,118,15.06,157,153.5,1,0,4,15,19,Izaz Ali,SVN
666,J Miyagi (UGA),42,28,5,241,29,10.47,225,107.11,0,0,5,5,14,J Miyagi,UGA
667,D Ferreira (SA),16,15,2,240,48,18.46,154,155.84,0,0,1,13,17,D Ferreira,SA
668,Y Jalloh (SLE),19,18,1,240,72,14.11,296,81.08,0,2,4,19,1,Y Jalloh,SLE
669,Rohan Mustafa (UAE),12,9,3,240,54,40,200,120,0,1,1,17,5,Rohan Mustafa,UAE
670,Ali Saleem (NOR),21,16,1,239,53*,15.93,211,113.27,0,1,0,15,11,Ali Saleem,NOR
671,S Foster (CAY),20,17,3,239,41,17.07,258,92.63,0,0,1,19,0,S Foster,CAY
672,H Rashid (SWZ),20,20,3,239,38,14.05,270,88.51,0,0,2,26,6,H Rashid,SWZ
673,SJ Cotter (Samoa),14,14,1,238,51,18.3,228,104.38,0,1,2,28,4,SJ Cotter,Samoa
674,Saghar Manzoor (CRT),17,17,2,238,38,15.86,233,102.14,0,0,2,25,9,Saghar Manzoor,CRT
675,P Silas (BOT),30,22,4,238,42,13.22,227,104.84,0,0,6,21,2,P Silas,BOT
676,A Natubhai Ahir (PAN),19,18,0,237,51,13.16,245,96.73,0,1,2,16,11,A Natubhai Ahir,PAN
677,D Norotam (POR),8,8,0,237,84,29.62,168,141.07,0,2,0,21,13,D Norotam,POR
678,R Abdulkareem (NGA),45,26,8,236,39,13.11,277,85.19,0,0,2,15,9,R Abdulkareem,NGA
679,Ali Farasat (HUN),22,21,2,236,32,12.42,207,114,0,0,1,12,14,Ali Farasat,HUN
680,Sachin Mandy (GER),27,17,2,236,50*,15.73,210,112.38,0,2,3,16,14,Sachin Mandy,GER
681,R Rohan (SGP),19,19,0,235,46,12.36,280,83.92,0,0,3,22,7,R Rohan,SGP
682,T Suri (UAE),12,12,1,235,77,21.36,218,107.79,0,1,3,22,4,T Suri,UAE
683,Usman Ghani (AFG),12,11,1,235,59,23.5,237,99.15,0,1,0,21,6,Usman Ghani,AFG
684,Esam Rahman (JPN),8,8,1,234,64,33.42,177,132.2,0,2,1,21,10,Esam Rahman,JPN
685,MS Maker (TAN),11,10,5,234,67*,46.8,170,137.64,0,1,0,12,14,MS Maker,TAN
686,A McAuley (IOM),18,17,0,233,50,13.7,269,86.61,0,1,2,19,1,A McAuley,IOM
687,Ehsan Khan (HKG),79,42,20,232,22*,10.54,235,98.72,0,0,6,13,6,Ehsan Khan,HKG
688,MJ Guptill (NZ),10,10,0,232,45,23.2,189,122.75,0,0,0,22,8,MJ Guptill,NZ
689,R Gaznavi (SGP),20,20,3,231,44*,13.58,277,83.39,0,0,2,18,4,R Gaznavi,SGP
690,S Gill (KENYA),17,15,5,231,47*,23.1,192,120.31,0,0,0,12,8,S Gill,KENYA
691,BAD Manenti (ITA),12,11,1,231,60,23.1,160,144.37,0,2,1,20,12,BAD Manenti,ITA
692,C Pyle (GIBR),13,12,2,231,47,23.1,178,129.77,0,0,0,23,9,C Pyle,GIBR
693,KD Shah (HKG),19,18,3,231,37,15.4,235,98.29,0,0,3,14,5,KD Shah,HKG
694,SPD Smith (AUS),15,14,2,231,52,19.25,188,122.87,0,1,0,25,5,SPD Smith,AUS
695,E Solomon (ISR),9,9,2,231,59*,33,214,107.94,0,1,0,24,0,E Solomon,ISR
696,Paing Danu (MYAN),19,19,1,229,72*,12.72,278,82.37,0,1,3,17,10,Paing Danu,MYAN
697,NRJ Croes (NED),21,15,5,228,52*,22.8,173,131.79,0,1,0,22,1,NRJ Croes,NED
698,Mehran Khan (OMA),29,26,4,227,27,10.31,217,104.6,0,0,4,15,9,Mehran Khan,OMA
699,GR Russ (PHI),24,20,7,227,43*,17.46,268,84.7,0,0,4,22,3,GR Russ,PHI
700,Amir Zaib (POR),19,16,3,226,45*,17.38,186,121.5,0,0,3,18,7,Amir Zaib,POR
701,B Ito-Davis (JPN),22,18,4,226,47*,16.14,202,111.88,0,0,1,13,5,B Ito-Davis,JPN
702,BJ McCarthy (IRE),52,31,12,225,51*,11.84,193,116.58,0,1,3,14,13,BJ McCarthy,IRE
703,R Sharma (SGP),15,12,7,225,42,45,146,154.1,0,0,1,13,14,R Sharma,SGP
704,GT Taylor (BHM),19,19,2,225,56*,13.23,266,84.58,0,1,4,22,10,GT Taylor,BHM
705,M Yunusu Issa (TAN),40,28,11,225,33*,13.23,187,120.32,0,0,2,15,10,M Yunusu Issa,TAN
706,G Thakur (MLT),13,11,1,224,62,22.4,185,121.08,0,1,0,24,6,G Thakur,MLT
707,G Venkateswaran (LUX),17,16,3,224,37*,17.23,206,108.73,0,0,0,18,9,G Venkateswaran,LUX
708,AA Navicha (MOZ),31,21,8,223,36,17.15,235,94.89,0,0,3,12,10,AA Navicha,MOZ
709,CP Rizwan (UAE),11,10,3,223,51*,31.85,196,113.77,0,1,0,13,5,CP Rizwan,UAE
710,KTK Rodrigo (MDV),13,13,1,223,71,18.58,245,91.02,0,1,2,22,3,KTK Rodrigo,MDV
711,Taranjit Singh (CYP),15,12,3,223,55,24.77,98,227.55,0,1,1,17,19,Taranjit Singh,CYP
712,A Augastin (TAN),11,10,1,222,61*,24.66,199,111.55,0,3,1,26,5,A Augastin,TAN
713,H Deshan (SUI),13,11,0,222,76,20.18,166,133.73,0,1,1,27,5,H Deshan,SUI
714,CN Kakuru (UGA),50,28,7,222,38,10.57,223,99.55,0,0,4,20,2,CN Kakuru,UGA
715,GF Linde (SA),18,12,3,222,48,24.66,149,148.99,0,0,2,14,12,GF Linde,SA
716,A Osei (GHA),17,14,0,222,72,15.85,270,82.22,0,1,1,18,1,A Osei,GHA
717,Waseem Yaqoob (LES),17,16,2,222,50,15.85,251,88.44,0,1,2,14,10,Waseem Yaqoob,LES
718,Adnan Idrees (KUW),32,27,2,221,31,8.84,201,109.95,0,0,6,22,11,Adnan Idrees,KUW
719,Choudry Share Ali (SWE),9,9,2,221,61*,31.57,147,150.34,0,2,0,18,12,Choudry Share Ali,SWE
720,Hamid Safi (AUT),22,15,8,221,58*,31.57,111,199.09,0,1,1,8,24,Hamid Safi,AUT
721,C Karunaratne (SL),31,26,12,220,31,15.71,223,98.65,0,0,6,15,7,C Karunaratne,SL
722,D Rawat (CRC),15,14,2,220,62*,18.33,220,100,0,1,2,29,1,D Rawat,CRC
723,A Shreshta (NGA),10,9,2,220,76,31.42,200,110,0,1,0,23,2,A Shreshta,NGA
724,Khalid Ahmadi (BEL),34,23,9,219,25*,15.64,133,164.66,0,0,3,10,20,Khalid Ahmadi,BEL
725,E Mathew (MLT),27,22,3,219,46,11.52,236,92.79,0,0,1,11,6,E Mathew,MLT
726,Noman Amjad (Fran),23,20,6,219,27,15.64,200,109.5,0,0,0,10,6,Noman Amjad,Fran
727,D Parashar (UAE),35,26,12,219,32,15.64,209,104.78,0,0,2,9,8,D Parashar,UAE
728,Idrees Ul Haque (SUI),14,14,0,218,55,15.57,197,110.65,0,1,0,29,4,Idrees Ul Haque,SUI
729,NMS Param (SGP),12,11,2,218,54,24.22,205,106.34,0,1,1,20,4,NMS Param,SGP
730,AK Sah (NEP),13,13,0,218,41,16.76,182,119.78,0,0,1,19,12,AK Sah,NEP
731,Washington Sundar (IND),29,14,5,218,50,24.22,168,129.76,0,1,1,17,11,Washington Sundar,IND
732,Abhijeet Ahuja (HUN),15,14,0,217,75,15.5,232,93.53,0,1,2,14,5,Abhijeet Ahuja,HUN
733,MRJ Watt (SCOT),34,22,5,217,31*,12.76,194,111.85,0,0,2,17,6,MRJ Watt,SCOT
734,R Coker (SLE),38,29,4,216,53*,8.64,342,63.15,0,1,3,15,3,R Coker,SLE
735,Mahedi Hasan (BAN),41,27,6,216,33,10.28,219,98.63,0,0,5,18,6,Mahedi Hasan,BAN
736,C Wright (CAY),32,23,9,216,50,15.42,214,100.93,0,1,6,8,9,C Wright,CAY
737,A Halbhavi (LUX),17,17,0,215,48,12.64,193,111.39,0,0,5,26,3,A Halbhavi,LUX
738,Imad Wasim (PAK),17,13,4,215,64*,23.88,190,113.15,0,1,0,20,4,Imad Wasim,PAK
739,Lokesh Bam (NEP),22,18,4,215,39*,15.35,150,143.33,0,0,3,17,15,Lokesh Bam,NEP
740,N Nuntarach (THA),43,35,3,215,24,6.71,339,63.42,0,0,8,13,1,N Nuntarach,THA
741,P Suanchuai (THA),24,21,1,215,37,10.75,335,64.17,0,0,3,14,4,P Suanchuai,THA
742,Qamar Mushtaque (NOR),34,22,8,214,44*,15.28,207,103.38,0,0,1,15,7,Qamar Mushtaque,NOR
743,D Sabir (BER),31,21,4,214,46,12.58,186,115.05,0,0,5,18,4,D Sabir,BER
744,Rishad Hossain (BAN),55,33,8,213,53,8.52,167,127.54,0,1,6,15,15,Rishad Hossain,BAN
745,CJ Anderson (USA),11,10,2,212,55,26.5,202,104.95,0,1,0,10,9,CJ Anderson,USA
746,AUKDS Kalugala (CYP),14,14,0,212,42,15.14,182,116.48,0,0,1,25,7,AUKDS Kalugala,CYP
747,S Koppolu (SVN),17,17,4,212,34*,16.3,198,107.07,0,0,3,18,6,S Koppolu,SVN
748,Osama Mahmood (SUI),11,11,1,212,53*,21.2,195,108.71,0,1,2,20,3,Osama Mahmood,SUI
749,Saad Khan (KSA),16,15,0,212,69,14.13,216,98.14,0,1,2,19,7,Saad Khan,KSA
750,Muhammad Fahad (TKY),4,4,0,211,120,52.75,89,237.07,1,1,1,21,17,Muhammad Fahad,TKY
751,D Wheatley (BHM),27,27,7,211,32*,10.55,232,90.94,0,0,4,16,7,D Wheatley,BHM
752,D Jakiel (MWI),44,30,13,210,38*,12.35,230,91.3,0,0,2,14,2,D Jakiel,MWI
753,G Malla (NEP),13,10,0,210,59,21,204,102.94,0,1,0,17,5,G Malla,NEP
754,E Niyomugabo (RWN),37,34,2,210,22,6.56,253,83,0,0,6,10,7,E Niyomugabo,RWN
755,ZXM Vukusic (CRT),8,8,0,210,53,26.25,161,130.43,0,1,0,14,12,ZXM Vukusic,CRT
756,HS Gericke (MLT),9,9,0,209,67,23.22,134,155.97,0,1,0,16,8,HS Gericke,MLT
757,Mohammed Rizlan (QAT),18,15,1,209,72*,14.92,153,136.6,0,2,3,10,16,Mohammed Rizlan,QAT
758,Zeshan Arif (AUT),21,15,4,209,31,19,194,107.73,0,0,0,16,10,Zeshan Arif,AUT
759,Abhishek Anand (JPN),12,12,1,208,55,18.9,176,118.18,0,1,1,18,13,Abhishek Anand,JPN
760,J Tuffin (PHI),19,16,5,208,32*,18.9,212,98.11,0,0,0,12,4,J Tuffin,PHI
761,Khaibar Deldar (HUN),14,13,0,207,49,15.92,177,116.94,0,0,1,18,10,Khaibar Deldar,HUN
762,H Rathod (QAT),23,14,7,207,47,29.57,184,112.5,0,0,0,16,5,H Rathod,QAT
763,Haseeb Ghafoor (KSA),20,13,7,206,47*,34.33,200,103,0,0,2,10,11,Haseeb Ghafoor,KSA
764,JJ Roy (ENG),11,11,0,206,52,18.72,198,104.04,0,1,1,17,10,JJ Roy,ENG
765,Sumeet Verma (UGA),5,5,1,206,88,51.5,134,153.73,0,1,0,7,16,Sumeet Verma,UGA
766,P Heron (CAY),11,11,2,205,59,22.77,203,100.98,0,2,2,12,6,P Heron,CAY
767,WL Madsen (ITA),8,7,1,205,61*,34.16,155,132.25,0,2,1,20,5,WL Madsen,ITA
768,G Motie (WI),50,25,11,205,33,14.64,153,133.98,0,0,3,14,13,G Motie,WI
769,Tarun Sharma (SVN),14,14,0,205,43,14.64,192,106.77,0,0,2,14,10,Tarun Sharma,SVN
770,LH Rodrigues (BRA),15,14,2,204,51*,17,260,78.46,0,1,2,14,2,LH Rodrigues,BRA
771,Rony Talukdar (BAN),10,9,0,203,67,22.55,143,141.95,0,1,0,24,6,Rony Talukdar,BAN
772,VE Tembo (MOZ),22,18,2,203,28*,12.68,195,104.1,0,0,5,24,6,VE Tembo,MOZ
773,Rasheed Ali Mamadkhel (SVN),16,16,1,202,37,13.46,160,126.25,0,0,3,12,12,Rasheed Ali Mamadkhel,SVN
774,Ismail Ali (MDV),18,17,1,201,33,12.56,191,105.23,0,0,1,12,11,Ismail Ali,MDV
775,Kamran Ahmadzai (Fran),9,9,2,201,56,28.71,112,179.46,0,1,0,14,14,Kamran Ahmadzai,Fran
776,N Knights (IOM),13,12,0,201,69,16.75,145,138.62,0,2,3,19,10,N Knights,IOM
777,Mohamed Azzam (MDV),29,26,3,201,25,8.73,280,71.78,0,0,4,10,2,Mohamed Azzam,MDV
778,LG Pretorius (SA),13,13,0,201,51,15.46,157,128.02,0,1,2,27,4,LG Pretorius,SA
779,E Rukiriza (RWN),69,46,14,201,18*,6.28,259,77.6,0,0,7,11,5,E Rukiriza,RWN
780,Salvin Stanly (CAM),27,24,3,201,25*,9.57,205,98.04,0,0,3,18,7,Salvin Stanly,CAM
781,Shahid Afridi (GER),13,13,0,201,53,15.46,116,173.27,0,1,1,16,17,Shahid Afridi,GER
782,Usman Najeeb (KSA),40,22,8,201,27,14.35,161,124.84,0,0,3,10,13,Usman Najeeb,KSA
783,C Bah (SLE),37,25,3,200,43*,9.09,196,102.04,0,0,3,12,7,C Bah,SLE
784,AD Dore (BER),15,14,1,200,33*,15.38,196,102.04,0,0,0,20,4,AD Dore,BER
785,L Hermida (Mex),15,15,3,200,37,16.66,272,73.52,0,0,0,11,0,L Hermida,Mex
786,S Maduranga (SKOR),14,14,4,200,51*,20,232,86.2,0,1,0,20,5,S Maduranga,SKOR
787,GP Meade (ITA),25,19,7,200,59*,16.66,167,119.76,0,1,4,14,7,GP Meade,ITA
788,L Rossi (Arg),14,11,1,200,55,20,220,90.9,0,1,0,16,3,L Rossi,Arg
789,C Hartmann (IOM),19,18,2,199,39,12.43,199,100,0,0,6,16,4,C Hartmann,IOM
790,Irfan Hafejee (PAN),14,13,1,199,35*,16.58,246,80.89,0,0,2,19,4,Irfan Hafejee,PAN
791,S Ramakrishnan (CZK-R),10,8,1,199,67*,28.42,160,124.37,0,2,0,22,4,S Ramakrishnan,CZK-R
792,S Samarawickrama (SL),10,9,2,199,61*,28.42,164,121.34,0,2,1,22,2,S Samarawickrama,SL
793,M Beitaki (Fiji),16,16,2,198,33*,14.14,179,110.61,0,0,2,15,9,M Beitaki,Fiji
794,Zain Ahmad (Fran),20,18,0,198,52,11,187,105.88,0,1,4,25,3,Zain Ahmad,Fran
795,MP Ainsworth (HUN),16,13,4,197,50*,21.88,247,79.75,0,1,0,10,3,MP Ainsworth,HUN
796,PK Matautaava (VAN),18,18,2,197,37,12.31,207,95.16,0,0,4,12,6,PK Matautaava,VAN
797,A Yon (STHEL),12,10,1,197,67,21.88,170,115.88,0,2,2,17,6,A Yon,STHEL
798,SP Krishnamurthi (USA),13,9,3,196,68*,32.66,137,143.06,0,1,1,11,12,SP Krishnamurthi,USA
799,AA Onikoyi (NGA),15,14,2,196,52*,16.33,236,83.05,0,1,3,12,4,AA Onikoyi,NGA
800,LM Gabriel (LES),17,16,1,195,45*,13,241,80.91,0,0,2,21,0,LM Gabriel,LES
801,H Lin Aung (MYAN),31,30,1,195,21*,6.72,319,61.12,0,0,6,10,10,H Lin Aung,MYAN
802,H Lin Oo (MYAN),27,24,8,195,38*,12.18,237,82.27,0,0,4,18,1,H Lin Oo,MYAN
803,Tanzim Hasan Sakib (BAN),40,23,8,195,50,13,188,103.72,0,1,3,13,8,Tanzim Hasan Sakib,BAN
804,TWM Latham (NZ),8,8,1,194,64,27.71,171,113.45,0,1,1,20,3,TWM Latham,NZ
805,CN Greaves (SCOT),26,19,10,193,37,21.44,162,119.13,0,0,1,16,5,CN Greaves,SCOT
806,J Alegra (PHI),16,14,1,192,41,14.76,249,77.1,0,0,1,10,4,J Alegra,PHI
807,Shahid Arshad (SVN),16,16,1,192,28*,12.8,229,83.84,0,0,2,12,7,Shahid Arshad,SVN
808,N Tanner (PHI),19,17,2,192,29,12.8,234,82.05,0,0,1,6,5,N Tanner,PHI
809,Azhar Andani (POR),11,11,1,191,70*,19.1,216,88.42,0,1,0,21,1,Azhar Andani,POR
810,S Burdekin (CYP),14,14,1,191,59,14.69,180,106.11,0,1,1,16,8,S Burdekin,CYP
811,ARA Chambers (POR),13,13,1,191,36,15.91,222,86.03,0,0,0,20,1,ARA Chambers,POR
812,Zeerak Chughtai (BUL),19,16,5,191,44,17.36,204,93.62,0,0,1,14,5,Zeerak Chughtai,BUL
813,H Jangariya (SWZ),8,7,1,190,54,31.66,134,141.79,0,1,0,23,8,H Jangariya,SWZ
814,Kamran Khan (QAT),14,11,0,190,37,17.27,130,146.15,0,0,0,22,10,Kamran Khan,QAT
815,WP Masakadza (ZIM),51,29,7,190,34,8.63,202,94.05,0,0,2,12,5,WP Masakadza,ZIM
816,DK Anefie (GHA),25,21,2,189,46,9.94,176,107.38,0,0,8,7,10,DK Anefie,GHA
817,N Chejay (BHU),19,17,2,189,50*,12.6,256,73.82,0,1,3,15,2,N Chejay,BHU
818,Irfan Khan (PAK),14,11,4,189,37*,27,140,135,0,0,1,20,7,Irfan Khan,PAK
819,Mosaddek Hossain (BAN),17,16,5,189,48*,17.18,152,124.34,0,0,3,15,5,Mosaddek Hossain,BAN
820,Umar Nawaz (SWE),9,9,0,189,56,21,188,100.53,0,1,0,16,9,Umar Nawaz,SWE
821,Ali Nadeem (CAN),6,6,2,188,89,47,131,143.51,0,2,0,15,8,Ali Nadeem,CAN
822,JS Kundi (KENYA),17,17,5,188,31*,15.66,167,112.57,0,0,2,9,10,JS Kundi,KENYA
823,CF Tlali (LES),17,16,1,188,42,12.53,230,81.73,0,0,2,11,5,CF Tlali,LES
824,CJ Bowes (NZ),11,11,0,187,54,17,156,119.87,0,1,1,27,2,CJ Bowes,NZ
825,MW Forde (WI),25,16,5,187,29*,17,124,150.8,0,0,1,16,11,MW Forde,WI
826,HV Mandhyan (HUN),17,17,1,187,41,11.68,201,93.03,0,0,1,12,6,HV Mandhyan,HUN
827,Sahir Naqash (GER),17,11,4,187,51*,26.71,134,139.55,0,1,2,17,4,Sahir Naqash,GER
828,DA Blignaut (GER),18,14,3,186,43,16.9,194,95.87,0,0,1,8,9,DA Blignaut,GER
829,LB Ferbrache (GUE),26,17,5,186,34,15.5,215,86.51,0,0,3,8,1,LB Ferbrache,GUE
830,LI Salomone (MOZ),19,16,2,186,79,13.28,231,80.51,0,1,3,21,3,LI Salomone,MOZ
831,Tanzeel Sheikh (KENYA),24,16,2,186,48,13.28,147,126.53,0,0,3,15,10,Tanzeel Sheikh,KENYA
832,Vinay Ravi (NOR),34,23,10,186,24,14.3,160,116.25,0,0,2,14,6,Vinay Ravi,NOR
833,C Bevin (CRT),6,6,2,185,73*,46.25,169,109.46,0,1,0,16,2,C Bevin,CRT
834,Mazharul Islam (SEY),12,11,2,185,50,20.55,186,99.46,0,1,1,27,1,Mazharul Islam,SEY
835,Mohammad Yasin (ESP),12,12,0,185,34,15.41,163,113.49,0,0,1,19,6,Mohammad Yasin,ESP
836,Mahmud Jasat (PAN),14,14,0,184,35,13.14,259,71.04,0,0,3,12,2,Mahmud Jasat,PAN
837,SA Wijeyeratne (CAN),15,11,1,184,51*,18.4,163,112.88,0,2,2,26,2,SA Wijeyeratne,CAN
838,EF Beard (IOM),19,16,2,182,35,13,176,103.4,0,0,4,18,4,EF Beard,IOM
839,S Crowie (STHEL),12,10,3,182,54*,26,228,79.82,0,1,0,17,1,S Crowie,STHEL
840,Mansoor Safi (AUT),13,11,1,182,80,18.2,113,161.06,0,1,1,14,12,Mansoor Safi,AUT
841,Muhammad Nadir (RWN),63,36,16,182,17*,9.1,235,77.44,0,0,3,14,5,Muhammad Nadir,RWN
842,Saeed Ahmed (SWE),17,13,2,182,73*,16.54,139,130.93,0,1,2,11,10,Saeed Ahmed,SWE
843,SZ Vayani (MWI),43,26,7,182,30*,9.57,196,92.85,0,0,6,15,4,SZ Vayani,MWI
844,S Godara (CAM),24,14,6,181,36*,22.62,125,144.8,0,0,4,9,16,S Godara,CAM
845,J Jemison (BHM),27,24,4,181,25*,9.05,262,69.08,0,0,5,10,1,J Jemison,BHM
846,J Liyanage (SL),14,13,5,181,41*,22.62,175,103.42,0,0,1,13,3,J Liyanage,SL
847,Mohamed Rishwan (MDV),18,17,1,181,38*,11.31,238,76.05,0,0,3,16,4,Mohamed Rishwan,MDV
848,AA Senn (CYP),10,10,1,181,51,20.11,206,87.86,0,1,1,14,0,AA Senn,CYP
849,M Stanikzai (SUI),14,12,2,181,35,18.1,133,136.09,0,0,0,15,8,M Stanikzai,SUI
850,AM Hardie (AUS),16,11,3,180,28*,22.5,142,126.76,0,0,0,19,5,AM Hardie,AUS
851,Raja Shoaib (SKOR),10,10,3,180,40*,25.71,208,86.53,0,0,0,15,3,Raja Shoaib,SKOR
852,J Vijay (POR),8,8,0,180,42,22.5,133,135.33,0,0,0,26,4,J Vijay,POR
853,Khin Aye (MYAN),31,29,6,179,24*,7.78,375,47.73,0,0,5,9,3,Khin Aye,MYAN
854,MJ Owen (AUS),15,11,1,179,50,17.9,121,147.93,0,1,1,7,14,MJ Owen,AUS
855,Jakir Patel (Zamb),10,10,0,179,63,17.9,158,113.29,0,1,0,14,8,Jakir Patel,Zamb
856,N Acawei (Fiji),10,10,1,178,48*,19.77,166,107.22,0,0,1,19,6,N Acawei,Fiji
857,BR McDermott (AUS),8,8,1,178,54,25.42,157,113.37,0,2,1,10,8,BR McDermott,AUS
858,Waqar Ul Hassan (KSA),10,8,1,178,44,25.42,151,117.88,0,0,1,16,5,Waqar Ul Hassan,KSA
859,CG Williams (NAM),8,7,1,178,62*,29.66,180,98.88,0,1,0,14,2,CG Williams,NAM
860,WA Young (NZ),12,12,0,178,56,14.83,176,101.13,0,1,0,20,4,WA Young,NZ
861,Fayaz Khan (GER),17,14,3,177,64,16.09,103,171.84,0,1,4,10,16,Fayaz Khan,GER
862,VB Chikkannaiah (GER),8,8,0,176,50,22,152,115.78,0,1,0,18,5,VB Chikkannaiah,GER
863,K Doriga (PNG),21,18,3,176,32*,11.73,199,88.44,0,0,2,18,4,K Doriga,PNG
864,BKB Corbin (CAY),15,14,2,175,34,14.58,144,121.52,0,0,4,18,11,BKB Corbin,CAY
865,Faheem Nellancheri (FIN),13,12,1,175,44,15.9,124,141.12,0,0,0,14,9,Faheem Nellancheri,FIN
866,D Johnson (SUI),13,12,2,175,55,17.5,152,115.13,0,1,1,16,5,D Johnson,SUI
867,H Kaushik (UAE),17,16,5,175,44*,15.9,146,119.86,0,0,2,5,13,H Kaushik,UAE
868,Shariq Munir (QAT),14,10,1,175,41,19.44,119,147.05,0,0,1,15,9,Shariq Munir,QAT
869,M Shumba (ZIM),18,17,4,175,29*,13.46,184,95.1,0,0,0,10,3,M Shumba,ZIM
870,A Sokovagone (Fiji),6,6,0,174,62,29,129,134.88,0,1,0,10,12,A Sokovagone,Fiji
871,LA Burns (ESP),33,15,5,173,47,17.3,150,115.33,0,0,1,16,2,LA Burns,ESP
872,MD Gunathilaka (SL),16,16,0,173,38,10.81,148,116.89,0,0,4,17,7,MD Gunathilaka,SL
873,Muhammed Manga (GMB),11,11,1,173,59*,17.3,216,80.09,0,1,1,10,4,Muhammed Manga,GMB
874,Syed Haider (UAE),20,13,3,173,47,17.3,157,110.19,0,0,1,11,7,Syed Haider,UAE
875,MK Thakur (THA),21,15,4,173,49,15.72,144,120.13,0,0,1,10,9,MK Thakur,THA
876,Aayan Afzal Khan (UAE),37,18,5,172,42,13.23,183,93.98,0,0,1,12,3,Aayan Afzal Khan,UAE
877,Adam Senn (CYP),10,9,5,172,66*,43,122,140.98,0,2,1,12,8,Adam Senn,CYP
878,JD Allan (VAN),16,15,0,172,36,11.46,194,88.65,0,0,0,15,2,JD Allan,VAN
879,A Kainessie (SLE),13,12,0,172,40,14.33,177,97.17,0,0,1,19,2,A Kainessie,SLE
880,T Wangchuk (BHU),36,30,4,172,31,6.61,216,79.62,0,0,5,12,4,T Wangchuk,BHU
881,G Gune (SGP),13,13,1,171,46,14.25,178,96.06,0,0,0,13,3,G Gune,SGP
882,A Reyes (GIBR),26,15,4,171,44,15.54,191,89.52,0,0,1,17,2,A Reyes,GIBR
883,N Senamontree (THA),52,30,15,170,17*,11.33,262,64.88,0,0,1,4,0,N Senamontree,THA
884,SM Solia (Samoa),6,6,0,170,62,28.33,133,127.81,0,1,0,10,9,SM Solia,Samoa
885,Sompal Kami (NEP),55,31,11,170,26*,8.5,150,113.33,0,0,4,12,7,Sompal Kami,NEP
886,T Bavuma (SA),15,15,2,169,36,13,160,105.62,0,0,4,19,4,T Bavuma,SA
887,DE Roache (Samoa),12,10,1,169,55,18.77,157,107.64,0,1,0,18,8,DE Roache,Samoa
888,A Manepalli (LUX),9,9,0,168,57,18.66,158,106.32,0,1,1,17,2,A Manepalli,LUX
889,H Niaz (Fran),10,10,0,168,53,16.8,117,143.58,0,1,1,17,8,H Niaz,Fran
890,Taher Muhammad (SVN),17,17,0,168,42,9.88,205,81.95,0,0,0,14,4,Taher Muhammad,SVN
891,MPS Cheema (AUT),28,18,4,167,33,11.92,179,93.29,0,0,1,14,2,MPS Cheema,AUT
892,ED Silva (KUW),8,7,1,167,56,27.83,80,208.75,0,1,0,7,17,ED Silva,KUW
893,U Aryaman Sunil (SGP),20,19,5,166,36*,11.85,138,120.28,0,0,3,9,11,U Aryaman Sunil,SGP
894,AB Kamara (SLE),10,10,1,166,43*,18.44,153,108.49,0,0,2,6,8,AB Kamara,SLE
895,A Mutreja (SGP),13,11,0,166,77,15.09,138,120.28,0,1,3,10,8,A Mutreja,SGP
896,Faisal Raza (NOR),14,12,2,165,37*,16.5,155,106.45,0,0,2,10,5,Faisal Raza,NOR
897,DP Michael (Samoa),6,6,1,165,63*,33,137,120.43,0,2,0,12,7,DP Michael,Samoa
898,R Pathan (CAN),8,8,0,165,73,20.62,113,146.01,0,1,3,20,5,R Pathan,CAN
899,AWJ Auguste (WI),9,8,1,164,50,23.42,118,138.98,0,1,0,11,11,AWJ Auguste,WI
900,C Dickson (COK),17,13,3,164,30*,16.4,197,83.24,0,0,0,10,3,C Dickson,COK
901,Kazim Somani (MWI),17,14,5,164,31,18.22,192,85.41,0,0,1,14,1,Kazim Somani,MWI
902,M Vandrasi (CZK-R),8,8,2,164,42*,27.33,156,105.12,0,0,1,17,1,M Vandrasi,CZK-R
903,C Webster (IOM),8,8,1,164,59*,23.42,128,128.12,0,1,2,12,6,C Webster,IOM
904,Adnan Mirza (QAT),14,12,0,163,30,13.58,134,121.64,0,0,0,26,2,Adnan Mirza,QAT
905,AA Jangoo (WI),7,7,2,163,74*,32.6,135,120.74,0,1,0,16,8,AA Jangoo,WI
906,Kulwinderjeet Singh (PHI),8,8,1,163,46,23.28,110,148.18,0,0,1,18,9,Kulwinderjeet Singh,PHI
907,S Mathur (HKG),12,11,0,163,39,14.81,178,91.57,0,0,1,10,3,S Mathur,HKG
908,WJ Cope (LUX),21,19,2,162,49,9.52,165,98.18,0,0,6,19,1,WJ Cope,LUX
909,F Nsubuga (UGA),52,21,7,162,31*,11.57,155,104.51,0,0,5,9,8,F Nsubuga,UGA
910,JM Sharma (IND),16,12,3,162,35,18,107,151.4,0,0,1,16,7,JM Sharma,IND
911,S Vashisht (ROM),27,16,4,162,36,13.5,165,98.18,0,0,1,13,5,S Vashisht,ROM
912,Rohit Kumar (ROM),13,12,0,161,27,13.41,134,120.14,0,0,0,20,6,Rohit Kumar,ROM
913,Waqas Ahmad (MLT),15,12,4,161,53*,20.12,100,161,0,1,3,10,12,Waqas Ahmad,MLT
914,Yasar Haroon (BRA),15,14,1,161,47,12.38,202,79.7,0,0,2,14,4,Yasar Haroon,BRA
915,Yaseer Nazeer (BHR),12,12,2,160,41*,16,145,110.34,0,0,1,16,6,Yaseer Nazeer,BHR
916,MP Breetzke (SA),13,13,1,158,51,13.16,136,116.17,0,1,0,14,6,MP Breetzke,SA
917,TS Kamunhukamwe (ZIM),7,7,0,158,39,22.57,138,114.49,0,0,0,12,9,TS Kamunhukamwe,ZIM
918,R Nath (TKY),12,11,1,158,38,15.8,177,89.26,0,0,0,12,6,R Nath,TKY
919,W Wotu (VAN),18,16,3,158,25*,12.15,146,108.21,0,0,4,6,12,W Wotu,VAN
920,Eric Phiri (SWZ),19,17,2,157,44*,10.46,176,89.2,0,0,1,19,3,Eric Phiri,SWZ
921,Muhammad Moiz (ROM),19,17,1,157,25,9.81,115,136.52,0,0,3,14,9,Muhammad Moiz,ROM
922,K Nestor (GIBR),25,18,4,157,35,11.21,145,108.27,0,0,5,15,7,K Nestor,GIBR
923,JM Vujnovich (CRT),13,13,1,157,38,13.08,242,64.87,0,0,2,10,1,JM Vujnovich,CRT
924,S Ashwathnarayana (HUN),10,9,2,156,52,22.28,132,118.18,0,1,1,11,9,S Ashwathnarayana,HUN
925,IS Sodhi (NZ),74,31,10,156,33,7.42,140,111.42,0,0,4,7,8,IS Sodhi,NZ
926,DC Stovell (BER),8,7,4,156,49*,52,137,113.86,0,0,0,8,3,DC Stovell,BER
927,Sufyan Mehmood (OMA),21,14,2,155,37,12.91,214,72.42,0,0,1,6,3,Sufyan Mehmood,OMA
928,Taskin Ahmed (BAN),53,24,8,155,31,9.68,151,102.64,0,0,5,13,6,Taskin Ahmed,BAN
929,Waqar Zalmai (AUT),29,16,9,155,23*,22.14,118,131.35,0,0,0,14,8,Waqar Zalmai,AUT
930,SSJ Brooks (WI),10,9,1,154,56*,19.25,162,95.06,0,1,2,12,6,SSJ Brooks,WI
931,C Tommy (VAN),12,10,0,154,35,15.4,157,98.08,0,0,1,14,4,C Tommy,VAN
932,RA Herman (SA),7,6,0,153,63,25.5,116,131.89,0,1,0,13,6,RA Herman,SA
933,Khizar Hayat (MAS),47,21,9,152,21,12.66,167,91.01,0,0,4,7,3,Khizar Hayat,MAS
934,SJ Myburgh (NED),10,10,0,152,39,15.2,143,106.29,0,0,2,15,6,SJ Myburgh,NED
935,Sahel Zadran (AUT),41,21,5,152,22*,9.5,128,118.75,0,0,4,18,6,Sahel Zadran,AUT
936,Ghulam Abbas Butt (FIN),14,14,0,151,44,10.78,128,117.96,0,0,2,18,5,Ghulam Abbas Butt,FIN
937,Hassan Rasheed (MDV),20,15,1,151,27,10.78,177,85.31,0,0,3,12,4,Hassan Rasheed,MDV
938,Kalhan Challu (HKG),9,9,3,151,45,25.16,116,130.17,0,0,0,10,3,Kalhan Challu,HKG
939,Mohammed Irshad (QAT),15,13,3,151,25,15.1,142,106.33,0,0,1,4,10,Mohammed Irshad,QAT
940,OF Smith (WI),22,17,7,151,27*,15.1,111,136.03,0,0,2,9,9,OF Smith,WI
941,V Sukumaran (UAE),10,8,0,151,50,18.87,124,121.77,0,1,2,15,7,V Sukumaran,UAE
942,Aamir Lal (SKOR),10,10,2,150,48,18.75,133,112.78,0,0,1,7,9,Aamir Lal,SKOR
943,STRA de Silva (SEY),12,10,3,150,46*,21.42,173,86.7,0,0,1,9,1,STRA de Silva,SEY
944,Musa Shaheen (DEN),16,11,1,150,45,15,131,114.5,0,0,0,8,8,Musa Shaheen,DEN
945,T Rossi (Arg),16,12,1,150,46,13.63,156,96.15,0,0,0,10,5,T Rossi,Arg
946,Amandeep Singh (POR),16,14,3,149,25*,13.54,124,120.16,0,0,1,15,3,Amandeep Singh,POR
947,SM Tupou (Fiji),9,9,0,149,35,16.55,153,97.38,0,0,0,12,6,SM Tupou,Fiji
948,Ali Rahmon (NGA),7,7,1,148,64*,24.66,123,120.32,0,1,0,17,3,Ali Rahmon,NGA
949,Awais Ahmad (SWE),9,9,0,148,32,16.44,111,133.33,0,0,1,11,10,Awais Ahmad,SWE
950,Baseer Khan (AUT),29,15,5,148,45*,14.8,136,108.82,0,0,1,8,7,Baseer Khan,AUT
951,M Machado (POR),11,11,3,148,54*,18.5,125,118.4,0,2,0,13,5,M Machado,POR
952,GC Murtaza (CAM),44,21,4,148,28,8.7,185,80,0,0,4,11,4,GC Murtaza,CAM
953,TKP Rajapaksha (SEY),12,11,0,148,49,13.45,170,87.05,0,0,1,18,0,TKP Rajapaksha,SEY
954,Abdul Rahman (SGP),10,9,2,147,67,21,141,104.25,0,1,1,10,2,Abdul Rahman,SGP
955,KK Ahuja (Mex),6,6,2,147,61*,36.75,136,108.08,0,1,0,18,4,KK Ahuja,Mex
956,J Chialoufas (CYP),10,10,1,147,37,16.33,143,102.79,0,0,3,11,4,J Chialoufas,CYP
957,G Chohan (PHI),22,15,3,147,22,12.25,150,98,0,0,2,13,3,G Chohan,PHI
958,Khalid Zahid (SWE),24,15,2,146,21,11.23,110,132.72,0,0,1,8,8,Khalid Zahid,SWE
959,Ibrahim Hassan (MDV),30,22,6,146,20*,9.12,188,77.65,0,0,1,9,2,Ibrahim Hassan,MDV
960,LC Le Tissier (GUE),10,10,0,146,37,14.6,122,119.67,0,0,1,21,3,LC Le Tissier,GUE
961,ZB Lion-Cachet (NED),15,12,0,146,50,12.16,137,106.56,0,1,2,9,4,ZB Lion-Cachet,NED
962,MV Pavlovic (SRB),27,18,3,146,36*,9.73,188,77.65,0,0,2,13,3,MV Pavlovic,SRB
963,S Rungrueang (THA),26,24,4,146,46,7.3,190,76.84,0,0,6,6,7,S Rungrueang,THA
964,Sohaib Khan (UAE),6,6,0,146,68,24.33,108,135.18,0,2,0,11,10,Sohaib Khan,UAE
965,K Suttisan (THA),6,6,0,146,73,24.33,130,112.3,0,1,0,14,5,K Suttisan,THA
966,Asif Ali (PAK),20,17,3,145,25*,10.35,111,130.63,0,0,2,9,8,Asif Ali,PAK
967,KM Awala (GHA),17,15,1,145,23*,10.35,174,83.33,0,0,3,5,3,KM Awala,GHA
968,M Dale-Bradley (GUE),24,14,3,145,33,13.18,125,116,0,0,0,12,5,M Dale-Bradley,GUE
969,BF Mailata (Samoa),10,9,0,145,39,16.11,153,94.77,0,0,1,9,9,BF Mailata,Samoa
970,K Tathgur (CAN),14,11,2,145,53*,16.11,130,111.53,0,1,1,6,8,K Tathgur,CAN
971,F Achelam (UGA),25,16,2,144,28,10.28,142,101.4,0,0,4,7,9,F Achelam,UGA
972,L Denny (COK),17,12,1,144,45,13.09,148,97.29,0,0,0,10,1,L Denny,COK
973,A Prashar (HUN),13,11,2,144,35,16,97,148.45,0,0,1,8,9,A Prashar,HUN
974,Umair Qasim (SWZ),25,21,3,144,16,8,166,86.74,0,0,2,7,5,Umair Qasim,SWZ
975,ROC Dunka (CAY),22,16,2,143,35,10.21,143,100,0,0,1,7,5,ROC Dunka,CAY
976,CJ Jordan (ENG),24,18,7,143,28,13,117,122.22,0,0,0,10,7,CJ Jordan,ENG
977,BA Stokes (ENG),9,8,3,143,52*,28.6,134,106.71,0,1,0,8,2,BA Stokes,ENG
978,Mohammad Aadil Alam (NEP),12,12,1,142,31,12.9,107,132.71,0,0,0,9,8,Mohammad Aadil Alam,NEP
979,AA Rahayu (INA),34,16,6,142,23*,14.2,160,88.75,0,0,1,10,3,AA Rahayu,INA
980,Ainool Hafizs (MAS),62,29,7,141,18,6.4,155,90.96,0,0,1,8,3,Ainool Hafizs,MAS
981,SKDT Madusanka (SEY),12,10,3,141,50*,20.14,167,84.43,0,1,1,11,3,SKDT Madusanka,SEY
982,SS Ranjane (USA),4,4,2,141,51,70.5,78,180.76,0,1,0,9,8,SS Ranjane,USA
983,S Tosic (SRB),25,14,5,141,40,15.66,207,68.11,0,0,2,11,0,S Tosic,SRB
984,Wei Guo Lei (CHN),11,11,0,141,70,12.81,178,79.21,0,1,4,14,5,Wei Guo Lei,CHN
985,B Evans (ZIM),31,17,4,140,43,10.76,122,114.75,0,0,0,7,7,B Evans,ZIM
986,Jassim Khan (QAT),12,10,3,140,31*,20,101,138.61,0,0,1,7,10,Jassim Khan,QAT
987,KDA Lukies (PHI),32,17,7,140,43,14,145,96.55,0,0,0,9,4,KDA Lukies,PHI
988,JJ Atkinson (HKG),12,11,2,139,68*,15.44,114,121.92,0,1,2,15,5,JJ Atkinson,HKG
989,EC D'Souza (UAE),11,9,0,139,34,15.44,128,108.59,0,0,0,12,1,EC D'Souza,UAE
990,AJ Jabiri (TAN),18,16,0,139,27,8.68,232,59.91,0,0,2,12,1,AJ Jabiri,TAN
991,A Oxley (Blz),8,6,0,139,31,23.16,199,69.84,0,0,0,6,0,A Oxley,Blz
992,M Fontaine (HUN),14,12,5,138,49*,19.71,114,121.05,0,0,1,8,5,M Fontaine,HUN
993,D Jansen (IOM),13,10,0,138,33,13.8,160,86.25,0,0,1,6,3,D Jansen,IOM
994,AAP Rivero (Arg),21,16,3,138,31,10.61,156,88.46,0,0,2,6,3,AAP Rivero,Arg
995,A Davidson Soler (ESP),14,8,3,137,51,27.4,115,119.13,0,1,1,11,1,A Davidson Soler,ESP
996,Haris Rauf (PAK),60,27,12,137,34*,9.13,114,120.17,0,0,4,8,8,Haris Rauf,PAK
997,Mohammed Alamgir (SWZ),13,9,5,137,33,34.25,122,112.29,0,0,0,6,7,Mohammed Alamgir,SWZ
998,J Trembeath-Moro (ESP),8,7,2,137,39,27.4,152,90.13,0,0,0,10,4,J Trembeath-Moro,ESP
999,A Beresford-Peirse (CRT),12,10,1,136,39,15.11,173,78.61,0,0,1,7,2,A Beresford-Peirse,CRT
1000,A Dutt (NED),26,16,7,136,30,15.11,125,108.8,0,0,3,9,4,A Dutt,NED
1001,J Dzulfikar (INA),18,16,3,136,25,10.46,172,79.06,0,0,1,14,2,J Dzulfikar,INA
1002,Ismaila Tamba (GMB),12,12,2,136,43,13.6,121,112.39,0,0,0,16,4,Ismaila Tamba,GMB
1003,SB Wagh (Mex),8,8,0,136,51,17,167,81.43,0,1,0,10,1,SB Wagh,Mex
1004,Abbas Afridi (PAK),24,15,4,135,22,12.27,119,113.44,0,0,1,10,10,Abbas Afridi,PAK
1005,M Jele (SWZ),31,24,4,133,16,6.65,163,81.59,0,0,5,8,5,M Jele,SWZ
1006,K Modise (BOT),8,8,0,133,38,16.62,127,104.72,0,0,1,13,6,K Modise,BOT
1007,NM Salonen (FIN),15,14,2,133,36*,11.08,147,90.47,0,0,2,9,2,NM Salonen,FIN
1008,Afsar Zazai (AFG),7,7,0,132,48,18.85,151,87.41,0,0,0,9,3,Afsar Zazai,AFG
1009,AR Bisht (OMA),9,6,0,132,34,22,137,96.35,0,0,0,6,3,AR Bisht,OMA
1010,C Hinze (JPN),32,16,6,132,23*,13.2,124,106.45,0,0,3,11,2,C Hinze,JPN
1011,M Magagula (SWZ),28,19,7,132,21*,11,158,83.54,0,0,2,10,2,M Magagula,SWZ
1012,K Mirpuri (GIBR),27,15,12,132,34*,44,126,104.76,0,0,0,9,3,K Mirpuri,GIBR
1013,Shaof Hassan (MDV),12,10,2,132,36*,16.5,100,132,0,0,1,10,7,Shaof Hassan,MDV
1014,Sandeep Goud (BHM),24,18,3,131,29*,8.73,180,72.77,0,0,2,7,7,Sandeep Goud,BHM
1015,Tashi Phuntsho (BHU),19,16,4,131,24*,10.91,196,66.83,0,0,1,4,1,Tashi Phuntsho,BHU
1016,Amar Sharma (MLT),22,12,4,130,34*,16.25,121,107.43,0,0,2,9,2,Amar Sharma,MLT
1017,W Boshoff (SWE),15,11,0,130,40,11.81,159,81.76,0,0,1,8,2,W Boshoff,SWE
1018,Junaid Mehmood (NOR),11,10,1,130,30*,14.44,125,104,0,0,1,12,2,Junaid Mehmood,NOR
1019,S Pillai (CRC),13,10,0,130,43,13,161,80.74,0,0,1,17,1,S Pillai,CRC
1020,JL Smith (ENG),5,5,0,130,60,26,67,194.02,0,1,0,9,10,JL Smith,ENG
1021,P Thongsa (THA),23,20,8,130,20,10.83,186,69.89,0,0,1,5,0,P Thongsa,THA
1022,Akhil Arjunan (FIN),16,12,2,129,24*,12.9,159,81.13,0,0,2,7,1,Akhil Arjunan,FIN
1023,AS Joseph (WI),45,19,11,129,21*,16.12,125,103.2,0,0,2,9,5,AS Joseph,WI
1024,Kim Daeyeon (SKOR),17,17,1,129,29,8.06,176,73.29,0,0,3,10,3,Kim Daeyeon,SKOR
1025,S Ravikumar (CRC),14,13,2,129,52,11.72,200,64.5,0,1,3,6,1,S Ravikumar,CRC
1026,G Singhdeo (CRC),9,8,1,129,55,18.42,134,96.26,0,1,1,16,3,G Singhdeo,CRC
1027,JK Theodore (GHA),27,22,3,129,22*,6.78,143,90.2,0,0,4,5,4,JK Theodore,GHA
1028,S Loday (BHU),16,13,3,128,22,12.8,166,77.1,0,0,1,8,0,S Loday,BHU
1029,N Salekar (THA),12,12,1,128,33,11.63,154,83.11,0,0,1,6,1,N Salekar,THA
1030,K Sathish (SGP),8,8,0,128,26,16,132,96.96,0,0,0,13,2,K Sathish,SGP
1031,Yasir Ali (BAN),11,11,3,128,42*,16,90,142.22,0,0,0,12,5,Yasir Ali,BAN
1032,Ayaz Dadabhai (Zamb),10,10,2,127,21,15.87,120,105.83,0,0,0,6,5,Ayaz Dadabhai,Zamb
1033,A Kadowaki Fleming (JPN),3,3,1,127,65*,63.5,79,160.75,0,1,0,10,2,A Kadowaki Fleming,JPN
1034,OJ Webster (IOM),5,5,0,127,48,25.4,88,144.31,0,0,0,13,5,OJ Webster,IOM
1035,GG Alta (TKY),12,12,0,126,28,10.5,147,85.71,0,0,0,7,6,GG Alta,TKY
1036,H Venkataram (SGP),14,12,9,126,27*,42,119,105.88,0,0,0,10,3,H Venkataram,SGP
1037,G Bakiweyem (GHA),29,20,7,125,41*,9.61,152,82.23,0,0,3,3,1,G Bakiweyem,GHA
1038,JR Barry (BHM),11,9,4,125,30*,25,203,61.57,0,0,0,7,1,JR Barry,BHM
1039,E Duff (BHM),15,14,0,125,31,8.92,204,61.27,0,0,3,12,0,E Duff,BHM
1040,S Hirugade (Mex),17,16,0,125,20,7.81,132,94.69,0,0,1,18,2,S Hirugade,Mex
1041,C Sudarsanan (MLT),29,18,6,125,23*,10.41,170,73.52,0,0,0,9,1,C Sudarsanan,MLT
1042,Bilal Hassun (UGA),35,16,8,124,20*,15.5,103,120.38,0,0,2,10,6,Bilal Hassun,UGA
1043,M Choamba (MWI),39,21,6,124,16*,8.26,180,68.88,0,0,3,6,2,M Choamba,MWI
1044,R Fox (BHM),12,12,5,124,24*,17.71,124,100,0,0,1,8,5,R Fox,BHM
1045,PB Gouge (JER),9,6,1,124,52,24.8,90,137.77,0,1,1,5,7,PB Gouge,JER
1046,AE Isesele (NGA),19,18,5,124,44,9.53,134,92.53,0,0,1,8,4,AE Isesele,NGA
1047,Basir Ahamad (NEP),7,4,2,123,80,61.5,91,135.16,0,1,0,10,4,Basir Ahamad,NEP
1048,L Bonner (Blz),7,7,1,123,70*,20.5,99,124.24,0,1,1,10,5,L Bonner,Blz
1049,J Campbell (ZIM),9,9,1,123,45,15.37,101,121.78,0,0,1,8,7,J Campbell,ZIM
1050,ML Castillo (Blz),8,8,2,123,41*,20.5,116,106.03,0,0,0,11,4,ML Castillo,Blz
1051,RJ Hatchman (GIBR),15,11,1,123,32,12.3,83,148.19,0,0,1,8,8,RJ Hatchman,GIBR
1052,Mohammad Kamran (ESP),22,12,3,123,52,13.66,116,106.03,0,1,0,10,3,Mohammad Kamran,ESP
1053,Mujeeb-ur-Rehman (QAT),24,13,3,123,28,12.3,133,92.48,0,0,0,11,0,Mujeeb-ur-Rehman,QAT
1054,MJ Scotland (BER),7,7,3,123,57*,30.75,119,103.36,0,1,1,9,2,MJ Scotland,BER
1055,Tayyab Tahir (PAK),8,7,1,123,39*,20.5,104,118.26,0,0,0,12,3,Tayyab Tahir,PAK
1056,Umair Tariq (AUT),45,15,3,123,32,10.25,130,94.61,0,0,1,11,1,Umair Tariq,AUT
1057,JM Vince (ENG),5,5,0,123,55,24.6,86,143.02,0,1,0,13,5,JM Vince,ENG
1058,Abrar Bilal (AUT),12,9,1,122,36,15.25,131,93.12,0,0,1,10,2,Abrar Bilal,AUT
1059,BF Calitz (IRE),9,9,2,122,26*,17.42,89,137.07,0,0,0,7,6,BF Calitz,IRE
1060,D Cleaver (NZ),9,7,1,122,78*,20.33,101,120.79,0,1,1,10,5,D Cleaver,NZ
1061,Faraaz Mehti Abbas (FIN),7,7,0,122,57,17.42,113,107.96,0,1,1,11,1,Faraaz Mehti Abbas,FIN
1062,C Kyewuta (UGA),42,21,12,122,24*,13.55,112,108.92,0,0,1,9,4,C Kyewuta,UGA
1063,Umair Sharif (KSA),8,7,2,122,44*,24.4,102,119.6,0,0,0,7,6,Umair Sharif,KSA
1064,Vineet Shah (INA),11,9,2,122,39,17.42,140,87.14,0,0,0,10,1,Vineet Shah,INA
1065,Abdul Shakoor (ROM),11,8,1,121,27,17.28,142,85.21,0,0,0,8,1,Abdul Shakoor,ROM
1066,SJ Baard (NAM),6,6,1,121,52*,24.2,122,99.18,0,1,0,12,1,SJ Baard,NAM
1067,S Grover (CZK-R),13,13,2,121,47,11,117,103.41,0,0,3,12,3,S Grover,CZK-R
1068,M Koli (ROM),32,12,5,121,33*,17.28,109,111,0,0,2,10,2,M Koli,ROM
1069,TJG Pringle (NED),22,15,2,121,35*,9.3,124,97.58,0,0,1,5,5,TJG Pringle,NED
1070,MB Tambe (FIN),24,19,7,121,31*,10.08,166,72.89,0,0,3,5,2,MB Tambe,FIN
1071,Jaskaran Singh (CAN),16,10,5,120,60*,24,76,157.89,0,1,1,7,9,Jaskaran Singh,CAN
1072,MT Renshaw (AUS),6,5,0,120,65,24,99,121.21,0,1,0,8,2,MT Renshaw,AUS
1073,I Tchakou (CAM),18,16,0,120,26,7.5,144,83.33,0,0,3,17,1,I Tchakou,CAM
1074,Waqar Khan (SVN),15,13,2,120,31,10.9,112,107.14,0,0,2,9,5,Waqar Khan,SVN
1075,Awais Ahmed (ESP),14,11,1,119,42,11.9,107,111.21,0,0,2,14,5,Awais Ahmed,ESP
1076,Danyal Raja (BUL),21,13,3,119,19,11.9,132,90.15,0,0,0,11,1,Danyal Raja,BUL
1077,T Martin (LUX),6,6,0,119,35,19.83,80,148.75,0,0,0,11,4,T Martin,LUX
1078,Shahid Wasif (HKG),13,9,3,119,31,19.83,126,94.44,0,0,1,9,2,Shahid Wasif,HKG
1079,PF Gallagher (FIN),15,15,3,118,34*,9.83,85,138.82,0,0,4,10,6,PF Gallagher,FIN
1080,Marcelle Hanekom (CAM),9,9,1,118,33,14.75,126,93.65,0,0,2,13,1,Marcelle Hanekom,CAM
1081,H Satheedevi (CRT),8,8,1,118,43*,16.85,84,140.47,0,0,0,9,8,H Satheedevi,CRT
1082,G Singh (Sur),7,7,3,118,39*,29.5,114,103.5,0,0,1,13,0,G Singh,Sur
1083,Habib Ahmadzai (AUT),8,8,1,117,39,16.71,111,105.4,0,0,1,11,2,Habib Ahmadzai,AUT
1084,F Khaliq (BEL),11,10,3,117,49*,16.71,109,107.33,0,0,1,10,1,F Khaliq,BEL
1085,G Schachat (ISR),3,3,2,117,66,117,106,110.37,0,1,0,10,2,G Schachat,ISR
1086,WA Simpson (SGP),6,6,3,117,46*,39,87,134.48,0,0,0,7,6,WA Simpson,SGP
1087,Usman Arif (NOR),8,7,0,117,44,16.71,67,174.62,0,0,1,4,13,Usman Arif,NOR
1088,LD Chandimal (SL),8,8,1,116,25*,16.57,121,95.86,0,0,0,8,3,LD Chandimal,SL
1089,J Evans (ISR),9,9,0,116,42,12.88,106,109.43,0,0,1,13,2,J Evans,ISR
1090,Ijaz Hussain (ROM),20,15,4,116,24*,10.54,123,94.3,0,0,0,12,1,Ijaz Hussain,ROM
1091,Khalid Shah (UAE),8,8,0,116,37,14.5,106,109.43,0,0,2,10,6,Khalid Shah,UAE
1092,A Martel (GUE),28,15,5,116,23*,11.6,108,107.4,0,0,3,13,4,A Martel,GUE
1093,RGA Amah (CAM),13,12,0,115,20,9.58,142,80.98,0,0,1,10,1,RGA Amah,CAM
1094,C Bosch (SA),22,14,5,115,30*,12.77,107,107.47,0,0,1,9,2,C Bosch,SA
1095,J Fraser-McGurk (AUS),8,8,0,115,50,14.37,86,133.72,0,1,2,16,3,J Fraser-McGurk,AUS
1096,G Murali (CRC),5,5,1,115,47*,28.75,150,76.66,0,0,0,8,3,G Murali,CRC
1097,Naeem Gull (SWZ),7,7,1,115,63*,19.16,115,100,0,1,1,17,2,Naeem Gull,SWZ
1098,C Pengkumta (THA),29,21,2,115,31*,6.05,163,70.55,0,0,6,5,5,C Pengkumta,THA
1099,RE van der Merwe (NED),25,14,7,115,36*,16.42,100,115,0,0,1,6,3,RE van der Merwe,NED
1100,Aryan Lakra (UAE),10,10,2,114,63*,14.25,107,106.54,0,1,1,6,6,Aryan Lakra,UAE
1101,GK Berg (ITA),13,7,3,114,39*,28.5,64,178.12,0,0,2,10,5,GK Berg,ITA
1102,Huzaifa Mohammed (PHI),24,13,8,114,27*,22.8,155,73.54,0,0,0,3,1,Huzaifa Mohammed,PHI
1103,Ihsanullah Wafa (SWE),5,5,2,114,49*,38,95,120,0,0,0,7,7,Ihsanullah Wafa,SWE
1104,N Zimonjic (SRB),28,17,2,114,19,7.6,114,100,0,0,4,7,6,N Zimonjic,SRB
1105,HK Kukreja (SGP),6,6,0,113,51,18.83,115,98.26,0,1,1,12,0,HK Kukreja,SGP
1106,CE McConchie (NZ),11,7,2,113,31*,22.6,102,110.78,0,0,0,9,2,CE McConchie,NZ
1107,A Venkatesh (SWE),9,9,2,113,35,16.14,130,86.92,0,0,2,7,1,A Venkatesh,SWE
1108,DO Leicher (NAM),16,12,7,112,42*,22.4,124,90.32,0,0,1,4,4,DO Leicher,NAM
1109,SB Patel (MLT),11,10,0,112,31,11.2,107,104.67,0,0,1,8,6,SB Patel,MLT
1110,M Shahbaz Butt (NOR),16,12,3,112,45*,12.44,127,88.18,0,0,1,9,0,M Shahbaz Butt,NOR
1111,Shaik Basha (TAN),15,11,2,111,43,12.33,111,100,0,0,0,5,5,Shaik Basha,TAN
1112,MFI Assuncao (BRA),15,12,0,110,29,9.16,137,80.29,0,0,2,7,2,MFI Assuncao,BRA
1113,JA Burrows (IOM),21,16,3,110,28,8.46,96,114.58,0,0,3,11,1,JA Burrows,IOM
1114,G Coetzee (SA),13,12,2,110,23,11,83,132.53,0,0,3,8,6,G Coetzee,SA
1115,AC Douglas (BER),9,8,0,110,43,13.75,85,129.41,0,0,1,8,7,AC Douglas,BER
1116,DA Mehta (TAN),12,10,1,110,36*,12.22,109,100.91,0,0,2,17,2,DA Mehta,TAN
1117,Nimish Lathief (KUW),19,13,5,110,18,13.75,132,83.33,0,0,0,9,2,Nimish Lathief,KUW
1118,A Shahi (CYP),15,11,2,110,42*,12.22,66,166.66,0,0,2,6,9,A Shahi,CYP
1119,XSD Smith (Sur),8,8,2,110,57*,18.33,86,127.9,0,1,0,7,5,XSD Smith,Sur
1120,Tshering Tashi (2) (BHU),20,16,5,110,38,10,155,70.96,0,0,1,9,3,Tshering Tashi,2
1121,Devender Singh (GHA),10,10,1,109,23,12.11,115,94.78,0,0,1,7,2,Devender Singh,GHA
1122,UT Kaisala (Samoa),8,8,1,109,35*,15.57,126,86.5,0,0,0,11,3,UT Kaisala,Samoa
1123,DS Maraiwai (Fiji),9,9,1,109,23,13.62,95,114.73,0,0,1,13,3,DS Maraiwai,Fiji
1124,NA Rock (IRE),12,9,0,109,37,12.11,97,112.37,0,0,1,10,3,NA Rock,IRE
1125,Chaudhary Akram (NOR),6,4,1,108,49*,36,107,100.93,0,0,0,10,2,Chaudhary Akram,NOR
1126,L Emilio (MOZ),15,10,3,108,31*,15.42,130,83.07,0,0,1,12,1,L Emilio,MOZ
1127,JM Joao (MOZ),18,10,1,108,22,12,120,90,0,0,0,13,0,JM Joao,MOZ
1128,A Kaul (SGP),11,9,1,107,56,13.37,122,87.7,0,1,2,10,3,A Kaul,SGP
1129,A Mene-Ejegi (SRB),13,10,1,107,32*,11.88,69,155.07,0,0,2,10,6,A Mene-Ejegi,SRB
1130,HMHE Parsons (SKOR),8,8,0,107,47,13.37,85,125.88,0,0,0,10,6,HMHE Parsons,SKOR
1131,CP Turkich (CRT),9,9,0,107,20,11.88,181,59.11,0,0,1,7,0,CP Turkich,CRT
1132,SC van Schalkwyk (USA),18,13,8,107,18,21.4,95,112.63,0,0,1,8,3,SC van Schalkwyk,USA
1133,Waseem Abbas (MLT),38,25,12,107,28,8.23,93,115.05,0,0,4,8,6,Waseem Abbas,MLT
1134,N Nazmussakib (SKOR),10,8,0,106,31,13.25,111,95.49,0,0,1,11,2,N Nazmussakib,SKOR
1135,R Parag (IND),9,6,0,106,34,17.66,70,151.42,0,0,0,3,9,R Parag,IND
1136,A Rajshekara (ROM),8,7,2,106,50,21.2,110,96.36,0,1,1,9,4,A Rajshekara,ROM
1137,C Veretaki (Fiji),4,4,0,106,60,26.5,105,100.95,0,1,1,14,2,C Veretaki,Fiji
1138,Ziaur Rehman (FIN),9,9,2,106,37*,15.14,113,93.8,0,0,0,9,1,Ziaur Rehman,FIN
1139,Abdur Rahman Sudais (SWE),7,6,1,105,42,21,96,109.37,0,0,0,8,4,Abdur Rahman Sudais,SWE
1140,Ali Zaheer (KUW),9,8,2,105,41,17.5,108,97.22,0,0,0,8,1,Ali Zaheer,KUW
1141,CJ Langford (IOM),15,10,2,105,24*,13.12,106,99.05,0,0,0,8,2,CJ Langford,IOM
1142,D Marsic (CRT),9,8,0,105,37,13.12,164,64.02,0,0,1,9,2,D Marsic,CRT
1143,R Sandeep (SWZ),14,11,4,105,24,15,97,108.24,0,0,2,8,5,R Sandeep,SWZ
1144,P Arora (Mex),7,7,2,104,51*,20.8,120,86.66,0,1,2,11,2,P Arora,Mex
1145,Dawood Ahmadzai (Fran),30,16,6,104,23*,10.4,131,79.38,0,0,2,8,1,Dawood Ahmadzai,Fran
1146,K Klesse (GER),3,3,0,104,42,34.66,95,109.47,0,0,0,9,3,K Klesse,GER
1147,KA Maharaj (SA),41,16,7,104,41,11.55,116,89.65,0,0,2,6,5,KA Maharaj,SA
1148,Mohammad Ishaq (AFG),8,8,1,104,32,14.85,100,104,0,0,1,11,1,Mohammad Ishaq,AFG
1149,PK Mohanarangam (Mex),10,8,2,104,33*,17.33,112,92.85,0,0,3,6,4,PK Mohanarangam,Mex
1150,Iqbal Mudassir (SKOR),10,10,1,104,46,11.55,111,93.69,0,0,0,5,5,Iqbal Mudassir,SKOR
1151,Y Naing Tun (MYAN),14,13,1,104,25,8.66,161,64.59,0,0,2,9,2,Y Naing Tun,MYAN
1152,Shahidullah (AFG),7,6,2,104,49*,26,81,128.39,0,0,2,10,4,Shahidullah,AFG
1153,Tafseer Ali (NOR),8,8,1,104,28,14.85,104,100,0,0,0,12,0,Tafseer Ali,NOR
1154,M Taniyama (JPN),38,18,7,104,19,9.45,138,75.36,0,0,2,3,3,M Taniyama,JPN
1155,Abdul Naser Baluch (SWE),17,12,2,103,23*,10.3,86,119.76,0,0,2,6,5,Abdul Naser Baluch,SWE
1156,RDB Ahir (PAN),15,15,2,103,21,7.92,113,91.15,0,0,3,4,3,RDB Ahir,PAN
1157,OJR Groves (SVN),3,3,1,103,74*,51.5,74,139.18,0,1,0,9,5,OJR Groves,SVN
1158,JAD Lawrenson (JER),12,7,1,103,36,17.16,106,97.16,0,0,0,9,0,JAD Lawrenson,JER
1159,Ramanjot Singh (SVN),5,5,0,103,46,20.6,108,95.37,0,0,0,10,2,Ramanjot Singh,SVN
1160,AU Rashid (ENG),77,22,9,103,22,7.92,107,96.26,0,0,4,9,1,AU Rashid,ENG
1161,P Stroud (Falk),6,6,0,103,51,17.16,116,88.79,0,1,0,9,4,P Stroud,Falk
1162,Breeze Ahir (PAN),10,10,2,102,28*,12.75,125,81.6,0,0,1,9,1,Breeze Ahir,PAN
1163,R Davson (BHM),12,10,1,102,40,11.33,139,73.38,0,0,0,9,2,R Davson,BHM
1164,R Escobar (Arg),10,8,2,102,32,17,123,82.92,0,0,1,7,1,R Escobar,Arg
1165,Firas Hussain (BUL),10,9,2,102,40*,14.57,97,105.15,0,0,3,13,1,Firas Hussain,BUL
1166,M Khojbariya (SWZ),10,10,2,102,46*,12.75,93,109.67,0,0,3,12,0,M Khojbariya,SWZ
1167,R Klein (NED),8,7,2,102,36*,20.4,76,134.21,0,0,1,7,3,R Klein,NED
1168,Murid Ekrami (BEL),19,12,2,102,28,10.2,101,100.99,0,0,4,10,3,Murid Ekrami,BEL
1169,Mustafa Omer (Fran),6,6,0,102,33,17,109,93.57,0,0,1,7,5,Mustafa Omer,Fran
1170,C Potgieter (POR),5,5,1,102,44,25.5,79,129.11,0,0,1,6,8,C Potgieter,POR
1171,Wahidullah Sahak (NOR),14,10,1,102,71*,11.33,82,124.39,0,1,1,9,4,Wahidullah Sahak,NOR
1172,GPK Wijesingha (MDV),6,5,0,102,56,20.4,102,100,0,1,0,7,3,GPK Wijesingha,MDV
1173,Abdul Wahid (KSA),10,9,1,101,27*,12.62,90,112.22,0,0,1,7,4,Abdul Wahid,KSA
1174,NN Odhiambo (KENYA),8,6,1,101,37,20.2,77,131.16,0,0,1,13,2,NN Odhiambo,KENYA
1175,KA Pollard (WI),8,7,5,101,41*,50.5,78,129.48,0,0,0,8,3,KA Pollard,WI
1176,Yusuf Ebrahim (PAN),12,12,0,101,23,8.41,155,65.16,0,0,0,4,0,Yusuf Ebrahim,PAN
1177,M Sohel Patel (PAN),10,9,0,100,42,11.11,95,105.26,0,0,1,9,5,M Sohel Patel,PAN
1178,P Aho (NGA),46,20,11,99,14,11,80,123.75,0,0,2,8,4,P Aho,NGA
1179,DL Brangman (BER),31,13,7,99,32*,16.5,103,96.11,0,0,2,7,1,DL Brangman,BER
1180,Haider Ali (PAK),14,13,1,99,31,8.25,89,111.23,0,0,2,7,4,Haider Ali,PAK
1181,W Maximo (BRA),9,9,0,99,25,11,147,67.34,0,0,0,9,0,W Maximo,BRA
1182,Tashi Dorji (BHU),15,13,2,99,39,9,72,137.5,0,0,3,3,9,Tashi Dorji,BHU
1183,TH Tector (IRE),6,5,0,99,38,19.8,67,147.76,0,0,0,13,3,TH Tector,IRE
1184,Azam Khalil (SWE),9,7,0,98,29,14,82,119.51,0,0,0,6,4,Azam Khalil,SWE
1185,DG Blampied (JER),22,13,5,98,29,12.25,96,102.08,0,0,2,8,1,DG Blampied,JER
1186,PJ Cummins (AUS),20,13,6,98,28,14,88,111.36,0,0,2,8,3,PJ Cummins,AUS
1187,Fitri Sham (MAS),21,9,2,98,40*,14,90,108.88,0,0,2,2,9,Fitri Sham,MAS
1188,S Kharvi (INA),10,6,0,98,31,16.33,89,110.11,0,0,0,6,7,S Kharvi,INA
1189,D la Cock (NAM),5,5,0,98,66,19.6,84,116.66,0,1,1,8,5,D la Cock,NAM
1190,IP Swaney (SGP),13,12,1,98,23,8.9,86,113.95,0,0,1,9,4,IP Swaney,SGP
1191,F Stoman (POR),22,12,2,98,28,9.8,125,78.4,0,0,2,4,4,F Stoman,POR
1192,M Theekshana (SL),73,35,13,98,14,4.45,166,59.03,0,0,7,5,2,M Theekshana,SL
1193,KJ Ferrary (GIBR),8,6,2,97,30,24.25,107,90.65,0,0,0,9,0,KJ Ferrary,GIBR
1194,JD Freyone (GIBR),11,10,2,97,21*,12.12,111,87.38,0,0,2,8,2,JD Freyone,GIBR
1195,VR Iyer (IND),6,4,2,97,35*,48.5,54,179.62,0,0,0,11,4,VR Iyer,IND
1196,Sajad Ahmadzai (BEL),17,12,5,97,26*,13.85,102,95.09,0,0,3,4,5,Sajad Ahmadzai,BEL
1197,RA Tripathi (IND),5,5,0,97,44,19.4,67,144.77,0,0,1,11,5,RA Tripathi,IND
1198,NR Welch (ZIM),7,7,0,97,25,13.85,93,104.3,0,0,1,12,1,NR Welch,ZIM
1199,Niv Nagavkar (ISR),9,7,0,96,25,13.71,87,110.34,0,0,0,8,1,Niv Nagavkar,ISR
1200,GM Ntambalika (MWI),20,12,3,96,34,10.66,100,96,0,0,2,6,2,GM Ntambalika,MWI
1201,Zawar Farid (UAE),14,12,3,96,41,10.66,74,129.72,0,0,2,7,5,Zawar Farid,UAE
1202,Abdullah Khan Lodhi (TKY),4,4,0,95,36,23.75,109,87.15,0,0,0,10,0,Abdullah Khan Lodhi,TKY
1203,JC Archer (ENG),33,16,7,95,21,10.55,67,141.79,0,0,4,6,6,JC Archer,ENG
1204,C Bogdanos (GRC),6,6,2,95,39*,23.75,123,77.23,0,0,0,5,0,C Bogdanos,GRC
1205,P Dakainivanua (Fiji),10,9,2,95,39*,13.57,100,95,0,0,1,9,1,P Dakainivanua,Fiji
1206,M Faraz Akram (ZIM),8,7,3,95,34*,23.75,67,141.79,0,0,0,4,6,M Faraz Akram,ZIM
1207,OD Hald (DEN),15,9,3,95,28,15.83,80,118.75,0,0,0,6,4,OD Hald,DEN
1208,R Ngarava (ZIM),75,31,13,95,12*,5.27,79,120.25,0,0,8,10,4,R Ngarava,ZIM
1209,Shahbaz Badar (BHR),11,11,1,95,44,9.5,106,89.62,0,0,3,6,1,Shahbaz Badar,BHR
1210,Zaid Soulat (BUL),6,5,2,95,44*,31.66,86,110.46,0,0,0,10,4,Zaid Soulat,BUL
1211,Abdul Hashmi (DEN),16,11,3,94,30*,11.75,108,87.03,0,0,4,8,2,Abdul Hashmi,DEN
1212,Ali Nawaz (HUN),11,9,3,94,36,15.66,82,114.63,0,0,2,4,5,Ali Nawaz,HUN
1213,G Angeletti (Arg),10,10,1,94,18*,10.44,112,83.92,0,0,2,6,3,G Angeletti,Arg
1214,AG Weligamage (HUN),12,10,3,94,45,13.42,93,101.07,0,0,0,4,7,AG Weligamage,HUN
1215,Amal Jacob (HUN),16,13,8,93,31,18.6,101,92.07,0,0,2,9,0,Amal Jacob,HUN
1216,Amir Khan (MAS),11,6,2,93,38,23.25,82,113.41,0,0,1,7,3,Amir Khan,MAS
1217,WK Bitis (CRT),9,7,1,93,32*,15.5,72,129.16,0,0,1,13,4,WK Bitis,CRT
1218,H Khogiyani (AUT),14,9,3,93,41,15.5,68,136.76,0,0,0,8,6,H Khogiyani,AUT
1219,K Piet (BOT),39,24,9,93,22*,6.2,131,70.99,0,0,4,5,1,K Piet,BOT
1220,BS Stephenson (Blz),8,7,2,93,36*,18.6,82,113.41,0,0,0,5,5,BS Stephenson,Blz
1221,DN Wellalage (SL),15,10,5,93,29,18.6,91,102.19,0,0,0,9,2,DN Wellalage,SL
1222,Javed Maroofkhail (NOR),12,10,3,92,27*,13.14,97,94.84,0,0,2,3,3,Javed Maroofkhail,NOR
1223,K Krishnakumar (BUL),6,5,0,92,36,18.4,87,105.74,0,0,0,6,3,K Krishnakumar,BUL
1224,TT Maposa (ZIM),21,13,6,92,32,13.14,76,121.05,0,0,0,9,1,TT Maposa,ZIM
1225,Shafat Ali Syed (ESP),10,7,0,92,51,13.14,56,164.28,0,1,1,6,8,Shafat Ali Syed,ESP
1226,Sohel Patel (PAN),6,6,0,92,34,15.33,95,96.84,0,0,0,8,0,Sohel Patel,PAN
1227,PA van Meekeren (NED),32,15,5,92,24,9.2,76,121.05,0,0,3,8,3,PA van Meekeren,NED
1228,Aditya Panwar (EST),6,4,1,91,62,30.33,73,124.65,0,1,0,3,4,Aditya Panwar,EST
1229,Ali Dawood (BHR),75,25,14,91,19,8.27,115,79.13,0,0,2,5,3,Ali Dawood,BHR
1230,Junaid Siddique (UAE),77,26,17,91,18,10.11,86,105.81,0,0,2,6,3,Junaid Siddique,UAE
1231,Muhammad Arfan (UAE),11,9,3,91,26*,15.16,82,110.97,0,0,2,7,2,Muhammad Arfan,UAE
1232,Noor Ali Zadran (AFG),3,3,0,91,51,30.33,89,102.24,0,1,0,10,3,Noor Ali Zadran,AFG
1233,Omair Yousuf (PAK),7,7,2,91,24,18.2,83,109.63,0,0,1,8,3,Omair Yousuf,PAK
1234,D Pretorius (SA),8,6,1,91,29,18.2,54,168.51,0,0,1,9,7,D Pretorius,SA
1235,CA Soper (PNG),14,12,5,91,17*,13,130,70,0,0,0,5,0,CA Soper,PNG
1236,DJ Turkich (CRT),9,9,0,91,29,10.11,113,80.53,0,0,1,9,1,DJ Turkich,CRT
1237,B Yadav (NEP),19,11,2,91,39,10.11,81,112.34,0,0,0,2,8,B Yadav,NEP
1238,Anamul Haque (BAN),7,7,0,90,26,12.85,94,95.74,0,0,0,8,2,Anamul Haque,BAN
1239,Ansar Iqbal (NOR),5,4,1,90,34*,30,62,145.16,0,0,0,11,3,Ansar Iqbal,NOR
1240,GF Gomes (MOZ),8,4,0,90,52,22.5,64,140.62,0,1,1,8,3,GF Gomes,MOZ
1241,M Kadyan (BUL),10,9,3,90,50,15,66,136.36,0,1,2,11,4,M Kadyan,BUL
1242,RM Magare (CZK-R),8,8,1,90,31,12.85,93,96.77,0,0,2,9,1,RM Magare,CZK-R
1243,SM Nash (Samoa),17,13,3,90,21*,9,135,66.66,0,0,3,8,1,SM Nash,Samoa
1244,K Nitish Kumar Reddy (IND),4,3,1,90,74,45,50,180,0,1,1,4,8,K Nitish Kumar Reddy,IND
1245,Shoaib Ahmed (CYP),5,5,0,90,30,18,84,107.14,0,0,1,10,2,Shoaib Ahmed,CYP
1246,P Zuze (MWI),27,17,4,90,21,6.92,141,63.82,0,0,2,6,0,P Zuze,MWI
1247,Arshdeep Singh (IND),83,29,14,89,12,5.93,86,103.48,0,0,5,9,3,Arshdeep Singh,IND
1248,J Baleicikoibia (Fiji),6,6,0,89,31,14.83,97,91.75,0,0,0,7,2,J Baleicikoibia,Fiji
1249,Bilal Ahmad Mir (SKOR),8,8,1,89,24*,12.71,79,112.65,0,0,0,8,4,Bilal Ahmad Mir,SKOR
1250,Gurpratap Singh (CYP),5,5,0,89,36,17.8,69,128.98,0,0,0,8,4,Gurpratap Singh,CYP
1251,R Hashu (POR),8,6,3,89,27*,29.66,64,139.06,0,0,0,2,5,R Hashu,POR
1252,MJ Hay (NZ),12,10,2,89,41*,11.12,71,125.35,0,0,2,5,4,MJ Hay,NZ
1253,M Jenkinson (FIN),5,5,0,89,34,17.8,79,112.65,0,0,0,5,5,M Jenkinson,FIN
1254,Aamer Jamal (PAK),6,5,1,88,41,22,49,179.59,0,0,0,5,7,Aamer Jamal,PAK
1255,Avi Dixit (SGP),13,12,1,88,23,8,104,84.61,0,0,2,6,0,Avi Dixit,SGP
1256,RR Bastiansz (MLT),5,5,0,88,46,17.6,85,103.52,0,0,0,7,3,RR Bastiansz,MLT
1257,JM Cox (ENG),6,4,0,88,55,22,67,131.34,0,1,1,9,4,JM Cox,ENG
1258,I Elec (TKY),12,11,0,88,52,8,136,64.7,0,1,3,5,4,I Elec,TKY
1259,ZG Foulkes (NZ),19,11,6,88,27*,17.6,57,154.38,0,0,1,6,4,ZG Foulkes,NZ
1260,D Foxcroft (NZ),5,4,0,88,34,22,79,111.39,0,0,0,2,5,D Foxcroft,NZ
1261,Jamshid Nasiri (Fran),5,5,1,88,65*,22,78,112.82,0,1,0,6,4,Jamshid Nasiri,Fran
1262,Nasum Ahmed (BAN),31,17,7,88,20,8.8,90,97.77,0,0,3,8,2,Nasum Ahmed,BAN
1263,J Overton (ENG),24,15,5,88,19,8.8,84,104.76,0,0,2,5,3,J Overton,ENG
1264,LV van Beek (NED),25,17,6,88,23,8,106,83.01,0,0,3,4,1,LV van Beek,NED
1265,R Walker (CAY),13,10,2,88,33,11,122,72.13,0,0,0,4,1,R Walker,CAY
1266,Amir Farooq (QAT),18,12,3,87,31,9.66,91,95.6,0,0,1,5,4,Amir Farooq,QAT
1267,Ayyaz Qureshi (SVN),6,6,1,87,30,17.4,132,65.9,0,0,0,7,0,Ayyaz Qureshi,SVN
1268,F Campbell (GMB),10,10,0,87,23,8.7,139,62.58,0,0,2,6,1,F Campbell,GMB
1269,J Daley (),4,4,1,87,56*,29,74,117.56,0,1,0,9,1,J Daley,
1270,BC Fortuin (SA),14,12,6,87,32,14.5,77,112.98,0,0,2,8,2,BC Fortuin,SA
1271,B Kohler-Cadmore (GER),4,4,0,87,38,21.75,60,145,0,0,0,8,6,B Kohler-Cadmore,GER
1272,D Nikolov (BUL),18,13,0,87,42,6.69,93,93.54,0,0,3,9,3,D Nikolov,BUL
1273,Shoaib Rafiq (Mex),15,12,4,87,24*,10.87,84,103.57,0,0,1,3,4,Shoaib Rafiq,Mex
1274,C Tear (SCOT),8,7,0,87,32,12.42,93,93.54,0,0,0,9,1,C Tear,SCOT
1275,Utkarsh Jain (CAM),27,14,8,87,24*,14.5,101,86.13,0,0,2,7,1,Utkarsh Jain,CAM
1276,Ahmadullah Shinwari (NOR),27,11,4,86,34*,12.28,91,94.5,0,0,2,8,1,Ahmadullah Shinwari,NOR
1277,KS Bagabena (GHA),30,19,8,86,21*,7.81,103,83.49,0,0,3,5,1,KS Bagabena,GHA
1278,B Bhandari (NEP),5,4,0,86,42,21.5,61,140.98,0,0,0,8,4,B Bhandari,NEP
1279,M Dixit (LUX),18,13,3,86,25*,8.6,87,98.85,0,0,2,4,2,M Dixit,LUX
1280,D Ganesh (CRC),15,12,4,86,36*,10.75,111,77.47,0,0,2,9,2,D Ganesh,CRC
1281,Jun Hyunwoo (SKOR),10,10,0,86,26,8.6,119,72.26,0,0,1,5,5,Jun Hyunwoo,SKOR
1282,JS Malhotra (USA),5,5,1,86,58,21.5,71,121.12,0,1,0,3,5,JS Malhotra,USA
1283,Mansoor Malangzai (BEL),4,4,0,86,33,21.5,57,150.87,0,0,0,8,4,Mansoor Malangzai,BEL
1284,J Ramanandi (OMA),15,13,3,86,19,8.6,97,88.65,0,0,2,6,2,J Ramanandi,OMA
1285,Abdul-Shakoor Rahimzei (GER),9,6,2,85,30*,21.25,61,139.34,0,0,0,4,4,Abdul-Shakoor Rahimzei,GER
1286,JNX du Plooy (HUN),4,4,1,85,44*,28.33,61,139.34,0,0,0,3,5,JNX du Plooy,HUN
1287,Kaleemullah (OMA),32,16,6,85,14*,8.5,89,95.5,0,0,1,2,5,Kaleemullah,OMA
1288,Noor Ahmad (AFG),26,13,4,85,15*,9.44,85,100,0,0,1,2,7,Noor Ahmad,AFG
1289,Zuhaib Zubair (UAE),19,12,4,85,26*,10.62,60,141.66,0,0,1,5,4,Zuhaib Zubair,UAE
1290,YS Chauhan (SWE),4,3,1,84,71,42,53,158.49,0,1,0,13,1,YS Chauhan,SWE
1291,G Fatouros (GRC),4,4,0,84,50,21,72,116.66,0,1,0,7,4,G Fatouros,GRC
1292,Fayyaz Butt (OMA),31,13,6,84,23*,12,89,94.38,0,0,1,6,2,Fayyaz Butt,OMA
1293,D Maisuria (BOT),32,15,1,84,32*,6,118,71.18,0,0,6,2,2,D Maisuria,BOT
1294,Nadeem Khan (OMA),11,8,3,84,30*,16.8,68,123.52,0,0,1,6,5,Nadeem Khan,OMA
1295,JOP Scamans (FIN),12,11,1,84,22,8.4,87,96.55,0,0,4,8,1,JOP Scamans,FIN
1296,J Stanigze (SWE),8,6,1,84,33,16.8,76,110.52,0,0,0,3,6,J Stanigze,SWE
1297,Ali Yalmaz (HUN),10,10,0,83,19,8.3,77,107.79,0,0,1,2,6,Ali Yalmaz,HUN
1298,Z Burgess (BER),27,12,4,83,19*,10.37,62,133.87,0,0,4,5,7,Z Burgess,BER
1299,YP Dayal (Sur),8,8,0,83,22,10.37,112,74.1,0,0,1,2,1,YP Dayal,Sur
1300,AR Leo (STHEL),12,9,2,83,24,11.85,101,82.17,0,0,1,6,1,AR Leo,STHEL
1301,D Long Martinez (ESP),2,2,0,83,79,41.5,56,148.21,0,1,0,8,4,D Long Martinez,ESP
1302,Saran Aslam (DEN),12,7,1,83,47,13.83,48,172.91,0,0,1,5,6,Saran Aslam,DEN
1303,JT Smuts (ITA),7,6,0,83,24,13.83,71,116.9,0,0,1,9,4,JT Smuts,ITA
1304,Azam Khan (PAK),11,11,2,82,30*,9.11,59,138.98,0,0,4,5,7,Azam Khan,PAK
1305,M Gouws (GIBR),13,7,0,82,37,11.71,58,141.37,0,0,1,5,5,M Gouws,GIBR
1306,J Jagroo (BHM),5,5,0,82,34,16.4,95,86.31,0,0,0,5,4,J Jagroo,BHM
1307,Kawsar Khan (BRA),8,7,1,82,28*,13.66,89,92.13,0,0,0,6,2,Kawsar Khan,BRA
1308,P Manning (CAY),7,7,1,82,31,13.66,114,71.92,0,0,1,6,1,P Manning,CAY
1309,Nyein Cham Soe (MYAN),28,18,7,82,27,7.45,110,74.54,0,0,4,5,2,Nyein Cham Soe,MYAN
1310,Ranjit Singh (AUT),8,5,0,82,51,16.4,56,146.42,0,1,1,8,3,Ranjit Singh,AUT
1311,Shahnawaz Patel (Zamb),8,8,2,82,29,13.66,81,101.23,0,0,0,7,1,Shahnawaz Patel,Zamb
1312,Siraj Ullah Khadem (POR),25,12,4,82,22,10.25,92,89.13,0,0,2,7,1,Siraj Ullah Khadem,POR
1313,T Taylor (CAY),19,12,4,82,42,10.25,77,106.49,0,0,1,5,3,T Taylor,CAY
1314,RL Vitas (SRB),9,6,4,82,37*,41,109,75.22,0,0,0,7,2,RL Vitas,SRB
1315,DGAPD Wiswi (INA),19,9,2,82,26*,11.71,94,87.23,0,0,0,7,1,DGAPD Wiswi,INA
1316,CS MacLeod (SCOT),4,4,0,81,33,20.25,67,120.89,0,0,1,8,1,CS MacLeod,SCOT
1317,Muhammad Soban (HUN),4,4,0,81,24,20.25,92,88.04,0,0,0,5,0,Muhammad Soban,HUN
1318,Sajid Liaqat (GER),10,6,1,81,30*,16.2,57,142.1,0,0,0,2,8,Sajid Liaqat,GER
1319,Yahya Suhail (TLS),8,8,1,81,53*,11.57,157,51.59,0,1,0,7,1,Yahya Suhail,TLS
1320,Alexandros Karvelas (GRC),4,4,0,80,35,20,83,96.38,0,0,0,3,5,Alexandros Karvelas,GRC
1321,KU Carty (WI),8,6,1,80,49*,16,72,111.11,0,0,0,5,5,KU Carty,WI
1322,Delawar Khan (DEN),9,8,3,80,40,16,54,148.14,0,0,1,6,2,Delawar Khan,DEN
1323,C Forbes (SWZ),9,8,0,80,26,10,116,68.96,0,0,1,8,2,C Forbes,SWZ
1324,W Nalisa (VAN),22,12,5,80,31*,11.42,74,108.1,0,0,0,7,1,W Nalisa,VAN
1325,A Nao (PNG),19,10,4,80,30*,13.33,74,108.1,0,0,2,7,3,A Nao,PNG
1326,PV Rarotoga (Samoa),3,3,0,80,56,26.66,52,153.84,0,1,0,11,3,PV Rarotoga,Samoa
1327,Rizwan Mahmood (DEN),6,5,1,80,45,20,64,125,0,0,0,7,3,Rizwan Mahmood,DEN
1328,R Ankad (Mex),14,10,2,79,20*,9.87,117,67.52,0,0,0,6,0,R Ankad,Mex
1329,Jaweed Sadran (AUT),17,11,3,79,18*,9.87,60,131.66,0,0,1,8,2,Jaweed Sadran,AUT
1330,P Khari (CZK-R),3,3,1,79,38*,39.5,61,129.5,0,0,0,9,2,P Khari,CZK-R
1331,JB Little (IRE),50,19,15,79,22*,19.75,84,94.04,0,0,2,7,2,JB Little,IRE
1332,Mohameed Taiwo (NGA),37,19,7,79,26,6.58,107,73.83,0,0,5,7,2,Mohameed Taiwo,NGA
1333,SA Mohandas (HUN),29,16,10,79,26*,13.16,90,87.77,0,0,3,6,0,SA Mohandas,HUN
1334,S Navaratne (JPN),8,8,1,79,21,11.28,77,102.59,0,0,2,5,3,S Navaratne,JPN
1335,R Panchal (ESP),8,6,3,79,25*,26.33,95,83.15,0,0,0,2,2,R Panchal,ESP
1336,M Whelan (GIBR),13,8,2,79,27,13.16,71,111.26,0,0,0,6,2,M Whelan,GIBR
1337,J Andrew (WI),5,5,0,78,35,15.6,80,97.5,0,0,0,5,4,J Andrew,WI
1338,Ibrahim Rizan (MDV),30,22,12,78,11*,7.8,102,76.47,0,0,4,4,1,Ibrahim Rizan,MDV
1339,D Johnson (CAY),11,9,3,78,44,13,65,120,0,0,2,1,7,D Johnson,CAY
1340,HS Nyakatawa (SWZ),6,6,0,78,29,13,131,59.54,0,0,0,12,0,HS Nyakatawa,SWZ
1341,R Ramadhasyena (INA),4,2,1,78,56*,78,48,162.5,0,1,0,8,4,R Ramadhasyena,INA
1342,Shoriful Islam (BAN),42,17,6,78,16*,7.09,63,123.8,0,0,3,8,3,Shoriful Islam,BAN
1343,V Aritharan (GER),4,4,2,77,45*,38.5,39,197.43,0,0,0,5,7,V Aritharan,GER
1344,Arslan Basharat (HUN),4,4,0,77,54,19.25,81,95.06,0,1,0,5,3,Arslan Basharat,HUN
1345,Aslan Jafri (SGP),10,9,0,77,27,8.55,84,91.66,0,0,0,4,3,Aslan Jafri,SGP
1346,S Bodha (GIBR),29,13,5,77,25,9.62,70,110,0,0,1,7,1,S Bodha,GIBR
1347,JEA Doctora (PHI),14,12,3,77,28,8.55,112,68.75,0,0,3,4,3,JEA Doctora,PHI
1348,Luke Ward (IOM),7,7,3,77,17*,19.25,79,97.46,0,0,0,4,1,Luke Ward,IOM
1349,D Muhumuza (UGA),6,5,2,77,50*,25.66,85,90.58,0,1,0,5,2,D Muhumuza,UGA
1350,Mujeeb Ur Rahman (AFG),43,14,5,77,23*,8.55,66,116.66,0,0,3,10,3,Mujeeb Ur Rahman,AFG
1351,Swann Htet Ko Ko (MYAN),22,19,5,77,11,5.5,133,57.89,0,0,4,1,3,Swann Htet Ko Ko,MYAN
1352,Yogev Nagavkar (ISR),5,5,0,77,39,15.4,103,74.75,0,0,1,8,0,Yogev Nagavkar,ISR
1353,Alam Nakash (SKOR),10,10,0,76,24,7.6,85,89.41,0,0,3,4,1,Alam Nakash,SKOR
1354,R Baruah (EST),7,7,3,76,48,19,45,168.88,0,0,1,5,5,R Baruah,EST
1355,Mohammad Saifuddin (BAN),18,9,7,76,35*,38,62,122.58,0,0,0,6,3,Mohammad Saifuddin,BAN
1356,Muhammad Younis (BHR),7,7,0,76,30,10.85,92,82.6,0,0,1,8,0,Muhammad Younis,BHR
1357,FFZ Nhaduate (MOZ),8,7,1,76,39,12.66,100,76,0,0,1,5,1,FFZ Nhaduate,MOZ
1358,JB Abega (CAM),17,15,0,75,19,5,150,50,0,0,4,5,0,JB Abega,CAM
1359,Akif Raja (UAE),21,7,4,75,28,25,67,111.94,0,0,0,7,2,Akif Raja,UAE
1360,JA Clarkson (NZ),8,5,1,75,38*,18.75,71,105.63,0,0,1,4,4,JA Clarkson,NZ
1361,B Isaac (STHEL),11,6,1,75,34,15,106,70.75,0,0,1,3,0,B Isaac,STHEL
1362,FL Patel (PAN),9,8,0,75,32,9.37,69,108.69,0,0,1,9,2,FL Patel,PAN
1363,Robert Raina (THA),11,5,0,75,42,15,48,156.25,0,0,1,10,2,Robert Raina,THA
1364,Sikander Billah (BHR),7,6,2,75,33,18.75,56,133.92,0,0,1,8,2,Sikander Billah,BHR
1365,M Vivekanandan (MNG),13,12,0,75,25,6.25,159,47.16,0,0,4,8,0,M Vivekanandan,MNG
1366,Zaheer Zahiri (Fran),12,8,5,75,34*,25,55,136.36,0,0,1,7,3,Zaheer Zahiri,Fran
1367,Zain Asif (BUL),4,3,0,75,43,25,47,159.57,0,0,0,6,6,Zain Asif,BUL
1368,Rehan Ahmed (ENG),13,9,4,74,19*,14.8,52,142.3,0,0,1,6,5,Rehan Ahmed,ENG
1369,GS Bajwa (ESP),4,3,1,74,38*,37,57,129.82,0,0,0,5,4,GS Bajwa,ESP
1370,JN Dorji (BHU),8,8,0,74,30,9.25,97,76.28,0,0,2,8,0,JN Dorji,BHU
1371,C Greenshields (POR),3,3,1,74,67*,37,58,127.58,0,1,0,7,3,C Greenshields,POR
1372,AR McBrine (IRE),12,6,1,74,36,14.8,49,151.02,0,0,0,5,4,AR McBrine,IRE
1373,J Masquater (TAN),6,6,0,74,32,12.33,105,70.47,0,0,1,9,2,J Masquater,TAN
1374,Myat Thu Aung (MYAN),22,12,5,74,18,10.57,157,47.13,0,0,0,3,0,Myat Thu Aung,MYAN
1375,CW Perchard (JER),32,11,4,74,26*,10.57,78,94.87,0,0,2,3,3,CW Perchard,JER
1376,Sapan Mehta (FIN),5,5,0,74,33,14.8,82,90.24,0,0,0,3,0,Sapan Mehta,FIN
1377,Ameel Mauroof (MDV),15,10,3,73,19*,10.42,91,80.21,0,0,1,2,1,Ameel Mauroof,MDV
1378,Amjad Mahboob (SGP),16,12,5,73,38,10.42,60,121.66,0,0,0,1,7,Amjad Mahboob,SGP
1379,XC Bartlett (AUS),21,11,4,73,34*,10.42,70,104.28,0,0,3,7,3,XC Bartlett,AUS
1380,D Nanda (INA),6,5,2,73,31,24.33,64,114.06,0,0,1,6,2,D Nanda,INA
1381,AA Obanda (KENYA),9,8,0,73,21,9.12,80,91.25,0,0,1,10,2,AA Obanda,KENYA
1382,M Ozturk (TKY),12,10,1,73,21,8.11,110,66.36,0,0,1,3,5,M Ozturk,TKY
1383,Ahmed Hassan (MDV),6,6,1,72,26,14.4,81,88.88,0,0,1,5,0,Ahmed Hassan,MDV
1384,Hassan Khan (GER),6,6,2,72,51*,18,61,118.03,0,1,2,4,3,Hassan Khan,GER
1385,OJ Herrington (BEL),7,5,1,72,44*,18,70,102.85,0,0,0,1,5,OJ Herrington,BEL
1386,AF Ifill (CAY),22,13,5,72,25,9,112,64.28,0,0,2,3,0,AF Ifill,CAY
1387,PE Kruger (SA),7,5,1,72,44,18,60,120,0,0,0,6,3,PE Kruger,SA
1388,AS Mehmi (GRC),8,8,0,72,29,9,91,79.12,0,0,0,7,1,AS Mehmi,GRC
1389,Mohmedazim Abbasbhai (Zamb),7,6,0,72,26,12,75,96,0,0,1,9,1,Mohmedazim Abbasbhai,Zamb
1390,G Sesay (SLE),28,16,5,72,14*,6.54,93,77.41,0,0,5,2,4,G Sesay,SLE
1391,JF Smith (SA),6,5,3,72,31,36,54,133.33,0,0,0,7,1,JF Smith,SA
1392,NK Tiwari (CYP),11,9,1,72,25,9,85,84.7,0,0,2,4,3,NK Tiwari,CYP
1393,HGV Vare (PNG),16,13,3,72,18,7.2,88,81.81,0,0,2,7,0,HGV Vare,PNG
1394,Abdul Stanikzai (GER),5,5,0,71,24,14.2,88,80.68,0,0,1,4,3,Abdul Stanikzai,GER
1395,O Casasola (Blz),7,7,0,71,25,10.14,120,59.16,0,0,1,6,0,O Casasola,Blz
1396,G Chaturvedi (MLT),8,8,0,71,33,8.87,73,97.26,0,0,1,9,2,G Chaturvedi,MLT
1397,MT Diaby (Mali),10,9,0,71,31,7.88,111,63.96,0,0,2,7,0,MT Diaby,Mali
1398,SC Getkate (IRE),5,4,0,71,30,17.75,55,129.09,0,0,0,2,5,SC Getkate,IRE
1399,R Hekure (PNG),16,11,1,71,18,7.1,87,81.6,0,0,3,8,0,R Hekure,PNG
1400,BJ Jacobs (NZ),5,4,1,71,44*,23.66,64,110.93,0,0,1,3,3,BJ Jacobs,NZ
1401,Kapil Kumar (PHI),6,6,0,71,23,11.83,109,65.13,0,0,1,6,2,Kapil Kumar,PHI
1402,Muhammad Saleem (BRA),7,7,0,71,22,10.14,59,120.33,0,0,0,5,5,Muhammad Saleem,BRA
1403,Shamsullah Ehsan (TKY),8,8,0,71,39,8.87,98,72.44,0,0,1,7,0,Shamsullah Ehsan,TKY
1404,SK Springer (WI),6,4,2,71,39,35.5,45,157.77,0,0,0,7,3,SK Springer,WI
1405,PVD Chameera (SL),38,18,6,70,24*,5.83,89,78.65,0,0,5,5,1,PVD Chameera,SL
1406,SJ French (Samoa),10,8,2,70,27,11.66,89,78.65,0,0,1,3,3,SJ French,Samoa
1407,Gaurav Mishra (ROM),12,6,2,70,24,17.5,61,114.75,0,0,0,3,2,Gaurav Mishra,ROM
1408,Jakob Gul (BUL),13,9,0,70,18,7.77,63,111.11,0,0,2,4,4,Jakob Gul,BUL
1409,DAM Louis (QAT),14,9,3,70,17*,11.66,65,107.69,0,0,1,2,4,DAM Louis,QAT
1410,Muhammad Naeem (CAM),9,8,1,70,46*,10,80,87.5,0,0,2,4,4,Muhammad Naeem,CAM
1411,Natim Hassam (POR),5,4,1,70,28,23.33,74,94.59,0,0,0,6,1,Natim Hassam,POR
1412,Noorkhan Ahmedi (SUI),6,4,0,70,32,17.5,49,142.85,0,0,0,7,3,Noorkhan Ahmedi,SUI
1413,NK Patel (USA),9,6,3,70,28,23.33,59,118.64,0,0,0,5,2,NK Patel,USA
1414,BBJL Perera (ITA),4,4,1,70,23*,23.33,70,100,0,0,0,6,3,BBJL Perera,ITA
1415,A Saud (NEP),3,3,0,70,35,23.33,63,111.11,0,0,0,7,4,A Saud,NEP
1416,VA Singh (Sur),8,8,1,70,30,10,105,66.66,0,0,1,2,0,VA Singh,Sur
1417,K Sonavale (OMA),6,6,0,70,20,11.66,73,95.89,0,0,1,8,1,K Sonavale,OMA
1418,Abubacarr Kuyateh (GMB),11,11,0,69,33,6.27,107,64.48,0,0,4,8,2,Abubacarr Kuyateh,GMB
1419,T Amarmend (MNG),13,12,1,69,21*,6.27,157,43.94,0,0,5,6,1,T Amarmend,MNG
1420,NK Aneesh Kumar (SUI),28,12,6,69,25,11.5,69,100,0,0,3,2,4,NK Aneesh Kumar,SUI
1421,S Bangera (ISR),8,8,0,69,23,8.62,84,82.14,0,0,1,7,0,S Bangera,ISR
1422,Jitin Singh (TAN),14,7,1,69,23*,11.5,84,82.14,0,0,1,8,0,Jitin Singh,TAN
1423,J Linton (CAY),3,3,0,69,40,23,89,77.52,0,0,0,2,2,J Linton,CAY
1424,A Nagarajan (QAT),8,6,1,69,28,13.8,77,89.61,0,0,0,8,1,A Nagarajan,QAT
1425,Raihan Hossain (TLS),8,8,0,69,19,8.62,128,53.9,0,0,0,3,0,Raihan Hossain,TLS
1426,Zafer Durmaz (TKY),8,8,1,69,49,9.85,56,123.21,0,0,5,8,2,Zafer Durmaz,TKY
1427,N Ahir (PAN),6,5,2,68,23,22.66,102,66.66,0,0,0,2,2,N Ahir,PAN
1428,TL Cutler (VAN),11,6,3,68,34*,22.66,54,125.92,0,0,0,2,6,TL Cutler,VAN
1429,S Jamil (BEL),7,6,3,68,30,22.66,64,106.25,0,0,0,9,0,S Jamil,BEL
1430,Jaswinder Singh (MLT),17,16,5,68,23*,6.18,89,76.4,0,0,2,4,1,Jaswinder Singh,MLT
1431,Lucky Ali (DEN),13,8,4,68,26,17,73,93.15,0,0,0,5,0,Lucky Ali,DEN
1432,MA Sherry (SGP),8,7,1,68,24*,11.33,78,87.17,0,0,0,4,1,MA Sherry,SGP
1433,Tejwinder Singh (CYP),5,5,1,68,22*,17,31,219.35,0,0,1,4,5,Tejwinder Singh,CYP
1434,KA Vimlesh (ROM),6,6,4,68,39,34,71,95.77,0,0,0,5,0,KA Vimlesh,ROM
1435,NK Yadav (NEP),16,7,4,68,37,22.66,29,234.48,0,0,1,4,6,NK Yadav,NEP
1436,HA Chohan (TAN),23,12,6,67,26,11.16,46,145.65,0,0,1,4,3,HA Chohan,TAN
1437,LR Gaonkar (PAN),6,6,0,67,23,11.16,80,83.75,0,0,0,4,1,LR Gaonkar,PAN
1438,K Jaikaran (Sur),8,8,1,67,25*,9.57,95,70.52,0,0,2,7,0,K Jaikaran,Sur
1439,DB Loic (CAM),17,15,3,67,23*,5.58,84,79.76,0,0,3,4,0,DB Loic,CAM
1440,A McKnight (),2,2,0,67,40,33.5,74,90.54,0,0,0,6,2,A McKnight,
1441,Meet Ahir (PAN),4,4,2,67,43*,33.5,68,98.52,0,0,0,5,2,Meet Ahir,PAN
1442,AJ Michael (Samoa),6,6,1,67,20,13.4,95,70.52,0,0,0,5,1,AJ Michael,Samoa
1443,Mudassar Muhammad (GER),3,3,0,67,34,22.33,54,124.07,0,0,1,8,2,Mudassar Muhammad,GER
1444,Muhammad Zafar Khan (TAN),5,5,2,67,24,22.33,55,121.81,0,0,0,15,0,Muhammad Zafar Khan,TAN
1445,LA Musiani (Arg),6,6,1,67,44*,13.4,72,93.05,0,0,1,0,1,LA Musiani,Arg
1446,Samir Patel (LES),7,6,1,67,26,13.4,63,106.34,0,0,1,7,1,Samir Patel,LES
1447,BM Scholtz (NAM),53,17,11,67,9,11.16,67,100,0,0,1,7,0,BM Scholtz,NAM
1448,Abdul Samad (PAK),5,4,0,66,44,16.5,58,113.79,0,0,0,4,3,Abdul Samad,PAK
1449,GG Banner (Blz),8,7,0,66,34,9.42,64,103.12,0,0,1,7,3,GG Banner,Blz
1450,Haroon Arshad (HKG),19,11,5,66,27*,11,62,106.45,0,0,2,6,0,Haroon Arshad,HKG
1451,Mohammad Naim (BAN),6,6,1,66,32*,13.2,85,77.64,0,0,0,4,1,Mohammad Naim,BAN
1452,WSLK Narayana (ISR),4,4,0,66,32,16.5,53,124.52,0,0,0,10,1,WSLK Narayana,ISR
1453,Naveed Ahmed (CZK-R),23,12,7,66,17*,13.2,80,82.5,0,0,2,5,0,Naveed Ahmed,CZK-R
1454,Rhys Burinaga (PHI),14,12,2,66,22,6.6,87,75.86,0,0,0,1,1,Rhys Burinaga,PHI
1455,Sajid Khan Afridi (GRC),4,4,0,66,31,16.5,53,124.52,0,0,0,4,4,Sajid Khan Afridi,GRC
1456,TC Bruce (SCOT),4,4,0,65,35,16.25,54,120.37,0,0,0,2,3,TC Bruce,SCOT
1457,N Dutta (CAN),14,4,2,65,27,32.5,37,175.67,0,0,0,4,5,N Dutta,CAN
1458,Nawazish Akhtar (KSA),11,8,4,65,18*,16.25,69,94.2,0,0,1,4,1,Nawazish Akhtar,KSA
1459,Ravi Bishnoi (IND),44,14,7,65,10*,9.28,52,125,0,0,2,9,1,Ravi Bishnoi,IND
1460,Rupesh Singh (NEP),4,3,1,65,43*,32.5,43,151.16,0,0,0,2,4,Rupesh Singh,NEP
1461,Shariz Ahmad (NED),14,7,2,65,16*,13,63,103.17,0,0,0,5,0,Shariz Ahmad,NED
1462,Vishal Sharma (NOR),9,8,0,65,23,8.12,94,69.14,0,0,2,3,1,Vishal Sharma,NOR
1463,J Fernando (ROM),4,4,0,64,31,16,47,136.17,0,0,0,4,3,J Fernando,ROM
1464,EN Gay (ITA),3,3,0,64,50,21.33,30,213.33,0,1,0,9,2,EN Gay,ITA
1465,JS Iggo (SGP),6,6,0,64,31,10.66,79,81.01,0,0,1,4,1,JS Iggo,SGP
1466,Irshad Mubbashar (KSA),5,4,0,64,21,16,75,85.33,0,0,0,2,2,Irshad Mubbashar,KSA
1467,Kashif Abbas (KSA),6,6,0,64,19,10.66,58,110.34,0,0,0,7,3,Kashif Abbas,KSA
1468,CB Roposo (MOZ),22,8,3,64,21,12.8,81,79.01,0,0,0,7,0,CB Roposo,MOZ
1469,Vichanath Singh (THA),7,7,1,64,18,10.66,100,64,0,0,0,2,0,Vichanath Singh,THA
1470,BJ Dwarshuis (AUS),15,11,3,63,17,7.87,79,79.74,0,0,1,2,1,BJ Dwarshuis,AUS
1471,F Hand (IRE),14,10,3,63,36,9,48,131.25,0,0,2,8,2,F Hand,IRE
1472,P Kotoisuva (Fiji),10,9,2,63,28*,9,52,121.15,0,0,3,2,5,P Kotoisuva,Fiji
1473,K Rabada (SA),39,15,6,63,10,7,55,114.54,0,0,3,7,1,K Rabada,SA
1474,Shahzeb Afridi (QAT),5,5,3,63,35*,31.5,36,175,0,0,0,2,6,Shahzeb Afridi,QAT
1475,LA Dawson (ENG),26,8,2,62,34,10.33,61,101.63,0,0,0,7,1,LA Dawson,ENG
1476,S Jegannathan (INA),7,5,3,62,26*,31,81,76.54,0,0,0,6,1,S Jegannathan,INA
1477,Naseem Shah (PAK),37,14,5,62,16,6.88,57,108.77,0,0,4,6,3,Naseem Shah,PAK
1478,Rahmatullah Mangal (Fran),20,14,3,62,16*,5.63,67,92.53,0,0,3,3,2,Rahmatullah Mangal,Fran
1479,GH Smit (GUE),3,3,0,62,56,20.66,57,108.77,0,1,1,5,1,GH Smit,GUE
1480,Zaker Taqawi (SWE),16,12,4,62,17*,7.75,98,63.26,0,0,1,3,0,Zaker Taqawi,SWE
1481,Abdullah Akbarjan (AUT),27,16,4,61,13,5.08,89,68.53,0,0,3,3,1,Abdullah Akbarjan,AUT
1482,R Ashwin (IND),14,8,5,61,15*,20.33,45,135.55,0,0,0,3,3,R Ashwin,IND
1483,SW Billings (ENG),4,4,1,61,41,20.33,43,141.86,0,0,0,2,4,SW Billings,ENG
1484,S Conteh (SLE),23,10,3,61,25*,8.71,66,92.42,0,0,2,4,1,S Conteh,SLE
1485,Deng Jinqi (CHN),6,5,1,61,38,15.25,108,56.48,0,0,1,3,0,Deng Jinqi,CHN
1486,Jaspreet Singh (ITA),18,8,3,61,21,12.2,48,127.08,0,0,1,5,2,Jaspreet Singh,ITA
1487,Kashif Daud (UAE),12,10,3,61,28*,8.71,47,129.78,0,0,3,3,4,Kashif Daud,UAE
1488,N Khanna (MLT),10,10,2,61,27,7.62,63,96.82,0,0,2,7,0,N Khanna,MLT
1489,DVD Madampage (SKOR),8,8,0,61,22,7.62,76,80.26,0,0,0,5,2,DVD Madampage,SKOR
1490,Muhammad Babar (ESP),2,2,0,61,46,30.5,35,174.28,0,0,0,3,7,Muhammad Babar,ESP
1491,Naveena Shetty (BHR),12,10,3,61,20,8.71,43,141.86,0,0,3,6,3,Naveena Shetty,BHR
1492,SH Obed (VAN),14,10,5,61,21*,12.2,65,93.84,0,0,1,4,2,SH Obed,VAN
1493,K Senamontree (THA),27,17,4,61,13*,4.69,99,61.61,0,0,3,1,1,K Senamontree,THA
1494,Arafat Minhas (PAK),4,3,1,60,25,30,56,107.14,0,0,0,5,2,Arafat Minhas,PAK
1495,TD Chaoana (LES),17,13,3,60,26,6,81,74.07,0,0,2,5,0,TD Chaoana,LES
1496,M Cohen (ISR),3,3,1,60,28,30,60,100,0,0,0,4,2,M Cohen,ISR
1497,D Dewald (BEL),10,6,0,60,25,10,85,70.58,0,0,1,4,0,D Dewald,BEL
1498,Haider Ali (UAE),27,13,3,60,15*,6,58,103.44,0,0,2,4,1,Haider Ali,UAE
1499,J Jarvis (SCOT),8,7,1,60,21,10,67,89.55,0,0,1,4,1,J Jarvis,SCOT
1500,Jasdeep Singh (USA),26,11,1,60,16,6,73,82.19,0,0,1,2,2,Jasdeep Singh,USA
1501,E Kubwimana (RWN),39,24,10,60,14*,4.28,109,55.04,0,0,5,3,0,E Kubwimana,RWN
1502,MR Kumar (UAE),6,6,1,60,21,12,66,90.9,0,0,0,4,2,MR Kumar,UAE
1503,S Lamichhane (NEP),46,15,7,60,16*,7.5,60,100,0,0,1,2,2,S Lamichhane,NEP
1504,TM Macalou (Mali),15,13,2,60,14,5.45,162,37.03,0,0,2,7,0,TM Macalou,Mali
1505,SS McKechnie (HKG),11,8,2,60,16*,10,57,105.26,0,0,0,6,1,SS McKechnie,HKG
1506,WD Parnell (SA),16,10,4,60,24,10,84,71.42,0,0,1,3,1,WD Parnell,SA
1507,CR Suryawanshi (SGP),2,2,0,60,53,30,44,136.36,0,1,0,5,2,CR Suryawanshi,SGP
1508,Syazrul Idrus (MAS),22,13,7,60,13*,10,62,96.77,0,0,3,4,3,Syazrul Idrus,MAS
1509,AN Aminou (CAM),17,13,1,59,22,4.91,64,92.18,0,0,7,1,4,AN Aminou,CAM
1510,V Jayant (LES),10,7,0,59,31,8.42,92,64.13,0,0,2,4,1,V Jayant,LES
1511,Kamrul Hasan (SWZ),3,3,0,59,49,19.66,45,131.11,0,0,1,4,6,Kamrul Hasan,SWZ
1512,CA Keita (Mali),15,13,0,59,35,4.53,98,60.2,0,0,5,6,3,CA Keita,Mali
1513,Mandeep Singh (NOR),5,4,1,59,31*,19.66,54,109.25,0,0,0,3,1,Mandeep Singh,NOR
1514,Mustafizur Rahman (BAN),65,16,11,59,11*,11.8,64,92.18,0,0,1,3,2,Mustafizur Rahman,BAN
1515,HV Patel (IND),23,9,4,59,17,11.8,46,128.26,0,0,1,7,2,HV Patel,IND
1516,KB Patil (Mex),7,7,0,59,24,8.42,87,67.81,0,0,0,4,0,KB Patil,Mex
1517,JS Pita (Samoa),3,3,0,59,46,19.66,55,107.27,0,0,0,8,1,JS Pita,Samoa
1518,Rejaul Karim (BRA),5,4,0,59,38,14.75,51,115.68,0,0,1,10,1,Rejaul Karim,BRA
1519,PS Roberts (CRT),4,4,2,59,39*,29.5,56,105.35,0,0,0,5,0,PS Roberts,CRT
1520,DR Tawake (Fiji),6,6,0,59,18,9.83,79,74.68,0,0,2,5,0,DR Tawake,Fiji
1521,T van der Gugten (NED),10,4,1,59,24,19.66,43,137.2,0,0,1,4,3,T van der Gugten,NED
1522,Ishtiaq Ahmad (KSA),47,13,5,58,16,7.25,41,141.46,0,0,3,1,6,Ishtiaq Ahmad,KSA
1523,A Langham (STHEL),7,5,0,58,39,11.6,51,113.72,0,0,1,4,2,A Langham,STHEL
1524,I Mugisha (RWN),14,9,3,58,16,9.66,53,109.43,0,0,0,1,5,I Mugisha,RWN
1525,Saghir Khan (UAE),8,7,2,58,28*,11.6,38,152.63,0,0,1,5,4,Saghir Khan,UAE
1526,AN Toube (CAM),18,16,0,58,19,3.62,108,53.7,0,0,4,5,1,AN Toube,CAM
1527,Bilal Muhammad (MLT),13,9,0,57,19,6.33,61,93.44,0,0,2,5,3,Bilal Muhammad,MLT
1528,Boio Ray (PNG),3,3,0,57,46,19,49,116.32,0,0,1,4,2,Boio Ray,PNG
1529,H Fennell (Arg),21,10,1,57,19,6.33,54,105.55,0,0,3,4,2,H Fennell,Arg
1530,Harshit Rana (IND),9,3,1,57,35,28.5,54,105.55,0,0,0,4,2,Harshit Rana,IND
1531,S Sola (Samoa),15,11,2,57,15,6.33,90,63.33,0,0,1,7,0,S Sola,Samoa
1532,J Vira (VAN),7,7,0,57,15,8.14,80,71.25,0,0,1,3,0,J Vira,VAN
1533,S Yeshey (BHU),39,19,7,57,13*,4.75,85,67.05,0,0,7,5,2,S Yeshey,BHU
1534,V Zanko (CRT),11,9,0,57,16,6.33,150,38,0,0,3,6,0,V Zanko,CRT
1535,Ansh Tandon (UAE),8,6,1,56,34*,11.2,50,112,0,0,0,2,3,Ansh Tandon,UAE
1536,Aslam Mohammad (GRC),7,7,1,56,20,9.33,83,67.46,0,0,1,4,1,Aslam Mohammad,GRC
1537,V Hirlal (Sur),8,7,1,56,19,9.33,82,68.29,0,0,0,4,2,V Hirlal,Sur
1538,Ibrahim Nashath (MDV),15,11,3,56,20*,7,78,71.79,0,0,1,2,2,Ibrahim Nashath,MDV
1539,Javid Patel (Zamb),10,9,0,56,16,6.22,84,66.66,0,0,1,2,3,Javid Patel,Zamb
1540,SR Mohan (SEY),9,6,1,56,18,11.2,71,78.87,0,0,0,3,1,SR Mohan,SEY
1541,Muhaddis Muhaddis (INA),4,3,0,56,34,18.66,56,100,0,0,0,6,1,Muhaddis Muhaddis,INA
1542,Rameez Khan (ROM),13,9,3,56,23,9.33,53,105.66,0,0,0,4,3,Rameez Khan,ROM
1543,A Simelane (SA),10,8,1,56,13,8,57,98.24,0,0,0,4,2,A Simelane,SA
1544,VN Veetil (QAT),7,4,2,56,53,28,55,101.81,0,1,1,2,3,VN Veetil,QAT
1545,Zeeshan Ali (EST),6,6,1,56,17,11.2,62,90.32,0,0,1,1,3,Zeeshan Ali,EST
1546,B Balala (MWI),24,15,9,55,13*,9.16,97,56.7,0,0,1,2,0,B Balala,MWI
1547,Chen Zhuo Yue (CHN),11,11,2,55,14,6.11,77,71.42,0,0,2,2,2,Chen Zhuo Yue,CHN
1548,K Kato-Stafford (JPN),12,8,4,55,21,13.75,45,122.22,0,0,2,7,1,K Kato-Stafford,JPN
1549,KV Morea (PNG),20,12,6,55,16*,9.16,51,107.84,0,0,2,5,2,KV Morea,PNG
1550,Nilansh Keswani (UAE),12,6,5,55,31*,55,49,112.24,0,0,0,5,0,Nilansh Keswani,UAE
1551,I Ntirenganya (RWN),50,27,16,55,16*,5,88,62.5,0,0,6,5,0,I Ntirenganya,RWN
1552,Sandeep Goud (OMA),12,9,3,55,26,9.16,55,100,0,0,1,1,4,Sandeep Goud,OMA
1553,KM Venkataswamy (CZK-R),1,1,0,55,55,55,41,134.14,0,1,0,3,2,KM Venkataswamy,CZK-R
1554,J Alexander (Falk),6,6,0,54,24,9,99,54.54,0,0,0,6,0,J Alexander,Falk
1555,Baljit Singh (ITA),2,2,1,54,45,54,36,150,0,0,0,3,2,Baljit Singh,ITA
1556,Ismaeel Zia (SWE),8,6,0,54,22,9,68,79.41,0,0,1,6,0,Ismaeel Zia,SWE
1557,P Jayeshbhai Patel (PAN),9,8,0,54,20,6.75,92,58.69,0,0,1,6,1,P Jayeshbhai Patel,PAN
1558,E Kahamker (ISR),4,4,0,54,19,13.5,52,103.84,0,0,0,5,1,E Kahamker,ISR
1559,Khawaja Nafay (PAK),4,4,0,54,26,13.5,35,154.28,0,0,0,3,3,Khawaja Nafay,PAK
1560,H McAleer (IOM),5,5,0,54,23,10.8,75,72,0,0,0,3,0,H McAleer,IOM
1561,Muhammad Burhan (HUN),11,9,0,54,16,6,46,117.39,0,0,0,5,1,Muhammad Burhan,HUN
1562,PWA Mulder (SA),6,5,1,54,36,13.5,46,117.39,0,0,1,5,1,PWA Mulder,SA
1563,Omid Rahimi (BEL),3,2,1,54,46*,54,29,186.2,0,0,0,1,6,Omid Rahimi,BEL
1564,DK Pallekonda (SVN),13,12,5,54,17*,7.71,75,72,0,0,0,6,0,DK Pallekonda,SVN
1565,TG Southee (NZ),34,14,9,54,8,10.8,43,125.58,0,0,2,4,2,TG Southee,NZ
1566,Yair Nagavkar (ISR),8,7,2,54,32*,10.8,71,76.05,0,0,1,3,0,Yair Nagavkar,ISR
1567,Anik Ahmed (ITA),4,4,2,53,26*,26.5,58,91.37,0,0,1,2,0,Anik Ahmed,ITA
1568,R Bharathan (CRC),6,6,0,53,16,8.83,53,100,0,0,1,4,2,R Bharathan,CRC
1569,Faisal Safi (Fran),4,4,0,53,43,13.25,49,108.16,0,0,1,10,0,Faisal Safi,Fran
1570,DR Hooper (GUE),15,6,3,53,14,17.66,58,91.37,0,0,0,2,0,DR Hooper,GUE
1571,J Horrocks (GIBR),17,9,4,53,20*,10.6,55,96.36,0,0,2,1,1,J Horrocks,GIBR
1572,FDW McCreath (SCOT),4,4,0,53,40,13.25,45,117.77,0,0,0,4,2,FDW McCreath,SCOT
1573,Sajid Patel (LES),4,4,0,53,42,13.25,59,89.83,0,0,0,7,0,Sajid Patel,LES
1574,Sobu George (MLT),3,2,0,53,27,26.5,41,129.26,0,0,0,4,2,Sobu George,MLT
1575,J Suleman (SWZ),5,4,0,53,35,13.25,62,85.48,0,0,1,2,3,J Suleman,SWZ
1576,M Aboagye (GHA),11,10,0,52,9,5.2,88,59.09,0,0,1,2,0,M Aboagye,GHA
1577,S Kamate (Mali),15,13,0,52,17,4,118,44.06,0,0,5,6,0,S Kamate,Mali
1578,ML Maiava (Samoa),5,3,0,52,34,17.33,50,104,0,0,0,3,0,ML Maiava,Samoa
1579,M Mooketsi (BOT),40,16,5,52,10,4.72,94,55.31,0,0,3,2,0,M Mooketsi,BOT
1580,L Ngidi (SA),41,13,12,52,13*,52,55,94.54,0,0,0,5,1,L Ngidi,SA
1581,DR Sams (AUS),6,3,1,52,28*,26,39,133.33,0,0,0,4,2,DR Sams,AUS
1582,S Sankar (KSA),9,5,1,52,37,13,59,88.13,0,0,1,4,0,S Sankar,KSA
1583,V Shaw (Sur),7,6,1,52,22,10.4,70,74.28,0,0,1,4,2,V Shaw,Sur
1584,LT Bichard (GUE),37,10,5,51,25*,10.2,64,79.68,0,0,1,4,0,LT Bichard,GUE
1585,SG Diaby (Mali),9,7,3,51,41*,12.75,48,106.25,0,0,2,2,3,SG Diaby,Mali
1586,Elias Hasan (EST),11,9,3,51,11,8.5,52,98.07,0,0,0,3,3,Elias Hasan,EST
1587,WIA Fernando (SL),9,9,1,51,17,6.37,62,82.25,0,0,1,3,2,WIA Fernando,SL
1588,Huang Junjie (CHN),7,7,0,51,19,7.28,126,40.47,0,0,2,3,0,Huang Junjie,CHN
1589,Kaleem Sana (CAN),45,9,5,51,13*,12.75,54,94.44,0,0,0,2,3,Kaleem Sana,CAN
1590,JM Polarouthu (HUN),5,5,2,51,22*,17,64,79.68,0,0,0,1,1,JM Polarouthu,HUN
1591,P Pustoslemsek (SVN),6,6,0,51,21,8.5,79,64.55,0,0,0,5,1,P Pustoslemsek,SVN
1592,Said Hakim (BEL),2,2,0,51,27,25.5,47,108.51,0,0,0,9,0,Said Hakim,BEL
1593,Shenjian Zheng (CHN),4,4,0,51,23,12.75,40,127.5,0,0,0,4,4,Shenjian Zheng,CHN
1594,LA Simango (MOZ),14,7,2,51,18,10.2,68,75,0,0,0,6,1,LA Simango,MOZ
1595,Sohail Ahmad (CRT),9,6,0,51,20,8.5,52,98.07,0,0,0,1,3,Sohail Ahmad,CRT
1596,GY Tomar (UGA),2,2,0,51,33,25.5,45,113.33,0,0,0,4,3,GY Tomar,UGA
1597,Zhuang Zelin (CHN),11,11,1,51,33,5.1,92,55.43,0,0,3,2,0,Zhuang Zelin,CHN
1598,Andre Jarju (GMB),11,11,3,50,15,6.25,109,45.87,0,0,3,5,0,Andre Jarju,GMB
1599,JD Baker (Samoa),6,5,2,50,40*,16.66,48,104.16,0,0,1,2,3,JD Baker,Samoa
1600,K Hardat (Sur),7,7,1,50,26,8.33,57,87.71,0,0,1,7,0,K Hardat,Sur
1601,Hasan Mahmud (BAN),25,9,7,50,26*,25,51,98.03,0,0,1,0,4,Hasan Mahmud,BAN
1602,AA Hawoe (INA),18,9,4,50,30*,10,33,151.51,0,0,1,2,4,AA Hawoe,INA
1603,K Klein (NED),20,11,3,50,16,6.25,64,78.12,0,0,2,2,0,K Klein,NED
1604,J Martins (POR),4,3,1,50,40,25,39,128.2,0,0,0,5,3,J Martins,POR
1605,AF Milne (NZ),25,11,2,50,16*,5.55,53,94.33,0,0,3,0,5,AF Milne,NZ
1606,Mohammad Bhaidu (Zamb),7,6,0,50,17,8.33,77,64.93,0,0,1,4,1,Mohammad Bhaidu,Zamb
1607,Qateel Zabiullah (SUI),3,3,0,50,32,16.66,27,185.18,0,0,0,2,5,Qateel Zabiullah,SUI
1608,EB Ringera (KENYA),22,8,4,50,21*,12.5,48,104.16,0,0,0,2,1,EB Ringera,KENYA
1609,Sulaiman Ali (BUL),7,5,1,50,27,12.5,49,102.04,0,0,0,3,2,Sulaiman Ali,BUL
1610,KA Jadhav (CAM),6,6,1,49,22*,9.8,99,49.49,0,0,1,4,0,KA Jadhav,CAM
1611,Kuldeep Gurjar (SKOR),10,8,0,49,16,6.12,79,62.02,0,0,1,0,3,Kuldeep Gurjar,SKOR
1612,P Magafas (GRC),4,3,0,49,30,16.33,50,98,0,0,0,5,0,P Magafas,GRC
1613,Naseem Khan (CRT),8,5,0,49,27,9.8,56,87.5,0,0,0,5,2,Naseem Khan,CRT
1614,D Panda (Mex),5,3,2,49,32,49,33,148.48,0,0,0,2,2,D Panda,Mex
1615,Parvindar Kumar (KUW),11,5,1,49,19,12.25,40,122.5,0,0,0,2,3,Parvindar Kumar,KUW
1616,Syed Faizan Tahir (KSA),10,8,1,49,20*,7,74,66.21,0,0,0,2,1,Syed Faizan Tahir,KSA
1617,DC Thomas (WI),8,7,2,49,31*,9.8,50,98,0,0,0,4,2,DC Thomas,WI
1618,M Vaik (EST),16,8,4,49,23*,12.25,76,64.47,0,0,0,0,0,M Vaik,EST
1619,BA Viraliliu (VAN),3,2,0,49,39,24.5,40,122.5,0,0,0,4,0,BA Viraliliu,VAN
1620,CR Woakes (ENG),17,9,4,49,13*,9.8,51,96.07,0,0,1,5,1,CR Woakes,ENG
1621,FA Allen (WI),14,8,2,48,19,8,41,117.07,0,0,2,6,1,FA Allen,WI
1622,Anas Khan (HKG),25,9,2,48,18,6.85,53,90.56,0,0,5,3,2,Anas Khan,HKG
1623,MJ Ansell (IOM),19,11,3,48,17,6,63,76.19,0,0,2,1,3,MJ Ansell,IOM
1624,S Chilemanya (NGA),6,6,0,48,17,8,63,76.19,0,0,1,1,1,S Chilemanya,NGA
1625,A Modi (SGP),7,6,1,48,24,9.6,78,61.53,0,0,1,1,0,A Modi,SGP
1626,Muhammad Qasim (MLT),4,4,0,48,20,12,44,109.09,0,0,0,4,1,Muhammad Qasim,MLT
1627,JR Philippe (AUS),7,5,0,48,14,9.6,46,104.34,0,0,0,5,0,JR Philippe,AUS
1628,S Shrivastava (OMA),20,7,5,48,22*,24,55,87.27,0,0,1,4,1,S Shrivastava,OMA
1629,Sojib Miah (CZK-R),3,3,0,48,27,16,27,177.77,0,0,0,5,3,Sojib Miah,CZK-R
1630,OSB Tilley (CRT),8,7,2,48,21,9.6,55,87.27,0,0,0,6,0,OSB Tilley,CRT
1631,Abdul Majid (BHR),80,20,12,47,8*,5.87,88,53.4,0,0,3,1,1,Abdul Majid,BHR
1632,R Athapaththu (ROM),7,5,5,47,28*,0,31,151.61,0,0,0,2,3,R Athapaththu,ROM
1633,C Chete (MWI),23,11,1,47,18,4.7,61,77.04,0,0,2,5,0,C Chete,MWI
1634,Garret Banner (Blz),8,6,1,47,22,9.4,34,138.23,0,0,3,3,3,Garret Banner,Blz
1635,Hashmatullah Shahidi (AFG),2,2,0,47,36,23.5,54,87.03,0,0,0,5,0,Hashmatullah Shahidi,AFG
1636,Hussain Talat (PAK),5,5,1,47,32*,11.75,54,87.03,0,0,0,4,0,Hussain Talat,PAK
1637,Kabir Berlia (SGP),6,5,2,47,28*,15.66,32,146.87,0,0,0,5,2,Kabir Berlia,SGP
1638,M Kpaka (SLE),14,11,1,47,15,4.7,102,46.07,0,0,3,0,0,M Kpaka,SLE
1639,LJ Leokaoke (LES),8,7,1,47,22,7.83,89,52.8,0,0,0,3,0,LJ Leokaoke,LES
1640,Mohammad Wasim (1) (PAK),24,11,8,47,12*,15.66,56,83.92,0,0,1,4,2,Mohammad Wasim,1
1641,Muhammad Kashif (KUW),4,4,0,47,19,11.75,43,109.3,0,0,0,5,1,Muhammad Kashif,KUW
1642,Muhammad Murad (QAT),14,7,2,47,14*,9.4,57,82.45,0,0,1,1,2,Muhammad Murad,QAT
1643,SN Pathirana (CYP),15,9,5,47,16*,11.75,72,65.27,0,0,0,0,1,SN Pathirana,CYP
1644,C Sridev (SGP),6,5,1,47,29,11.75,58,81.03,0,0,2,3,0,C Sridev,SGP
1645,I Stewart (SUI),5,3,1,47,30,23.5,33,142.42,0,0,0,5,2,I Stewart,SUI
1646,TS Waqavakatoga (Fiji),10,8,3,47,18,9.4,46,102.17,0,0,1,2,2,TS Waqavakatoga,Fiji
1647,Zohaib Sarwar (POR),10,6,2,47,23*,11.75,47,100,0,0,1,2,2,Zohaib Sarwar,POR
1648,BA Carse (ENG),14,8,3,46,31,9.2,37,124.32,0,0,2,2,3,BA Carse,ENG
1649,MS Diakite (Mali),11,11,0,46,14,4.18,74,62.16,0,0,4,8,0,MS Diakite,Mali
1650,S Guruvayoorappan (Mex),7,4,1,46,20,15.33,68,67.64,0,0,1,4,0,S Guruvayoorappan,Mex
1651,Nay Lin Htun (MYAN),17,14,5,46,11*,5.11,67,68.65,0,0,2,3,0,Nay Lin Htun,MYAN
1652,A Pusthay (FIN),7,7,0,46,16,6.57,71,64.78,0,0,1,3,0,A Pusthay,FIN
1653,RA Reifer (WI),3,2,0,46,27,23,41,112.19,0,0,0,1,2,RA Reifer,WI
1654,R Siriwardena (CYP),13,8,3,46,18*,9.2,67,68.65,0,0,0,5,0,R Siriwardena,CYP
1655,GJ van Rensburg (NAM),4,4,0,46,19,11.5,76,60.52,0,0,0,4,0,GJ van Rensburg,NAM
1656,A Busing-Volschenk (NAM),6,5,2,46,20*,15.33,37,124.32,0,0,1,1,3,A Busing-Volschenk,NAM
1657,Abdullah Shahid (MDV),3,3,0,45,34,15,56,80.35,0,0,0,4,1,Abdullah Shahid,MDV
1658,AC Agar (AUS),9,5,1,45,26,11.25,52,86.53,0,0,1,4,1,AC Agar,AUS
1659,A Conteh (GMB),9,8,0,45,9,5.62,81,55.55,0,0,1,4,0,A Conteh,GMB
1660,J Henry (STHEL),7,5,0,45,17,9,45,100,0,0,0,1,2,J Henry,STHEL
1661,Ibrahim Kpaka (SLE),8,8,0,45,18,5.62,54,83.33,0,0,2,4,0,Ibrahim Kpaka,SLE
1662,O Lutbayar (MNG),14,13,0,45,18,3.46,85,52.94,0,0,4,2,1,O Lutbayar,MNG
1663,LF Mavume (MOZ),12,6,2,45,15,11.25,83,54.21,0,0,0,3,1,LF Mavume,MOZ
1664,Muhammad Usman (EST),5,4,0,45,43,11.25,40,112.5,0,0,2,1,3,Muhammad Usman,EST
1665,AR Odedara (OMA),8,8,0,45,15,5.62,63,71.42,0,0,3,5,0,AR Odedara,OMA
1666,LRPL Taylor (Samoa),4,3,1,45,22,22.5,51,88.23,0,0,0,2,1,LRPL Taylor,Samoa
1667,Arsalan Arif (AUT),14,5,1,44,19,11,59,74.57,0,0,0,1,0,Arsalan Arif,AUT
1668,M Badenhorst (BOT),11,8,3,44,17*,8.8,57,77.19,0,0,2,0,3,M Badenhorst,BOT
1669,TV Badri Narayanan (CRC),6,6,2,44,19,11,73,60.27,0,0,1,2,1,TV Badri Narayanan,CRC
1670,Delroy Leo (STHEL),3,2,0,44,31,22,55,80,0,0,0,1,2,Delroy Leo,STHEL
1671,G Ganbold (MNG),13,13,1,44,12,3.66,121,36.36,0,0,2,1,0,G Ganbold,MNG
1672,Ghulam Ahmadi (GER),36,14,11,44,15*,14.66,44,100,0,0,0,4,0,Ghulam Ahmadi,GER
1673,JS Henriksen (DEN),5,4,1,44,22*,14.66,44,100,0,0,0,2,0,JS Henriksen,DEN
1674,JAM Henri (POR),13,6,1,44,25*,8.8,38,115.78,0,0,2,2,1,JAM Henri,POR
1675,RJ Pierre (RWN),8,8,2,44,15*,7.33,60,73.33,0,0,1,2,1,RJ Pierre,RWN
1676,Rohit Limbu (BHU),4,4,0,44,27,11,72,61.11,0,0,1,5,1,Rohit Limbu,BHU
1677,S Sarthak (BHR),9,4,1,44,26,14.66,39,112.82,0,0,0,2,1,S Sarthak,BHR
1678,DJ Willey (ENG),11,5,3,44,33*,22,36,122.22,0,0,1,5,2,DJ Willey,ENG
1679,JC Balt (NAM),6,4,1,43,22,14.33,54,79.62,0,0,1,1,0,JC Balt,NAM
1680,LJ Barker (GUE),4,3,0,43,25,14.33,45,95.55,0,0,0,7,1,LJ Barker,GUE
1681,J Gumbie (ZIM),3,3,0,43,17,14.33,52,82.69,0,0,0,6,0,J Gumbie,ZIM
1682,LHB Harrington-Myers (CAY),5,4,2,43,22,21.5,44,97.72,0,0,0,2,1,LHB Harrington-Myers,CAY
1683,A Harris (BHM),21,15,7,43,12,5.37,57,75.43,0,0,3,0,4,A Harris,BHM
1684,Iftekar Jaman (CYP),3,3,1,43,22,21.5,28,153.57,0,0,0,3,3,Iftekar Jaman,CYP
1685,D Johnson (Falk),6,6,0,43,15,7.16,98,43.87,0,0,1,2,0,D Johnson,Falk
1686,I Master (BOT),4,4,1,43,40,14.33,43,100,0,0,1,2,0,I Master,BOT
1687,A Nanda (LUX),26,12,3,43,13,4.77,49,87.75,0,0,2,3,2,A Nanda,LUX
1688,Saqib Zulfiqar (NED),6,4,2,43,25*,21.5,31,138.7,0,0,0,3,2,Saqib Zulfiqar,NED
1689,Amoluk Singh (GHA),5,4,0,43,34,10.75,57,75.43,0,0,0,6,0,Amoluk Singh,GHA
1690,M Worndl (CZK-R),5,5,1,43,30*,10.75,89,48.31,0,0,2,3,0,M Worndl,CZK-R
1691,Abdullah Rana (SUI),8,5,1,42,25,10.5,27,155.55,0,0,1,4,2,Abdullah Rana,SUI
1692,J Albin (BUL),13,8,4,42,16*,10.5,56,75,0,0,0,3,0,J Albin,BUL
1693,Asim Ashraf (GMB),3,3,0,42,19,14,76,55.26,0,0,0,5,0,Asim Ashraf,GMB
1694,PS Bais (Mex),20,12,7,42,12,8.4,62,67.74,0,0,2,3,0,PS Bais,Mex
1695,J Chaturanga (BHR),4,4,0,42,20,10.5,42,100,0,0,1,5,1,J Chaturanga,BHR
1696,A Chaudhary (SGP),5,4,0,42,37,10.5,44,95.45,0,0,1,5,0,A Chaudhary,SGP
1697,S Fouche (NAM),3,2,1,42,40*,42,49,85.71,0,0,0,5,0,S Fouche,NAM
1698,JM Iradukunda (RWN),10,7,1,42,25*,7,41,102.43,0,0,3,0,4,JM Iradukunda,RWN
1699,M Iturbe (Arg),11,5,1,42,16,10.5,53,79.24,0,0,0,3,1,M Iturbe,Arg
1700,Jaikumar Thakur (CRT),7,7,0,42,20,6,79,53.16,0,0,1,2,0,Jaikumar Thakur,CRT
1701,R Kumar (ROM),11,5,1,42,16,10.5,28,150,0,0,2,4,1,R Kumar,ROM
1702,Maqsood Ahmad (BEL),3,2,0,42,29,21,40,105,0,0,0,6,0,Maqsood Ahmad,BEL
1703,Mohamed Arief (MAS),8,5,1,42,19,10.5,35,120,0,0,0,5,1,Mohamed Arief,MAS
1704,T Rapi (Samoa),3,3,0,42,28,14,34,123.52,0,0,0,5,1,T Rapi,Samoa
1705,E Robinson (GUE),1,1,0,42,42,42,54,77.77,0,0,0,2,1,E Robinson,GUE
1706,Serdar Burak Emir (TKY),4,3,0,42,42,14,30,140,0,0,2,5,3,Serdar Burak Emir,TKY
1707,SD Valjalo (CRT),5,5,1,42,14,10.5,54,77.77,0,0,0,4,0,SD Valjalo,CRT
1708,Walid Sahibzada (BEL),4,3,0,42,32,14,45,93.33,0,0,1,4,1,Walid Sahibzada,BEL
1709,P Baghel (CZK-R),3,3,0,41,33,13.66,53,77.35,0,0,1,7,0,P Baghel,CZK-R
1710,ML Bojang (GMB),8,8,0,41,11,5.12,61,67.21,0,0,1,2,1,ML Bojang,GMB
1711,P Dhiman (ESP),4,4,0,41,29,10.25,55,74.54,0,0,0,0,1,P Dhiman,ESP
1712,Gurpreet Singh (Mex),2,1,0,41,41,41,29,141.37,0,0,0,2,2,Gurpreet Singh,Mex
1713,Ijaz Ahmad Ahmadzai (AFG),4,4,0,41,16,10.25,51,80.39,0,0,0,2,2,Ijaz Ahmad Ahmadzai,AFG
1714,E Jabarkhel (LUX),10,8,2,41,16*,6.83,46,89.13,0,0,1,5,0,E Jabarkhel,LUX
1715,Khurram Nawaz (OMA),5,4,2,41,33*,20.5,30,136.66,0,0,1,5,2,Khurram Nawaz,OMA
1716,Akhil Kumar (CAN),14,6,3,41,14*,13.66,36,113.88,0,0,1,3,2,Akhil Kumar,CAN
1717,Madhawa Basnayaka (FIN),6,4,1,41,20*,13.66,43,95.34,0,0,1,2,2,Madhawa Basnayaka,FIN
1718,P Malav (LUX),19,10,3,41,10*,5.85,53,77.35,0,0,1,3,0,P Malav,LUX
1719,S Murari (CRC),11,8,0,41,14,5.12,61,67.21,0,0,2,2,1,S Murari,CRC
1720,F Mutua (KENYA),22,8,2,41,12*,6.83,38,107.89,0,0,2,4,1,F Mutua,KENYA
1721,C Nunes (POR),5,3,1,41,30*,20.5,29,141.37,0,0,1,1,3,C Nunes,POR
1722,AR Puri (SGP),38,14,5,41,13*,4.55,77,53.24,0,0,3,1,1,AR Puri,SGP
1723,Qasim Akram (PAK),4,3,0,41,20,13.66,45,91.11,0,0,0,6,0,Qasim Akram,PAK
1724,P Sarraf (NEP),5,5,0,41,20,8.2,47,87.23,0,0,1,6,1,P Sarraf,NEP
1725,Suhail Sattar (TLS),8,8,0,41,21,5.12,55,74.54,0,0,5,5,1,Suhail Sattar,TLS
1726,Tahir Patel (SWZ),6,6,1,41,15,8.2,76,53.94,0,0,0,5,0,Tahir Patel,SWZ
1727,Walter Behr (GER),8,5,1,41,22,10.25,38,107.89,0,0,0,2,2,Walter Behr,GER
1728,AD Algar (ESP),5,2,1,40,28,40,50,80,0,0,0,2,1,AD Algar,ESP
1729,J Baguma (UGA),21,9,4,40,11*,8,54,74.07,0,0,1,3,0,J Baguma,UGA
1730,Ben Jones (EST),1,1,0,40,40,40,41,97.56,0,0,0,3,0,Ben Jones,EST
1731,T de Zorzi (SA),2,2,0,40,33,20,26,153.84,0,0,0,5,1,T de Zorzi,SA
1732,Gagandeep Singh (BUL),17,8,3,40,13*,8,39,102.56,0,0,1,4,1,Gagandeep Singh,BUL
1733,A Maheshwari (CRT),12,10,0,40,16,4,65,61.53,0,0,3,3,2,A Maheshwari,CRT
1734,J Pant (LUX),1,1,0,40,40,40,29,137.93,0,0,0,4,1,J Pant,LUX
1735,SM Sharif (SCOT),23,10,5,40,14,8,60,66.66,0,0,1,1,1,SM Sharif,SCOT
1736,A Bhadauria (LUX),2,2,0,40,21,20,31,129.03,0,0,0,6,0,A Bhadauria,LUX
1737,M Smith (),4,3,0,40,17,13.33,48,83.33,0,0,0,2,3,M Smith,
1738,R Theruvath (QAT),6,6,0,40,15,6.66,41,97.56,0,0,1,4,1,R Theruvath,QAT
1739,Tian Sen Qun (CHN),11,11,0,40,11,3.63,109,36.69,0,0,3,1,0,Tian Sen Qun,CHN
1740,Ahmed Wardak (GER),3,2,1,39,29,39,36,108.33,0,0,0,4,1,Ahmed Wardak,GER
1741,Bukhar Illikkal (QAT),15,6,2,39,25,9.75,41,95.12,0,0,0,2,1,Bukhar Illikkal,QAT
1742,J Danikula (CRT),5,5,0,39,19,7.8,68,57.35,0,0,1,3,0,J Danikula,CRT
1743,A Dhabe (SWE),9,6,3,39,19,13,51,76.47,0,0,1,2,1,A Dhabe,SWE
1744,J Gallimore (BHM),5,3,2,39,14*,39,40,97.5,0,0,0,4,0,J Gallimore,BHM
1745,I Kamara (SLE),11,9,3,39,16,6.5,81,48.14,0,0,2,2,1,I Kamara,SLE
1746,Mayank Nagayach (LUX),7,7,1,39,18,6.5,38,102.63,0,0,1,4,1,Mayank Nagayach,LUX
1747,Muhammad Wafiq (MAS),32,13,5,39,16*,4.87,52,75,0,0,4,2,2,Muhammad Wafiq,MAS
1748,Muhammed Turkmen (TKY),6,4,0,39,23,9.75,27,144.44,0,0,0,3,3,Muhammed Turkmen,TKY
1749,AL Phehlukwayo (SA),7,5,1,39,22,9.75,41,95.12,0,0,1,3,1,AL Phehlukwayo,SA
1750,B Sharki (NEP),2,2,0,39,27,19.5,26,150,0,0,0,4,1,B Sharki,NEP
1751,F Akankwasa (UGA),8,7,2,38,11,7.6,50,76,0,0,1,4,0,F Akankwasa,UGA
1752,P Chin (CAY),9,4,0,38,27,9.5,55,69.09,0,0,1,1,0,P Chin,CAY
1753,MS Diawara (Mali),10,8,0,38,11,4.75,102,37.25,0,0,2,2,0,MS Diawara,Mali
1754,JSE Dunford (JER),16,7,6,38,18*,38,26,146.15,0,0,1,5,0,JSE Dunford,JER
1755,NT Ellis (AUS),34,10,6,38,12,9.5,54,70.37,0,0,2,2,1,NT Ellis,AUS
1756,A Gorawara (HKG),4,4,0,38,20,9.5,37,102.7,0,0,0,2,2,A Gorawara,HKG
1757,GI Hume (IRE),10,5,3,38,20*,19,29,131.03,0,0,0,2,2,GI Hume,IRE
1758,Irfan Sarfraz (KSA),4,3,0,38,18,12.66,55,69.09,0,0,0,2,0,Irfan Sarfraz,KSA
1759,GBW Munaweera (QAT),13,7,5,38,22,19,27,140.74,0,0,1,3,2,GBW Munaweera,QAT
1760,Ngawang Thinley (BHU),11,9,3,38,11*,6.33,48,79.16,0,0,1,3,1,Ngawang Thinley,BHU
1761,Asad Ali Rehemtulla (BUL),13,8,3,37,16,7.4,44,84.09,0,0,3,3,0,Asad Ali Rehemtulla,BUL
1762,NN Banner (Blz),8,6,4,37,12*,18.5,39,94.87,0,0,0,1,1,NN Banner,Blz
1763,G Caisley (BRA),7,7,0,37,21,5.28,52,71.15,0,0,2,3,1,G Caisley,BRA
1764,MJ Henry (NZ),36,11,5,37,12,6.16,44,84.09,0,0,2,2,1,MJ Henry,NZ
1765,Jonte Smith (BER),13,9,4,37,16*,7.4,50,74,0,0,2,3,0,Jonte Smith,BER
1766,ML Kostic (SRB),10,7,1,37,15,6.16,45,82.22,0,0,0,5,0,ML Kostic,SRB
1767,A Kuthalingham (),3,2,0,37,24,18.5,39,94.87,0,0,0,1,0,A Kuthalingham,
1768,Mohamed Shiyam (MDV),5,4,2,37,25*,18.5,54,68.51,0,0,1,4,0,Mohamed Shiyam,MDV
1769,Naveen-ul-Haq (AFG),35,12,4,37,13,4.62,58,63.79,0,0,3,4,1,Naveen-ul-Haq,AFG
1770,Waleed Rana (ITA),3,3,0,37,25,12.33,48,77.08,0,0,0,2,1,Waleed Rana,ITA
1771,Azeem Nazir (SUI),4,2,0,36,36,18,42,85.71,0,0,1,5,0,Azeem Nazir,SUI
1772,V Baskaran (SGP),20,12,3,36,14*,4,66,54.54,0,0,2,0,1,V Baskaran,SGP
1773,KN Gabhane (HUN),3,2,2,36,26*,0,39,92.3,0,0,0,3,0,KN Gabhane,HUN
1774,Haseebullah Khan (PAK),3,3,0,36,24,12,30,120,0,0,1,4,1,Haseebullah Khan,PAK
1775,Asif Iqbal (SKOR),3,3,1,36,21*,18,45,80,0,0,0,3,1,Asif Iqbal,SKOR
1776,A Magdalenic (CRT),17,14,2,36,14*,3,90,40,0,0,6,3,0,A Magdalenic,CRT
1777,B Maphosa (BOT),10,5,3,36,18,18,43,83.72,0,0,0,1,1,B Maphosa,BOT
1778,L Maximo (BRA),10,8,2,36,9*,6,70,51.42,0,0,2,0,0,L Maximo,BRA
1779,Mirza Baig (PAK),3,3,1,36,32*,18,29,124.13,0,0,1,5,2,Mirza Baig,PAK
1780,Muaviath Ganee (MDV),2,1,0,36,36,36,34,105.88,0,0,0,2,2,Muaviath Ganee,MDV
1781,Rahat Ali (CZK-R),6,5,2,36,17,12,36,100,0,0,0,3,0,Rahat Ali,CZK-R
1782,Rizwan Haider (MAS),36,8,6,36,17*,18,28,128.57,0,0,1,1,3,Rizwan Haider,MAS
1783,D Teinaki (COK),4,4,0,36,16,9,38,94.73,0,0,0,2,3,D Teinaki,COK
1784,A Ilaoa (Samoa),10,8,2,35,12,5.83,36,97.22,0,0,1,3,1,A Ilaoa,Samoa
1785,KA Jamieson (NZ),19,8,3,35,9,7,32,109.37,0,0,1,3,0,KA Jamieson,NZ
1786,RM Jariwala (USA),1,1,0,35,35,35,31,112.9,0,0,0,4,0,RM Jariwala,USA
1787,YI Kachhalia (PAN),7,7,0,35,14,5,55,63.63,0,0,1,3,0,YI Kachhalia,PAN
1788,S Kimura (JPN),5,5,0,35,14,7,42,83.33,0,0,0,1,1,S Kimura,JPN
1789,Manoj Adhikari (BHU),11,7,4,35,9*,11.66,56,62.5,0,0,0,3,0,Manoj Adhikari,BHU
1790,JC Martin (GUE),3,3,2,35,19*,35,36,97.22,0,0,0,1,1,JC Martin,GUE
1791,Muhammad Khan (HKG),6,6,0,35,18,5.83,46,76.08,0,0,3,3,2,Muhammad Khan,HKG
1792,Mushfiqur Rahim (BAN),3,3,0,35,30,11.66,34,102.94,0,0,0,4,0,Mushfiqur Rahim,BAN
1793,Mustapha Suwareh (GMB),11,11,0,35,7,3.18,68,51.47,0,0,2,4,0,Mustapha Suwareh,GMB
1794,AM Patel (PAN),9,7,4,35,9,11.66,44,79.54,0,0,0,3,0,AM Patel,PAN
1795,SK Patel (USA),2,2,0,35,24,17.5,37,94.59,0,0,0,2,0,SK Patel,USA
1796,Rahat Kazi (TLS),8,8,0,35,13,4.37,64,54.68,0,0,3,1,1,Rahat Kazi,TLS
1797,NT Rajendran (KUW),9,6,3,35,11,11.66,32,109.37,0,0,1,4,0,NT Rajendran,KUW
1798,Q Sampson (WI),3,3,0,35,30,11.66,35,100,0,0,0,2,2,Q Sampson,WI
1799,Sathya Narayanan (SUI),5,5,1,35,25,8.75,51,68.62,0,0,1,2,0,Sathya Narayanan,SUI
1800,A Shukla (HKG),57,18,8,35,10,3.5,53,66.03,0,0,6,2,1,A Shukla,HKG
1801,OE Taylor (COK),11,7,1,35,10*,5.83,69,50.72,0,0,1,0,0,OE Taylor,COK
1802,Waqas Haider (SWE),3,3,1,35,19,17.5,21,166.66,0,0,0,4,2,Waqas Haider,SWE
1803,A Zampa (AUS),58,17,7,35,9,3.5,49,71.42,0,0,3,3,0,A Zampa,AUS
1804,Zeeshan Goraya (AUT),8,3,0,35,18,11.66,29,120.68,0,0,0,3,2,Zeeshan Goraya,AUT
1805,Zong Yuechao (CHN),8,7,2,35,19*,7,65,53.84,0,0,2,4,0,Zong Yuechao,CHN
1806,A Andrews (SUI),4,3,1,34,30*,17,40,85,0,0,1,3,0,A Andrews,SUI
1807,AT Carey (AUS),4,3,0,34,26,11.33,28,121.42,0,0,0,4,0,AT Carey,AUS
1808,DK Dahyabhai Ahir (PAN),8,6,3,34,12*,11.33,46,73.91,0,0,0,1,0,DK Dahyabhai Ahir,PAN
1809,JA Duffy (NZ),43,10,7,34,9*,11.33,31,109.67,0,0,1,3,0,JA Duffy,NZ
1810,ADS Fletcher (WI),6,5,0,34,29,6.8,39,87.17,0,0,2,1,2,ADS Fletcher,WI
1811,T Horpinitch (SEY),4,4,0,34,13,8.5,62,54.83,0,0,0,5,0,T Horpinitch,SEY
1812,Ibrahim Sesay (SLE),6,6,2,34,11*,8.5,56,60.71,0,0,1,4,0,Ibrahim Sesay,SLE
1813,Jay Odedra (OMA),8,6,5,34,25*,34,36,94.44,0,0,1,3,1,Jay Odedra,OMA
1814,B Jerkovic (CRT),9,7,5,34,11*,17,73,46.57,0,0,0,1,0,B Jerkovic,CRT
1815,NR Johns-Wickberg (SRB),15,7,4,34,15,11.33,58,58.62,0,0,0,3,0,NR Johns-Wickberg,SRB
1816,Kashif Khan (SGP),5,4,0,34,13,8.5,51,66.66,0,0,0,0,1,Kashif Khan,SGP
1817,Mohamed Coulibaly (Mali),13,12,0,34,6,2.83,105,32.38,0,0,1,2,0,Mohamed Coulibaly,Mali
1818,Munim Shahriar (BAN),5,5,0,34,17,6.8,47,72.34,0,0,0,5,0,Munim Shahriar,BAN
1819,W Perchard (JER),4,3,3,34,29*,0,31,109.67,0,0,0,2,0,W Perchard,JER
1820,YK Rai (UAE),1,1,0,34,34,34,26,130.76,0,0,0,1,2,YK Rai,UAE
1821,Shadnan Khan (AUT),5,4,0,34,22,8.5,62,54.83,0,0,0,1,0,Shadnan Khan,AUT
1822,Shah Faisal (OMA),14,8,4,34,9*,8.5,45,75.55,0,0,1,2,1,Shah Faisal,OMA
1823,Sinan Khan (GRC),4,4,0,34,11,8.5,36,94.44,0,0,0,3,0,Sinan Khan,GRC
1824,SA Abbott (AUS),22,11,5,33,13*,5.5,33,100,0,0,3,3,0,SA Abbott,AUS
1825,Atif Kamal (LUX),7,7,2,33,12,6.6,40,82.5,0,0,2,1,1,Atif Kamal,LUX
1826,Faisal Mehmood (BEL),2,2,0,33,23,16.5,25,132,0,0,0,5,1,Faisal Mehmood,BEL
1827,Kamal Soukhiya (LUX),6,5,0,33,12,6.6,32,103.12,0,0,0,1,2,Kamal Soukhiya,LUX
1828,D Finau (Samoa),17,9,4,33,14*,6.6,29,113.79,0,0,3,2,2,D Finau,Samoa
1829,Mohammad Shahzad (AFG),3,3,0,33,20,11,42,78.57,0,0,0,4,1,Mohammad Shahzad,AFG
1830,B Muzarabani (ZIM),68,21,8,33,9*,2.53,53,62.26,0,0,6,3,1,B Muzarabani,ZIM
1831,LJ Myott (PHI),22,9,5,33,13*,8.25,40,82.5,0,0,0,1,1,LJ Myott,PHI
1832,Ousman Bah (GMB),11,10,3,33,8*,4.71,85,38.82,0,0,3,0,0,Ousman Bah,GMB
1833,Qais Ahmad (AFG),11,5,0,33,18,6.6,30,110,0,0,2,4,1,Qais Ahmad,AFG
1834,O Sam Arthur (CRC),4,3,3,33,16*,0,29,113.79,0,0,0,5,0,O Sam Arthur,CRC
1835,Sharafuddin Ashraf (AFG),13,7,5,33,17*,16.5,34,97.05,0,0,1,4,1,Sharafuddin Ashraf,AFG
1836,DPS Tyagi (SGP),10,8,4,33,14,8.25,30,110,0,0,1,2,2,DPS Tyagi,SGP
1837,C Udekwe (NGA),26,8,4,33,11*,8.25,35,94.28,0,0,0,1,2,C Udekwe,NGA
1838,CC Machado (BRA),11,9,1,32,9,4,72,44.44,0,0,1,0,0,CC Machado,BRA
1839,Asif Bevinje (ROM),4,3,0,32,26,10.66,34,94.11,0,0,1,5,0,Asif Bevinje,ROM
1840,AR Balla (CAM),14,13,2,32,7,2.9,123,26.01,0,0,4,0,0,AR Balla,CAM
1841,TA Blundell (NZ),2,2,0,32,28,16,19,168.42,0,0,0,6,0,TA Blundell,NZ
1842,DE Burgess (Samoa),9,6,3,32,16*,10.66,59,54.23,0,0,0,0,0,DE Burgess,Samoa
1843,GC Galanis (GRC),8,7,2,32,9,6.4,39,82.05,0,0,0,2,0,GC Galanis,GRC
1844,K Ghalley (BHU),4,4,2,32,19*,16,41,78.04,0,0,1,2,0,K Ghalley,BHU
1845,S Joseph (WI),22,7,6,32,21*,32,24,133.33,0,0,1,2,2,S Joseph,WI
1846,A Krishna (SGP),11,8,6,32,21*,16,44,72.72,0,0,2,3,0,A Krishna,SGP
1847,OC McCoy (WI),30,8,5,32,23*,10.66,41,78.04,0,0,1,4,1,OC McCoy,WI
1848,Manpreet Singh (ITA),6,4,4,32,17*,0,23,139.13,0,0,0,1,1,Manpreet Singh,ITA
1849,JD Newton (CRT),4,4,0,32,26,8,51,62.74,0,0,2,2,1,JD Newton,CRT
1850,Salman Patel (Zamb),7,6,2,32,24*,8,35,91.42,0,0,1,3,1,Salman Patel,Zamb
1851,Sheraz Sarwari (SUI),5,3,0,32,30,10.66,17,188.23,0,0,0,0,4,Sheraz Sarwari,SUI
1852,J West (GIBR),4,4,0,32,14,8,53,60.37,0,0,0,2,0,J West,GIBR
1853,Aadil Bhaiyat (SWZ),5,5,0,31,21,6.2,35,88.57,0,0,1,2,1,Aadil Bhaiyat,SWZ
1854,SK Atai (PNG),11,7,2,31,17,6.2,24,129.16,0,0,2,3,1,SK Atai,PNG
1855,J Cama (Fiji),5,5,0,31,24,6.2,28,110.71,0,0,1,0,3,J Cama,Fiji
1856,DL Chahar (IND),8,2,0,31,31,15.5,19,163.15,0,0,1,2,3,DL Chahar,IND
1857,TL Chatara (ZIM),30,11,9,31,6*,15.5,50,62,0,0,0,1,0,TL Chatara,ZIM
1858,D Khanal (NEP),3,3,0,31,18,10.33,35,88.57,0,0,0,4,1,D Khanal,NEP
1859,S Kollery (BOT),2,2,1,31,29,31,43,72.09,0,0,0,4,0,S Kollery,BOT
1860,D Marks (MLT),17,6,3,31,10,10.33,35,88.57,0,0,0,1,1,D Marks,MLT
1861,A Ndlovu (ZIM),9,4,3,31,13*,31,37,83.78,0,0,0,4,0,A Ndlovu,ZIM
1862,J Pakhiaokajee (THA),6,6,2,31,22*,7.75,41,75.6,0,0,1,2,1,J Pakhiaokajee,THA
1863,Raaz Mohammad (FIN),19,11,9,31,9*,15.5,44,70.45,0,0,1,1,0,Raaz Mohammad,FIN
1864,JDA Richardson (BER),12,6,1,31,15,6.2,54,57.4,0,0,2,3,0,JDA Richardson,BER
1865,Sabbir Rahman (BAN),4,4,0,31,14,7.75,36,86.11,0,0,1,3,1,Sabbir Rahman,BAN
1866,LN Saishiv (OMA),1,1,0,31,31,31,31,100,0,0,0,1,2,LN Saishiv,OMA
1867,Soyeb Pendi (Zamb),9,7,3,31,16*,7.75,28,110.71,0,0,2,2,3,Soyeb Pendi,Zamb
1868,Syed Maisam Ali (POR),10,5,3,31,18*,15.5,25,124,0,0,1,1,2,Syed Maisam Ali,POR
1869,G Toka (PNG),2,2,0,31,29,15.5,27,114.81,0,0,0,3,1,G Toka,PNG
1870,DG Weakley (BHM),15,6,1,31,20,6.2,50,62,0,0,1,1,1,DG Weakley,BHM
1871,Ahsan Yousuf (AUT),3,2,0,30,23,15,24,125,0,0,0,2,1,Ahsan Yousuf,AUT
1872,Anser Mehmood (SUI),3,3,0,30,15,10,33,90.9,0,0,0,3,0,Anser Mehmood,SUI
1873,GS Ballance (ZIM),1,1,0,30,30,30,29,103.44,0,0,0,2,1,GS Ballance,ZIM
1874,Danyal Akbar (HUN),3,3,1,30,17,15,31,96.77,0,0,0,2,0,Danyal Akbar,HUN
1875,W Dlamini (SWZ),8,7,0,30,12,4.28,34,88.23,0,0,0,4,0,W Dlamini,SWZ
1876,NH Ekanayake (BHM),4,4,1,30,19,10,43,69.76,0,0,0,3,1,NH Ekanayake,BHM
1877,Gaurav Maithani (MLT),2,2,1,30,23*,30,18,166.66,0,0,0,3,2,Gaurav Maithani,MLT
1878,H Isorena (PHI),5,4,0,30,21,7.5,47,63.82,0,0,1,3,0,H Isorena,PHI
1879,CJPF Kalugamage (ITA),22,8,5,30,7,10,44,68.18,0,0,0,1,0,CJPF Kalugamage,ITA
1880,L Karlsson (SWE),9,4,1,30,14,10,27,111.11,0,0,0,2,1,L Karlsson,SWE
1881,EJG Morgan (ENG),2,2,0,30,17,15,41,73.17,0,0,0,2,1,EJG Morgan,ENG
1882,A Mustafa (Arg),8,5,3,30,10*,15,27,111.11,0,0,0,1,0,A Mustafa,Arg
1883,Nangeyalia Kharote (AFG),7,6,4,30,23*,15,31,96.77,0,0,1,2,2,Nangeyalia Kharote,AFG
1884,R Poojary (Mex),10,7,0,30,20,4.28,52,57.69,0,0,2,0,1,R Poojary,Mex
1885,Shehzad Patel (SWZ),3,3,0,30,17,10,28,107.14,0,0,0,3,0,Shehzad Patel,SWZ
1886,DT Tiripano (ZIM),6,4,1,30,18,10,39,76.92,0,0,1,2,0,DT Tiripano,ZIM
1887,RV Viraj (CAM),4,4,0,30,22,7.5,52,57.69,0,0,1,5,0,RV Viraj,CAM
1888,J Wilson (GIBR),5,2,1,30,26*,30,18,166.66,0,0,0,3,2,J Wilson,GIBR
1889,P Abanda (CAM),9,8,0,29,16,3.62,50,58,0,0,2,1,1,P Abanda,CAM
1890,YJO Altamirano (CRC),5,5,2,29,12*,9.66,44,65.9,0,0,1,2,1,YJO Altamirano,CRC
1891,Awais Ikram (SVN),6,6,2,29,10*,7.25,30,96.66,0,0,1,3,1,Awais Ikram,SVN
1892,Fazil Muhammad (SKOR),5,4,1,29,15,9.66,43,67.44,0,0,0,1,0,Fazil Muhammad,SKOR
1893,R Francis (STHEL),9,6,1,29,15,5.8,29,100,0,0,1,1,2,R Francis,STHEL
1894,MADI Hemantha (SL),8,5,1,29,14*,7.25,34,85.29,0,0,1,2,0,MADI Hemantha,SL
1895,Jahandad Khan (PAK),8,5,1,29,17,7.25,34,85.29,0,0,1,0,2,Jahandad Khan,PAK
1896,Jai Sinh (SUI),13,9,2,29,9,4.14,51,56.86,0,0,1,1,0,Jai Sinh,SUI
1897,Khalid Niazi (SUI),6,3,2,29,13*,29,36,80.55,0,0,0,1,0,Khalid Niazi,SUI
1898,Numan Ahmadzai (SUI),3,2,1,29,28*,29,38,76.31,0,0,0,2,1,Numan Ahmadzai,SUI
1899,A Paul (EST),19,7,3,29,14*,7.25,37,78.37,0,0,2,1,0,A Paul,EST
1900,Pavandeep Singh (MAS),61,11,10,29,12*,29,55,52.72,0,0,1,0,0,Pavandeep Singh,MAS
1901,N Peter (SA),12,5,3,29,10*,14.5,25,116,0,0,0,3,0,N Peter,SA
1902,J Pickering (COK),5,5,2,29,13,9.66,39,74.35,0,0,1,1,0,J Pickering,COK
1903,V Pulibanti (CRT),7,7,2,29,10,5.8,53,54.71,0,0,2,5,0,V Pulibanti,CRT
1904,D Robson (EST),13,5,1,29,19*,7.25,43,67.44,0,0,2,0,1,D Robson,EST
1905,MM Siddique (JPN),3,2,0,29,28,14.5,20,145,0,0,0,4,1,MM Siddique,JPN
1906,ACF Stokes (GUE),13,7,2,29,18*,5.8,43,67.44,0,0,2,0,1,ACF Stokes,GUE
1907,VM Vaghela (USA),2,1,0,29,29,29,32,90.62,0,0,0,2,0,VM Vaghela,USA
1908,Zahid Ali (UAE),6,2,1,29,18*,29,23,126.08,0,0,0,3,0,Zahid Ali,UAE
1909,JW Batinibulu (Fiji),6,5,1,28,11,7,46,60.86,0,0,0,0,1,JW Batinibulu,Fiji
1910,MP Biddappa (PHI),3,3,0,28,26,9.33,54,51.85,0,0,1,3,0,MP Biddappa,PHI
1911,TA Boult (NZ),17,4,2,28,16,14,24,116.66,0,0,0,1,2,TA Boult,NZ
1912,C Connolly (AUS),11,7,1,28,13,4.66,30,93.33,0,0,3,1,2,C Connolly,AUS
1913,R Drake (JPN),15,8,7,28,11*,28,33,84.84,0,0,0,1,0,R Drake,JPN
1914,NT Gireesh (CAM),23,9,3,28,14,4.66,41,68.29,0,0,3,3,1,NT Gireesh,CAM
1915,Hasan Ali (PAK),9,5,1,28,10,7,23,121.73,0,0,1,1,2,Hasan Ali,PAK
1916,D Jamyansuren (MNG),5,5,0,28,15,5.6,103,27.18,0,0,1,3,0,D Jamyansuren,MNG
1917,M Jobarteh (GMB),12,9,2,28,10*,4,34,82.35,0,0,2,2,1,M Jobarteh,GMB
1918,MO Jones (BER),6,3,3,28,19*,0,34,82.35,0,0,0,0,0,MO Jones,BER
1919,Junaed Mullah (SVN),2,2,0,28,26,14,45,62.22,0,0,0,2,0,Junaed Mullah,SVN
1920,Maidul Islam (EST),6,6,0,28,10,4.66,28,100,0,0,2,3,1,Maidul Islam,EST
1921,L Maphane (BOT),4,4,0,28,19,7,58,48.27,0,0,2,1,0,L Maphane,BOT
1922,R Mutumbami (ZIM),2,2,0,28,27,14,25,112,0,0,0,2,1,R Mutumbami,ZIM
1923,S Seelan (INA),1,1,0,28,28,28,28,100,0,0,0,3,0,S Seelan,INA
1924,Shivam Mavi (IND),6,2,0,28,26,14,18,155.55,0,0,0,2,2,Shivam Mavi,IND
1925,Wang Liuyang (CHN),4,4,0,28,18,7,51,54.9,0,0,1,2,0,Wang Liuyang,CHN
1926,N Wijesekera (AUT),6,6,2,28,9*,7,52,53.84,0,0,0,1,0,N Wijesekera,AUT
1927,L Zulu (SWZ),4,4,0,28,20,7,51,54.9,0,0,1,2,0,L Zulu,SWZ
1928,VC Ahir (PAN),3,3,1,27,24,13.5,22,122.72,0,0,1,1,2,VC Ahir,PAN
1929,Akbar Khan (HKG),7,6,0,27,7,4.5,47,57.44,0,0,0,1,0,Akbar Khan,HKG
1930,P Arrighi (Arg),3,2,0,27,18,13.5,31,87.09,0,0,0,1,0,P Arrighi,Arg
1931,Avesh Khan (IND),25,5,3,27,16,13.5,20,135,0,0,0,3,1,Avesh Khan,IND
1932,F Baaleri (GHA),5,3,1,27,14*,13.5,32,84.37,0,0,0,0,0,F Baaleri,GHA
1933,LE Dlamini (SWZ),9,5,1,27,14,6.75,40,67.5,0,0,1,2,1,LE Dlamini,SWZ
1934,J Ghelzai (AUT),8,4,0,27,17,6.75,22,122.72,0,0,1,0,2,J Ghelzai,AUT
1935,J Hill (PHI),5,5,1,27,11,6.75,53,50.94,0,0,1,0,0,J Hill,PHI
1936,R Kalimuthu (SGP),15,7,5,27,16*,13.5,27,100,0,0,1,2,1,R Kalimuthu,SGP
1937,MJM Kavana (COK),8,4,0,27,9,6.75,53,50.94,0,0,1,1,0,MJM Kavana,COK
1938,D Klein (GER),15,9,0,27,8,3,34,79.41,0,0,3,3,0,D Klein,GER
1939,Mohamed Shafeeq (KUW),45,12,2,27,6,2.7,29,93.1,0,0,3,3,0,Mohamed Shafeeq,KUW
1940,P Nedeljkovic (SRB),10,5,2,27,14*,9,41,65.85,0,0,0,2,1,P Nedeljkovic,SRB
1941,Parveen Kumar (CAN),8,4,0,27,19,6.75,32,84.37,0,0,1,0,2,Parveen Kumar,CAN
1942,S Selvaraj (TAN),5,3,1,27,20,13.5,24,112.5,0,0,0,4,0,S Selvaraj,TAN
1943,Sharveen Surendran (MAS),2,2,1,27,23,27,31,87.09,0,0,0,1,0,Sharveen Surendran,MAS
1944,DK Shetty (INA),21,3,1,27,14,13.5,22,122.72,0,0,0,1,1,DK Shetty,INA
1945,C Shivakumar (SGP),4,3,0,27,17,9,40,67.5,0,0,0,3,0,C Shivakumar,SGP
1946,G Singh (USA),7,6,1,27,12,5.4,31,87.09,0,0,2,2,1,G Singh,USA
1947,CJ Stamp (PHI),4,3,2,27,15*,27,29,93.1,0,0,0,3,0,CJ Stamp,PHI
1948,S Tuitoga (Fiji),2,2,0,27,27,13.5,33,81.81,0,0,1,3,1,S Tuitoga,Fiji
1949,Azin Rafeeg (MDV),3,3,2,26,24*,26,22,118.18,0,0,1,3,1,Azin Rafeeg,MDV
1950,C Bayraktar (TKY),3,3,0,26,12,8.66,34,76.47,0,0,0,0,2,C Bayraktar,TKY
1951,Benjamin Embleton (LUX),3,1,0,26,26,26,29,89.65,0,0,0,2,0,Benjamin Embleton,LUX
1952,DM Bravo (WI),4,2,1,26,23,26,28,92.85,0,0,0,1,1,DM Bravo,WI
1953,Kau Qalo (Fiji),2,2,0,26,26,13,30,86.66,0,0,1,2,1,Kau Qalo,Fiji
1954,Khandubhai Ahir (PAN),3,3,1,26,22,13,42,61.9,0,0,0,1,1,Khandubhai Ahir,PAN
1955,Z Makadji (Mali),8,8,1,26,22,3.71,36,72.22,0,0,4,1,1,Z Makadji,Mali
1956,Mujibur Ali (OMA),3,3,0,26,12,8.66,33,78.78,0,0,0,2,0,Mujibur Ali,OMA
1957,A Nathwani (AUT),22,10,7,26,7*,8.66,46,56.52,0,0,2,1,0,A Nathwani,AUT
1958,AM Rajpurohit (GMB),3,3,0,26,22,8.66,34,76.47,0,0,1,3,1,AM Rajpurohit,GMB
1959,Sachin Kumar (BHR),13,4,1,26,19*,8.66,32,81.25,0,0,1,3,0,Sachin Kumar,BHR
1960,Samader Shadab (GRC),4,4,0,26,14,6.5,38,68.42,0,0,1,0,2,Samader Shadab,GRC
1961,Samarth Shetty (SWE),4,4,0,26,16,6.5,39,66.66,0,0,1,2,1,Samarth Shetty,SWE
1962,Sarawut Maliwan (THA),40,16,6,26,5*,2.6,71,36.61,0,0,5,1,0,Sarawut Maliwan,THA
1963,Shahadat Hossain (3) (BAN),3,2,0,26,21,13,33,78.78,0,0,0,3,0,Shahadat Hossain,3
1964,Sufiyan Muqeem (PAK),19,11,6,26,10,5.2,27,96.29,0,0,2,3,0,Sufiyan Muqeem,PAK
1965,Usman Qadir (PAK),8,5,3,26,18*,13,16,162.5,0,0,1,3,1,Usman Qadir,PAK
1966,T Vanuarua (COK),6,4,1,26,14*,8.66,21,123.8,0,0,1,1,3,T Vanuarua,COK
1967,A Amado (ISR),3,3,0,25,16,8.33,37,67.56,0,0,0,3,0,A Amado,ISR
1968,Ashwin Vinod (SUI),22,8,4,25,8*,6.25,21,119.04,0,0,1,1,1,Ashwin Vinod,SUI
1969,SFS Cheema (AUT),19,6,2,25,21*,6.25,20,125,0,0,2,0,3,SFS Cheema,AUT
1970,IK Darmawan (INA),3,3,0,25,16,8.33,34,73.52,0,0,1,3,0,IK Darmawan,INA
1971,S Gulecha (SGP),3,3,0,25,23,8.33,32,78.12,0,0,0,1,2,S Gulecha,SGP
1972,Hamza Tariq (CAN),5,4,3,25,21*,25,23,108.69,0,0,0,0,2,Hamza Tariq,CAN
1973,S Hunter (),4,3,0,25,19,8.33,34,73.52,0,0,0,2,1,S Hunter,
1974,ZR Jabeneke (TAN),4,3,1,25,12*,12.5,29,86.2,0,0,0,0,1,ZR Jabeneke,TAN
1975,A Johnmary (Fran),3,3,0,25,14,8.33,25,100,0,0,0,2,1,A Johnmary,Fran
1976,Khawar Ali (OMA),7,3,0,25,10,8.33,32,78.12,0,0,0,1,1,Khawar Ali,OMA
1977,B Khumalo (BOT),24,8,6,25,10*,12.5,36,69.44,0,0,1,1,0,B Khumalo,BOT
1978,S Kushretha (LUX),9,5,1,25,11,6.25,43,58.13,0,0,1,1,0,S Kushretha,LUX
1979,ME Leoela (LES),14,12,4,25,11,3.12,60,41.66,0,0,3,1,0,ME Leoela,LES
1980,S Mahmood (ENG),10,5,1,25,12,6.25,33,75.75,0,0,1,1,1,S Mahmood,ENG
1981,D Matla (SVN),8,7,1,25,9,4.16,59,42.37,0,0,1,0,0,D Matla,SVN
1982,A Morris (CAY),21,8,6,25,8*,12.5,50,50,0,0,2,2,0,A Morris,CAY
1983,Muhammad Jawadullah (UAE),41,5,3,25,13*,12.5,26,96.15,0,0,1,2,0,Muhammad Jawadullah,UAE
1984,G Oliveira (BRA),12,8,3,25,9,5,35,71.42,0,0,0,0,2,G Oliveira,BRA
1985,E Otgonbayar (MNG),9,8,0,25,7,3.12,76,32.89,0,0,0,0,0,E Otgonbayar,MNG
1986,HJ Patel (PAN),2,2,0,25,21,12.5,25,100,0,0,0,2,0,HJ Patel,PAN
1987,AR Prasad (CAM),22,9,5,25,8*,6.25,56,44.64,0,0,2,1,0,AR Prasad,CAM
1988,V Rathinasamy (CRT),4,4,0,25,13,6.25,53,47.16,0,0,1,2,1,V Rathinasamy,CRT
1989,S Ravoka (Fiji),6,6,2,25,13,6.25,41,60.97,0,0,0,0,0,S Ravoka,Fiji
1990,L Sanogo (Mali),15,12,4,25,15*,3.12,59,42.37,0,0,5,3,0,L Sanogo,Mali
1991,LSP Siriwardene (ISR),4,4,0,25,12,6.25,44,56.81,0,0,1,0,0,LSP Siriwardene,ISR
1992,K Thagunna (NEP),2,2,0,25,15,12.5,41,60.97,0,0,0,1,0,K Thagunna,NEP
1993,M Turner (),3,2,2,25,18*,0,21,119.04,0,0,0,2,0,M Turner,
1994,DV Varghese (BUL),18,7,2,25,17,5,40,62.5,0,0,1,1,0,DV Varghese,BUL
1995,DNA Ankrah (NGA),4,3,1,24,24,12,19,126.31,0,0,1,2,1,DNA Ankrah,NGA
1996,Ashish Gupta (INA),5,4,0,24,14,6,35,68.57,0,0,0,1,2,Ashish Gupta,INA
1997,N Bidaisee (WI),3,2,0,24,22,12,30,80,0,0,0,1,1,N Bidaisee,WI
1998,S Bogdos (GRC),4,4,0,24,19,6,59,40.67,0,0,0,1,0,S Bogdos,GRC
1999,FE Carava (MOZ),10,3,0,24,12,8,53,45.28,0,0,0,1,0,FE Carava,MOZ
2000,GF Cardos (TLS),8,8,0,24,9,3,86,27.9,0,0,2,1,0,GF Cardos,TLS
2001,T Gwandu (ZIM),19,7,5,24,8*,12,36,66.66,0,0,1,1,0,T Gwandu,ZIM
2002,Ibrahim Jabarkhel (Fran),10,6,4,24,12*,12,28,85.71,0,0,1,0,1,Ibrahim Jabarkhel,Fran
2003,RM Koda (INA),68,16,9,24,6,3.42,45,53.33,0,0,3,1,0,RM Koda,INA
2004,Luca Petre (ROM),18,5,3,24,7*,12,23,104.34,0,0,0,0,0,Luca Petre,ROM
2005,ZE Matsinhe (MOZ),11,2,0,24,23,12,35,68.57,0,0,0,3,0,ZE Matsinhe,MOZ
2006,Mohammad Boota (UAE),3,3,3,24,14*,0,14,171.42,0,0,0,2,1,Mohammad Boota,UAE
2007,Mohammed Faraazuddin (UAE),6,4,1,24,21*,8,27,88.88,0,0,2,1,0,Mohammed Faraazuddin,UAE
2008,S Muthusamy (SA),5,5,1,24,9,6,23,104.34,0,0,1,2,1,S Muthusamy,SA
2009,M Prasanna (ROM),4,3,1,24,18*,12,13,184.61,0,0,0,4,0,M Prasanna,ROM
2010,Saeed Waqar Ali (SVN),12,9,4,24,8,4.8,59,40.67,0,0,1,1,0,Saeed Waqar Ali,SVN
2011,Bilal Safdar (NOR),4,4,1,24,15,8,44,54.54,0,0,0,2,0,Bilal Safdar,NOR
2012,RR Saun (CRC),7,6,1,24,15*,4.8,48,50,0,0,1,3,0,RR Saun,CRC
2013,Shivam Sharma (CAN),11,2,0,24,15,12,11,218.18,0,0,0,0,3,Shivam Sharma,CAN
2014,Shoaib Khan (GER),6,5,1,24,7,6,32,75,0,0,1,2,0,Shoaib Khan,GER
2015,UNGB Thenannahelage (CZK-R),9,5,1,24,10,6,30,80,0,0,1,0,0,UNGB Thenannahelage,CZK-R
2016,Ubaid Martuza (BHR),8,3,2,24,12*,24,21,114.28,0,0,0,1,0,Ubaid Martuza,BHR
2017,SM Warnakulasuriya (Fran),8,4,1,24,10,8,25,96,0,0,1,1,0,SM Warnakulasuriya,Fran
2018,Yasir Mohammad (USA),11,4,1,24,16,8,38,63.15,0,0,0,0,0,Yasir Mohammad,USA
2019,Sarfraz Butt (KSA),3,3,1,24,13,12,25,96,0,0,0,1,0,Sarfraz Butt,KSA
2020,Abdullah Shafique (PAK),3,3,0,23,23,7.66,16,143.75,0,0,2,1,2,Abdullah Shafique,PAK
2021,M Akhigbe (NGA),4,3,0,23,14,7.66,22,104.54,0,0,0,3,0,M Akhigbe,NGA
2022,S Chaudhary (CZK-R),9,4,1,23,12,7.66,27,85.18,0,0,0,1,1,S Chaudhary,CZK-R
2023,AA Gajic (SRB),25,8,5,23,9,7.66,49,46.93,0,0,0,1,0,AA Gajic,SRB
2024,D Kalvin (SEY),5,4,1,23,19*,7.66,38,60.52,0,0,1,1,0,D Kalvin,SEY
2025,NA Karnik (SGP),8,3,1,23,11,11.5,45,51.11,0,0,0,1,0,NA Karnik,SGP
2026,G Manan (ROM),4,4,0,23,7,5.75,21,109.52,0,0,0,1,2,G Manan,ROM
2027,Mohammad Amin (KUW),2,2,0,23,13,11.5,26,88.46,0,0,0,1,1,Mohammad Amin,KUW
2028,IKA Pastika (INA),3,2,2,23,14*,0,17,135.29,0,0,0,1,0,IKA Pastika,INA
2029,WA Peatfield (GUE),12,5,4,23,12*,23,17,135.29,0,0,1,3,0,WA Peatfield,GUE
2030,N Pokana (PNG),8,4,0,23,12,5.75,23,100,0,0,1,0,2,N Pokana,PNG
2031,CAK Rajitha (SL),8,4,3,23,9*,23,30,76.66,0,0,0,2,0,CAK Rajitha,SL
2032,A Razmilic (CRT),12,8,2,23,10,3.83,46,50,0,0,3,1,1,A Razmilic,CRT
2033,Rohail Nazir (PAK),3,2,0,23,13,11.5,23,100,0,0,0,0,3,Rohail Nazir,PAK
2034,Saud Munir (DEN),15,6,4,23,6*,11.5,40,57.5,0,0,1,0,0,Saud Munir,DEN
2035,D Sheeli (KUW),2,2,0,23,17,11.5,17,135.29,0,0,0,2,2,D Sheeli,KUW
2036,Simi Singh (IRE),14,8,3,23,9*,4.6,27,85.18,0,0,2,1,0,Simi Singh,IRE
2037,Waqas Ali (BEL),5,3,0,23,12,7.66,33,69.69,0,0,0,0,0,Waqas Ali,BEL
2038,B White (IRE),29,7,5,23,7*,11.5,45,51.11,0,0,0,2,0,B White,IRE
2039,Ali Sheikh (USA),7,3,1,22,17,11,20,110,0,0,0,1,0,Ali Sheikh,USA
2040,SSD Arachchige (SL),1,1,0,22,22,22,29,75.86,0,0,0,0,1,SSD Arachchige,SL
2041,Asad Mahmood (SUI),12,6,1,22,9,4.4,35,62.85,0,0,0,1,0,Asad Mahmood,SUI
2042,L Erdenebulgan (MNG),15,14,0,22,8,1.57,120,18.33,0,0,7,1,0,L Erdenebulgan,MNG
2043,AK Gokoel (Sur),8,6,0,22,14,3.66,63,34.92,0,0,3,1,0,AK Gokoel,Sur
2044,Gurdeep Singh (KENYA),1,1,0,22,22,22,24,91.66,0,0,0,1,1,Gurdeep Singh,KENYA
2045,Hassan Khan Mohammad (HKG),4,4,1,22,16*,7.33,29,75.86,0,0,2,2,0,Hassan Khan Mohammad,HKG
2046,S Henry (Falk),5,5,0,22,6,4.4,78,28.2,0,0,1,2,0,S Henry,Falk
2047,Izhar Hussain (SUI),4,2,1,22,21*,22,33,66.66,0,0,0,3,0,Izhar Hussain,SUI
2048,PK Langat (KENYA),35,9,5,22,5,5.5,32,68.75,0,0,0,0,0,PK Langat,KENYA
2049,M Kulfiwala (SWZ),3,3,0,22,21,7.33,21,104.76,0,0,1,4,0,M Kulfiwala,SWZ
2050,M Malle (Mali),10,8,0,22,9,2.75,96,22.91,0,0,3,0,0,M Malle,Mali
2051,Mohammad Shamshad Khan (SLE),6,4,2,22,16*,11,16,137.5,0,0,2,3,1,Mohammad Shamshad Khan,SLE
2052,Fahim Bhatti (BEL),14,4,2,22,13*,11,30,73.33,0,0,0,1,1,Fahim Bhatti,BEL
2053,PV Naringrekar (CRC),9,7,2,22,10,4.4,27,81.48,0,0,2,3,0,PV Naringrekar,CRC
2054,Nazmul Huda (TLS),8,7,2,22,8*,4.4,62,35.48,0,0,2,2,0,Nazmul Huda,TLS
2055,Nazril Rahman (MAS),2,2,0,22,20,11,19,115.78,0,0,0,1,1,Nazril Rahman,MAS
2056,A Nortje (SA),31,9,4,22,12,4.4,30,73.33,0,0,1,1,1,A Nortje,SA
2057,CR Richards (STHEL),12,8,2,22,10*,3.66,30,73.33,0,0,3,0,0,CR Richards,STHEL
2058,M Sarenac (SRB),28,10,4,22,10,3.66,46,47.82,0,0,1,1,0,M Sarenac,SRB
2059,L Shafeeg (MDV),17,6,3,22,10*,7.33,35,62.85,0,0,1,1,0,L Shafeeg,MDV
2060,Shahzeb Choudhry (SWE),5,4,1,22,11,7.33,32,68.75,0,0,1,2,0,Shahzeb Choudhry,SWE
2061,Virendra Kumar (ISR),4,4,2,22,8*,11,19,115.78,0,0,0,2,0,Virendra Kumar,ISR
2062,D Wotu (VAN),17,7,6,22,7*,22,18,122.22,0,0,0,2,0,D Wotu,VAN
2063,Abdul Hai Muhammad (BEL),3,3,0,21,21,7,14,150,0,0,2,2,2,Abdul Hai Muhammad,BEL
2064,G Cupido (SUI),5,4,1,21,11,7,32,65.62,0,0,2,1,1,G Cupido,SUI
2065,O Davidson (SCOT),4,3,2,21,20*,21,17,123.52,0,0,1,2,1,O Davidson,SCOT
2066,A Djorovic (SRB),5,2,0,21,15,10.5,37,56.75,0,0,0,3,0,A Djorovic,SRB
2067,Fayaz Mohammad (BUL),4,3,0,21,12,7,17,123.52,0,0,0,3,0,Fayaz Mohammad,BUL
2068,C Forshaw (GUE),14,4,2,21,12,10.5,26,80.76,0,0,0,0,1,C Forshaw,GUE
2069,J Grzinic (CRT),7,5,2,21,8*,7,49,42.85,0,0,2,1,0,J Grzinic,CRT
2070,E Hasahya (UGA),5,5,0,21,9,4.2,28,75,0,0,0,3,0,E Hasahya,UGA
2071,MO Kain (USA),5,4,0,21,18,5.25,24,87.5,0,0,2,1,0,MO Kain,USA
2072,MF Manjate (MOZ),11,6,0,21,12,3.5,45,46.66,0,0,3,3,0,MF Manjate,MOZ
2073,Mohammad Ghazanfar (HKG),24,10,4,21,7*,3.5,40,52.5,0,0,1,1,0,Mohammad Ghazanfar,HKG
2074,L Monanthane (LES),9,7,0,21,7,3,56,37.5,0,0,2,0,0,L Monanthane,LES
2075,Muhammad Usman (UAE),4,3,1,21,17,10.5,29,72.41,0,0,0,1,0,Muhammad Usman,UAE
2076,Nirmaljit Singh (CAM),9,6,3,21,7*,7,52,40.38,0,0,1,1,1,Nirmaljit Singh,CAM
2077,MMR Obili (EST),6,4,2,21,10*,10.5,22,95.45,0,0,1,1,0,MMR Obili,EST
2078,CB Ondoa (CAM),7,5,2,21,10,7,60,35,0,0,0,0,0,CB Ondoa,CAM
2079,R Pisal (ROM),10,3,0,21,12,7,24,87.5,0,0,0,3,0,R Pisal,ROM
2080,BV Sears (NZ),20,7,4,21,7*,7,25,84,0,0,1,2,0,BV Sears,NZ
2081,Shahid Mahmood (BHR),13,4,3,21,17,21,26,80.76,0,0,0,0,2,Shahid Mahmood,BHR
2082,SP Shalders (Chile),2,2,0,21,21,10.5,35,60,0,0,1,2,0,SP Shalders,Chile
2083,U Shantu (POR),8,3,1,21,13*,10.5,18,116.66,0,0,1,1,0,U Shantu,POR
2084,R Sheshadri (SGP),4,3,1,21,15*,10.5,22,95.45,0,0,0,1,1,R Sheshadri,SGP
2085,H Ssenyondo (UGA),70,14,8,21,5*,3.5,37,56.75,0,0,4,0,0,H Ssenyondo,UGA
2086,BK Stroud (STHEL),12,4,3,21,10*,21,55,38.18,0,0,0,1,0,BK Stroud,STHEL
2087,T Takada (JPN),3,3,1,21,12*,10.5,19,110.52,0,0,0,2,0,T Takada,JPN
2088,Vishil Patel (KENYA),21,8,5,21,10*,7,40,52.5,0,0,3,1,0,Vishil Patel,KENYA
2089,Z Abbasi (BOT),3,3,0,20,16,6.66,13,153.84,0,0,1,2,1,Z Abbasi,BOT
2090,JKC Ahir (PAN),3,2,0,20,13,10,50,40,0,0,0,1,0,JKC Ahir,PAN
2091,Atif Mehmood (ESP),18,3,2,20,10*,20,17,117.64,0,0,1,1,1,Atif Mehmood,ESP
2092,F Clarke (IOM),11,7,2,20,9*,4,38,52.63,0,0,3,0,2,F Clarke,IOM
2093,N Davidovic (CRT),3,3,0,20,16,6.66,11,181.81,0,0,1,1,2,N Davidovic,CRT
2094,Fakhrul Mohon (POR),4,3,2,20,12*,20,15,133.33,0,0,1,0,2,Fakhrul Mohon,POR
2095,FFJ Heo (INA),6,6,0,20,12,3.33,36,55.55,0,0,3,0,1,FFJ Heo,INA
2096,Ihsanullah (AFG),1,1,0,20,20,20,14,142.85,0,0,0,4,0,Ihsanullah,AFG
2097,N Krishna (SEY),12,7,3,20,10,5,40,50,0,0,2,2,0,N Krishna,SEY
2098,Manish Sharma (CAM),10,5,1,20,15,5,57,35.08,0,0,1,3,0,Manish Sharma,CAM
2099,OK Mohamed (CIV),5,5,0,20,10,4,59,33.89,0,0,1,2,0,OK Mohamed,CIV
2100,Patrick Nou (PNG),2,2,0,20,19,10,22,90.9,0,0,0,2,0,Patrick Nou,PNG
2101,S Santhirakumaran (Fran),3,3,0,20,11,6.66,36,55.55,0,0,0,0,0,S Santhirakumaran,Fran
2102,Sarfraz Rao (Falk),6,6,0,20,11,3.33,43,46.51,0,0,2,1,0,Sarfraz Rao,Falk
2103,A Shukla (CRT),5,5,0,20,9,4,39,51.28,0,0,1,1,1,A Shukla,CRT
2104,Z Shurentsetseg (MNG),12,11,4,20,13,2.85,67,29.85,0,0,4,0,1,Z Shurentsetseg,MNG
2105,PSRK Sudarshan (SGP),14,5,1,20,11,5,20,100,0,0,3,1,1,PSRK Sudarshan,SGP
2106,TG Thamae (LES),11,6,1,20,10,4,25,80,0,0,3,1,1,TG Thamae,LES
2107,S Tharanga (CYP),6,3,1,20,13,10,17,117.64,0,0,1,1,2,S Tharanga,CYP
2108,JDF Vandersay (SL),7,3,1,20,8,10,23,86.95,0,0,0,1,1,JDF Vandersay,SL
2109,UT Yadav (IND),2,1,1,20,20*,0,17,117.64,0,0,0,2,0,UT Yadav,IND
2110,CA Young (IRE),31,11,7,20,7*,5,33,60.6,0,0,1,1,0,CA Young,IRE
2111,PK Ananya (GHA),4,3,1,19,18*,9.5,19,100,0,0,1,1,1,PK Ananya,GHA
2112,S Barediya (SWZ),2,2,0,19,17,9.5,25,76,0,0,0,2,0,S Barediya,SWZ
2113,Brima Ansumana (SLE),4,2,0,19,12,9.5,30,63.33,0,0,0,0,0,Brima Ansumana,SLE
2114,BJ Currie (SCOT),22,6,4,19,8*,9.5,32,59.37,0,0,0,0,0,BJ Currie,SCOT
2115,Danish Jasnaik (BHR),9,5,1,19,11,4.75,26,73.07,0,0,0,1,0,Danish Jasnaik,BHR
2116,ST Doheny (IRE),3,3,0,19,15,6.33,21,90.47,0,0,0,2,0,ST Doheny,IRE
2117,J Figy (UAE),2,2,0,19,19,9.5,30,63.33,0,0,1,1,1,J Figy,UAE
2118,HL Harji (SEY),6,5,0,19,14,3.8,25,76,0,0,2,2,1,HL Harji,SEY
2119,P Hatchman (GIBR),4,4,0,19,11,4.75,30,63.33,0,0,0,1,0,P Hatchman,GIBR
2120,N Hirani (KENYA),3,1,0,19,19,19,11,172.72,0,0,0,3,0,N Hirani,KENYA
2121,Junaid Khan (POR),16,5,2,19,14*,6.33,11,172.72,0,0,3,2,1,Junaid Khan,POR
2122,Kasir Ahmed (HUN),1,1,0,19,19,19,21,90.47,0,0,0,0,0,Kasir Ahmed,HUN
2123,B Kgosiemang (BOT),20,7,6,19,6*,19,42,45.23,0,0,0,1,0,B Kgosiemang,BOT
2124,R Khanyapa (LES),5,3,1,19,14,9.5,21,90.47,0,0,0,1,1,R Khanyapa,LES
2125,KT Maphaka (SA),18,6,4,19,12*,9.5,24,79.16,0,0,2,2,0,KT Maphaka,SA
2126,KP Meiyappan (UAE),13,6,4,19,12,9.5,23,82.6,0,0,0,2,0,KP Meiyappan,UAE
2127,Mohammad Hasnain (PAK),10,5,5,19,8*,0,13,146.15,0,0,0,1,1,Mohammad Hasnain,PAK
2128,Muhammad Amin (SWZ),7,7,1,19,5,3.16,37,51.35,0,0,1,3,0,Muhammad Amin,SWZ
2129,Muhammad Farooq (UAE),14,2,1,19,18,19,15,126.66,0,0,0,1,1,Muhammad Farooq,UAE
2130,CN Onwuzulike (NGA),7,4,1,19,8,6.33,22,86.36,0,0,0,2,0,CN Onwuzulike,NGA
2131,M Pathirana (SL),28,11,5,19,6,3.16,37,51.35,0,0,4,1,0,M Pathirana,SL
2132,KMA Paul (WI),3,2,1,19,19*,19,23,82.6,0,0,1,2,0,KMA Paul,WI
2133,J Scheffer (Falk),6,6,0,19,12,3.16,50,38,0,0,3,1,0,J Scheffer,Falk
2134,RK Singh (Mex),4,4,0,19,13,4.75,41,46.34,0,0,1,2,0,RK Singh,Mex
2135,S Udhayan (SEY),5,2,0,19,19,9.5,18,105.55,0,0,1,0,1,S Udhayan,SEY
2136,Abdul Samad (JPN),13,4,4,18,11*,0,27,66.66,0,0,0,1,0,Abdul Samad,JPN
2137,Ahmad Khalid Ahmadzai (BEL),6,5,1,18,13,4.5,19,94.73,0,0,1,0,2,Ahmad Khalid Ahmadzai,BEL
2138,KS Airee (NEP),8,3,0,18,13,6,18,100,0,0,0,1,1,KS Airee,NEP
2139,Ateeq Iqbal (HKG),40,12,10,18,5*,9,25,72,0,0,1,1,0,Ateeq Iqbal,HKG
2140,Atif-Ur-Rehman (KSA),19,7,5,18,6*,9,21,85.71,0,0,1,0,0,Atif-Ur-Rehman,KSA
2141,Aung Ko Ko (MYAN),13,8,3,18,10,3.6,40,45,0,0,2,1,0,Aung Ko Ko,MYAN
2142,T Brown (BHM),4,4,0,18,8,4.5,57,31.57,0,0,1,0,0,T Brown,BHM
2143,R Galgalikar (Mex),2,2,0,18,18,9,20,90,0,0,1,1,0,R Galgalikar,Mex
2144,JP Greaves (WI),2,2,0,18,12,9,20,90,0,0,0,0,0,JP Greaves,WI
2145,Abduljabar Jabarkhail (BEL),6,2,0,18,18,9,12,150,0,0,1,3,0,Abduljabar Jabarkhail,BEL
2146,V Jatinder Kumar (GER),6,4,0,18,13,4.5,21,85.71,0,0,1,3,0,V Jatinder Kumar,GER
2147,J Kariko (PNG),22,8,5,18,9*,6,30,60,0,0,1,1,1,J Kariko,PNG
2148,SSB Magala (SA),2,1,1,18,18*,0,5,360,0,0,0,1,2,SSB Magala,SA
2149,M Mariyappan (SEY),3,3,0,18,16,6,28,64.28,0,0,1,1,0,M Mariyappan,SEY
2150,D Mendonca (TLS),8,8,0,18,9,2.25,89,20.22,0,0,5,1,0,D Mendonca,TLS
2151,Rakibul Hasan (BAN),3,2,1,18,14,18,7,257.14,0,0,0,3,1,Rakibul Hasan,BAN
2152,C Rumistrzewicz (ESP),27,6,5,18,8*,18,28,64.28,0,0,0,0,0,C Rumistrzewicz,ESP
2153,K Shivam (CRC),8,5,0,18,7,3.6,74,24.32,0,0,1,0,0,K Shivam,CRC
2154,JL Tutty (COK),8,4,1,18,9,6,29,62.06,0,0,1,1,0,JL Tutty,COK
2155,Vimal Kumar (PHI),2,2,1,18,15*,18,36,50,0,0,0,0,0,Vimal Kumar,PHI
2156,D Young (STHEL),5,4,0,18,13,4.5,21,85.71,0,0,1,2,1,D Young,STHEL
2157,Adil Khan (GER),4,2,0,17,17,8.5,23,73.91,0,0,1,0,2,Adil Khan,GER
2158,Ahmed Daniyal (PAK),2,1,0,17,17,17,11,154.54,0,0,0,3,0,Ahmed Daniyal,PAK
2159,Khan Arbaaz (LES),2,2,0,17,17,8.5,23,73.91,0,0,1,2,0,Khan Arbaaz,LES
2160,Areeb Quadir (FIN),3,3,0,17,14,5.66,21,80.95,0,0,0,0,0,Areeb Quadir,FIN
2161,P Bosnjak (CRT),12,8,0,17,7,2.12,32,53.12,0,0,4,3,0,P Bosnjak,CRT
2162,G Bruno (),2,2,0,17,9,8.5,9,188.88,0,0,0,4,0,G Bruno,
2163,H Dandapani (FIN),1,1,0,17,17,17,19,89.47,0,0,0,2,0,H Dandapani,FIN
2164,P Deol (CYP),3,3,0,17,8,5.66,30,56.66,0,0,0,1,0,P Deol,CYP
2165,P Desungnoen (THA),4,3,0,17,14,5.66,24,70.83,0,0,1,1,0,P Desungnoen,THA
2166,Dharmang Patel (QAT),5,1,0,17,17,17,28,60.71,0,0,0,1,0,Dharmang Patel,QAT
2167,R Dhiman (BUL),4,3,1,17,9*,8.5,17,100,0,0,0,1,0,R Dhiman,BUL
2168,Fazalhaq Farooqi (AFG),53,16,12,17,4*,4.25,37,45.94,0,0,3,1,0,Fazalhaq Farooqi,AFG
2169,LH Ferguson (NZ),36,14,7,17,5*,2.42,29,58.62,0,0,4,0,0,LH Ferguson,NZ
2170,A Gasteratos (GRC),6,5,1,17,8*,4.25,39,43.58,0,0,1,0,0,A Gasteratos,GRC
2171,Gurpreet Singh (ITA),3,2,0,17,15,8.5,14,121.42,0,0,0,0,1,Gurpreet Singh,ITA
2172,Irfan Safi (AUT),3,2,1,17,17*,17,10,170,0,0,1,0,2,Irfan Safi,AUT
2173,AA Jimoh (NGA),6,4,1,17,7*,5.66,24,70.83,0,0,0,1,0,AA Jimoh,NGA
2174,Jobayer Hossen (SEY),4,3,1,17,10,8.5,23,73.91,0,0,0,2,0,Jobayer Hossen,SEY
2175,E Kuyumcu (TKY),3,3,0,17,10,5.66,47,36.17,0,0,1,1,0,E Kuyumcu,TKY
2176,D Mauro (Arg),4,3,3,17,12*,0,24,70.83,0,0,0,0,0,D Mauro,Arg
2177,MD Shoyaib (EST),2,1,0,17,17,17,15,113.33,0,0,0,0,0,MD Shoyaib,EST
2178,Niyas Pullariyil (MLT),2,2,2,17,15*,0,18,94.44,0,0,0,0,1,Niyas Pullariyil,MLT
2179,P Suman Bhai Ahir (PAN),6,5,0,17,10,3.4,27,62.96,0,0,2,2,0,P Suman Bhai Ahir,PAN
2180,B Pita (Samoa),1,1,0,17,17,17,9,188.88,0,0,0,2,0,B Pita,Samoa
2181,D Ravu (PNG),7,5,2,17,5*,5.66,22,77.27,0,0,0,3,0,D Ravu,PNG
2182,Mofassar Saeed (NOR),1,1,0,17,17,17,19,89.47,0,0,0,2,0,Mofassar Saeed,NOR
2183,CB Sole (SCOT),10,6,3,17,6,5.66,23,73.91,0,0,1,1,0,CB Sole,SCOT
2184,D St Ange (),4,3,0,17,13,5.66,25,68,0,0,1,0,0,D St Ange,
2185,EG Taylor (Chile),2,2,0,17,14,8.5,52,32.69,0,0,0,1,0,EG Taylor,Chile
2186,M Thurgate (JPN),2,1,0,17,17,17,11,154.54,0,0,0,2,1,M Thurgate,JPN
2187,K Vislapuu (EST),19,7,4,17,12*,5.66,18,94.44,0,0,1,3,0,K Vislapuu,EST
2188,KY Wilfried (CIV),5,5,0,17,9,3.4,78,21.79,0,0,2,1,0,KY Wilfried,CIV
2189,OR Willis (CAY),5,4,0,17,9,4.25,47,36.17,0,0,1,0,0,OR Willis,CAY
2190,E Yaver (TKY),4,3,0,17,17,5.66,20,85,0,0,2,2,0,E Yaver,TKY
2191,P Yevugah (GHA),6,5,0,17,6,3.4,29,58.62,0,0,1,1,0,P Yevugah,GHA
2192,Ali Abbas (KSA),3,3,0,16,12,5.33,30,53.33,0,0,1,2,0,Ali Abbas,KSA
2193,Ali Hussain (ROM),10,4,1,16,9,5.33,18,88.88,0,0,2,2,0,Ali Hussain,ROM
2194,Anique Uddin (DEN),2,1,0,16,16,16,18,88.88,0,0,0,0,0,Anique Uddin,DEN
2195,J Butler (IOM),10,5,2,16,8*,5.33,28,57.14,0,0,0,0,0,J Butler,IOM
2196,J Clough (IOM),3,3,0,16,9,5.33,29,55.17,0,0,0,0,0,J Clough,IOM
2197,L Croospulle (SL),1,1,0,16,16,16,12,133.33,0,0,0,2,1,L Croospulle,SL
2198,S Delai (Fiji),1,1,0,16,16,16,29,55.17,0,0,0,3,0,S Delai,Fiji
2199,B Dugic (SRB),16,6,2,16,8*,4,36,44.44,0,0,1,0,0,B Dugic,SRB
2200,P Gheewala (EST),15,5,1,16,7*,4,21,76.19,0,0,1,0,1,P Gheewala,EST
2201,Hasan Yanar (TKY),4,4,3,16,7*,16,29,55.17,0,0,0,1,0,Hasan Yanar,TKY
2202,Huzaif Yousuf (BUL),6,2,2,16,9*,0,16,100,0,0,0,2,0,Huzaif Yousuf,BUL
2203,Y Konate (Mali),5,5,0,16,11,3.2,41,39.02,0,0,2,2,0,Y Konate,Mali
2204,DB Lakhani (SWE),1,1,0,16,16,16,12,133.33,0,0,0,2,0,DB Lakhani,SWE
2205,TSS Mackintosh (SCOT),2,1,0,16,16,16,14,114.28,0,0,0,1,0,TSS Mackintosh,SCOT
2206,B Mahesh (CYP),6,4,1,16,8,5.33,10,160,0,0,0,0,2,B Mahesh,CYP
2207,L McCarthy (IRE),1,1,1,16,16*,0,15,106.66,0,0,0,1,1,L McCarthy,IRE
2208,SJ Modani (USA),3,2,1,16,11*,16,13,123.07,0,0,0,1,0,SJ Modani,USA
2209,Mohamed Turay (SLE),10,7,4,16,9*,5.33,22,72.72,0,0,1,1,0,Mohamed Turay,SLE
2210,Muhammad Ajmal (MLT),4,3,0,16,11,5.33,21,76.19,0,0,1,1,1,Muhammad Ajmal,MLT
2211,Muhammad Safdar (BHR),3,2,2,16,8*,0,12,133.33,0,0,0,2,0,Muhammad Safdar,BHR
2212,GM Mwendwa (KENYA),28,5,4,16,6*,16,25,64,0,0,0,1,0,GM Mwendwa,KENYA
2213,N Naranbaatar (MNG),13,12,1,16,5,1.45,92,17.39,0,0,5,1,0,N Naranbaatar,MNG
2214,SN Netravalkar (USA),29,6,2,16,8*,4,24,66.66,0,0,2,1,0,SN Netravalkar,USA
2215,A Otwani (UGA),3,3,0,16,16,5.33,14,114.28,0,0,2,2,1,A Otwani,UGA
2216,AA Paradkar (USA),4,2,1,16,10*,16,13,123.07,0,0,0,2,0,AA Paradkar,USA
2217,ASH Parsons (SKOR),4,4,0,16,6,4,44,36.36,0,0,0,0,0,ASH Parsons,SKOR
2218,T Ritawa (COK),11,5,1,16,8,4,28,57.14,0,0,0,1,0,T Ritawa,COK
2219,Rizwan Zahoor (SVN),2,2,2,16,15*,0,19,84.21,0,0,0,2,0,Rizwan Zahoor,SVN
2220,BA Sambo (MOZ),4,2,2,16,9*,0,19,84.21,0,0,0,2,0,BA Sambo,MOZ
2221,Shafiullah Zakhel (BEL),5,3,2,16,9*,16,9,177.77,0,0,1,2,0,Shafiullah Zakhel,BEL
2222,Shahnawaz Dahani (PAK),9,1,0,16,16,16,6,266.66,0,0,0,0,2,Shahnawaz Dahani,PAK
2223,L Smith (Fran),3,3,0,16,11,5.33,22,72.72,0,0,0,2,0,L Smith,Fran
2224,R Thapliyal (BEL),8,4,3,16,7*,16,24,66.66,0,0,1,1,0,R Thapliyal,BEL
2225,RJW Topley (ENG),29,9,7,16,9,8,18,88.88,0,0,1,1,0,RJW Topley,ENG
2226,P Vailoa (COK),2,2,1,16,9,16,10,160,0,0,0,1,1,P Vailoa,COK
2227,MA Wood (ENG),19,4,2,16,10*,8,15,106.66,0,0,1,1,0,MA Wood,ENG
2228,Zeeshan Haider (QAT),4,1,0,16,16,16,11,145.45,0,0,0,1,1,Zeeshan Haider,QAT
2229,Abdullah Mahmood (DEN),14,7,2,15,6,3,22,68.18,0,0,1,0,0,Abdullah Mahmood,DEN
2230,Ali Khan (USA),16,3,2,15,14*,15,9,166.66,0,0,1,1,1,Ali Khan,USA
2231,P Campbell (GMB),5,5,2,15,10,5,32,46.87,0,0,2,1,0,P Campbell,GMB
2232,JJ Chicuele (MOZ),4,3,2,15,8*,15,20,75,0,0,0,2,0,JJ Chicuele,MOZ
2233,J Dickinson (SCOT),1,1,0,15,15,15,14,107.14,0,0,0,1,0,J Dickinson,SCOT
2234,E Kuchey (FIN),6,4,2,15,14*,7.5,26,57.69,0,0,1,0,1,E Kuchey,FIN
2235,L Fereti (Samoa),3,3,1,15,14*,7.5,18,83.33,0,0,1,3,0,L Fereti,Samoa
2236,B Fernando (SL),19,6,3,15,6,5,23,65.21,0,0,1,1,0,B Fernando,SL
2237,M Gill (CAN),1,1,0,15,15,15,20,75,0,0,0,0,0,M Gill,CAN
2238,Hamed Khan (HKG),2,2,1,15,10,15,24,62.5,0,0,0,0,0,Hamed Khan,HKG
2239,V Hampihallikar (SGP),6,3,0,15,6,5,41,36.58,0,0,0,1,0,V Hampihallikar,SGP
2240,Imran Khan (BHR),56,14,5,15,3*,1.66,28,53.57,0,0,4,0,0,Imran Khan,BHR
2241,V Jagannivasan (CZK-R),4,3,1,15,12,7.5,28,53.57,0,0,1,1,0,V Jagannivasan,CZK-R
2242,Karma Dorji (BHU),16,8,5,15,6,5,11,136.36,0,0,2,3,0,Karma Dorji,BHU
2243,P Kumbhare (JPN),20,9,4,15,5*,3,27,55.55,0,0,3,0,0,P Kumbhare,JPN
2244,RTM Mendis (SL),2,2,0,15,12,7.5,16,93.75,0,0,0,0,1,RTM Mendis,SL
2245,A Mongar (BHU),7,4,2,15,8*,7.5,32,46.87,0,0,0,0,0,A Mongar,BHU
2246,Murat Yilmaz (TKY),7,5,1,15,6,3.75,31,48.38,0,0,1,1,0,Murat Yilmaz,TKY
2247,B Namsrai (MNG),13,12,1,15,5,1.36,75,20,0,0,6,2,0,B Namsrai,MNG
2248,D Nath (NEP),4,3,1,15,15*,7.5,11,136.36,0,0,2,3,0,D Nath,NEP
2249,S Natsagdorj (MNG),4,4,0,15,11,3.75,59,25.42,0,0,0,0,0,S Natsagdorj,MNG
2250,Nazmus Sakib (MAS),4,4,2,15,8,7.5,18,83.33,0,0,0,0,1,Nazmus Sakib,MAS
2251,Parveen Kumar (FIN),7,5,1,15,11,3.75,35,42.85,0,0,2,1,1,Parveen Kumar,FIN
2252,Ramandeep Singh (IND),2,1,0,15,15,15,6,250,0,0,0,1,1,Ramandeep Singh,IND
2253,Riaz Afridi (CZK-R),4,3,0,15,11,5,16,93.75,0,0,0,1,1,Riaz Afridi,CZK-R
2254,D Samarawickrama (ITA),3,3,0,15,13,5,27,55.55,0,0,0,0,0,D Samarawickrama,ITA
2255,RHO Saunders (NOR),2,2,0,15,14,7.5,23,65.21,0,0,0,2,0,RHO Saunders,NOR
2256,S Smith (BER),27,8,2,15,6,2.5,36,41.66,0,0,1,0,0,S Smith,BER
2257,H Srinivasan (GER),1,1,0,15,15,15,12,125,0,0,0,1,0,H Srinivasan,GER
2258,MA Starc (AUS),17,5,3,15,6*,7.5,21,71.42,0,0,0,0,0,MA Starc,AUS
2259,TV Valivarthi (HUN),5,3,1,15,10,7.5,27,55.55,0,0,0,0,1,TV Valivarthi,HUN
2260,S Vesawkar (NEP),3,3,2,15,10*,15,15,100,0,0,0,1,0,S Vesawkar,NEP
2261,BTJ Wheal (SCOT),12,3,1,15,8*,7.5,15,100,0,0,0,1,0,BTJ Wheal,SCOT
2262,OEG Baartman (SA),17,5,1,14,12,3.5,29,48.27,0,0,1,1,0,OEG Baartman,SA
2263,LS Barkania (TAN),16,4,3,14,9*,14,25,56,0,0,0,0,0,LS Barkania,TAN
2264,S Bevin (CRT),3,3,1,14,14,7,15,93.33,0,0,1,1,1,S Bevin,CRT
2265,P Cabebula (Fiji),10,8,2,14,6*,2.33,19,73.68,0,0,4,1,0,P Cabebula,Fiji
2266,A Chaubey (CRT),4,4,0,14,7,3.5,21,66.66,0,0,1,0,2,A Chaubey,CRT
2267,BM Dlamini (SWZ),6,5,0,14,10,2.8,26,53.84,0,0,3,3,0,BM Dlamini,SWZ
2268,TA Dudnath (Sur),2,1,0,14,14,14,19,73.68,0,0,0,0,1,TA Dudnath,Sur
2269,A Kalasi (THA),12,6,4,14,8*,7,16,87.5,0,0,2,0,1,A Kalasi,THA
2270,A Khan (DEN),3,2,0,14,13,7,12,116.66,0,0,0,1,0,A Khan,DEN
2271,FJ Klaassen (NED),17,7,2,14,7*,2.8,19,73.68,0,0,3,0,0,FJ Klaassen,NED
2272,T Lungameni (NAM),32,4,3,14,12*,14,9,155.55,0,0,1,3,0,T Lungameni,NAM
2273,DE Martel (GUE),6,3,1,14,10,7,23,60.86,0,0,0,0,0,DE Martel,GUE
2274,B Mavuta (ZIM),8,5,3,14,8*,7,19,73.68,0,0,0,0,0,B Mavuta,ZIM
2275,A Mehmood (HKG),5,1,1,14,14*,0,4,350,0,0,0,1,1,A Mehmood,HKG
2276,Mohammad Waheed (HKG),4,3,2,14,7,14,16,87.5,0,0,0,2,0,Mohammad Waheed,HKG
2277,Mohammed Siraj (IND),13,4,2,14,7*,7,16,87.5,0,0,1,1,0,Mohammed Siraj,IND
2278,Muzahir Raza (OMA),6,5,5,14,8*,0,8,175,0,0,0,2,0,Muzahir Raza,OMA
2279,OE Newey (GUE),3,1,0,14,14,14,13,107.69,0,0,0,1,0,OE Newey,GUE
2280,K Pierre (WI),6,3,0,14,11,4.66,15,93.33,0,0,1,1,1,K Pierre,WI
2281,CM Rocca (GIBR),2,1,0,14,14,14,19,73.68,0,0,0,2,0,CM Rocca,GIBR
2282,AJA Samuels (COK),6,2,2,14,11*,0,29,48.27,0,0,0,0,0,AJA Samuels,COK
2283,T Sandaruwan (ROM),4,4,1,14,10*,4.66,14,100,0,0,2,0,1,T Sandaruwan,ROM
2284,Sazzad Hosen (BEL),2,2,0,14,9,7,15,93.33,0,0,0,2,0,Sazzad Hosen,BEL
2285,J Shaju (MLT),20,9,4,14,4*,2.8,37,37.83,0,0,1,0,0,J Shaju,MLT
2286,Shunan Ali (MDV),10,2,2,14,11*,0,27,51.85,0,0,0,0,0,Shunan Ali,MDV
2287,TE Sumiya (MNG),6,5,3,14,9*,7,40,35,0,0,1,1,0,TE Sumiya,MNG
2288,Syed Aqeel Israr (GHA),10,7,4,14,10*,4.66,28,50,0,0,2,0,1,Syed Aqeel Israr,GHA
2289,Tarun Yadav (BUL),3,2,0,14,8,7,11,127.27,0,0,0,1,1,Tarun Yadav,BUL
2290,H Upadhyay (MNG),5,5,0,14,8,2.8,35,40,0,0,1,0,0,H Upadhyay,MNG
2291,Vraj Patel (KENYA),56,8,5,14,4*,4.66,23,60.86,0,0,1,0,0,Vraj Patel,KENYA
2292,C Wickramasinghe (SL),3,3,3,14,6*,0,11,127.27,0,0,0,2,0,C Wickramasinghe,SL
2293,Zahid Khan (SLE),6,4,0,14,6,3.5,29,48.27,0,0,0,1,0,Zahid Khan,SLE
2294,Zaki Ul Hassan (BEL),11,5,4,14,11*,14,14,100,0,0,1,1,0,Zaki Ul Hassan,BEL
2295,Adnan Razzaq (BEL),10,3,3,13,7*,0,7,185.71,0,0,0,1,1,Adnan Razzaq,BEL
2296,Ali Muaaz (GRC),4,4,0,13,10,3.25,27,48.14,0,0,1,1,0,Ali Muaaz,GRC
2297,Anwar Rahman (MAS),7,3,1,13,12,6.5,11,118.18,0,0,1,2,0,Anwar Rahman,MAS
2298,RD Atangana (CAM),14,10,4,13,4,2.16,46,28.26,0,0,2,0,0,RD Atangana,CAM
2299,R Avery (BRA),8,6,1,13,11,2.6,26,50,0,0,3,1,0,R Avery,BRA
2300,A Awasthi (CRT),8,6,2,13,4,3.25,53,24.52,0,0,0,0,0,A Awasthi,CRT
2301,KMA Aziz (CIV),5,5,0,13,10,2.6,46,28.26,0,0,3,2,0,KMA Aziz,CIV
2302,Aziz Sualley (GHA),10,7,3,13,4*,3.25,22,59.09,0,0,1,1,0,Aziz Sualley,GHA
2303,KNA Bandara (SL),2,1,0,13,13,13,9,144.44,0,0,0,0,2,KNA Bandara,SL
2304,W Barresi (NED),4,3,1,13,8,6.5,11,118.18,0,0,1,2,0,W Barresi,NED
2305,KA Bazil (CAY),14,7,3,13,7,3.25,20,65,0,0,0,0,1,KA Bazil,CAY
2306,D Birrell (JER),12,3,1,13,6*,6.5,14,92.85,0,0,0,0,0,D Birrell,JER
2307,A Bushell (GUE),5,2,0,13,8,6.5,22,59.09,0,0,0,1,0,A Bushell,GUE
2308,Y Divekar (ISR),3,3,1,13,11,6.5,18,72.22,0,0,1,0,1,Y Divekar,ISR
2309,MNK Fernando (SL),3,3,0,13,7,4.33,20,65,0,0,0,1,0,MNK Fernando,SL
2310,AL Leutogi (Samoa),2,1,1,13,13*,0,6,216.66,0,0,0,0,1,AL Leutogi,Samoa
2311,Ilyas Ahmed (KUW),12,4,4,13,4*,0,11,118.18,0,0,0,1,0,Ilyas Ahmed,KUW
2312,Ilyas Cetin (TKY),4,2,0,13,7,6.5,15,86.66,0,0,0,1,1,Ilyas Cetin,TKY
2313,KR Jha (AUT),6,4,0,13,7,3.25,33,39.39,0,0,1,0,0,KR Jha,AUT
2314,SKR Mallidi (SWE),3,2,0,13,12,6.5,20,65,0,0,0,0,1,SKR Mallidi,SWE
2315,CM McBride (SCOT),3,2,0,13,13,6.5,9,144.44,0,0,1,2,0,CM McBride,SCOT
2316,Merwais Shinwari (SVN),6,4,2,13,12,6.5,22,59.09,0,0,1,0,1,Merwais Shinwari,SVN
2317,M Montgomery (GER),1,1,0,13,13,13,19,68.42,0,0,0,1,0,M Montgomery,GER
2318,D Mullen (GUE),10,3,2,13,9*,13,14,92.85,0,0,0,0,0,D Mullen,GUE
2319,CT Mumba (ZIM),7,2,0,13,8,6.5,21,61.9,0,0,0,1,0,CT Mumba,ZIM
2320,Niaz Ali (HKG),5,3,0,13,12,4.33,15,86.66,0,0,1,1,1,Niaz Ali,HKG
2321,Noah Mead (Samoa),12,4,1,13,7*,4.33,20,65,0,0,1,1,0,Noah Mead,Samoa
2322,J Paveley (Falk),3,3,0,13,6,4.33,34,38.23,0,0,0,1,0,J Paveley,Falk
2323,P Pirabakaran (Fran),3,1,0,13,13,13,13,100,0,0,0,2,0,P Pirabakaran,Fran
2324,Rahman Ademi (SRB),7,4,1,13,11*,4.33,50,26,0,0,1,0,0,Rahman Ademi,SRB
2325,AG Roe (Chile),2,2,0,13,13,6.5,37,35.13,0,0,1,2,0,AG Roe,Chile
2326,Sajid Khan (CRT),8,6,2,13,5,3.25,35,37.14,0,0,2,0,0,Sajid Khan,CRT
2327,Shakeel Zeb (DEN),3,1,0,13,13,13,10,130,0,0,0,2,0,Shakeel Zeb,DEN
2328,T Shanmugam (SEY),6,2,1,13,8*,13,13,100,0,0,0,0,0,T Shanmugam,SEY
2329,AL Stephen (VAN),14,7,1,13,7,2.16,36,36.11,0,0,3,0,0,AL Stephen,VAN
2330,CAH Stevenson (USA),4,3,0,13,8,4.33,19,68.42,0,0,1,0,0,CAH Stevenson,USA
2331,S Sugaya-Slater (JPN),10,4,2,13,9*,6.5,21,61.9,0,0,1,1,0,S Sugaya-Slater,JPN
2332,Syed Naqvi (ITA),5,5,0,13,6,2.6,26,50,0,0,1,0,0,Syed Naqvi,ITA
2333,V Viyaskanth (SL),2,2,2,13,13*,0,21,61.9,0,0,0,1,0,V Viyaskanth,SL
2334,A Wright (CAY),21,9,4,13,6,2.6,34,38.23,0,0,3,0,0,A Wright,CAY
2335,Abhilash Patil (Mex),1,1,0,12,12,12,28,42.85,0,0,0,0,0,Abhilash Patil,Mex
2336,Abul Farhad (CZK-R),13,5,2,12,6*,4,25,48,0,0,1,1,0,Abul Farhad,CZK-R
2337,MA Algi (MOZ),5,3,1,12,10,6,14,85.71,0,0,0,2,0,MA Algi,MOZ
2338,Amir Butt (Mex),2,1,0,12,12,12,6,200,0,0,0,1,1,Amir Butt,Mex
2339,A Bhargava (SGP),5,3,1,12,5,6,9,133.33,0,0,0,2,0,A Bhargava,SGP
2340,A Carthew (Chile),2,2,1,12,6*,12,22,54.54,0,0,0,0,0,A Carthew,Chile
2341,Dayal Joy (SVN),3,3,0,12,9,4,13,92.3,0,0,0,0,1,Dayal Joy,SVN
2342,V Dwivedi (EST),2,2,1,12,7,12,18,66.66,0,0,0,1,0,V Dwivedi,EST
2343,Elias Tilman (TLS),8,8,3,12,8,2.4,59,20.33,0,0,4,0,0,Elias Tilman,TLS
2344,Farmanullah (AFG),1,1,0,12,12,12,10,120,0,0,0,0,1,Farmanullah,AFG
2345,M Grzinic (CRT),3,3,0,12,6,4,19,63.15,0,0,0,0,0,M Grzinic,CRT
2346,Haroon Shahid (KUW),2,2,1,12,7,12,6,200,0,0,0,0,1,Haroon Shahid,KUW
2347,MJ Humphreys (IRE),18,6,2,12,7,3,16,75,0,0,1,1,0,MJ Humphreys,IRE
2348,S Iturbe (Arg),12,4,2,12,9*,6,21,57.14,0,0,0,0,0,S Iturbe,Arg
2349,Jason Lui (HKG),1,1,1,12,12*,0,16,75,0,0,0,2,0,Jason Lui,HKG
2350,JMV Junior (Fiji),2,2,1,12,9,12,13,92.3,0,0,0,0,1,JMV Junior,Fiji
2351,DC Jurel (IND),4,3,0,12,6,4,23,52.17,0,0,0,1,0,DC Jurel,IND
2352,Lee Kangmin (SKOR),6,4,2,12,9*,6,21,57.14,0,0,1,1,0,Lee Kangmin,SKOR
2353,GT Main (SCOT),11,3,2,12,12*,12,17,70.58,0,0,1,2,0,GT Main,SCOT
2354,MCE Manalo (PHI),1,1,0,12,12,12,14,85.71,0,0,0,0,0,MCE Manalo,PHI
2355,G Mangau (VAN),3,2,2,12,9*,0,10,120,0,0,0,2,0,G Mangau,VAN
2356,AB Mengoumou (CAM),7,5,1,12,7,3,38,31.57,0,0,2,0,0,AB Mengoumou,CAM
2357,LG Moras (BRA),6,5,0,12,5,2.4,31,38.7,0,0,0,0,0,LG Moras,BRA
2358,A Mucyodusenge (RWN),4,4,0,12,9,3,34,35.29,0,0,1,1,0,A Mucyodusenge,RWN
2359,WP Myburgh (NAM),3,2,0,12,8,6,18,66.66,0,0,0,0,0,WP Myburgh,NAM
2360,Nouman Butt (NOR),2,2,0,12,7,6,15,80,0,0,0,2,0,Nouman Butt,NOR
2361,Rasheed Rassam (MDV),3,1,1,12,12*,0,29,41.37,0,0,0,1,0,Rasheed Rassam,MDV
2362,J Reb (SRB),2,2,0,12,7,6,23,52.17,0,0,0,1,0,J Reb,SRB
2363,SR Rocket (SEY),9,5,1,12,4,3,31,38.7,0,0,1,1,0,SR Rocket,SEY
2364,Saif-Ul Islam (NOR),2,2,0,12,6,6,26,46.15,0,0,0,1,0,Saif-Ul Islam,NOR
2365,Sanjay Kumar Ahir (PAN),7,5,3,12,4*,6,20,60,0,0,1,0,0,Sanjay Kumar Ahir,PAN
2366,S Sengupta (CZK-R),5,2,1,12,7*,12,13,92.3,0,0,0,1,0,S Sengupta,CZK-R
2367,Tanvir Islam (BAN),6,3,2,12,8,12,16,75,0,0,0,1,0,Tanvir Islam,BAN
2368,Tarun Sharma (Mex),2,2,1,12,11,12,13,92.3,0,0,0,1,0,Tarun Sharma,Mex
2369,S Toutai (Samoa),3,3,0,12,9,4,15,80,0,0,0,1,0,S Toutai,Samoa
2370,VL Mukesh (SEY),3,2,0,12,9,6,10,120,0,0,0,2,0,VL Mukesh,SEY
2371,S Vasilakis (GRC),4,4,2,12,7*,6,20,60,0,0,1,1,0,S Vasilakis,GRC
2372,Wafiullah Tarakhil (AFG),2,2,0,12,11,6,17,70.58,0,0,0,0,1,Wafiullah Tarakhil,AFG
2373,Zahid Zadran (GER),8,4,1,12,4*,4,17,70.58,0,0,0,0,0,Zahid Zadran,GER
2374,Zou Kui (CHN),7,5,1,12,10,3,29,41.37,0,0,3,0,0,Zou Kui,CHN
2375,Zubaid Akbari (AFG),4,4,0,12,5,3,17,70.58,0,0,0,2,0,Zubaid Akbari,AFG
2376,AG Achar (SGP),8,4,2,11,5*,5.5,16,68.75,0,0,0,1,0,AG Achar,SGP
2377,Ahmed Khan (HUN),3,2,1,11,10*,11,9,122.22,0,0,0,2,0,Ahmed Khan,HUN
2378,C Alexander (Falk),6,6,0,11,5,1.83,46,23.91,0,0,3,1,0,C Alexander,Falk
2379,Asif Shaikh (BHR),17,5,3,11,9,5.5,13,84.61,0,0,1,0,1,Asif Shaikh,BHR
2380,Assad Borham (QAT),7,3,1,11,8*,5.5,19,57.89,0,0,0,1,0,Assad Borham,QAT
2381,L Berthe (Mali),10,9,3,11,7,1.83,25,44,0,0,4,1,0,L Berthe,Mali
2382,J Buchanan (CAY),5,3,1,11,10,5.5,16,68.75,0,0,0,0,0,J Buchanan,CAY
2383,A Daxini (CRT),4,3,0,11,5,3.66,22,50,0,0,0,1,0,A Daxini,CRT
2384,J Dowling (BUL),8,4,2,11,5*,5.5,19,57.89,0,0,0,0,0,J Dowling,BUL
2385,TJ Draca (ITA),11,3,1,11,5,5.5,14,78.57,0,0,0,1,0,TJ Draca,ITA
2386,AM Fernando (SL),7,3,3,11,10*,0,5,220,0,0,0,2,0,AM Fernando,SL
2387,GI Gokoel (Sur),5,3,2,11,9,11,27,40.74,0,0,0,1,0,GI Gokoel,Sur
2388,YYM Jakda (LES),7,5,0,11,10,2.2,10,110,0,0,3,0,1,YYM Jakda,LES
2389,Y Jasti (Mex),8,4,0,11,7,2.75,25,44,0,0,1,0,0,Y Jasti,Mex
2390,J Lassayo (SLE),10,6,2,11,5,2.75,18,61.11,0,0,3,0,0,J Lassayo,SLE
2391,Mabsar Abdulla (MDV),2,1,0,11,11,11,21,52.38,0,0,0,0,0,Mabsar Abdulla,MDV
2392,A Manousis (GRC),4,4,0,11,11,2.75,12,91.66,0,0,3,1,1,A Manousis,GRC
2393,J Marples (GIBR),11,4,2,11,5,5.5,17,64.7,0,0,0,0,0,J Marples,GIBR
2394,Mazhar Khan (SVN),5,4,1,11,7,3.66,28,39.28,0,0,1,1,0,Mazhar Khan,SVN
2395,FC Muniz (BRA),6,5,3,11,8*,5.5,33,33.33,0,0,1,0,0,FC Muniz,BRA
2396,K Namchaikul (THA),18,8,4,11,5*,2.75,26,42.3,0,0,2,0,0,K Namchaikul,THA
2397,Nawaf Ahmed (KUW),5,4,2,11,10*,5.5,12,91.66,0,0,1,1,1,Nawaf Ahmed,KUW
2398,A Nimaga (Mali),3,3,1,11,7,5.5,13,84.61,0,0,0,1,0,A Nimaga,Mali
2399,JJ Nyambo (TAN),13,6,2,11,4,2.75,29,37.93,0,0,1,0,0,JJ Nyambo,TAN
2400,CG Osborne (CRT),2,2,1,11,8*,11,25,44,0,0,0,0,0,CG Osborne,CRT
2401,Owais Ahmed (QAT),18,4,3,11,10*,11,12,91.66,0,0,1,2,0,Owais Ahmed,QAT
2402,RJG Palmer (JER),6,3,3,11,5*,0,23,47.82,0,0,0,0,0,RJG Palmer,JER
2403,RT Rubbi (INA),2,2,0,11,9,5.5,28,39.28,0,0,0,0,0,RT Rubbi,INA
2404,Sohel Ebrahim Desai (PAN),5,5,1,11,5*,2.75,18,61.11,0,0,2,0,0,Sohel Ebrahim Desai,PAN
2405,J Sebanja (UGA),7,4,1,11,8,3.66,15,73.33,0,0,0,1,0,J Sebanja,UGA
2406,KK Sharma (SVN),4,3,2,11,8*,11,20,55,0,0,0,0,0,KK Sharma,SVN
2407,C Stephenson (Blz),5,4,0,11,8,2.75,24,45.83,0,0,1,1,0,C Stephenson,Blz
2408,BDH Stevens (JER),3,3,0,11,6,3.66,20,55,0,0,0,0,0,BDH Stevens,JER
2409,Syed Tameem (QAT),1,1,0,11,11,11,22,50,0,0,0,0,0,Syed Tameem,QAT
2410,RA Tappin (BHM),4,4,0,11,6,2.75,47,23.4,0,0,1,0,0,RA Tappin,BHM
2411,M Tuilaepa (Samoa),2,2,1,11,9*,11,8,137.5,0,0,0,2,0,M Tuilaepa,Samoa
2412,A Uniyal (Chile),2,2,0,11,8,5.5,26,42.3,0,0,0,0,0,A Uniyal,Chile
2413,NP Kenjige (USA),24,8,3,10,6*,2,21,47.61,0,0,3,0,0,NP Kenjige,USA
2414,Acrey Hugo (TAN),4,2,2,10,10*,0,12,83.33,0,0,0,1,0,Acrey Hugo,TAN
2415,Ahsan Khan (BUL),8,2,2,10,8*,0,8,125,0,0,0,1,0,Ahsan Khan,BUL
2416,Ali Hasan (ITA),11,4,1,10,10*,3.33,15,66.66,0,0,3,0,1,Ali Hasan,ITA
2417,Ali Rasool (BUL),9,3,1,10,4*,5,21,47.61,0,0,0,0,0,Ali Rasool,BUL
2418,PUKK Arachchige (FIN),3,3,0,10,4,3.33,24,41.66,0,0,0,0,0,PUKK Arachchige,FIN
2419,Ashish Bam (CYP),4,3,2,10,9*,10,7,142.85,0,0,1,1,0,Ashish Bam,CYP
2420,AAP Atkinson (ENG),4,2,1,10,8*,10,23,43.47,0,0,0,0,0,AAP Atkinson,ENG
2421,K Babu (SKOR),8,7,5,10,3*,5,23,43.47,0,0,0,0,0,K Babu,SKOR
2422,H Beresford-Peirse (CRT),3,2,0,10,7,5,13,76.92,0,0,0,0,0,H Beresford-Peirse,CRT
2423,K Boniface (NGA),6,4,2,10,4,5,20,50,0,0,1,0,0,K Boniface,NGA
2424,N Burger (SA),8,3,1,10,9,5,21,47.61,0,0,0,0,0,N Burger,SA
2425,DKJ Claude (CIV),5,5,0,10,5,2,32,31.25,0,0,1,1,0,DKJ Claude,CIV
2426,DC Drakes (WI),7,3,0,10,5,3.33,12,83.33,0,0,0,2,0,DC Drakes,WI
2427,Fareed Shius (MDV),2,1,0,10,10,10,21,47.61,0,0,0,2,0,Fareed Shius,MDV
2428,S Gantulga (MNG),6,6,0,10,6,1.66,52,19.23,0,0,2,1,0,S Gantulga,MNG
2429,JR Hazlewood (AUS),36,7,6,10,5*,10,17,58.82,0,0,1,0,0,JR Hazlewood,AUS
2430,Imran Khan (POR),2,2,0,10,10,5,14,71.42,0,0,1,2,0,Imran Khan,POR
2431,B Jagroo (BHM),5,2,2,10,5*,0,9,111.11,0,0,0,0,0,B Jagroo,BHM
2432,A Karvelas (GRC),1,1,0,10,10,10,20,50,0,0,0,1,0,A Karvelas,GRC
2433,S Kubheka (SWZ),5,4,2,10,5*,5,19,52.63,0,0,0,1,0,S Kubheka,SWZ
2434,B Kumar (IND),32,8,5,10,4*,3.33,18,55.55,0,0,1,0,0,B Kumar,IND
2435,WJ Malinda (MDV),5,2,1,10,5*,10,10,100,0,0,0,0,0,WJ Malinda,MDV
2436,Ma Qiancheng (CHN),11,7,2,10,7,2,51,19.6,0,0,2,0,0,Ma Qiancheng,CHN
2437,Milad Momend (LUX),13,8,3,10,6,2,36,27.77,0,0,4,1,0,Milad Momend,LUX
2438,Mutte Ikram (HUN),1,1,0,10,10,10,25,40,0,0,0,0,0,Mutte Ikram,HUN
2439,N Ndouteng (CAM),4,3,1,10,9*,5,20,50,0,0,1,1,0,N Ndouteng,CAM
2440,YM Nkanya (TAN),51,13,7,10,4*,1.66,33,30.3,0,0,6,0,0,YM Nkanya,TAN
2441,J Pakeman (Blz),5,3,0,10,7,3.33,25,40,0,0,1,1,0,J Pakeman,Blz
2442,Rajkumar Rajendran (MAS),3,2,0,10,8,5,17,58.82,0,0,0,0,1,Rajkumar Rajendran,MAS
2443,TJ Ramphoma (LES),4,4,1,10,5,3.33,15,66.66,0,0,1,0,0,TJ Ramphoma,LES
2444,DL Richards (STHEL),5,4,1,10,4,3.33,13,76.92,0,0,0,1,0,DL Richards,STHEL
2445,S Rossi (Arg),5,5,0,10,10,2,16,62.5,0,0,4,0,0,S Rossi,Arg
2446,Salman Nazar (CAN),4,1,0,10,10,10,9,111.11,0,0,0,1,0,Salman Nazar,CAN
2447,A Sathyan (CRT),2,2,1,10,10,10,15,66.66,0,0,0,1,0,A Sathyan,CRT
2448,LK Sharma (Mex),1,1,0,10,10,10,14,71.42,0,0,0,2,0,LK Sharma,Mex
2449,C Smith (MAS),2,2,0,10,9,5,12,83.33,0,0,0,1,0,C Smith,MAS
2450,S Srikanth (SGP),1,1,0,10,10,10,6,166.66,0,0,0,2,0,S Srikanth,SGP
2451,Suraj Kumar (OMA),2,1,1,10,10*,0,7,142.85,0,0,0,1,0,Suraj Kumar,OMA
2452,T Yotharat (THA),6,3,3,10,6*,0,24,41.66,0,0,0,0,0,T Yotharat,THA
2453,N Thushara (SL),30,10,8,10,6,5,29,34.48,0,0,1,1,0,N Thushara,SL
2454,D Traore (Mali),7,5,2,10,6,3.33,27,37.03,0,0,2,1,0,D Traore,Mali
2455,T Tumursukh (MNG),10,10,4,10,6*,1.66,40,25,0,0,5,0,0,T Tumursukh,MNG
2456,Uzair Amir (QAT),2,2,0,10,10,5,14,71.42,0,0,1,0,0,Uzair Amir,QAT
2457,HR Walsh (WI),9,3,3,10,10*,0,15,66.66,0,0,0,0,1,HR Walsh,WI
2458,SMK Waththage (CZK-R),9,3,2,10,5*,10,12,83.33,0,0,0,0,0,SMK Waththage,CZK-R
2459,LB Williams (SA),14,8,2,10,5,1.66,19,52.63,0,0,3,0,0,LB Williams,SA
2460,T Wuatai (COK),6,4,2,10,7*,5,29,34.48,0,0,1,1,0,T Wuatai,COK
2461,BAA Zammitt (GIBR),3,3,0,10,9,3.33,25,40,0,0,1,0,0,BAA Zammitt,GIBR
2462,Abdullah Jasat (PAN),4,4,1,9,6*,3,12,75,0,0,2,1,0,Abdullah Jasat,PAN
2463,Aminullah Tanha (NOR),5,5,0,9,4,1.8,30,30,0,0,2,2,0,Aminullah Tanha,NOR
2464,S Banamali (SGP),5,2,1,9,8*,9,15,60,0,0,0,0,0,S Banamali,SGP
2465,S Chophel (BHU),4,3,0,9,4,3,13,69.23,0,0,0,0,0,S Chophel,BHU
2466,S Daniel (SL),1,1,0,9,9,9,6,150,0,0,0,2,0,S Daniel,SL
2467,JC Darji (TAN),1,1,0,9,9,9,11,81.81,0,0,0,1,0,JC Darji,TAN
2468,A Dhingra (LUX),15,6,3,9,5*,3,11,81.81,0,0,1,1,0,A Dhingra,LUX
2469,Ehsan Nawaz (HKG),1,1,1,9,9*,0,4,225,0,0,0,2,0,Ehsan Nawaz,HKG
2470,J Essex (STHEL),2,2,0,9,5,4.5,17,52.94,0,0,0,0,0,J Essex,STHEL
2471,Fareed Ahmad (AFG),22,5,3,9,5,4.5,24,37.5,0,0,0,1,0,Fareed Ahmad,AFG
2472,RS Fernando (SL),1,1,0,9,9,9,10,90,0,0,0,1,0,RS Fernando,SL
2473,D Hardware (),2,2,1,9,7*,9,24,37.5,0,0,0,0,0,D Hardware,
2474,RW Hartley (SRB),4,3,2,9,5*,9,21,42.85,0,0,1,0,0,RW Hartley,SRB
2475,AN Hyobeom (SKOR),6,3,0,9,4,3,17,52.94,0,0,0,1,0,AN Hyobeom,SKOR
2476,Ibrahim Kursad Dalyan (TKY),3,3,1,9,6,4.5,14,64.28,0,0,0,1,0,Ibrahim Kursad Dalyan,TKY
2477,Iftikhar Kankhel (BEL),11,4,2,9,8*,4.5,13,69.23,0,0,1,1,0,Iftikhar Kankhel,BEL
2478,Itibarshah Deedar (AUT),11,4,3,9,5*,9,12,75,0,0,1,1,0,Itibarshah Deedar,AUT
2479,J Jojo (DEN),6,3,1,9,5*,4.5,6,150,0,0,1,1,0,J Jojo,DEN
2480,MW Jones (SCOT),1,1,0,9,9,9,6,150,0,0,0,0,1,MW Jones,SCOT
2481,RR Joshi (CAN),6,2,0,9,8,4.5,8,112.5,0,0,0,0,1,RR Joshi,CAN
2482,TE Kane (IRE),2,1,0,9,9,9,11,81.81,0,0,0,1,0,TE Kane,IRE
2483,A Kapoor (CAN),2,1,1,9,9*,0,4,225,0,0,0,1,0,A Kapoor,CAN
2484,I Katzarski (BUL),10,4,1,9,5,3,18,50,0,0,1,0,0,I Katzarski,BUL
2485,V Khanduri (CYP),4,3,1,9,6,4.5,20,45,0,0,1,0,0,V Khanduri,CYP
2486,FA Klokker (DEN),7,2,2,9,5*,0,3,300,0,0,0,1,0,FA Klokker,DEN
2487,W Landman (SWZ),3,3,0,9,5,3,13,69.23,0,0,0,0,0,W Landman,SWZ
2488,Y Mitari (RWN),14,7,3,9,3*,2.25,19,47.36,0,0,2,0,0,Y Mitari,RWN
2489,JQK Moala (Fiji),6,4,0,9,5,2.25,21,42.85,0,0,1,0,0,JQK Moala,Fiji
2490,Mohammad Abrar (QAT),4,2,1,9,8*,9,16,56.25,0,0,0,1,0,Mohammad Abrar,QAT
2491,Mohammad Mohsin (USA),4,3,1,9,8,4.5,11,81.81,0,0,1,1,0,Mohammad Mohsin,USA
2492,FJ Mpegna (CAM),8,6,1,9,3,1.8,23,39.13,0,0,2,0,0,FJ Mpegna,CAM
2493,AAA Patel (LES),2,1,0,9,9,9,7,128.57,0,0,0,1,0,AAA Patel,LES
2494,Prashant Shukla (SWE),6,2,2,9,6*,0,7,128.57,0,0,0,1,0,Prashant Shukla,SWE
2495,GY Prastama (INA),4,3,2,9,5*,9,13,69.23,0,0,0,0,0,GY Prastama,INA
2496,KB Ahir (PAN),7,4,4,9,7*,0,10,90,0,0,0,0,1,KB Ahir,PAN
2497,JA Richardson (AUS),4,1,1,9,9*,0,20,45,0,0,0,0,0,JA Richardson,AUS
2498,Safvan Patel (PAN),2,1,0,9,9,9,12,75,0,0,0,0,0,Safvan Patel,PAN
2499,TNM Soleh (INA),1,1,0,9,9,9,21,42.85,0,0,0,0,0,TNM Soleh,INA
2500,Salman Mirza (PAK),17,5,3,9,4*,4.5,8,112.5,0,0,1,1,0,Salman Mirza,PAK
2501,Shagharai Sefat (BEL),8,5,1,9,4,2.25,18,50,0,0,1,0,0,Shagharai Sefat,BEL
2502,R Smith (BHM),8,6,2,9,5,2.25,37,24.32,0,0,2,0,0,R Smith,BHM
2503,Soochan Park (SKOR),2,1,0,9,9,9,17,52.94,0,0,0,0,0,Soochan Park,SKOR
2504,U Srivastava (USA),2,1,0,9,9,9,8,112.5,0,0,0,1,0,U Srivastava,USA
2505,Sumit Singh (FIN),2,2,0,9,7,4.5,12,75,0,0,0,0,1,Sumit Singh,FIN
2506,S Thakur (ROM),3,2,1,9,5*,9,19,47.36,0,0,0,0,0,S Thakur,ROM
2507,A Tripathi (Mex),7,4,0,9,6,2.25,28,32.14,0,0,0,1,0,A Tripathi,Mex
2508,Yadwinder Singh (HUN),1,1,1,9,9*,0,13,69.23,0,0,0,1,0,Yadwinder Singh,HUN
2509,K Yamamoto-Lake (JPN),6,1,0,9,9,9,8,112.5,0,0,0,0,0,K Yamamoto-Lake,JPN
2510,Zuhair Muhammad (KSA),3,3,0,9,5,3,26,34.61,0,0,0,0,0,Zuhair Muhammad,KSA
2511,Abdulla Bhoola (PAN),4,3,1,8,7*,4,15,53.33,0,0,1,1,0,Abdulla Bhoola,PAN
2512,Abdul Salam Khan (KSA),2,2,1,8,7*,8,11,72.72,0,0,0,1,0,Abdul Salam Khan,KSA
2513,MC Alex (CIV),5,5,0,8,5,1.6,25,32,0,0,1,1,0,MC Alex,CIV
2514,M Altankhuyag (MNG),2,2,0,8,8,4,25,32,0,0,1,0,0,M Altankhuyag,MNG
2515,Bakhtiar Tahiri (BUL),5,1,1,8,8*,0,3,266.66,0,0,0,0,1,Bakhtiar Tahiri,BUL
2516,E Bhonkar (ISR),3,3,0,8,3,2.66,16,50,0,0,0,0,0,E Bhonkar,ISR
2517,Bilal Khan (OMA),41,12,8,8,4*,2,19,42.1,0,0,4,0,0,Bilal Khan,OMA
2518,JT Brassell (NAM),19,4,3,8,5*,8,11,72.72,0,0,1,1,0,JT Brassell,NAM
2519,N Casson (Falk),5,5,2,8,3*,2.66,31,25.8,0,0,1,0,0,N Casson,Falk
2520,A Chenthamara (KUW),11,3,3,8,5*,0,15,53.33,0,0,0,1,0,A Chenthamara,KUW
2521,Davion Codner (CAY),4,3,0,8,5,2.66,15,53.33,0,0,0,0,0,Davion Codner,CAY
2522,R Edwards (CAY),4,3,1,8,8*,4,21,38.09,0,0,2,0,0,R Edwards,CAY
2523,AC Evans (SCOT),1,1,0,8,8,8,5,160,0,0,0,1,0,AC Evans,SCOT
2524,JB Hakizimana (RWN),2,2,0,8,8,4,12,66.66,0,0,1,0,0,JB Hakizimana,RWN
2525,E Haven (BHM),6,2,0,8,5,4,28,28.57,0,0,0,1,0,E Haven,BHM
2526,Hazrat Luqman (UAE),2,1,0,8,8,8,6,133.33,0,0,0,0,0,Hazrat Luqman,UAE
2527,Ibrar Ahmad (HUN),3,2,0,8,8,4,6,133.33,0,0,1,2,0,Ibrar Ahmad,HUN
2528,Imran Ahmed Kaneez (CRC),5,4,1,8,7,2.66,24,33.33,0,0,1,0,0,Imran Ahmed Kaneez,CRC
2529,K Jack (),3,2,0,8,4,4,13,61.53,0,0,0,0,0,K Jack,
2530,SI Kamea (PNG),19,8,4,8,2*,2,19,42.1,0,0,2,0,0,SI Kamea,PNG
2531,K Kekez (CRT),3,3,1,8,6,4,19,42.1,0,0,1,1,0,K Kekez,CRT
2532,Kristan Tillett (Blz),4,3,1,8,4,4,19,42.1,0,0,0,0,0,Kristan Tillett,Blz
2533,EJB Miles (JER),16,5,2,8,7*,2.66,17,47.05,0,0,3,1,0,EJB Miles,JER
2534,TS Mills (ENG),7,4,2,8,7,4,10,80,0,0,1,0,1,TS Mills,ENG
2535,DR Mousley (ENG),4,1,0,8,8,8,6,133.33,0,0,0,0,1,DR Mousley,ENG
2536,LR Naylor (SCOT),2,2,0,8,7,4,13,61.53,0,0,0,0,0,LR Naylor,SCOT
2537,NZ Nhaduate (MOZ),2,1,0,8,8,8,15,53.33,0,0,0,0,0,NZ Nhaduate,MOZ
2538,Rafiulah Alokozai (BEL),7,3,0,8,7,2.66,11,72.72,0,0,1,0,1,Rafiulah Alokozai,BEL
2539,JB Richards (BOT),2,2,2,8,7*,0,15,53.33,0,0,0,0,0,JB Richards,BOT
2540,Ronitkumar Ahir (PAN),3,2,0,8,6,4,10,80,0,0,0,0,0,Ronitkumar Ahir,PAN
2541,Sajid Cheema (KSA),1,1,0,8,8,8,8,100,0,0,0,2,0,Sajid Cheema,KSA
2542,S Simpson (JER),2,1,1,8,8*,0,9,88.88,0,0,0,1,0,S Simpson,JER
2543,U Sofi (Samoa),3,1,0,8,8,8,6,133.33,0,0,0,0,1,U Sofi,Samoa
2544,Sunil (CAY),1,1,1,8,8*,0,9,88.88,0,0,0,1,0,Sunil,CAY
2545,Tayyeb Javed (TLS),1,1,0,8,8,8,5,160,0,0,0,2,0,Tayyeb Javed,TLS
2546,S Vaz (POR),3,2,1,8,7,8,11,72.72,0,0,0,0,0,S Vaz,POR
2547,S Weleilakeba (Fiji),3,1,0,8,8,8,3,266.66,0,0,0,0,1,S Weleilakeba,Fiji
2548,Xie Kunkun (CHN),4,4,0,8,5,2,36,22.22,0,0,1,0,0,Xie Kunkun,CHN
2549,Zaman Khan (PAK),10,2,2,8,8*,0,9,88.88,0,0,0,0,1,Zaman Khan,PAK
2550,Zulqarnain Haider (ESP),6,3,1,8,4,4,12,66.66,0,0,0,0,0,Zulqarnain Haider,ESP
2551,K Akurugoda (HUN),2,2,0,7,7,3.5,10,70,0,0,1,0,1,K Akurugoda,HUN
2552,Aminul Islam (CYP),1,1,1,7,7*,0,6,116.66,0,0,0,1,0,Aminul Islam,CYP
2553,A Bishnoi (MLT),5,5,4,7,4*,7,13,53.84,0,0,1,0,0,A Bishnoi,MLT
2554,R Cunningham (GIBR),3,2,2,7,7*,0,9,77.77,0,0,0,0,0,R Cunningham,GIBR
2555,JJ Davidson (SCOT),4,2,2,7,4*,0,10,70,0,0,0,0,0,JJ Davidson,SCOT
2556,SDJJ Dima (MOZ),7,3,1,7,5*,3.5,20,35,0,0,1,0,0,SDJJ Dima,MOZ
2557,S Elayaperumal (Mex),5,5,0,7,3,1.4,24,29.16,0,0,1,0,0,S Elayaperumal,Mex
2558,Faizalmahmed Patel (SWZ),2,1,1,7,7*,0,4,175,0,0,0,1,0,Faizalmahmed Patel,SWZ
2559,Fazil Rahman (MLT),6,5,2,7,6*,2.33,16,43.75,0,0,3,1,0,Fazil Rahman,MLT
2560,AM Ghazanfar (AFG),5,3,0,7,7,2.33,9,77.77,0,0,2,0,1,AM Ghazanfar,AFG
2561,SJ Hughes-Pinan (ESP),7,2,2,7,6*,0,11,63.63,0,0,0,1,0,SJ Hughes-Pinan,ESP
2562,JNT Seales (WI),9,3,2,7,4*,7,6,116.66,0,0,1,1,0,JNT Seales,WI
2563,R Jones (Blz),3,1,0,7,7,7,9,77.77,0,0,0,0,0,R Jones,Blz
2564,E Karimi (DEN),11,5,2,7,2,2.33,19,36.84,0,0,0,0,0,E Karimi,DEN
2565,P Karoho (PNG),1,1,0,7,7,7,10,70,0,0,0,1,0,P Karoho,PNG
2566,MP Kuhnemann (AUS),8,3,0,7,5,2.33,13,53.84,0,0,1,0,0,MP Kuhnemann,AUS
2567,G Kuthalingham (),3,2,1,7,5*,7,12,58.33,0,0,0,0,0,G Kuthalingham,
2568,Lee Hyosin (SKOR),4,2,1,7,7*,7,14,50,0,0,1,0,0,Lee Hyosin,SKOR
2569,DV Macome (MOZ),18,5,2,7,6,2.33,14,50,0,0,1,1,0,DV Macome,MOZ
2570,B Masauko (MWI),11,5,2,7,5*,2.33,14,50,0,0,1,0,0,B Masauko,MWI
2571,Muhammad Salman (BHR),16,4,2,7,6,3.5,12,58.33,0,0,0,1,0,Muhammad Salman,BHR
2572,E Ndubudem (NGA),7,4,2,7,4,3.5,11,63.63,0,0,1,0,0,E Ndubudem,NGA
2573,Pratis GC (NEP),10,5,3,7,6*,3.5,11,63.63,0,0,2,0,0,Pratis GC,NEP
2574,AK Roger (CIV),3,3,0,7,4,2.33,32,21.87,0,0,1,1,0,AK Roger,CIV
2575,S Savkovic (SRB),2,2,0,7,5,3.5,11,63.63,0,0,0,0,0,S Savkovic,SRB
2576,Saqib Naveed (EST),2,2,1,7,4*,7,21,33.33,0,0,0,0,0,Saqib Naveed,EST
2577,Shakkir Kassim (QAT),1,1,0,7,7,7,8,87.5,0,0,0,1,0,Shakkir Kassim,QAT
2578,D Siva Kumar (USA),1,1,0,7,7,7,13,53.84,0,0,0,1,0,D Siva Kumar,USA
2579,R Swart (BOT),4,3,1,7,6*,3.5,5,140,0,0,1,1,0,R Swart,BOT
2580,S Tabuisulu (Fiji),10,5,1,7,3,1.75,17,41.17,0,0,1,0,0,S Tabuisulu,Fiji
2581,J Thomas (STHEL),5,2,0,7,6,3.5,15,46.66,0,0,0,0,0,J Thomas,STHEL
2582,Usama Mir (PAK),5,4,1,7,5,2.33,7,100,0,0,1,1,0,Usama Mir,PAK
2583,E Van Reenen (SRB),3,2,0,7,5,3.5,18,38.88,0,0,0,0,0,E Van Reenen,SRB
2584,M Yambayamba (Zamb),8,4,3,7,3*,7,13,53.84,0,0,0,0,0,M Yambayamba,Zamb
2585,Zahoor Ahmad (KSA),4,2,0,7,6,3.5,20,35,0,0,0,0,0,Zahoor Ahmad,KSA
2586,Abdollah Ahmadzai (AFG),9,3,2,6,6*,6,2,300,0,0,1,0,1,Abdollah Ahmadzai,AFG
2587,BP Adapaka (HUN),17,7,4,6,2,2,18,33.33,0,0,1,0,0,BP Adapaka,HUN
2588,Ahmed Raza (UAE),10,2,1,6,6*,6,6,100,0,0,1,1,0,Ahmed Raza,UAE
2589,SRMJJ Arachchilage (CYP),4,3,2,6,6,6,12,50,0,0,0,0,0,SRMJJ Arachchilage,CYP
2590,Aritra Bhakat (SWE),2,2,1,6,3*,6,4,150,0,0,0,0,0,Aritra Bhakat,SWE
2591,Baljinder Singh (ROM),1,1,0,6,6,6,7,85.71,0,0,0,1,0,Baljinder Singh,ROM
2592,JW Bartlett (Chile),2,2,0,6,5,3,16,37.5,0,0,0,0,0,JW Bartlett,Chile
2593,Basiru Jaye (GMB),2,1,0,6,6,6,4,150,0,0,0,1,0,Basiru Jaye,GMB
2594,E Batkhuyag (MNG),4,4,1,6,4*,2,13,46.15,0,0,1,1,0,E Batkhuyag,MNG
2595,Abdullah Mohd Yousaf (BHR),3,1,0,6,6,6,8,75,0,0,0,0,0,Abdullah Mohd Yousaf,BHR
2596,A Bohara (NEP),38,10,7,6,3*,2,14,42.85,0,0,3,0,0,A Bohara,NEP
2597,A Brownlee (Falk),3,3,2,6,3*,6,33,18.18,0,0,0,0,0,A Brownlee,Falk
2598,David Demba (GMB),2,2,1,6,6*,6,10,60,0,0,1,0,0,David Demba,GMB
2599,DV Devjani Mutreja (Mex),8,5,1,6,4,1.5,22,27.27,0,0,2,0,0,DV Devjani Mutreja,Mex
2600,R Dhakal (NEP),8,2,1,6,5,6,6,100,0,0,0,0,0,R Dhakal,NEP
2601,S Draunivudi (Fiji),3,1,1,6,6*,0,4,150,0,0,0,1,0,S Draunivudi,Fiji
2602,K Fletcher (SUI),21,4,2,6,3*,3,17,35.29,0,0,1,0,0,K Fletcher,SUI
2603,E Frimpong (GHA),4,2,1,6,6*,6,4,150,0,0,1,1,0,E Frimpong,GHA
2604,A Gulati (BHM),8,2,1,6,4*,6,4,150,0,0,0,1,0,A Gulati,BHM
2605,Ihsanullah (PAK),4,1,1,6,6*,0,8,75,0,0,0,1,0,Ihsanullah,PAK
2606,Jubaid Ahamed (Fran),5,4,2,6,3*,3,9,66.66,0,0,1,0,0,Jubaid Ahamed,Fran
2607,K Juma (TAN),15,5,1,6,6,1.5,9,66.66,0,0,3,1,0,K Juma,TAN
2608,T Kahamker (ISR),6,3,2,6,4*,6,4,150,0,0,0,1,0,T Kahamker,ISR
2609,W Kokaua (COK),5,2,1,6,4,6,11,54.54,0,0,0,0,0,W Kokaua,COK
2610,M Kristensen (DEN),2,1,0,6,6,6,10,60,0,0,0,1,0,M Kristensen,DEN
2611,Luo Shilin (CHN),11,7,2,6,3*,1.2,36,16.66,0,0,2,0,0,Luo Shilin,CHN
2612,R Mangal (Fran),18,7,2,6,2*,1.2,15,40,0,0,3,0,0,R Mangal,Fran
2613,V Marghashayam (CZK-R),6,5,2,6,5*,2,9,66.66,0,0,3,0,0,V Marghashayam,CZK-R
2614,Md Shuayeb (CAM),6,3,1,6,5,3,31,19.35,0,0,1,0,0,Md Shuayeb,CAM
2615,Mohammad Amir (PAK),12,3,2,6,5,6,4,150,0,0,0,1,0,Mohammad Amir,PAK
2616,Mohammed Shami (IND),8,3,1,6,6,3,10,60,0,0,1,0,1,Mohammed Shami,IND
2617,Mohsin Shabbir (KSA),3,3,0,6,5,2,18,33.33,0,0,1,0,0,Mohsin Shabbir,KSA
2618,Muhammad Jabir (QAT),28,9,5,6,4*,1.5,23,26.08,0,0,3,0,0,Muhammad Jabir,QAT
2619,Muhammed Basil (BHR),5,3,0,6,5,2,13,46.15,0,0,1,0,0,Muhammed Basil,BHR
2620,Muhammet Bicer (TKY),7,5,2,6,5,2,8,75,0,0,2,1,0,Muhammet Bicer,TKY
2621,JK Mukhiya (NEP),6,2,1,6,5,6,12,50,0,0,0,0,0,JK Mukhiya,NEP
2622,Nazwan Ismail (MDV),10,6,4,6,2*,3,19,31.57,0,0,1,0,0,Nazwan Ismail,MDV
2623,W Ngowhuad (THA),13,8,4,6,3,1.5,18,33.33,0,0,2,0,0,W Ngowhuad,THA
2624,Noorullah Sidiqi (BEL),1,1,1,6,6*,0,1,600,0,0,0,0,1,Noorullah Sidiqi,BEL
2625,S Norman (JER),3,2,0,6,6,3,10,60,0,0,1,0,0,S Norman,JER
2626,Omar Hayat (DEN),4,1,0,6,6,6,4,150,0,0,0,1,0,Omar Hayat,DEN
2627,T Ramautar (Sur),5,4,1,6,2,2,23,26.08,0,0,0,0,0,T Ramautar,Sur
2628,BC Sahin (TKY),3,2,0,6,5,3,19,31.57,0,0,0,1,0,BC Sahin,TKY
2629,Sai Hla Htwe (MYAN),6,2,2,6,3*,0,10,60,0,0,0,0,0,Sai Hla Htwe,MYAN
2630,A Sethunathan (CRT),3,1,1,6,6*,0,7,85.71,0,0,0,0,0,A Sethunathan,CRT
2631,T Shamsi (SA),23,5,3,6,4*,3,8,75,0,0,2,0,0,T Shamsi,SA
2632,SM Sharma (UAE),4,2,1,6,4,6,7,85.71,0,0,0,0,0,SM Sharma,UAE
2633,SG Shinde (SRB),1,1,0,6,6,6,16,37.5,0,0,0,0,0,SG Shinde,SRB
2634,SS Shukla (BHR),7,2,1,6,3*,6,11,54.54,0,0,0,0,0,SS Shukla,BHR
2635,D Simpson (COK),3,2,0,6,4,3,8,75,0,0,0,0,0,D Simpson,COK
2636,O Touray (GMB),3,2,0,6,6,3,9,66.66,0,0,1,0,0,O Touray,GMB
2637,N Tyagi (CZK-R),7,3,1,6,3,3,17,35.29,0,0,0,0,0,N Tyagi,CZK-R
2638,Q Utmanzai (AUT),1,1,0,6,6,6,9,66.66,0,0,0,0,0,Q Utmanzai,AUT
2639,N Vimukthi (SL),1,1,0,6,6,6,12,50,0,0,0,0,0,N Vimukthi,SL
2640,Vinay Iyer (JPN),2,1,0,6,6,6,10,60,0,0,0,1,0,Vinay Iyer,JPN
2641,Waqas Barkat (HKG),9,3,1,6,5*,3,10,60,0,0,1,1,0,Waqas Barkat,HKG
2642,Zhao Tianle (CHN),7,6,0,6,4,1,28,21.42,0,0,3,0,0,Zhao Tianle,CHN
2643,T Zotos (GRC),3,3,0,6,6,2,7,85.71,0,0,2,1,0,T Zotos,GRC
2644,P Abhijit (SEY),3,2,0,5,5,2.5,9,55.55,0,0,1,1,0,P Abhijit,SEY
2645,RJ Ainsworth (HUN),4,3,0,5,3,1.66,14,35.71,0,0,1,0,0,RJ Ainsworth,HUN
2646,Ajhar Alam (CZK-R),3,3,1,5,4,2.5,11,45.45,0,0,1,0,0,Ajhar Alam,CZK-R
2647,Ankit Dubey (SWE),2,1,1,5,5*,0,3,166.66,0,0,0,0,0,Ankit Dubey,SWE
2648,VRB Arachchige (MLT),4,2,2,5,5*,0,3,166.66,0,0,0,1,0,VRB Arachchige,MLT
2649,Arif Ullah (MAS),7,1,1,5,5*,0,6,83.33,0,0,0,1,0,Arif Ullah,MAS
2650,Asif Javed (BHR),7,2,0,5,5,2.5,6,83.33,0,0,1,1,0,Asif Javed,BHR
2651,V Ateak (GHA),3,1,0,5,5,5,13,38.46,0,0,0,0,0,V Ateak,GHA
2652,Bashir Ahmad (SUI),1,1,0,5,5,5,4,125,0,0,0,1,0,Bashir Ahmad,SUI
2653,MY Bawa (PAN),2,1,0,5,5,5,5,100,0,0,0,0,0,MY Bawa,PAN
2654,HS Bedi (SRB),2,1,0,5,5,5,6,83.33,0,0,0,1,0,HS Bedi,SRB
2655,U Bhagwan (CAN),4,2,1,5,4,5,4,125,0,0,0,1,0,U Bhagwan,CAN
2656,SVE Bharathi (GER),22,3,1,5,4*,2.5,9,55.55,0,0,1,0,0,SVE Bharathi,GER
2657,M Bhatia (SGP),3,3,0,5,2,1.66,12,41.66,0,0,0,0,0,M Bhatia,SGP
2658,Bipin Kumar (QAT),12,4,2,5,3,2.5,12,41.66,0,0,0,0,0,Bipin Kumar,QAT
2659,J Blades (WI),6,3,3,5,3*,0,13,38.46,0,0,0,0,0,J Blades,WI
2660,Charles Trott (BER),5,4,2,5,3*,2.5,12,41.66,0,0,2,0,0,Charles Trott,BER
2661,A Curavic (CRT),3,3,0,5,3,1.66,20,25,0,0,1,0,0,A Curavic,CRT
2662,Dhananjay Rao (HKG),8,3,0,5,5,1.66,8,62.5,0,0,2,0,0,Dhananjay Rao,HKG
2663,J Drysdale (USA),11,3,2,5,4*,5,5,100,0,0,1,1,0,J Drysdale,USA
2664,KR Ebanks (CAY),3,3,0,5,3,1.66,18,27.77,0,0,0,0,0,KR Ebanks,CAY
2665,J Edwards (AUS),1,1,0,5,5,5,6,83.33,0,0,0,0,0,J Edwards,AUS
2666,MTM Faatea (Samoa),3,3,0,5,4,1.66,17,29.41,0,0,1,1,0,MTM Faatea,Samoa
2667,SK Gedara (SWE),3,1,1,5,5*,0,5,100,0,0,0,0,0,SK Gedara,SWE
2668,T Hinds (WI),2,1,1,5,5*,0,3,166.66,0,0,0,1,0,T Hinds,WI
2669,S Hongsi (THA),2,2,0,5,5,2.5,13,38.46,0,0,1,0,0,S Hongsi,THA
2670,A Husain (Arg),8,4,4,5,5*,0,8,62.5,0,0,0,1,0,A Husain,Arg
2671,Ikbal Hossain (Fran),3,1,1,5,5*,0,3,166.66,0,0,0,1,0,Ikbal Hossain,Fran
2672,Imran (AFG),1,1,0,5,5,5,9,55.55,0,0,0,1,0,Imran,AFG
2673,O Isiyaku (NGA),8,2,2,5,4*,0,14,35.71,0,0,0,0,0,O Isiyaku,NGA
2674,B Ivanov (BUL),1,1,1,5,5*,0,11,45.45,0,0,0,0,0,B Ivanov,BUL
2675,Jaison Jerome (MLT),9,4,1,5,3,1.66,17,29.41,0,0,1,0,0,Jaison Jerome,MLT
2676,G Johnson (STHEL),7,2,1,5,3,5,13,38.46,0,0,0,0,0,G Johnson,STHEL
2677,R Johnson (),2,2,0,5,5,2.5,10,50,0,0,1,1,0,R Johnson,
2678,Joshua Asia (NGA),25,6,2,5,2*,1.25,17,29.41,0,0,2,0,0,Joshua Asia,NGA
2679,Kalyan Manne (Mex),1,1,0,5,5,5,3,166.66,0,0,0,1,0,Kalyan Manne,Mex
2680,Kamal Raiz (CYP),3,1,0,5,5,5,10,50,0,0,0,0,0,Kamal Raiz,CYP
2681,B Keganne (BOT),3,2,1,5,4,5,8,62.5,0,0,0,0,0,B Keganne,BOT
2682,VJ Kingma (NED),17,3,1,5,4,2.5,7,71.42,0,0,1,0,0,VJ Kingma,NED
2683,Kuldeep Yadav (IND),31,7,2,5,3,1,23,21.73,0,0,3,0,0,Kuldeep Yadav,IND
2684,D Lambasa (CRT),3,1,0,5,5,5,7,71.42,0,0,0,0,0,D Lambasa,CRT
2685,Mahmudul Hasan Joy (BAN),3,2,0,5,5,2.5,10,50,0,0,1,0,0,Mahmudul Hasan Joy,BAN
2686,T Makaya (MWI),9,4,2,5,4*,2.5,12,41.66,0,0,2,1,0,T Makaya,MWI
2687,MV Matsau (LES),9,6,3,5,2*,1.66,18,27.77,0,0,2,0,0,MV Matsau,LES
2688,R Mbaiwa (BOT),3,2,0,5,3,2.5,14,35.71,0,0,0,0,0,R Mbaiwa,BOT
2689,G Miller (COK),2,2,2,5,5*,0,10,50,0,0,0,0,0,G Miller,COK
2690,B Mngoma (SWZ),3,3,2,5,3*,5,16,31.25,0,0,0,0,0,B Mngoma,SWZ
2691,Mohsin Zaki (BHR),5,2,2,5,4*,0,9,55.55,0,0,0,0,0,Mohsin Zaki,BHR
2692,Mokbul Ahammed (QAT),2,1,0,5,5,5,16,31.25,0,0,0,0,0,Mokbul Ahammed,QAT
2693,Muhammad Farooq (CYP),1,1,0,5,5,5,4,125,0,0,0,1,0,Muhammad Farooq,CYP
2694,Mukesh Kumar (IND),17,4,3,5,4*,5,5,100,0,0,1,1,0,Mukesh Kumar,IND
2695,MH Oman (SVN),4,3,1,5,2,2.5,21,23.8,0,0,0,0,0,MH Oman,SVN
2696,EDS Pimheiro (TLS),8,6,2,5,2*,1.25,31,16.12,0,0,2,0,0,EDS Pimheiro,TLS
2697,JE Pitcher (BER),6,2,2,5,4*,0,15,33.33,0,0,0,0,0,JE Pitcher,BER
2698,LW Potthoff (CRT),2,1,1,5,5*,0,9,55.55,0,0,0,0,0,LW Potthoff,CRT
2699,J Proctor (BER),11,3,1,5,5,2.5,18,27.77,0,0,1,0,0,J Proctor,BER
2700,Raja Adeel (ESP),21,5,1,5,2*,1.25,12,41.66,0,0,1,0,0,Raja Adeel,ESP
2701,LN Rajbanshi (NEP),26,5,3,5,2*,2.5,11,45.45,0,0,1,0,0,LN Rajbanshi,NEP
2702,D Ramani (CZK-R),6,2,1,5,5*,5,11,45.45,0,0,1,0,0,D Ramani,CZK-R
2703,G Riley (GMB),3,3,0,5,3,1.66,22,22.72,0,0,1,0,0,G Riley,GMB
2704,Sagor Hossain (CZK-R),2,2,0,5,4,2.5,12,41.66,0,0,0,0,0,Sagor Hossain,CZK-R
2705,Saurabh Kumar (SKOR),4,4,0,5,2,1.25,26,19.23,0,0,1,0,0,Saurabh Kumar,SKOR
2706,R Sekaran (EST),6,2,2,5,3*,0,8,62.5,0,0,0,0,0,R Sekaran,EST
2707,AZ Shah (Fiji),2,2,1,5,4,5,17,29.41,0,0,0,0,0,AZ Shah,Fiji
2708,B Siddharth (OMA),3,3,0,5,5,1.66,10,50,0,0,2,1,0,B Siddharth,OMA
2709,M Sidibe (Mali),3,3,0,5,5,1.66,21,23.8,0,0,2,1,0,M Sidibe,Mali
2710,Simranjeet Singh (UAE),17,3,1,5,3*,2.5,13,38.46,0,0,0,0,0,Simranjeet Singh,UAE
2711,L Sipamla (SA),4,2,0,5,3,2.5,9,55.55,0,0,0,0,0,L Sipamla,SA
2712,Sivakumar (CAM),6,2,2,5,3*,0,10,50,0,0,0,0,0,Sivakumar,CAM
2713,D Svilicic (CRT),5,4,2,5,4*,2.5,15,33.33,0,0,1,0,0,D Svilicic,CRT
2714,Umran Malik (IND),8,2,2,5,4*,0,2,250,0,0,0,1,0,Umran Malik,IND
2715,B Vakatini (COK),6,4,1,5,5,1.66,9,55.55,0,0,2,0,0,B Vakatini,COK
2716,AC Valthapa (UAE),1,1,0,5,5,5,12,41.66,0,0,0,1,0,AC Valthapa,UAE
2717,J Yon (STHEL),2,1,1,5,5*,0,5,100,0,0,0,0,0,J Yon,STHEL
2718,Abrar Ahmed (PAK),38,9,6,4,2,1.33,12,33.33,0,0,2,0,0,Abrar Ahmed,PAK
2719,G Aburto (Chile),2,2,0,4,4,2,10,40,0,0,1,1,0,G Aburto,Chile
2720,Adnan Tahir (ESP),2,1,0,4,4,4,5,80,0,0,0,0,0,Adnan Tahir,ESP
2721,PS Airee (NEP),1,1,0,4,4,4,14,28.57,0,0,0,0,0,PS Airee,NEP
2722,Ali Raza (EST),2,1,0,4,4,4,3,133.33,0,0,0,1,0,Ali Raza,EST
2723,Altaf Gill (SKOR),3,2,0,4,3,2,18,22.22,0,0,0,0,0,Altaf Gill,SKOR
2724,Arif Hosen (TLS),7,7,1,4,2,0.66,29,13.79,0,0,3,0,0,Arif Hosen,TLS
2725,MO Bacarese (GIBR),1,1,0,4,4,4,18,22.22,0,0,0,0,0,MO Bacarese,GIBR
2726,JF Bangura (SLE),1,1,0,4,4,4,10,40,0,0,0,0,0,JF Bangura,SLE
2727,VF Bomnyuy (CAM),5,3,2,4,4*,4,8,50,0,0,1,0,0,VF Bomnyuy,CAM
2728,IW Budiarta (INA),5,3,1,4,4*,2,5,80,0,0,2,1,0,IW Budiarta,INA
2729,JJ Bumrah (IND),39,6,2,4,4,1,5,80,0,0,3,1,0,JJ Bumrah,IND
2730,K Burrows (BHM),6,2,0,4,4,2,9,44.44,0,0,1,0,0,K Burrows,BHM
2731,Cihan Altun (TKY),3,1,0,4,4,4,2,200,0,0,0,1,0,Cihan Altun,TKY
2732,M Cope (LUX),3,2,1,4,3*,4,7,57.14,0,0,0,0,0,M Cope,LUX
2733,A Dananjaya (SL),2,1,1,4,4*,0,1,400,0,0,0,1,0,A Dananjaya,SL
2734,JH Davey (SCOT),3,1,1,4,4*,0,3,133.33,0,0,0,0,0,JH Davey,SCOT
2735,A Dawson (Falk),3,3,1,4,3,2,14,28.57,0,0,1,0,0,A Dawson,Falk
2736,DT Doram (NED),14,3,3,4,2*,0,6,66.66,0,0,0,0,0,DT Doram,NED
2737,Elan Talker (ISR),8,1,1,4,4*,0,3,133.33,0,0,0,0,0,Elan Talker,ISR
2738,LKW Ezechiel (CIV),4,4,1,4,4,1.33,25,16,0,0,2,0,0,LKW Ezechiel,CIV
2739,D Faletar (CRT),4,3,1,4,4*,2,15,26.66,0,0,2,1,0,D Faletar,CRT
2740,Gagandeep Singh (GHA),2,2,2,4,3*,0,6,66.66,0,0,0,0,0,Gagandeep Singh,GHA
2741,BD Glover (NED),4,1,1,4,4*,0,1,400,0,0,0,1,0,BD Glover,NED
2742,KDACK Gunarathne (CAM),3,3,1,4,3,2,18,22.22,0,0,1,0,0,KDACK Gunarathne,CAM
2743,A Gupta (NOR),4,2,1,4,3*,4,6,66.66,0,0,0,0,0,A Gupta,NOR
2744,Hardeep Singh (CYP),4,1,1,4,4*,0,1,400,0,0,0,1,0,Hardeep Singh,CYP
2745,Harry Johnson (GUE),14,3,2,4,2*,4,4,100,0,0,0,0,0,Harry Johnson,GUE
2746,Lee Hwanhee (SKOR),2,2,0,4,3,2,9,44.44,0,0,0,0,0,Lee Hwanhee,SKOR
2747,D Issiaka (CIV),5,5,0,4,2,0.8,37,10.81,0,0,3,0,0,D Issiaka,CIV
2748,Kamran Wahid (HUN),5,3,2,4,4,4,6,66.66,0,0,0,0,0,Kamran Wahid,HUN
2749,N Katechis (GRC),4,2,1,4,3*,4,17,23.52,0,0,0,0,0,N Katechis,GRC
2750,Kaung Htet Kyaw (MYAN),8,2,0,4,2,2,10,40,0,0,0,0,0,Kaung Htet Kyaw,MYAN
2751,Kaung Ko Ko (MYAN),2,2,1,4,3,4,6,66.66,0,0,0,0,0,Kaung Ko Ko,MYAN
2752,J Kemp (JER),5,2,0,4,3,2,7,57.14,0,0,0,0,0,J Kemp,JER
2753,Khalander Mustafa (KSA),6,1,1,4,4*,0,1,400,0,0,0,1,0,Khalander Mustafa,KSA
2754,JH Kiani (PHI),1,1,0,4,4,4,5,80,0,0,0,0,0,JH Kiani,PHI
2755,Komang Putra (INA),4,1,1,4,4*,0,6,66.66,0,0,0,0,0,Komang Putra,INA
2756,CBRLS Kumara (SL),12,1,0,4,4,4,5,80,0,0,0,1,0,CBRLS Kumara,SL
2757,J Kunnanchirakkal (MLT),4,4,2,4,2,2,6,66.66,0,0,1,0,0,J Kunnanchirakkal,MLT
2758,C Liebenberg (IOM),2,2,0,4,4,2,7,57.14,0,0,1,0,0,C Liebenberg,IOM
2759,D Malinga (SWZ),3,3,0,4,3,1.33,10,40,0,0,1,0,0,D Malinga,SWZ
2760,M Manivannan (CAY),1,1,1,4,4*,0,7,57.14,0,0,0,1,0,M Manivannan,CAY
2761,Mohammed Nadeem (QAT),17,4,2,4,4*,2,7,57.14,0,0,2,1,0,Mohammed Nadeem,QAT
2762,Mrittunjoy Chowdhury (BAN),1,1,0,4,4,4,11,36.36,0,0,0,0,0,Mrittunjoy Chowdhury,BAN
2763,Muhammad Rohid (UAE),17,3,2,4,2*,4,3,133.33,0,0,0,0,0,Muhammad Rohid,UAE
2764,Musa Twala (SWZ),5,3,1,4,2*,2,13,30.76,0,0,1,0,0,Musa Twala,SWZ
2765,M Musinguzi (UGA),6,1,1,4,4*,0,4,100,0,0,0,0,0,M Musinguzi,UGA
2766,V Nagpaul (SGP),6,2,1,4,2*,4,6,66.66,0,0,0,0,0,V Nagpaul,SGP
2767,Neeraj Mishra (CZK-R),6,3,1,4,4*,2,9,44.44,0,0,2,1,0,Neeraj Mishra,CZK-R
2768,Nijat Masood (AFG),3,1,1,4,4*,0,5,80,0,0,0,0,0,Nijat Masood,AFG
2769,Nouman Sarwar (QAT),2,1,1,4,4*,0,5,80,0,0,0,0,0,Nouman Sarwar,QAT
2770,R Parkin (EST),4,2,0,4,4,2,4,100,0,0,1,1,0,R Parkin,EST
2771,ARH Patel (CRC),8,4,0,4,2,1,16,25,0,0,2,0,0,ARH Patel,CRC
2772,AEV Puentes (Chile),2,1,1,4,4*,0,14,28.57,0,0,0,0,0,AEV Puentes,Chile
2773,RJ Ramjiawan (Sur),2,1,0,4,4,4,8,50,0,0,0,0,0,RJ Ramjiawan,Sur
2774,S Rukmal (SEY),12,5,2,4,4*,1.33,14,28.57,0,0,3,1,0,S Rukmal,SEY
2775,JE Scott (BHM),4,2,0,4,4,2,7,57.14,0,0,1,0,0,JE Scott,BHM
2776,Shan Siddiqui (GMB),2,1,0,4,4,4,3,133.33,0,0,0,1,0,Shan Siddiqui,GMB
2777,Simba Mbaki (TAN),1,1,0,4,4,4,7,57.14,0,0,0,0,0,Simba Mbaki,TAN
2778,NJA Smith (PHI),3,2,0,4,4,2,9,44.44,0,0,1,0,0,NJA Smith,PHI
2779,Syed Ali Gillani (SWE),3,3,3,4,3*,0,4,100,0,0,0,0,0,Syed Ali Gillani,SWE
2780,C Tchale (MWI),11,4,0,4,4,1,9,44.44,0,0,3,1,0,C Tchale,MWI
2781,S Udawaththa (UAE),1,1,0,4,4,4,10,40,0,0,0,0,0,S Udawaththa,UAE
2782,FAS Villalobos (CRC),4,4,0,4,2,1,16,25,0,0,1,0,0,FAS Villalobos,CRC
2783,FN Walsh (PHI),3,2,1,4,3,4,7,57.14,0,0,0,0,0,FN Walsh,PHI
2784,S Williams (SLE),7,3,1,4,4,2,12,33.33,0,0,1,0,0,S Williams,SLE
2785,L Wood (ENG),16,2,1,4,3,4,5,80,0,0,0,0,0,L Wood,ENG
2786,Yousuf Ali (QAT),4,1,0,4,4,4,3,133.33,0,0,0,1,0,Yousuf Ali,QAT
2787,Zikria Islam (OMA),6,4,2,4,4*,2,15,26.66,0,0,2,0,0,Zikria Islam,OMA
2788,Abdullah Sheikh (NOR),3,2,1,3,2,3,7,42.85,0,0,0,0,0,Abdullah Sheikh,NOR
2789,Adnan Shnwarei (NOR),4,2,0,3,2,1.5,7,42.85,0,0,0,0,0,Adnan Shnwarei,NOR
2790,S Barnett (IOM),2,2,0,3,3,1.5,10,30,0,0,1,0,0,S Barnett,IOM
2791,Basharat Hussain (SKOR),5,3,2,3,3,3,15,20,0,0,0,0,0,Basharat Hussain,SKOR
2792,Baz Aybui (SWE),6,2,1,3,2*,3,16,18.75,0,0,0,0,0,Baz Aybui,SWE
2793,D Bourne (),2,1,0,3,3,3,6,50,0,0,0,0,0,D Bourne,
2794,R Brar (CYP),4,2,1,3,2*,3,5,60,0,0,0,0,0,R Brar,CYP
2795,Y Cariah (WI),2,2,2,3,2*,0,4,75,0,0,0,0,0,Y Cariah,WI
2796,C Cassell (SCOT),2,2,1,3,2*,3,6,50,0,0,0,0,0,C Cassell,SCOT
2797,AT Chuvale (MOZ),1,1,1,3,3*,0,8,37.5,0,0,0,0,0,AT Chuvale,MOZ
2798,AG Cremer (ZIM),6,2,1,3,3*,3,10,30,0,0,1,0,0,AG Cremer,ZIM
2799,D Dawa (BHU),5,2,2,3,2*,0,7,42.85,0,0,0,0,0,D Dawa,BHU
2800,N Dhamba (OMA),1,1,0,3,3,3,6,50,0,0,0,0,0,N Dhamba,OMA
2801,KK Dobell (JPN),3,2,1,3,3*,3,6,50,0,0,1,0,0,KK Dobell,JPN
2802,O Duff (BUL),4,2,0,3,3,1.5,2,150,0,0,1,0,0,O Duff,BUL
2803,AD Fofana (Mali),3,3,0,3,2,1,18,16.66,0,0,1,0,0,AD Fofana,Mali
2804,H Hajnic (CRT),4,3,1,3,3*,1.5,42,7.14,0,0,2,0,0,H Hajnic,CRT
2805,Hamza Tahir (SCOT),4,2,1,3,3*,3,7,42.85,0,0,1,0,0,Hamza Tahir,SCOT
2806,Hussain Saadhin (MDV),2,1,0,3,3,3,9,33.33,0,0,0,0,0,Hussain Saadhin,MDV
2807,KAB Hynam-Nyberg (Samoa),7,2,1,3,2,3,4,75,0,0,0,0,0,KAB Hynam-Nyberg,Samoa
2808,Ibrahim Karim (SLE),3,3,1,3,2,1.5,6,50,0,0,0,0,0,Ibrahim Karim,SLE
2809,Imran Yousaf (KSA),5,2,1,3,2*,3,6,50,0,0,0,0,0,Imran Yousaf,KSA
2810,K Kubota (JPN),19,5,4,3,2,3,6,50,0,0,0,0,0,K Kubota,JPN
2811,TK Lal (CZK-R),8,3,2,3,3*,3,10,30,0,0,1,0,0,TK Lal,CZK-R
2812,M Leporoporo (LES),3,1,1,3,3*,0,4,75,0,0,0,0,0,M Leporoporo,LES
2813,B Lewis (Blz),6,3,2,3,2,3,8,37.5,0,0,0,0,0,B Lewis,Blz
2814,Lwin Maw (MYAN),2,1,0,3,3,3,5,60,0,0,0,0,0,Lwin Maw,MYAN
2815,Z Motara (WI),1,1,0,3,3,3,4,75,0,0,0,0,0,Z Motara,WI
2816,Muhammad Tahir (GRC),2,1,0,3,3,3,10,30,0,0,0,0,0,Muhammad Tahir,GRC
2817,L Mutale (Zamb),3,2,1,3,2*,3,5,60,0,0,0,0,0,L Mutale,Zamb
2818,E Ochieng (KENYA),2,1,1,3,3*,0,4,75,0,0,0,0,0,E Ochieng,KENYA
2819,B Pondani (MWI),31,4,3,3,2*,3,8,37.5,0,0,1,0,0,B Pondani,MWI
2820,Rahmat Shah (AFG),1,1,0,3,3,3,6,50,0,0,0,0,0,Rahmat Shah,AFG
2821,Rajab Hussain (HKG),2,2,1,3,2,3,6,50,0,0,0,0,0,Rajab Hussain,HKG
2822,Rashid Khan (NEP),1,1,0,3,3,3,5,60,0,0,0,0,0,Rashid Khan,NEP
2823,Raunaq Kapur (HKG),1,1,0,3,3,3,5,60,0,0,0,0,0,Raunaq Kapur,HKG
2824,Sadat Said (HUN),5,2,0,3,3,1.5,3,100,0,0,1,0,0,Sadat Said,HUN
2825,Samiallah Khalil (SWE),2,2,0,3,2,1.5,6,50,0,0,0,0,0,Samiallah Khalil,SWE
2826,E Samson (ISR),3,2,1,3,3*,3,3,100,0,0,1,0,0,E Samson,ISR
2827,P Sibiya (SWZ),1,1,1,3,3*,0,6,50,0,0,0,0,0,P Sibiya,SWZ
2828,MJ Tugaga (Samoa),2,1,1,3,3*,0,2,150,0,0,0,0,0,MJ Tugaga,Samoa
2829,NL Ujawe (SVN),4,3,2,3,1*,3,4,75,0,0,0,0,0,NL Ujawe,SVN
2830,SA van Breda (JER),2,1,0,3,3,3,8,37.5,0,0,0,0,0,SA van Breda,JER
2831,CV Varun (IND),38,9,6,3,1*,1,13,23.07,0,0,3,0,0,CV Varun,IND
2832,E Walker (IOM),5,4,4,3,2*,0,19,15.78,0,0,0,0,0,E Walker,IOM
2833,Wang Qi (CHN),4,4,1,3,2*,1,16,18.75,0,0,2,0,0,Wang Qi,CHN
2834,Yash Singh (MLT),6,1,0,3,3,3,12,25,0,0,0,0,0,Yash Singh,MLT
2835,Zwe Htet Paing (MYAN),3,2,1,3,3*,3,6,50,0,0,1,0,0,Zwe Htet Paing,MYAN
2836,Aakash Chand (NEP),3,2,1,2,2,2,6,33.33,0,0,0,0,0,Aakash Chand,NEP
2837,Abu Zar (SWE),2,2,0,2,2,1,5,40,0,0,1,0,0,Abu Zar,SWE
2838,N Advani (GIBR),9,3,1,2,2*,1,9,22.22,0,0,2,0,0,N Advani,GIBR
2839,A Ahmadhel (BUL),3,1,0,2,2,2,6,33.33,0,0,0,0,0,A Ahmadhel,BUL
2840,Ahmad Raza (KSA),5,2,2,2,2*,0,4,50,0,0,0,0,0,Ahmad Raza,KSA
2841,Akash Babu (QAT),7,3,0,2,2,0.66,6,33.33,0,0,2,0,0,Akash Babu,QAT
2842,B Angeltti (Arg),5,2,0,2,2,1,5,40,0,0,1,0,0,B Angeltti,Arg
2843,Anmoldeep Singh (ITA),4,1,0,2,2,2,7,28.57,0,0,0,0,0,Anmoldeep Singh,ITA
2844,Anskumar Ahir (PAN),2,1,1,2,2*,0,6,33.33,0,0,0,0,0,Anskumar Ahir,PAN
2845,B Arends (Falk),6,5,3,2,2,1,11,18.18,0,0,1,0,0,B Arends,Falk
2846,Aslam Bera (Zamb),9,4,0,2,1,0.5,9,22.22,0,0,2,0,0,Aslam Bera,Zamb
2847,Aviel Warsulkar (ISR),2,2,2,2,2*,0,3,66.66,0,0,0,0,0,Aviel Warsulkar,ISR
2848,I Bardis (GRC),2,2,1,2,2*,2,6,33.33,0,0,1,0,0,I Bardis,GRC
2849,Bashir Ahmad (AFG),1,1,1,2,2*,0,5,40,0,0,0,0,0,Bashir Ahmad,AFG
2850,JP Behrendorff (AUS),8,1,1,2,2*,0,2,100,0,0,0,0,0,JP Behrendorff,AUS
2851,AAH Bhikari (Sur),5,2,0,2,1,1,11,18.18,0,0,0,0,0,AAH Bhikari,Sur
2852,M Brasier (FIN),3,3,1,2,1*,1,9,22.22,0,0,1,0,0,M Brasier,FIN
2853,T Buri (THA),1,1,0,2,2,2,6,33.33,0,0,0,0,0,T Buri,THA
2854,G Campbell (),1,1,0,2,2,2,8,25,0,0,0,0,0,G Campbell,
2855,Choudhry Md Imran (KSA),4,2,0,2,2,1,3,66.66,0,0,1,0,0,Choudhry Md Imran,KSA
2856,JI de Villiers (NAM),8,3,1,2,1*,1,5,40,0,0,1,0,0,JI de Villiers,NAM
2857,A Dhar (CAY),3,1,0,2,2,2,6,33.33,0,0,0,0,0,A Dhar,CAY
2858,S di Bartolomeo (ITA),7,1,1,2,2*,0,2,100,0,0,0,0,0,S di Bartolomeo,ITA
2859,PK Dimitri (CIV),5,5,3,2,2*,1,10,20,0,0,2,0,0,PK Dimitri,CIV
2860,A Dowling (BUL),1,1,0,2,2,2,3,66.66,0,0,0,0,0,A Dowling,BUL
2861,Ronald Ebanks (CAY),6,3,0,2,2,0.66,6,33.33,0,0,2,0,0,Ronald Ebanks,CAY
2862,H Elder (SUI),2,2,1,2,2*,2,3,66.66,0,0,1,0,0,H Elder,SUI
2863,EF Faalupega (Samoa),2,2,0,2,2,1,6,33.33,0,0,1,0,0,EF Faalupega,Samoa
2864,Faizal Salehji (PAN),4,1,0,2,2,2,2,100,0,0,0,0,0,Faizal Salehji,PAN
2865,Franz Bur (Arg),3,1,1,2,2*,0,7,28.57,0,0,0,0,0,Franz Bur,Arg
2866,K Fubler (BER),16,2,2,2,2*,0,2,100,0,0,0,0,0,K Fubler,BER
2867,GHS Garton (ENG),1,1,0,2,2,2,4,50,0,0,0,0,0,GHS Garton,ENG
2868,M Gherasim (ROM),10,2,0,2,2,1,3,66.66,0,0,1,0,0,M Gherasim,ROM
2869,RJ Gleeson (ENG),6,2,0,2,2,1,4,50,0,0,1,0,0,RJ Gleeson,ENG
2870,MK Gnanasekaram (SUI),7,1,1,2,2*,0,2,100,0,0,0,0,0,MK Gnanasekaram,SUI
2871,R Goodwin (PHI),5,5,1,2,1*,0.5,19,10.52,0,0,3,0,0,R Goodwin,PHI
2872,CJ Green (AUS),1,1,1,2,2*,0,3,66.66,0,0,0,0,0,CJ Green,AUS
2873,JJ Griffin (IOM),5,2,1,2,2,2,8,25,0,0,0,0,0,JJ Griffin,IOM
2874,Junaid Siddiqui (CAN),5,1,0,2,2,2,4,50,0,0,0,0,0,Junaid Siddiqui,CAN
2875,J Khadka (ROM),4,3,2,2,1*,2,4,50,0,0,1,0,0,J Khadka,ROM
2876,J Kila (PNG),3,2,0,2,2,1,10,20,0,0,1,0,0,J Kila,PNG
2877,T Kirk (GUE),1,1,0,2,2,2,5,40,0,0,0,0,0,T Kirk,GUE
2878,H Klazinge (NAM),7,4,3,2,1*,2,5,40,0,0,0,0,0,H Klazinge,NAM
2879,M Labuschagne (AUS),1,1,0,2,2,2,4,50,0,0,0,0,0,M Labuschagne,AUS
2880,A Lazic (SRB),6,3,2,2,2*,2,3,66.66,0,0,1,0,0,A Lazic,SRB
2881,Lemar Momand (SWE),3,2,1,2,2*,2,5,40,0,0,1,0,0,Lemar Momand,SWE
2882,I Lisboa (Chile),1,1,0,2,2,2,6,33.33,0,0,0,0,0,I Lisboa,Chile
2883,D Madushanka (SL),19,6,1,2,1*,0.4,9,22.22,0,0,4,0,0,D Madushanka,SL
2884,Mansoor Shah (NOR),5,1,0,2,2,2,2,100,0,0,0,0,0,Mansoor Shah,NOR
2885,B Mejaro (LES),3,3,0,2,2,0.66,13,15.38,0,0,2,0,0,B Mejaro,LES
2886,AR Menon (SGP),1,1,0,2,2,2,5,40,0,0,0,0,0,AR Menon,SGP
2887,Mihir Patel (CAN),1,1,0,2,2,2,2,100,0,0,0,0,0,Mihir Patel,CAN
2888,Mongdara Sok (CAM),9,5,3,2,1*,1,9,22.22,0,0,2,0,0,Mongdara Sok,CAM
2889,RDS Morein (TLS),8,4,3,2,2,2,11,18.18,0,0,0,0,0,RDS Morein,TLS
2890,Muzammil Shahzad (PHI),3,3,0,2,1,0.66,16,12.5,0,0,1,0,0,Muzammil Shahzad,PHI
2891,F Nkhoma (MWI),2,1,0,2,2,2,8,25,0,0,0,0,0,F Nkhoma,MWI
2892,S Nsubuga (UGA),15,3,1,2,1*,1,6,33.33,0,0,1,0,0,S Nsubuga,UGA
2893,Omar Hussain (LES),3,3,1,2,2*,1,9,22.22,0,0,2,0,0,Omar Hussain,LES
2894,MAP Ovalle (Chile),2,1,0,2,2,2,8,25,0,0,0,0,0,MAP Ovalle,Chile
2895,AJ Parmar (NOR),21,6,5,2,1*,2,8,25,0,0,1,0,0,AJ Parmar,NOR
2896,AP Patel (CAN),9,2,2,2,2*,0,6,33.33,0,0,0,0,0,AP Patel,CAN
2897,SJ Patel (CZK-R),7,3,1,2,2*,1,9,22.22,0,0,2,0,0,SJ Patel,CZK-R
2898,R Patten (BHM),4,3,2,2,2*,2,9,22.22,0,0,1,0,0,R Patten,BHM
2899,H Pile (GIBR),2,1,0,2,2,2,6,33.33,0,0,0,0,0,H Pile,GIBR
2900,S Pitabeddara (SKOR),3,2,0,2,2,1,4,50,0,0,1,0,0,S Pitabeddara,SKOR
2901,SA Pradhan (SGP),2,1,1,2,2*,0,6,33.33,0,0,0,0,0,SA Pradhan,SGP
2902,Pramod Madushan (SL),9,3,1,2,1*,1,4,50,0,0,1,0,0,Pramod Madushan,SL
2903,Rizwan Mangera (PAN),2,1,0,2,2,2,6,33.33,0,0,0,0,0,Rizwan Mangera,PAN
2904,Saif Ullah Malik (MAS),1,1,0,2,2,2,3,66.66,0,0,0,0,0,Saif Ullah Malik,MAS
2905,BS Sandhu (SVN),1,1,0,2,2,2,5,40,0,0,0,0,0,BS Sandhu,SVN
2906,T Sangha (AUS),7,1,1,2,2*,0,4,50,0,0,0,0,0,T Sangha,AUS
2907,Sareer Shah (LUX),6,4,2,2,1*,1,6,33.33,0,0,2,0,0,Sareer Shah,LUX
2908,Shahrukh Quddus (KUW),11,3,3,2,2*,0,5,40,0,0,0,0,0,Shahrukh Quddus,KUW
2909,HB Shipley (NZ),5,2,2,2,1*,0,2,100,0,0,0,0,0,HB Shipley,NZ
2910,Sikander Zulfiqar (NED),1,1,0,2,2,2,3,66.66,0,0,0,0,0,Sikander Zulfiqar,NED
2911,IC Simao (BRA),9,6,3,2,2*,0.66,11,18.18,0,0,3,0,0,IC Simao,BRA
2912,U Sorovakatini (Fiji),1,1,1,2,2*,0,1,200,0,0,0,0,0,U Sorovakatini,Fiji
2913,S Stanikzay (Fran),9,3,0,2,2,0.66,5,40,0,0,2,0,0,S Stanikzay,Fran
2914,L Stubbs (CRT),4,3,0,2,2,0.66,24,8.33,0,0,2,0,0,L Stubbs,CRT
2915,Sufyan Yousaf (OMA),1,1,0,2,2,2,4,50,0,0,0,0,0,Sufyan Yousaf,OMA
2916,MJ Swepson (AUS),1,1,1,2,2*,0,1,200,0,0,0,0,0,MJ Swepson,AUS
2917,K Hiratsuka (JPN),1,1,0,2,2,2,3,66.66,0,0,0,0,0,K Hiratsuka,JPN
2918,R Tanna (EST),1,1,1,2,2*,0,3,66.66,0,0,0,0,0,R Tanna,EST
2919,Tasaduq Hussain (SWE),3,2,0,2,2,1,6,33.33,0,0,1,0,0,Tasaduq Hussain,SWE
2920,TO Thilappan (SGP),3,3,0,2,1,0.66,9,22.22,0,0,1,0,0,TO Thilappan,SGP
2921,K Thuchila (MWI),18,6,1,2,1*,0.4,11,18.18,0,0,4,0,0,K Thuchila,MWI
2922,AJ Turner (AUS),1,1,1,2,2*,0,2,100,0,0,0,0,0,AJ Turner,AUS
2923,B Tuyizere (RWN),3,3,0,2,1,0.66,16,12.5,0,0,1,0,0,B Tuyizere,RWN
2924,Waseeq Ahmed (BHR),13,2,2,2,1*,0,3,66.66,0,0,0,0,0,Waseeq Ahmed,BHR
2925,Yin Chenhao (CHN),3,2,0,2,2,1,13,15.38,0,0,1,0,0,Yin Chenhao,CHN
2926,Yousif Wali (BHR),2,1,0,2,2,2,2,100,0,0,0,0,0,Yousif Wali,BHR
2927,Aarnav Patel (KENYA),2,1,1,1,1*,0,5,20,0,0,0,0,0,Aarnav Patel,KENYA
2928,Abdul Rahman (Fran),1,1,1,1,1*,0,2,50,0,0,0,0,0,Abdul Rahman,Fran
2929,NJV Aburto (Chile),1,1,0,1,1,1,8,12.5,0,0,0,0,0,NJV Aburto,Chile
2930,Aftab Hussain (HKG),1,1,1,1,1*,0,1,100,0,0,0,0,0,Aftab Hussain,HKG
2931,Ahsan ul Haq (KUW),3,2,0,1,1,0.5,6,16.66,0,0,1,0,0,Ahsan ul Haq,KUW
2932,TM Anker (COK),1,1,1,1,1*,0,7,14.28,0,0,0,0,0,TM Anker,COK
2933,Aqif Farooq (KUW),4,1,0,1,1,1,4,25,0,0,0,0,0,Aqif Farooq,KUW
2934,Asad Rasheed (HKG),2,2,2,1,1*,0,3,33.33,0,0,0,0,0,Asad Rasheed,HKG
2935,SYS Assegon (CAM),3,2,0,1,1,0.5,18,5.55,0,0,1,0,0,SYS Assegon,CAM
2936,T Batjargal (MNG),2,2,1,1,1*,1,3,33.33,0,0,1,0,0,T Batjargal,MNG
2937,IIR Bhana (PAN),1,1,0,1,1,1,3,33.33,0,0,0,0,0,IIR Bhana,PAN
2938,H Bharadwaj (SGP),12,2,0,1,1,0.5,6,16.66,0,0,1,0,0,H Bharadwaj,SGP
2939,Bilal Shah (OMA),1,1,1,1,1*,0,1,100,0,0,0,0,0,Bilal Shah,OMA
2940,J Byrappa (Mex),2,1,0,1,1,1,9,11.11,0,0,0,0,0,J Byrappa,Mex
2941,K Cawte (IOM),14,5,3,1,1*,0.5,9,11.11,0,0,2,0,0,K Cawte,IOM
2942,YS Chahal (IND),30,2,2,1,1*,0,2,50,0,0,0,0,0,YS Chahal,IND
2943,SL Clephane (CZK-R),2,2,1,1,1,1,6,16.66,0,0,0,0,0,SL Clephane,CZK-R
2944,BRF Constanzo (Chile),1,1,0,1,1,1,5,20,0,0,0,0,0,BRF Constanzo,Chile
2945,QF Djakaridja (CIV),5,5,0,1,1,0.2,25,4,0,0,4,0,0,QF Djakaridja,CIV
2946,U Dorji (BHU),1,1,0,1,1,1,5,20,0,0,0,0,0,U Dorji,BHU
2947,S Duggan (Arg),7,1,1,1,1*,0,3,33.33,0,0,0,0,0,S Duggan,Arg
2948,Ehsan Adil (USA),1,1,1,1,1*,0,2,50,0,0,0,0,0,Ehsan Adil,USA
2949,C Floyd (NED),2,1,1,1,1*,0,1,100,0,0,0,0,0,C Floyd,NED
2950,Gabor Torok (HUN),4,3,2,1,1*,1,5,20,0,0,1,0,0,Gabor Torok,HUN
2951,A Gall (HUN),1,1,1,1,1*,0,2,50,0,0,0,0,0,A Gall,HUN
2952,JOA Gordon (CAN),10,1,0,1,1,1,2,50,0,0,0,0,0,JOA Gordon,CAN
2953,A Govorko (CRT),4,1,1,1,1*,0,1,100,0,0,0,0,0,A Govorko,CRT
2954,GE Gutierrez Chavez (Mex),3,3,1,1,1*,0.5,4,25,0,0,2,0,0,GE Gutierrez Chavez,Mex
2955,Haris Karim (SVN),3,1,1,1,1*,0,3,33.33,0,0,0,0,0,Haris Karim,SVN
2956,Harprit Singh (Mex),2,1,1,1,1*,0,1,100,0,0,0,0,0,Harprit Singh,Mex
2957,Hasnain Ul Wahab (OMA),1,1,0,1,1,1,3,33.33,0,0,0,0,0,Hasnain Ul Wahab,OMA
2958,Hassnain Shah (OMA),5,3,0,1,1,0.33,6,16.66,0,0,2,0,0,Hassnain Shah,OMA
2959,E Henry (),1,1,0,1,1,1,4,25,0,0,0,0,0,E Henry,
2960,V Hettiarachchi (EST),1,1,0,1,1,1,2,50,0,0,0,0,0,V Hettiarachchi,EST
2961,P Hingorani (ROM),8,3,2,1,1,1,6,16.66,0,0,0,0,0,P Hingorani,ROM
2962,AA Hussein (TAN),2,2,2,1,1*,0,1,100,0,0,0,0,0,AA Hussein,TAN
2963,RF Hutton (PHI),1,1,1,1,1*,0,1,100,0,0,0,0,0,RF Hutton,PHI
2964,M Ibrahim (CIV),4,4,1,1,1,0.33,16,6.25,0,0,2,0,0,M Ibrahim,CIV
2965,Imtiaz Khan (KSA),5,3,3,1,1*,0,1,100,0,0,0,0,0,Imtiaz Khan,KSA
2966,W Jackson (MWI),2,1,0,1,1,1,7,14.28,0,0,0,0,0,W Jackson,MWI
2967,DF Jacobs (THA),1,1,0,1,1,1,10,10,0,0,0,0,0,DF Jacobs,THA
2968,S Jele (SWZ),6,3,1,1,1,0.5,3,33.33,0,0,1,0,0,S Jele,SWZ
2969,Jitesh Patel (MLT),4,1,0,1,1,1,6,16.66,0,0,0,0,0,Jitesh Patel,MLT
2970,Junaid Khan (FIN),3,1,1,1,1*,0,1,100,0,0,0,0,0,Junaid Khan,FIN
2971,H Khuttan (POR),3,1,0,1,1,1,2,50,0,0,0,0,0,H Khuttan,POR
2972,BG Lister (NZ),12,3,1,1,1,0.5,6,16.66,0,0,1,0,0,BG Lister,NZ
2973,JR Lucky (CRC),4,2,1,1,1,1,8,12.5,0,0,0,0,0,JR Lucky,CRC
2974,L Makgale (BOT),8,3,1,1,1*,0.5,4,25,0,0,2,0,0,L Makgale,BOT
2975,E Malinga (SL),8,3,2,1,1,1,7,14.28,0,0,0,0,0,E Malinga,SL
2976,Mohammad Ali (PAK),3,2,2,1,1*,0,1,100,0,0,0,0,0,Mohammad Ali,PAK
2977,Matiullah Khan (UAE),5,2,2,1,1*,0,5,20,0,0,0,0,0,Matiullah Khan,UAE
2978,CM Mbebe (MOZ),2,1,1,1,1*,0,5,20,0,0,0,0,0,CM Mbebe,MOZ
2979,Mirza Ahmed (KUW),6,2,2,1,1*,0,2,50,0,0,0,0,0,Mirza Ahmed,KUW
2980,T Misi (Samoa),2,1,0,1,1,1,1,100,0,0,0,0,0,T Misi,Samoa
2981,Mohammad Asaduzzaman (FIN),9,2,1,1,1*,1,2,50,0,0,1,0,0,Mohammad Asaduzzaman,FIN
2982,Mohammad Atif (ESP),10,1,0,1,1,1,2,50,0,0,0,0,0,Mohammad Atif,ESP
2983,Muhammed Imran (OMA),2,2,1,1,1*,1,2,50,0,0,1,0,0,Muhammed Imran,OMA
2984,E Munkhbat (MNG),2,2,0,1,1,0.5,8,12.5,0,0,1,0,0,E Munkhbat,MNG
2985,Murat Ipek (TKY),4,2,0,1,1,0.5,2,50,0,0,1,0,0,Murat Ipek,TKY
2986,R Murugan (CRT),3,3,1,1,1*,0.5,7,14.28,0,0,2,0,0,R Murugan,CRT
2987,Musawar Shah (QAT),6,2,2,1,1*,0,1,100,0,0,0,0,0,Musawar Shah,QAT
2988,K Nagnama (CIV),2,2,0,1,1,0.5,9,11.11,0,0,1,0,0,K Nagnama,CIV
2989,AR Nair (BHM),3,2,0,1,1,0.5,2,50,0,0,1,0,0,AR Nair,BHM
2990,E Ndzeute (MOZ),4,1,1,1,1*,0,2,50,0,0,0,0,0,E Ndzeute,MOZ
2991,VM Nyauchi (ZIM),2,1,1,1,1*,0,3,33.33,0,0,0,0,0,VM Nyauchi,ZIM
2992,Obed Yosef (VAN),8,1,1,1,1*,0,3,33.33,0,0,0,0,0,Obed Yosef,VAN
2993,E Otieno (KENYA),6,3,2,1,1,1,7,14.28,0,0,0,0,0,E Otieno,KENYA
2994,J Pook (Blz),3,2,0,1,1,0.5,5,20,0,0,1,0,0,J Pook,Blz
2995,Rashid Hashmi (CRT),1,1,0,1,1,1,14,7.14,0,0,0,0,0,Rashid Hashmi,CRT
2996,Ravinder Gill (ROM),2,1,1,1,1*,0,1,100,0,0,0,0,0,Ravinder Gill,ROM
2997,KW Richardson (AUS),10,2,1,1,1,1,2,50,0,0,0,0,0,KW Richardson,AUS
2998,Riyaz Kajalwala (CYP),2,2,1,1,1,1,9,11.11,0,0,0,0,0,Riyaz Kajalwala,CYP
2999,L Ruane (FIN),1,1,0,1,1,1,5,20,0,0,0,0,0,L Ruane,FIN
3000,P Sadev (ITA),4,1,0,1,1,1,4,25,0,0,0,0,0,P Sadev,ITA
3001,Sajid Safi (BEL),2,1,0,1,1,1,3,33.33,0,0,0,0,0,Sajid Safi,BEL
3002,SMLD Samarakoon (SL),1,1,0,1,1,1,3,33.33,0,0,0,0,0,SMLD Samarakoon,SL
3003,Seif Athumani (TAN),1,1,1,1,1*,0,6,16.66,0,0,0,0,0,Seif Athumani,TAN
3004,B Shikongo (NAM),25,3,1,1,1*,0.5,6,16.66,0,0,2,0,0,B Shikongo,NAM
3005,SPS Shikongo (NAM),4,1,1,1,1*,0,1,100,0,0,0,0,0,SPS Shikongo,NAM
3006,RR Simmonds (WI),4,1,0,1,1,1,2,50,0,0,0,0,0,RR Simmonds,WI
3007,C Smith (BER),10,3,2,1,1,1,5,20,0,0,0,0,0,C Smith,BER
3008,Sukhjinder Singh (CAN),6,1,1,1,1*,0,4,25,0,0,0,0,0,Sukhjinder Singh,CAN
3009,Sukhkaran Sahi (ROM),5,1,0,1,1,1,2,50,0,0,0,0,0,Sukhkaran Sahi,ROM
3010,Sultan Ahmed (UAE),2,2,0,1,1,0.5,4,25,0,0,1,0,0,Sultan Ahmed,UAE
3011,SN Swamy (SWE),2,1,1,1,1*,0,1,100,0,0,0,0,0,SN Swamy,SWE
3012,Syed Rehmatullah (MAS),7,2,2,1,1*,0,3,33.33,0,0,0,0,0,Syed Rehmatullah,MAS
3013,B Terbish (MNG),4,4,1,1,1*,0.33,16,6.25,0,0,3,0,0,B Terbish,MNG
3014,J Theron (USA),5,2,2,1,1*,0,1,100,0,0,0,0,0,J Theron,USA
3015,BM Tickner (NZ),10,1,0,1,1,1,5,20,0,0,0,0,0,BM Tickner,NZ
3016,Toqeer Ahmad (DEN),6,2,0,1,1,0.5,4,25,0,0,1,0,0,Toqeer Ahmad,DEN
3017,T Turan (TKY),3,3,1,1,1*,0.5,7,14.28,0,0,2,0,0,T Turan,TKY
3018,I Uboh (NGA),10,2,2,1,1*,0,4,25,0,0,0,0,0,I Uboh,NGA
3019,T Ulutuna (TKY),3,1,0,1,1,1,2,50,0,0,0,0,0,T Ulutuna,TKY
3020,H Virdee (LUX),1,1,1,1,1*,0,1,100,0,0,0,0,0,H Virdee,LUX
3021,R Vishwanath (LUX),1,1,0,1,1,1,1,100,0,0,0,0,0,R Vishwanath,LUX
3022,B Wentzel (GUE),1,1,0,1,1,1,2,50,0,0,0,0,0,B Wentzel,GUE
3023,SV Wiig (USA),2,1,1,1,1*,0,1,100,0,0,0,0,0,SV Wiig,USA
3024,MB Williams (SLE),3,2,2,1,1*,0,3,33.33,0,0,0,0,0,MB Williams,SLE
3025,MP Yadav (IND),3,1,1,1,1*,0,1,100,0,0,0,0,0,MP Yadav,IND
3026,HN Ya France (NAM),8,2,0,1,1,0.5,4,25,0,0,1,0,0,HN Ya France,NAM
3027,ST Yalimaiwai (Fiji),3,2,1,1,1*,1,2,50,0,0,1,0,0,ST Yalimaiwai,Fiji
3028,Zabiullah Zahid (SWE),4,3,0,1,1,0.33,5,20,0,0,2,0,0,Zabiullah Zahid,SWE
3029,Zahoor Khan (UAE),31,2,2,1,1*,0,3,33.33,0,0,0,0,0,Zahoor Khan,UAE
3030,Zakir Hasan (BAN),3,3,0,1,1,0.33,10,10,0,0,2,0,0,Zakir Hasan,BAN
3031,C Zavoiu (ROM),10,3,3,1,1*,0,4,25,0,0,0,0,0,C Zavoiu,ROM
3032,Zuber Sunasara (KSA),1,1,0,1,1,1,7,14.28,0,0,0,0,0,Zuber Sunasara,KSA
3033,RGD Mitchell (PHI),1,1,0,0,0,0,1,0,0,0,1,0,0,RGD Mitchell,PHI
3034,Abdulla Popalzae (GRC),1,1,0,0,0,0,3,0,0,0,1,0,0,Abdulla Popalzae,GRC
3035,Ahmadi Ravat (PAN),2,1,0,0,0,0,1,0,0,0,1,0,0,Ahmadi Ravat,PAN
3036,KK Ahmed (IND),4,1,1,0,0*,0,1,0,0,0,0,0,0,KK Ahmed,IND
3037,Ahmed Baladraf (KSA),9,1,0,0,0,0,1,0,0,0,1,0,0,Ahmed Baladraf,KSA
3038,Akramullah Malikzada (HUN),5,2,1,0,0*,0,2,0,0,0,1,0,0,Akramullah Malikzada,HUN
3039,KO Altamirano (CRC),4,3,0,0,0,0,12,0,0,0,3,0,0,KO Altamirano,CRC
3040,Ammar Zuhdi Hazalan (MAS),3,1,0,0,0,0,3,0,0,0,1,0,0,Ammar Zuhdi Hazalan,MAS
3041,Arif Nasir Uddin (QAT),3,1,0,0,0,0,1,0,0,0,1,0,0,Arif Nasir Uddin,QAT
3042,Arnav Manoj (SGP),3,3,0,0,0,0,7,0,0,0,3,0,0,Arnav Manoj,SGP
3043,Arshad Iqbal (PAK),2,1,0,0,0,0,1,0,0,0,1,0,0,Arshad Iqbal,PAK
3044,SMHH Aung (MYAN),1,1,0,0,0,0,1,0,0,0,1,0,0,SMHH Aung,MYAN
3045,G Axtell (BHR),2,1,1,0,0*,0,2,0,0,0,0,0,0,G Axtell,BHR
3046,P Ayoleyine (GHA),6,2,0,0,0,0,3,0,0,0,2,0,0,P Ayoleyine,GHA
3047,Benson Chama (Zamb),2,1,0,0,0,0,2,0,0,0,1,0,0,Benson Chama,Zamb
3048,D Berthe (Mali),2,2,0,0,0,0,3,0,0,0,2,0,0,D Berthe,Mali
3049,PD Blignaut (NAM),4,1,0,0,0,0,1,0,0,0,1,0,0,PD Blignaut,NAM
3050,L Bloomfield (HUN),2,1,1,0,0*,0,4,0,0,0,0,0,0,L Bloomfield,HUN
3051,MD Byrne (INA),2,1,0,0,0,0,1,0,0,0,1,0,0,MD Byrne,INA
3052,G Cambell (Falk),2,2,0,0,0,0,13,0,0,0,2,0,0,G Cambell,Falk
3053,T Chopel (BHU),2,1,0,0,0,0,1,0,0,0,1,0,0,T Chopel,BHU
3054,F Choudary (SWE),2,1,1,0,0*,0,1,0,0,0,0,0,0,F Choudary,SWE
3055,KDC Clarke (NZ),1,1,0,0,0,0,1,0,0,0,1,0,0,KDC Clarke,NZ
3056,S Clarke (IOM),1,1,0,0,0,0,3,0,0,0,1,0,0,S Clarke,IOM
3057,Dane Leo (STHEL),3,1,0,0,0,0,5,0,0,0,1,0,0,Dane Leo,STHEL
3058,S Dhakal (NEP),6,3,3,0,0*,0,5,0,0,0,0,0,0,S Dhakal,NEP
3059,TW Dlamini (SWZ),6,1,0,0,0,0,1,0,0,0,1,0,0,TW Dlamini,SWZ
3060,K Dorji (BHU),2,2,0,0,0,0,4,0,0,0,2,0,0,K Dorji,BHU
3061,A Faletar (CRT),4,2,1,0,0*,0,2,0,0,0,1,0,0,A Faletar,CRT
3062,IM Farrell (GIBR),1,1,0,0,0,0,2,0,0,0,1,0,0,IM Farrell,GIBR
3063,P Fernando (ITA),2,1,0,0,0,0,3,0,0,0,1,0,0,P Fernando,ITA
3064,I Ganness (),2,1,1,0,0*,0,0,0,0,0,0,0,0,I Ganness,
3065,JWW Gardner (PNG),6,2,1,0,0*,0,3,0,0,0,1,0,0,JWW Gardner,PNG
3066,N Gnanapragasam (SEY),1,1,0,0,0,0,3,0,0,0,1,0,0,N Gnanapragasam,SEY
3067,P Gopalkrishnan (QAT),1,1,0,0,0,0,2,0,0,0,1,0,0,P Gopalkrishnan,QAT
3068,SU Halarnkar (CRC),2,2,0,0,0,0,4,0,0,0,2,0,0,SU Halarnkar,CRC
3069,Hasan Cakir (TKY),2,2,1,0,0*,0,2,0,0,0,1,0,0,Hasan Cakir,TKY
3070,SAR Hashimi (BRA),1,1,0,0,0,0,2,0,0,0,1,0,0,SAR Hashimi,BRA
3071,Hein Zin Aung (MYAN),4,2,1,0,0*,0,11,0,0,0,1,0,0,Hein Zin Aung,MYAN
3072,N Henderson (SUI),2,1,1,0,0*,0,0,0,0,0,0,0,0,N Henderson,SUI
3073,M Heingo (NAM),4,1,1,0,0*,0,2,0,0,0,0,0,0,M Heingo,NAM
3074,Het Patel (SWZ),3,1,0,0,0,0,2,0,0,0,1,0,0,Het Patel,SWZ
3075,T Hewa (CAY),3,2,1,0,0*,0,2,0,0,0,1,0,0,T Hewa,CAY
3076,AS Hundal (CAN),1,1,0,0,0,0,4,0,0,0,1,0,0,AS Hundal,CAN
3077,Ibrahim Altinoluk (TKY),2,1,0,0,0,0,3,0,0,0,1,0,0,Ibrahim Altinoluk,TKY
3078,LU Igalagamage (SL),1,1,0,0,0,0,3,0,0,0,1,0,0,LU Igalagamage,SL
3079,O Issouf (CIV),2,2,0,0,0,0,7,0,0,0,2,0,0,O Issouf,CIV
3080,Ivan Splicevic (CRT),2,2,1,0,0*,0,11,0,0,0,1,0,0,Ivan Splicevic,CRT
3081,JP Izeta (Falk),1,1,0,0,0,0,2,0,0,0,1,0,0,JP Izeta,Falk
3082,SH Johnson (AUS),8,1,0,0,0,0,1,0,0,0,1,0,0,SH Johnson,AUS
3083,H Kinga (CAM),3,2,0,0,0,0,5,0,0,0,2,0,0,H Kinga,CAM
3084,RK Kiseto (TAN),5,2,1,0,0*,0,1,0,0,0,1,0,0,RK Kiseto,TAN
3085,S Kruger (Arg),1,1,0,0,0,0,3,0,0,0,1,0,0,S Kruger,Arg
3086,YC Latouche (CRC),1,1,1,0,0*,0,0,0,0,0,0,0,0,YC Latouche,CRC
3087,B Leo (STHEL),4,1,0,0,0,0,1,0,0,0,1,0,0,B Leo,STHEL
3088,CA Liyanage (MDV),1,1,0,0,0,0,1,0,0,0,1,0,0,CA Liyanage,MDV
3089,HAG Madhushanka (SEY),2,1,0,0,0,0,1,0,0,0,1,0,0,HAG Madhushanka,SEY
3090,Mahmad Data (PAN),2,1,0,0,0,0,1,0,0,0,1,0,0,Mahmad Data,PAN
3091,C Malaya (MWI),6,1,1,0,0*,0,1,0,0,0,0,0,0,C Malaya,MWI
3092,Z Marosy (HUN),1,1,0,0,0,0,1,0,0,0,1,0,0,Z Marosy,HUN
3093,ID Matic (CRT),2,2,0,0,0,0,8,0,0,0,2,0,0,ID Matic,CRT
3094,Michael Charlie (PNG),2,1,0,0,0,0,2,0,0,0,1,0,0,Michael Charlie,PNG
3095,Mohamed Fadiga (Mali),1,1,0,0,0,0,4,0,0,0,1,0,0,Mohamed Fadiga,Mali
3096,Mohamed Ishmath (MDV),8,2,0,0,0,0,3,0,0,0,2,0,0,Mohamed Ishmath,MDV
3097,Mohamed Miuvaan (MDV),4,2,0,0,0,0,2,0,0,0,2,0,0,Mohamed Miuvaan,MDV
3098,S Mohan (PHI),1,1,0,0,0,0,1,0,0,0,1,0,0,S Mohan,PHI
3099,R Mondol (BAN),3,1,0,0,0,0,7,0,0,0,1,0,0,R Mondol,BAN
3100,AL Motshegetsi (BOT),2,1,1,0,0*,0,1,0,0,0,0,0,0,AL Motshegetsi,BOT
3101,T Mpatane (BOT),3,1,0,0,0,0,1,0,0,0,1,0,0,T Mpatane,BOT
3102,Muhammad Afis (INA),4,2,0,0,0,0,3,0,0,0,2,0,0,Muhammad Afis,INA
3103,Muhammad Saqlain (HUN),13,2,1,0,0*,0,4,0,0,0,1,0,0,Muhammad Saqlain,HUN
3104,Muhammet Kursat (TKY),4,2,0,0,0,0,9,0,0,0,2,0,0,Muhammet Kursat,TKY
3105,IS Munir (UGA),1,1,1,0,0*,0,0,0,0,0,0,0,0,IS Munir,UGA
3106,Mustafa Balkis (TKY),1,1,0,0,0,0,3,0,0,0,1,0,0,Mustafa Balkis,TKY
3107,D Mutu (TKY),1,1,1,0,0*,0,3,0,0,0,0,0,0,D Mutu,TKY
3108,Naseer Naail Ismail (MDV),2,1,0,0,0,0,2,0,0,0,1,0,0,Naseer Naail Ismail,MDV
3109,Nazir Patel (PAN),2,1,0,0,0,0,6,0,0,0,1,0,0,Nazir Patel,PAN
3110,Nurudeen Ibrahim (GHA),1,1,0,0,0,0,2,0,0,0,1,0,0,Nurudeen Ibrahim,GHA
3111,L Nyarko (GHA),5,2,0,0,0,0,5,0,0,0,2,0,0,L Nyarko,GHA
3112,W O'Rourke (NZ),7,1,0,0,0,0,0,0,0,0,1,0,0,W O'Rourke,NZ
3113,JM Obando (CRC),1,1,0,0,0,0,5,0,0,0,1,0,0,JM Obando,CRC
3114,Omid Shafi Rahman (UAE),5,1,0,0,0,0,6,0,0,0,1,0,0,Omid Shafi Rahman,UAE
3115,CL Outerbridge (BER),4,1,0,0,0,0,3,0,0,0,1,0,0,CL Outerbridge,BER
3116,MW Parkinson (ENG),2,2,0,0,0,0,5,0,0,0,2,0,0,MW Parkinson,ENG
3117,Pel Vannak (CAM),8,2,0,0,0,0,3,0,0,0,2,0,0,Pel Vannak,CAM
3118,Phon Bunthean (CAM),15,2,2,0,0*,0,7,0,0,0,0,0,0,Phon Bunthean,CAM
3119,F Pieters (SKOR),1,1,0,0,0,0,2,0,0,0,1,0,0,F Pieters,SKOR
3120,D Polpitiya (SWZ),6,1,0,0,0,0,1,0,0,0,1,0,0,D Polpitiya,SWZ
3121,VRCF Poubel (BRA),2,2,0,0,0,0,3,0,0,0,2,0,0,VRCF Poubel,BRA
3122,Ramiz Rao (Falk),2,2,1,0,0*,0,8,0,0,0,1,0,0,Ramiz Rao,Falk
3123,C Rathanak (CAM),4,1,0,0,0,0,1,0,0,0,1,0,0,C Rathanak,CAM
3124,PF Ravarua (COK),2,1,0,0,0,0,2,0,0,0,1,0,0,PF Ravarua,COK
3125,Sabir Ali (UAE),3,1,1,0,0*,0,0,0,0,0,0,0,0,Sabir Ali,UAE
3126,P Sapesa (MWI),3,1,0,0,0,0,1,0,0,0,1,0,0,P Sapesa,MWI
3127,Shafiq Jan (OMA),2,1,0,0,0,0,1,0,0,0,1,0,0,Shafiq Jan,OMA
3128,Shahab Alam (NEP),4,2,2,0,0*,0,2,0,0,0,0,0,0,Shahab Alam,NEP
3129,S Shanmugam (CRC),3,2,0,0,0,0,3,0,0,0,2,0,0,S Shanmugam,CRC
3130,PK Shoufeer (CAM),6,1,1,0,0*,0,0,0,0,0,0,0,0,PK Shoufeer,CAM
3131,BA Simango (MOZ),2,2,0,0,0,0,4,0,0,0,2,0,0,BA Simango,MOZ
3132,OP Stone (ENG),1,1,0,0,0,0,1,0,0,0,1,0,0,OP Stone,ENG
3133,P Sua (Samoa),2,1,0,0,0,0,2,0,0,0,1,0,0,P Sua,Samoa
3134,Te Senglong (CAM),3,1,0,0,0,0,1,0,0,0,1,0,0,Te Senglong,CAM
3135,Tholal Mohamed Raya (MDV),2,1,0,0,0,0,2,0,0,0,1,0,0,Tholal Mohamed Raya,MDV
3136,F Thorpe (GMB),2,2,1,0,0*,0,1,0,0,0,1,0,0,F Thorpe,GMB
3137,Ugyen Dorji (BHU),3,1,0,0,0,0,5,0,0,0,1,0,0,Ugyen Dorji,BHU
3138,Sana Ullah (SKOR),4,2,1,0,0*,0,2,0,0,0,1,0,0,Sana Ullah,SKOR
3139,J Umanath (Mex),2,1,0,0,0,0,3,0,0,0,1,0,0,J Umanath,Mex
3140,Usman Tariq (PAK),9,1,0,0,0,0,3,0,0,0,1,0,0,Usman Tariq,PAK
3141,Vivek Dixit (LUX),2,1,0,0,0,0,1,0,0,0,1,0,0,Vivek Dixit,LUX
3142,D Wabwire (UGA),7,2,1,0,0*,0,2,0,0,0,1,0,0,D Wabwire,UGA
3143,Waleed Waqar (BUL),2,1,1,0,0*,0,0,0,0,0,0,0,0,Waleed Waqar,BUL
3144,DKD Warnakulasuriya (ITA),7,1,0,0,0,0,7,0,0,0,1,0,0,DKD Warnakulasuriya,ITA
3145,Xie Qiulai (CHN),1,1,0,0,0,0,2,0,0,0,1,0,0,Xie Qiulai,CHN
3146,Zahir Khan (AFG),4,1,0,0,0,0,2,0,0,0,1,0,0,Zahir Khan,AFG
3147,Zain Ali (ITA),2,1,0,0,0,0,1,0,0,0,1,0,0,Zain Ali,ITA
3148,Ziaurahman Shinwari (AUT),9,1,0,0,0,0,1,0,0,0,1,0,0,Ziaurahman Shinwari,AUT
3149,Abdullahi Ismail (NGA),4,0,0,0,0,0,0,0,0,0,0,0,0,Abdullahi Ismail,NGA
3150,Abdulmalik Jabarkhel (Fran),2,0,0,0,0,0,0,0,0,0,0,0,0,Abdulmalik Jabarkhel,Fran
3151,Abdul Bashir (GER),4,0,0,0,0,0,0,0,0,0,0,0,0,Abdul Bashir,GER
3152,Abdul Majid Malik (BHR),3,0,0,0,0,0,0,0,0,0,0,0,0,Abdul Majid Malik,BHR
3153,Abdul Makda (PAN),2,0,0,0,0,0,0,0,0,0,0,0,0,Abdul Makda,PAN
3154,YK Abovat (PAN),2,0,0,0,0,0,0,0,0,0,0,0,0,YK Abovat,PAN
3155,Adam Khalaf (MDV),1,0,0,0,0,0,0,0,0,0,0,0,0,Adam Khalaf,MDV
3156,Adeel Tariq (AUT),2,0,0,0,0,0,0,0,0,0,0,0,0,Adeel Tariq,AUT
3157,Adnan Gondal (POR),2,0,0,0,0,0,0,0,0,0,0,0,0,Adnan Gondal,POR
3158,Afif Khattak (SUI),1,0,0,0,0,0,0,0,0,0,0,0,0,Afif Khattak,SUI
3159,Aftab Kayani (ROM),1,0,0,0,0,0,0,0,0,0,0,0,0,Aftab Kayani,ROM
3160,SG Ahir (PAN),1,0,0,0,0,0,0,0,0,0,0,0,0,SG Ahir,PAN
3161,B Akhilesh Reddy (USA),4,0,0,0,0,0,0,0,0,0,0,0,0,B Akhilesh Reddy,USA
3162,JDP Albertze (BER),4,0,0,0,0,0,0,0,0,0,0,0,0,JDP Albertze,BER
3163,MHSMS Amaradasa (MDV),1,0,0,0,0,0,0,0,0,0,0,0,0,MHSMS Amaradasa,MDV
3164,Ameer Hamzah (ESP),4,0,0,0,0,0,0,0,0,0,0,0,0,Ameer Hamzah,ESP
3165,Ammar Khalid (CAN),7,0,0,0,0,0,0,0,0,0,0,0,0,Ammar Khalid,CAN
3166,Ashish Rana (EST),1,0,0,0,0,0,0,0,0,0,0,0,0,Ashish Rana,EST
3167,A Ashok (NZ),1,0,0,0,0,0,0,0,0,0,0,0,0,A Ashok,NZ
3168,Assad Mehmood (POR),2,0,0,0,0,0,0,0,0,0,0,0,0,Assad Mehmood,POR
3169,EI Azine (MOZ),1,0,0,0,0,0,0,0,0,0,0,0,0,EI Azine,MOZ
3170,Azri Azhar (MAS),4,0,0,0,0,0,0,0,0,0,0,0,0,Azri Azhar,MAS
3171,S Baker (ENG),1,0,0,0,0,0,0,0,0,0,0,0,0,S Baker,ENG
3172,Bashar Khan (ITA),5,0,0,0,0,0,0,0,0,0,0,0,0,Bashar Khan,ITA
3173,M Beardman (AUS),1,0,0,0,0,0,0,0,0,0,0,0,0,M Beardman,AUS
3174,S Biko (KENYA),2,0,0,0,0,0,0,0,0,0,0,0,0,S Biko,KENYA
3175,Bilal Sami (AFG),1,0,0,0,0,0,0,0,0,0,0,0,0,Bilal Sami,AFG
3176,C Birch (GUE),2,0,0,0,0,0,0,0,0,0,0,0,0,C Birch,GUE
3177,T Britton (JER),1,0,0,0,0,0,0,0,0,0,0,0,0,T Britton,JER
3178,JP Cabrera (Arg),2,0,0,0,0,0,0,0,0,0,0,0,0,JP Cabrera,Arg
3179,TL Chivanga (ZIM),3,0,0,0,0,0,0,0,0,0,0,0,0,TL Chivanga,ZIM
3180,C Cirino (BRA),1,0,0,0,0,0,0,0,0,0,0,0,0,C Cirino,BRA
3181,O Clapham (GUE),1,0,0,0,0,0,0,0,0,0,0,0,0,O Clapham,GUE
3182,SS Cottrell (WI),11,0,0,0,0,0,0,0,0,0,0,0,0,SS Cottrell,WI
3183,E Cruz (CRC),1,0,0,0,0,0,0,0,0,0,0,0,0,E Cruz,CRC
3184,JT Darrell (BER),1,0,0,0,0,0,0,0,0,0,0,0,0,JT Darrell,BER
3185,A Denuwan (ITA),3,0,0,0,0,0,0,0,0,0,0,0,0,A Denuwan,ITA
3186,A Desai (USA),4,0,0,0,0,0,0,0,0,0,0,0,0,A Desai,USA
3187,TU Deshpande (IND),2,0,0,0,0,0,0,0,0,0,0,0,0,TU Deshpande,IND
3188,SM Dhakal (NEP),2,0,0,0,0,0,0,0,0,0,0,0,0,SM Dhakal,NEP
3189,P Dhanuka (SGP),1,0,0,0,0,0,0,0,0,0,0,0,0,P Dhanuka,SGP
3190,Divyes Kumar (MLT),1,0,0,0,0,0,0,0,0,0,0,0,0,Divyes Kumar,MLT
3191,CP Dowle (HUN),1,0,0,0,0,0,0,0,0,0,0,0,0,CP Dowle,HUN
3192,Ebadot Hossain (BAN),4,0,0,0,0,0,0,0,0,0,0,0,0,Ebadot Hossain,BAN
3193,D Eckstein (AUT),1,0,0,0,0,0,0,0,0,0,0,0,0,D Eckstein,AUT
3194,JKP Ellick (STHEL),2,0,0,0,0,0,0,0,0,0,0,0,0,JKP Ellick,STHEL
3195,Fahad Nawaz (UAE),1,0,0,0,0,0,0,0,0,0,0,0,0,Fahad Nawaz,UAE
3196,BE Fletcher (NED),2,0,0,0,0,0,0,0,0,0,0,0,0,BE Fletcher,NED
3197,S Fowler (BHM),1,0,0,0,0,0,0,0,0,0,0,0,0,S Fowler,BHM
3198,RE Francis (TAN),2,0,0,0,0,0,0,0,0,0,0,0,0,RE Francis,TAN
3199,D Gaikwad (HUN),1,0,0,0,0,0,0,0,0,0,0,0,0,D Gaikwad,HUN
3200,AD Galiem (SA),1,0,0,0,0,0,0,0,0,0,0,0,0,AD Galiem,SA
3201,L Gherasim (ROM),5,0,0,0,0,0,0,0,0,0,0,0,0,L Gherasim,ROM
3202,Ghayour Ahmad (KSA),2,0,0,0,0,0,0,0,0,0,0,0,0,Ghayour Ahmad,KSA
3203,P Ghosh (MLT),1,0,0,0,0,0,0,0,0,0,0,0,0,P Ghosh,MLT
3204,J Giyanani (UAE),1,0,0,0,0,0,0,0,0,0,0,0,0,J Giyanani,UAE
3205,K Gore (WI),1,0,0,0,0,0,0,0,0,0,0,0,0,K Gore,WI
3206,C Gwilliam-Lopez (ESP),1,0,0,0,0,0,0,0,0,0,0,0,0,C Gwilliam-Lopez,ESP
3207,Hasan Murad (BAN),2,0,0,0,0,0,0,0,0,0,0,0,0,Hasan Murad,BAN
3208,Hassan Nasir (Mex),1,0,0,0,0,0,0,0,0,0,0,0,0,Hassan Nasir,Mex
3209,V Hristov (BUL),1,0,0,0,0,0,0,0,0,0,0,0,0,V Hristov,BUL
3210,Htun Myat Hei (MYAN),2,0,0,0,0,0,0,0,0,0,0,0,0,Htun Myat Hei,MYAN
3211,JD Inglis (Chile),1,0,0,0,0,0,0,0,0,0,0,0,0,JD Inglis,Chile
3212,Jai Tiwari (SUI),2,0,0,0,0,0,0,0,0,0,0,0,0,Jai Tiwari,SUI
3213,P Jayawickrama (SL),4,0,0,0,0,0,0,0,0,0,0,0,0,P Jayawickrama,SL
3214,B Jaye (GMB),1,0,0,0,0,0,0,0,0,0,0,0,0,B Jaye,GMB
3215,BE Johnson (GUE),1,0,0,0,0,0,0,0,0,0,0,0,0,BE Johnson,GUE
3216,M Jukic (CRT),2,0,0,0,0,0,0,0,0,0,0,0,0,M Jukic,CRT
3217,L Kamarlekar (ISR),1,0,0,0,0,0,0,0,0,0,0,0,0,L Kamarlekar,ISR
3218,A Kansonkho (MWI),1,0,0,0,0,0,0,0,0,0,0,0,0,A Kansonkho,MWI
3219,SVA Karthikeyan (ROM),2,0,0,0,0,0,0,0,0,0,0,0,0,SVA Karthikeyan,ROM
3220,Karthik Jayaraj (CAY),1,0,0,0,0,0,0,0,0,0,0,0,0,Karthik Jayaraj,CAY
3221,Karthik Pillai (BUL),2,0,0,0,0,0,0,0,0,0,0,0,0,Karthik Pillai,BUL
3222,I Komba (SLE),1,0,0,0,0,0,0,0,0,0,0,0,0,I Komba,SLE
3223,SK Lahiri (Mex),2,0,0,0,0,0,0,0,0,0,0,0,0,SK Lahiri,Mex
3224,SE Leluma (LES),1,0,0,0,0,0,0,0,0,0,0,0,0,SE Leluma,LES
3225,B Schuster (Samoa),2,0,0,0,0,0,0,0,0,0,0,0,0,B Schuster,Samoa
3226,Lovedeep Singh (CYP),6,0,0,0,0,0,0,0,0,0,0,0,0,Lovedeep Singh,CYP
3227,JMJ Lynn (INA),1,0,0,0,0,0,0,0,0,0,0,0,0,JMJ Lynn,INA
3228,Maaz Patel (SWZ),1,0,0,0,0,0,0,0,0,0,0,0,0,Maaz Patel,SWZ
3229,P Madhukar (MAS),1,0,0,0,0,0,0,0,0,0,0,0,0,P Madhukar,MAS
3230,S Malla (NEP),1,0,0,0,0,0,0,0,0,0,0,0,0,S Malla,NEP
3231,V Manakitoga (Fiji),2,0,0,0,0,0,0,0,0,0,0,0,0,V Manakitoga,Fiji
3232,JK Masara (ZIM),1,0,0,0,0,0,0,0,0,0,0,0,0,JK Masara,ZIM
3233,J Matharu (CAN),2,0,0,0,0,0,0,0,0,0,0,0,0,J Matharu,CAN
3234,NP Mayavo (ZIM),1,0,0,0,0,0,0,0,0,0,0,0,0,NP Mayavo,ZIM
3235,RP Meredith (AUS),1,0,0,0,0,0,0,0,0,0,0,0,0,RP Meredith,AUS
3236,J Meza (CRC),1,0,0,0,0,0,0,0,0,0,0,0,0,J Meza,CRC
3237,J Mikulic (SVN),1,0,0,0,0,0,0,0,0,0,0,0,0,J Mikulic,SVN
3238,Mohammad Saleem (AFG),1,0,0,0,0,0,0,0,0,0,0,0,0,Mohammad Saleem,AFG
3239,K Mtunduwatha (MWI),1,0,0,0,0,0,0,0,0,0,0,0,0,K Mtunduwatha,MWI
3240,Mubasir Khan (PAK),1,0,0,0,0,0,0,0,0,0,0,0,0,Mubasir Khan,PAK
3241,Mubeen Tariq (POR),1,0,0,0,0,0,0,0,0,0,0,0,0,Mubeen Tariq,POR
3242,Muhammad Imran (FIN),1,0,0,0,0,0,0,0,0,0,0,0,0,Muhammad Imran,FIN
3243,Muhammad Saqib (KSA),5,0,0,0,0,0,0,0,0,0,0,0,0,Muhammad Saqib,KSA
3244,Mukesh Singh (Mex),1,0,0,0,0,0,0,0,0,0,0,0,0,Mukesh Singh,Mex
3245,Mustafa Atmaca (TKY),1,0,0,0,0,0,0,0,0,0,0,0,0,Mustafa Atmaca,TKY
3246,M Mwamadi (MWI),3,0,0,0,0,0,0,0,0,0,0,0,0,M Mwamadi,MWI
3247,I Mwebaze (UGA),2,0,0,0,0,0,0,0,0,0,0,0,0,I Mwebaze,UGA
3248,AS Nadkarni (USA),1,0,0,0,0,0,0,0,0,0,0,0,0,AS Nadkarni,USA
3249,Nahid Rana (BAN),1,0,0,0,0,0,0,0,0,0,0,0,0,Nahid Rana,BAN
3250,BM Narasimha (Mex),1,0,0,0,0,0,0,0,0,0,0,0,0,BM Narasimha,Mex
3251,RV Nascimento (BRA),2,0,0,0,0,0,0,0,0,0,0,0,0,RV Nascimento,BRA
3252,Ebrahim Naseri (AUT),2,0,0,0,0,0,0,0,0,0,0,0,0,Ebrahim Naseri,AUT
3253,Nathan Ingleston (PAN),2,0,0,0,0,0,0,0,0,0,0,0,0,Nathan Ingleston,PAN
3254,Naveed Shahid (FIN),2,0,0,0,0,0,0,0,0,0,0,0,0,Naveed Shahid,FIN
3255,S Nerandzic (SRB),1,0,0,0,0,0,0,0,0,0,0,0,0,S Nerandzic,SRB
3256,W Nkosana (BOT),1,0,0,0,0,0,0,0,0,0,0,0,0,W Nkosana,BOT
3257,Nooruddin Mujadady (GER),1,0,0,0,0,0,0,0,0,0,0,0,0,Nooruddin Mujadady,GER
3258,C Olphert (IRE),2,0,0,0,0,0,0,0,0,0,0,0,0,C Olphert,IRE
3259,Osman Khan (AUT),1,0,0,0,0,0,0,0,0,0,0,0,0,Osman Khan,AUT
3260,Paras Singh (HKG),3,0,0,0,0,0,0,0,0,0,0,0,0,Paras Singh,HKG
3261,B Passoni (BRA),1,0,0,0,0,0,0,0,0,0,0,0,0,B Passoni,BRA
3262,K Penjor (BHU),1,0,0,0,0,0,0,0,0,0,0,0,0,K Penjor,BHU
3263,MJ Potts (ENG),1,0,0,0,0,0,0,0,0,0,0,0,0,MJ Potts,ENG
3264,M Prasidh Krishna (IND),5,0,0,0,0,0,0,0,0,0,0,0,0,M Prasidh Krishna,IND
3265,T Pullman (JER),1,0,0,0,0,0,0,0,0,0,0,0,0,T Pullman,JER
3266,Rafaqat Ali (NOR),1,0,0,0,0,0,0,0,0,0,0,0,0,Rafaqat Ali,NOR
3267,Raag Kapur (HKG),3,0,0,0,0,0,0,0,0,0,0,0,0,Raag Kapur,HKG
3268,Rahim Khan (MAS),3,0,0,0,0,0,0,0,0,0,0,0,0,Rahim Khan,MAS
3269,Moshiur Rahman (EST),1,0,0,0,0,0,0,0,0,0,0,0,0,Moshiur Rahman,EST
3270,Ram Krishan (EST),1,0,0,0,0,0,0,0,0,0,0,0,0,Ram Krishan,EST
3271,G Raymond (COK),2,0,0,0,0,0,0,0,0,0,0,0,0,G Raymond,COK
3272,DDE Richardson (BER),1,0,0,0,0,0,0,0,0,0,0,0,0,DDE Richardson,BER
3273,G Richardson (JER),1,0,0,0,0,0,0,0,0,0,0,0,0,G Richardson,JER
3274,MJG Rippon (NZ),1,0,0,0,0,0,0,0,0,0,0,0,0,MJG Rippon,NZ
3275,I Roberts (Arg),4,0,0,0,0,0,0,0,0,0,0,0,0,I Roberts,Arg
3276,Robiul Khan (ESP),1,0,0,0,0,0,0,0,0,0,0,0,0,Robiul Khan,ESP
3277,O Rowe (Arg),1,0,0,0,0,0,0,0,0,0,0,0,0,O Rowe,Arg
3278,Shahbaz Ahmed (IND),2,0,0,0,0,0,0,0,0,0,0,0,0,Shahbaz Ahmed,IND
3279,B Sai Sudharsan (IND),1,0,0,0,0,0,0,0,0,0,0,0,0,B Sai Sudharsan,IND
3280,R Sai Kishore (IND),3,0,0,0,0,0,0,0,0,0,0,0,0,R Sai Kishore,IND
3281,Samiullah Shinwari (AFG),1,0,0,0,0,0,0,0,0,0,0,0,0,Samiullah Shinwari,AFG
3282,RSK Samson (VAN),2,0,0,0,0,0,0,0,0,0,0,0,0,RSK Samson,VAN
3283,Sandeep Nair (BUL),7,0,0,0,0,0,0,0,0,0,0,0,0,Sandeep Nair,BUL
3284,Saud (KSA),1,0,0,0,0,0,0,0,0,0,0,0,0,Saud,KSA
3285,A Sawyer (GIBR),3,0,0,0,0,0,0,0,0,0,0,0,0,A Sawyer,GIBR
3286,Sedik Sahak (SWE),2,0,0,0,0,0,0,0,0,0,0,0,0,Sedik Sahak,SWE
3287,Shahid Ahmadzai (CAN),2,0,0,0,0,0,0,0,0,0,0,0,0,Shahid Ahmadzai,CAN
3288,Shahzaib (KSA),6,0,0,0,0,0,0,0,0,0,0,0,0,Shahzaib,KSA
3289,C Simmonds (GUE),1,0,0,0,0,0,0,0,0,0,0,0,0,C Simmonds,GUE
3290,Z Simpson (GIBR),2,0,0,0,0,0,0,0,0,0,0,0,0,Z Simpson,GIBR
3291,S Singh (PHI),1,0,0,0,0,0,0,0,0,0,0,0,0,S Singh,PHI
3292,G Smith (CAY),3,0,0,0,0,0,0,0,0,0,0,0,0,G Smith,CAY
3293,Sumon Khan (BAN),1,0,0,0,0,0,0,0,0,0,0,0,0,Sumon Khan,BAN
3294,M Swack (CAY),4,0,0,0,0,0,0,0,0,0,0,0,0,M Swack,CAY
3295,Shayan Khan (EST),1,0,0,0,0,0,0,0,0,0,0,0,0,Shayan Khan,EST
3296,Syed Hussain (CYP),1,0,0,0,0,0,0,0,0,0,0,0,0,Syed Hussain,CYP
3297,Khaled Ahmed (BAN),1,0,0,0,0,0,0,0,0,0,0,0,0,Khaled Ahmed,BAN
3298,Taimur Khan (SWE),1,0,0,0,0,0,0,0,0,0,0,0,0,Taimur Khan,SWE
3299,K Tari (VAN),1,0,0,0,0,0,0,0,0,0,0,0,0,K Tari,VAN
3300,KB Tember (INA),2,0,0,0,0,0,0,0,0,0,0,0,0,KB Tember,INA
3301,N Thailappan (BHR),2,0,0,0,0,0,0,0,0,0,0,0,0,N Thailappan,BHR
3302,SN Thakur (IND),1,0,0,0,0,0,0,0,0,0,0,0,0,SN Thakur,IND
3303,VT Thiyanesh (SGP),1,0,0,0,0,0,0,0,0,0,0,0,0,VT Thiyanesh,SGP
3304,O Thomas (WI),1,0,0,0,0,0,0,0,0,0,0,0,0,O Thomas,WI
3305,D Tresac (SRB),1,0,0,0,0,0,0,0,0,0,0,0,0,D Tresac,SRB
3306,A Trivedi (LUX),1,0,0,0,0,0,0,0,0,0,0,0,0,A Trivedi,LUX
3307,JA Turner (ENG),2,0,0,0,0,0,0,0,0,0,0,0,0,JA Turner,ENG
3308,Usman Rafiq (USA),1,0,0,0,0,0,0,0,0,0,0,0,0,Usman Rafiq,USA
3309,TF van Woerkom (IRE),1,0,0,0,0,0,0,0,0,0,0,0,0,TF van Woerkom,IRE
3310,S Vats (LUX),2,0,0,0,0,0,0,0,0,0,0,0,0,S Vats,LUX
3311,TC Vine (ESP),1,0,0,0,0,0,0,0,0,0,0,0,0,TC Vine,ESP
3312,S Vithayathil (),2,0,0,0,0,0,0,0,0,0,0,0,0,S Vithayathil,
3313,D Vora (HKG),1,0,0,0,0,0,0,0,0,0,0,0,0,D Vora,HKG
3314,Wafadar Momand (AFG),2,0,0,0,0,0,0,0,0,0,0,0,0,Wafadar Momand,AFG
3315,M Walker (BER),1,0,0,0,0,0,0,0,0,0,0,0,0,M Walker,BER
3316,Wan Azam (MAS),1,0,0,0,0,0,0,0,0,0,0,0,0,Wan Azam,MAS
3317,Waqar Ali (CYP),10,0,0,0,0,0,0,0,0,0,0,0,0,Waqar Ali,CYP
3318,C Watuwa (UGA),2,0,0,0,0,0,0,0,0,0,0,0,0,C Watuwa,UGA
3319,IGTP Wiguna (INA),6,0,0,0,0,0,0,0,0,0,0,0,0,IGTP Wiguna,INA
3320,PPS Win (MYAN),3,0,0,0,0,0,0,0,0,0,0,0,0,PPS Win,MYAN
3321,JJ Wright (SWZ),1,0,0,0,0,0,0,0,0,0,0,0,0,JJ Wright,SWZ
3322,Yash Talati (KENYA),2,0,0,0,0,0,0,0,0,0,0,0,0,Yash Talati,KENYA
3323,Ye Ko Ko (MYAN),1,0,0,0,0,0,0,0,0,0,0,0,0,Ye Ko Ko,MYAN
3324,Zeeshan Abbas (BHR),3,0,0,0,0,0,0,0,0,0,0,0,0,Zeeshan Abbas,BHR
3325,Ziaur Rahman (AFG),5,0,0,0,0,0,0,0,0,0,0,0,0,Ziaur Rahman,AFG
3326,F Zirahangaje (RWN),2,0,0,0,0,0,0,0,0,0,0,0,0,F Zirahangaje,RWN
