,Player,Matches,Innings,Not_Out,Runs,Highest_Score,Average,Balls_Faced,SR,Hundreds,Fifties,Zeros,Fours,Sixes,Player_Name,Country
0,Muhammad Waseem (UAE),92,92,5,3190,112,36.66,2109,151.25,2,26,5,262,187,Muhammad Waseem,UAE
1,P Nissanka (SL),79,79,5,2346,107,31.7,1800,130.33,2,16,7,243,69,P Nissanka,SL
2,BKG Mendis (SL),73,73,6,2037,86,30.4,1539,132.35,0,15,5,189,73,BKG Mendis,SL
3,JC Buttler (ENG),60,60,4,1840,96,32.85,1181,155.8,0,13,6,186,81,JC Buttler,ENG
4,BJ Bennett (ZIM),54,54,4,1833,111,36.66,1272,144.1,1,12,2,212,55,BJ Bennett,ZIM
5,Babar Azam (PAK),61,61,7,1809,110*,33.5,1419,127.48,2,13,7,194,37,Babar Azam,PAK
6,Ibrahim Zadran (AFG),59,59,8,1781,95*,34.92,1540,115.64,0,16,1,167,41,Ibrahim Zadran,AFG
7,Mohammad Rizwan (PAK),49,49,9,1775,98*,44.37,1452,122.24,0,17,2,135,48,Mohammad Rizwan,PAK
8,Litton Das (BAN),72,71,4,1760,83,26.26,1371,128.37,0,12,2,168,54,Litton Das,BAN
9,Rahmanullah Gurbaz (AFG),69,69,0,1749,100,25.34,1301,134.43,1,10,8,141,87,Rahmanullah Gurbaz,AFG
10,S Ssesazi (UGA),70,70,8,1721,100*,27.75,1358,126.73,1,13,8,185,58,S Ssesazi,UGA
11,Karanbir Singh (AUT),37,37,3,1713,115,50.38,1010,169.6,2,16,2,147,136,Karanbir Singh,AUT
12,K Kadowaki-Fleming (JPN),48,48,4,1695,114,38.52,1185,143.03,2,11,1,132,85,K Kadowaki-Fleming,JPN
13,PD Salt (ENG),53,52,6,1649,141*,35.84,998,165.23,4,7,5,166,78,PD Salt,ENG
14,BA King (WI),68,68,4,1647,85*,25.73,1252,131.54,0,12,5,172,77,BA King,WI
15,Anshuman Rath (HKG),50,50,4,1612,100*,35.04,1261,127.83,1,10,2,170,33,Anshuman Rath,HKG
16,Sami Sohail (MWI),49,49,12,1595,96*,43.1,1256,126.99,0,11,3,136,57,Sami Sohail,MWI
17,Aasif Sheikh (NEP),66,66,2,1556,69,24.31,1315,118.32,0,9,2,145,56,Aasif Sheikh,NEP
18,K Bhurtel (NEP),63,63,5,1556,104*,26.82,1241,125.38,1,9,5,151,62,K Bhurtel,NEP
19,A Sharafu (UAE),45,45,6,1529,90*,39.2,1120,136.51,0,14,1,145,69,A Sharafu,UAE
20,Virandeep Singh (MAS),48,48,9,1527,116*,39.15,1164,131.18,1,12,4,141,60,Virandeep Singh,MAS
21,Abdul Waheed (KSA),49,49,5,1500,110,34.09,1123,133.57,1,8,1,148,50,Abdul Waheed,KSA
22,FH Allen (NZ),54,54,3,1498,137,29.37,885,169.26,3,6,4,126,107,FH Allen,NZ
23,Meet Bhavsar (KUW),56,56,4,1484,89,28.53,1138,130.4,0,12,3,131,49,Meet Bhavsar,KUW
24,P Kurup (BHR),62,62,4,1482,74,25.55,1341,110.51,0,7,2,158,36,P Kurup,BHR
25,TL Seifert (NZ),46,46,6,1474,97*,36.85,951,154.99,0,11,3,148,68,TL Seifert,NZ
26,RR Hendricks (SA),49,49,1,1455,117,30.31,1075,135.34,1,11,5,148,53,RR Hendricks,SA
27,R Sandaruwan (KUW),61,61,1,1439,102*,23.98,1027,140.11,1,8,5,119,85,R Sandaruwan,KUW
28,Nizakat Khan (HKG),67,66,7,1429,81,24.22,1207,118.39,0,8,3,107,47,Nizakat Khan,HKG
29,Faisal Khan (KSA),49,49,4,1405,101,31.22,818,171.76,1,9,6,142,86,Faisal Khan,KSA
30,Abhishek Sharma (IND),45,44,2,1386,135,33,734,188.82,2,9,6,133,93,Abhishek Sharma,IND
31,Syed Aziz (MAS),52,52,8,1356,126,30.81,948,143.03,1,7,4,112,83,Syed Aziz,MAS
32,D Ndikubwimana (RWN),70,69,4,1350,82*,20.76,1527,88.4,0,8,5,136,23,D Ndikubwimana,RWN
33,MR Marsh (AUS),46,45,7,1335,103*,35.13,859,155.41,1,7,2,124,78,MR Marsh,AUS
34,SI Runsewe (NGA),66,66,8,1314,80,22.65,1174,111.92,0,8,2,146,17,SI Runsewe,NGA
35,Asif Ali (BHR),51,50,4,1291,100*,28.06,931,138.66,1,8,6,109,81,Asif Ali,BHR
36,PR Stirling (IRE),67,67,4,1289,77,20.46,990,130.2,0,5,5,147,52,PR Stirling,IRE
37,Fiaz Ahmed (BHR),41,41,10,1280,105*,41.29,996,128.51,1,7,3,92,69,Fiaz Ahmed,BHR
38,Q de Kock (SA),48,48,2,1268,115,27.56,823,154.07,2,8,7,124,68,Q de Kock,SA
39,SD Hope (WI),44,44,7,1253,102*,33.86,897,139.68,1,9,2,93,73,SD Hope,WI
40,Sahibzada Farhan (PAK),40,40,2,1245,100*,32.76,893,139.41,2,10,3,106,65,Sahibzada Farhan,PAK
41,Saim Ayub (PAK),60,60,3,1241,98*,21.77,912,136.07,0,6,8,129,57,Saim Ayub,PAK
42,Bilal Zalmai (AUT),41,41,5,1226,79*,34.05,773,158.6,0,11,2,126,70,Bilal Zalmai,AUT
43,Zubaidi Zulkifle (MAS),62,62,3,1218,96,20.64,833,146.21,0,4,11,127,58,Zubaidi Zulkifle,MAS
44,AR Patwa (TAN),47,47,5,1208,79,28.76,988,122.26,0,6,2,150,34,AR Patwa,TAN
45,A Balbirnie (IRE),51,51,1,1199,77,23.98,980,122.34,0,8,3,117,51,A Balbirnie,IRE
46,MP O'Dowd (NED),46,46,4,1193,92*,28.4,997,119.65,0,8,2,127,28,MP O'Dowd,NED
47,GA Priandana (INA),59,59,10,1186,78*,24.2,1083,109.51,0,6,5,116,40,GA Priandana,INA
48,I Liyanage (QAT),43,43,3,1179,86,29.47,947,124.49,0,9,4,124,34,I Liyanage,QAT
49,HG Munsey (SCOT),34,34,2,1166,132,36.43,832,140.14,1,7,1,118,50,HG Munsey,SCOT
50,Ishan Kishan (IND),39,39,0,1161,103,29.76,788,147.33,1,8,2,117,61,Ishan Kishan,IND
51,T Marumani (ZIM),56,56,3,1158,86,21.84,859,134.8,0,7,4,130,41,T Marumani,ZIM
52,DK Kesuma (INA),61,60,8,1144,117*,22,983,116.37,3,1,5,125,43,DK Kesuma,INA
53,DP Conway (NZ),43,43,6,1137,92*,30.72,918,123.85,0,8,3,107,33,DP Conway,NZ
54,Tanzid Hasan (BAN),45,45,5,1120,89,28,875,128,0,11,6,101,52,Tanzid Hasan,BAN
55,RG Mukasa (UGA),45,45,4,1078,89,26.29,836,128.94,0,5,8,126,33,RG Mukasa,UGA
56,Taranjeet Singh (ROM),35,35,3,1075,110,33.59,707,152.05,1,4,0,129,49,Taranjeet Singh,ROM
57,II Selemani (TAN),51,51,3,1065,71,22.18,751,141.81,0,4,5,120,56,II Selemani,TAN
58,RG Sharma (IND),39,39,4,1027,121*,29.34,709,144.85,1,6,5,99,55,RG Sharma,IND
59,TM Head (AUS),36,36,1,1016,91,29.02,607,167.38,0,6,2,130,50,TM Head,AUS
60,N Pooran (WI),35,34,3,1006,98,32.45,701,143.5,0,7,1,64,73,N Pooran,WI
61,K Motlhanka (BOT),44,43,4,996,75*,25.53,975,102.15,0,5,2,102,17,K Motlhanka,BOT
62,Faheem Nazir (SUI),26,26,4,977,113,44.4,671,145.6,2,7,1,111,29,Faheem Nazir,SUI
63,AP Yadav (THA),40,40,6,974,79*,28.64,920,105.86,0,5,2,101,18,AP Yadav,THA
64,V Kohli (IND),30,30,6,961,122*,40.04,716,134.21,1,9,4,79,33,V Kohli,IND
65,Zeeshan Ali (HKG),32,32,3,960,101,33.1,667,143.92,1,6,0,111,37,Zeeshan Ali,HKG
66,M Levitt (NED),29,29,1,945,135,33.75,669,141.25,1,6,1,82,50,M Levitt,NED
67,E Dusingizimana (RWN),53,52,3,935,66*,19.08,879,106.37,0,4,5,93,32,E Dusingizimana,RWN
68,LJ Tucker (IRE),41,41,5,924,94*,25.66,717,128.87,0,7,5,95,21,LJ Tucker,IRE
69,Babar Hayat (HKG),37,37,3,910,86,26.76,695,130.93,0,6,3,44,66,Babar Hayat,HKG
70,A Johnson (CAN),31,31,3,910,121*,32.5,618,147.24,2,6,5,85,60,A Johnson,CAN
71,CO Obuya (KENYA),30,30,5,908,96*,36.32,667,136.13,0,5,2,68,61,CO Obuya,KENYA
72,CV Anto (KUW),43,43,5,905,75,23.81,609,148.6,0,3,1,59,66,CV Anto,KUW
73,Razmal Shigiwal (AUT),36,36,5,890,95*,28.7,649,137.13,0,4,4,83,31,Razmal Shigiwal,AUT
74,SV Samson (IND),28,28,2,885,111,34.03,506,174.9,3,4,5,84,57,SV Samson,IND
75,O Manishimwe (RWN),43,43,3,873,89*,21.82,869,100.46,0,6,6,99,21,O Manishimwe,RWN
76,AK Markram (SA),36,36,4,871,86*,27.21,598,145.65,0,5,1,88,38,AK Markram,SA
77,Shubman Gill (IND),36,36,5,869,126*,28.03,627,138.59,1,3,2,98,26,Shubman Gill,IND
78,R Satheesan (ROM),30,29,2,867,99*,32.11,633,136.96,0,5,2,88,42,R Satheesan,ROM
79,Muhammad Muneeb (BEL),35,35,1,855,73,25.14,672,127.23,0,5,6,95,31,Muhammad Muneeb,BEL
80,Ahmed Faiz (MAS),31,30,5,845,105*,33.8,631,133.91,1,5,2,65,39,Ahmed Faiz,MAS
81,RN Patel (KENYA),39,39,6,839,75,25.42,691,121.41,0,3,3,85,21,RN Patel,KENYA
82,NA Greenwood (JER),28,28,3,831,86*,33.24,563,147.6,0,4,2,90,25,NA Greenwood,JER
83,HAM Shah (DEN),23,23,1,831,100,37.77,644,129.03,1,7,2,76,25,HAM Shah,DEN
84,G Mckeon (Fran),23,23,1,830,109,37.72,576,144.09,2,4,1,72,42,G Mckeon,Fran
85,Aqib Ilyas (OMA),30,30,2,829,90,29.6,652,127.14,0,7,3,69,34,Aqib Ilyas,OMA
86,V Aravind (UAE),29,29,4,829,97*,33.16,716,115.78,0,6,4,87,19,V Aravind,UAE
87,Najmul Hossain Shanto (BAN),36,36,3,828,71,25.09,742,111.59,0,4,0,77,19,Najmul Hossain Shanto,BAN
88,L Yamamoto-Lake (JPN),41,41,3,825,134*,21.71,626,131.78,1,4,6,83,33,L Yamamoto-Lake,JPN
89,SA Yadav (IND),32,31,4,823,111*,30.48,514,160.11,1,5,3,80,45,SA Yadav,IND
90,Jatinder Singh (OMA),44,44,2,821,69,19.54,667,123.08,0,5,2,96,22,Jatinder Singh,OMA
91,MD Patel (USA),27,26,1,820,104,32.8,565,145.13,1,7,1,86,27,MD Patel,USA
92,KH Prajapati (OMA),44,44,5,819,74*,21,754,108.62,0,6,5,82,24,KH Prajapati,OMA
93,Saqlain Arshad (QAT),39,39,1,814,76,21.42,653,124.65,0,4,4,106,21,Saqlain Arshad,QAT
94,J Charles (WI),34,34,0,801,118,23.55,586,136.68,1,1,4,78,47,J Charles,WI
95,Selim Salau (NGA),32,32,0,793,112,24.78,716,110.75,1,1,1,74,18,Selim Salau,NGA
96,J Baker (CAY),22,22,3,783,94,41.21,606,129.2,0,8,0,69,44,J Baker,CAY
97,H Lakov (BUL),25,25,5,781,78,39.05,664,117.62,0,4,0,68,13,H Lakov,BUL
98,Adil Butt (SWZ),23,23,1,770,88*,35,474,162.44,0,7,1,81,42,Adil Butt,SWZ
99,AGS Gous (USA),26,26,1,770,81,30.8,539,142.85,0,6,1,67,42,AGS Gous,USA
100,RK Paudel (NEP),34,34,3,769,58,24.8,647,118.85,0,3,1,62,22,RK Paudel,NEP
101,A Dizija (SRB),36,36,1,758,92,21.65,665,113.98,0,6,3,71,28,A Dizija,SRB
102,KR Mayers (WI),38,37,1,748,73,20.77,557,134.29,0,3,1,68,49,KR Mayers,WI
103,Mohammad Ihsan (ESP),18,18,3,747,160,49.8,419,178.28,3,1,0,63,52,Mohammad Ihsan,ESP
104,Azyan Farhath (MDV),28,28,6,738,66*,33.54,860,85.81,0,5,0,57,12,Azyan Farhath,MDV
105,SR Mukkamalla (USA),21,21,3,737,100*,40.94,494,149.19,1,6,0,72,31,SR Mukkamalla,USA
106,RD Rickelton (SA),28,28,3,726,77*,29.04,486,149.38,0,4,2,57,40,RD Rickelton,SA
107,S Davizi (CZK-R),23,23,3,725,115*,36.25,522,138.88,2,3,1,85,24,S Davizi,CZK-R
108,YBK Jaiswal (IND),22,22,2,723,100,36.15,440,164.31,1,5,2,82,38,YBK Jaiswal,IND
109,DA Warner (AUS),22,22,2,723,81,36.15,482,150,0,7,0,87,23,DA Warner,AUS
110,Zeeshan Khan (MLT),26,26,1,722,115,28.88,552,130.79,1,3,1,85,21,Zeeshan Khan,MLT
111,B McMullen (SCOT),25,24,3,699,96,33.28,471,148.4,0,7,2,58,36,B McMullen,SCOT
112,Imran Anwar (BHR),33,33,1,697,87,21.78,539,129.31,0,4,6,43,51,Imran Anwar,BHR
113,O Tuyisenge (RWN),42,42,2,694,66,17.35,667,104.04,0,3,8,73,19,O Tuyisenge,RWN
114,Walid Ghauri (NOR),21,21,2,682,100*,35.89,569,119.85,1,4,0,64,22,Walid Ghauri,NOR
115,N Nipiko (VAN),23,23,4,677,100,35.63,516,131.2,1,4,0,62,29,N Nipiko,VAN
116,JP Inglis (AUS),25,25,2,675,110,29.34,400,168.75,2,2,3,76,28,JP Inglis,AUS
117,Fakhar Zaman (PAK),28,28,1,671,84,24.85,536,125.18,0,4,3,66,21,Fakhar Zaman,PAK
118,L Bruce (GIBR),33,33,2,665,99*,21.45,620,107.25,0,6,5,76,13,L Bruce,GIBR
119,CR Ervine (ZIM),34,34,2,662,70,20.68,619,106.94,0,5,4,67,11,CR Ervine,ZIM
120,A Vala (PNG),29,29,4,661,93*,26.44,534,123.78,0,4,1,61,21,A Vala,PNG
121,V Balakrishnan (BOT),25,25,1,659,101,27.45,555,118.73,2,2,0,66,24,V Balakrishnan,BOT
122,D Kansonkho (MWI),42,42,5,656,41,17.72,714,91.87,0,0,1,63,12,D Kansonkho,MWI
123,NT Tilak Varma (IND),20,20,6,649,120*,46.35,427,151.99,2,3,3,57,35,NT Tilak Varma,IND
124,DJ Malan (ENG),23,23,1,648,82,29.45,522,124.13,0,5,2,66,21,DJ Malan,ENG
125,Hamza Khan (RWN),34,34,4,648,75,21.6,631,102.69,0,3,3,49,23,Hamza Khan,RWN
126,BA Pai (GIBR),24,24,5,647,86*,34.05,570,113.5,0,4,2,65,10,BA Pai,GIBR
127,MDKJ Perera (SL),26,26,2,645,101,26.87,465,138.7,1,4,5,71,17,MDKJ Perera,SL
128,SKS Gill (LUX),25,25,1,639,67*,26.62,631,101.26,0,3,2,56,9,SKS Gill,LUX
129,J Butler (GUE),27,27,3,634,87,26.41,550,115.27,0,2,1,56,20,J Butler,GUE
130,N Davin (NAM),21,21,3,634,89,35.22,480,132.08,0,5,0,70,19,N Davin,NAM
131,NS Dhaliwal (CAN),28,27,2,633,70*,25.32,523,121.03,0,4,2,56,24,NS Dhaliwal,CAN
132,T Manders (BER),23,23,4,629,82,33.1,478,131.58,0,6,3,59,28,T Manders,BER
133,HL Carlyon (JER),28,28,0,614,110,21.92,474,129.53,1,2,2,67,20,HL Carlyon,JER
134,W Madhevere (ZIM),34,34,2,613,73*,19.15,549,111.65,0,3,4,78,4,W Madhevere,ZIM
135,R Ravindra (NZ),30,29,4,613,69,24.52,436,140.59,0,4,1,48,28,R Ravindra,NZ
136,Aritra Dutta (SGP),29,29,1,596,122,21.28,437,136.38,1,2,2,63,30,Aritra Dutta,SGP
137,Anjar Tadarus (INA),48,46,5,592,59*,14.43,668,88.62,0,1,7,57,13,Anjar Tadarus,INA
138,Khizer Ahmed (NOR),28,28,2,592,64*,22.76,490,120.81,0,2,3,60,17,Khizer Ahmed,NOR
139,YS Samra (CAN),20,19,3,586,110,36.62,367,159.67,1,3,0,56,33,YS Samra,CAN
140,Sarfaraz Ali (BHR),37,37,2,586,69*,16.74,456,128.5,0,3,4,54,40,Sarfaraz Ali,BHR
141,M Taylor (BHM),30,30,1,579,71*,19.96,603,96.01,0,3,4,56,23,M Taylor,BHM
142,Parvez Hossain Emon (BAN),29,29,1,574,100,20.5,440,130.45,1,3,7,49,36,Parvez Hossain Emon,BAN
143,V Ravindran (HUN),19,19,1,574,77,31.88,388,147.93,0,4,0,66,23,V Ravindran,HUN
144,C Chatphaisan (THA),38,38,2,568,70*,15.77,535,106.16,0,2,9,57,18,C Chatphaisan,THA
145,Dylan Steyn (CZK-R),21,21,0,568,106,27.04,429,132.4,1,2,0,68,8,Dylan Steyn,CZK-R
146,TS Bharaj (DEN),22,22,2,565,63,28.25,436,129.58,0,5,0,45,18,TS Bharaj,DEN
147,R Obuya (UGA),31,31,1,563,83,18.76,458,122.92,0,4,5,55,23,R Obuya,UGA
148,TB Robinson (NZ),21,21,3,561,106*,31.16,404,138.86,1,2,2,48,24,TB Robinson,NZ
149,Tenjin Rabgey (BHU),35,35,1,554,74,16.29,619,89.49,0,4,6,47,14,Tenjin Rabgey,BHU
150,Imal Zuwak (SWE),22,22,2,551,70,27.55,449,122.71,0,3,3,61,13,Imal Zuwak,SWE
151,JN Frylinck (NAM),24,24,1,550,134,23.91,383,143.6,1,1,1,66,17,JN Frylinck,NAM
152,RD Gaikwad (IND),17,17,4,549,123*,42.23,385,142.59,1,4,1,58,21,RD Gaikwad,IND
153,IA Karim (KENYA),16,16,6,543,63*,54.3,528,102.84,0,3,0,46,9,IA Karim,KENYA
154,A Sharma (UAE),21,21,2,543,74*,28.57,479,113.36,0,5,2,64,11,A Sharma,UAE
155,US Hathinjar (CAM),30,30,2,542,74*,19.35,464,116.81,0,4,6,50,27,US Hathinjar,CAM
156,Saim Hussain (BUL),15,15,2,538,108*,41.38,372,144.62,1,4,0,46,24,Saim Hussain,BUL
157,Basil George (MLT),21,21,2,537,103*,28.26,401,133.91,1,3,2,34,32,Basil George,MLT
158,TW Nightingale (GUE),26,26,1,537,75,21.48,410,130.97,0,3,2,46,24,TW Nightingale,GUE
159,Umar Adam (MDV),26,26,0,533,56,20.5,369,144.44,0,3,3,38,38,Umar Adam,MDV
160,LA Dunbar (SRB),18,18,2,532,117,33.25,424,125.47,1,2,1,46,30,LA Dunbar,SRB
161,Sediqullah Atal (AFG),25,25,2,532,73*,23.13,456,116.66,0,4,1,32,26,Sediqullah Atal,AFG
162,Luka Woods (SRB),13,13,2,528,112,48,369,143.08,1,4,1,39,30,Luka Woods,SRB
163,Iqbal Hossain (AUT),20,20,0,526,71,26.3,325,161.84,0,3,3,49,37,Iqbal Hossain,AUT
164,W Niyitanga (RWN),43,43,4,526,55*,13.48,637,82.57,0,2,4,39,15,W Niyitanga,RWN
165,KS Leverock (BER),11,11,1,525,103,52.5,323,162.53,1,3,0,48,30,KS Leverock,BER
166,Lakshit Gupta (CAM),22,22,3,521,62,27.42,530,98.3,0,3,0,45,16,Lakshit Gupta,CAM
167,Sohail Ahmed (BHR),19,19,10,519,76*,57.66,491,105.7,0,4,2,34,16,Sohail Ahmed,BHR
168,M Coetzee (HKG),24,24,0,514,102,21.41,377,136.33,1,3,2,71,12,M Coetzee,HKG
169,G Kansonkho (MWI),34,34,3,511,52,16.48,608,84.04,0,1,2,58,2,G Kansonkho,MWI
170,KS Williamson (NZ),15,15,2,511,61,39.3,416,122.83,0,4,0,39,12,KS Williamson,NZ
171,AS Samra (PHI),19,19,1,505,101,28.05,369,136.85,1,3,0,38,24,AS Samra,PHI
172,GR Adair (IRE),21,21,0,503,100,23.95,361,139.33,1,1,0,48,28,GR Adair,IRE
173,YSD Seneveratne (CAY),17,17,3,503,150*,35.92,398,126.38,1,3,0,38,27,YSD Seneveratne,CAY
174,Umer Toor (BHR),33,33,1,501,72,15.65,434,115.43,0,2,4,40,28,Umer Toor,BHR
175,R Mazumder (CYP),15,15,4,500,80*,45.45,439,113.89,0,4,1,63,3,R Mazumder,CYP
176,Hazratullah Zazai (AFG),25,25,2,498,59*,21.65,426,116.9,0,1,1,53,20,Hazratullah Zazai,AFG
177,Zeeshan Kukikhel (HUN),22,22,1,498,137,23.71,332,150,1,2,1,42,32,Zeeshan Kukikhel,HUN
178,Abbas Ghani (HUN),19,19,0,495,66,26.05,325,152.3,0,5,4,49,24,Abbas Ghani,HUN
179,HT Tector (IRE),17,17,3,489,96*,34.92,373,131.09,0,3,1,47,10,HT Tector,IRE
180,SR Taylor (USA),18,18,1,487,101*,28.64,369,131.97,1,2,2,54,21,SR Taylor,USA
181,J Mosca (ITA),24,24,3,486,72,23.14,348,139.65,0,4,2,54,16,J Mosca,ITA
182,P Baron (Arg),21,21,3,484,69*,26.88,405,119.5,0,4,0,58,12,P Baron,Arg
183,SS Iyer (IND),16,16,4,483,74*,40.25,339,142.47,0,5,1,43,19,SS Iyer,IND
184,Raghav Dhawan (UGA),19,19,2,483,54*,28.41,458,105.45,0,2,1,38,13,Raghav Dhawan,UGA
185,TC Barker (LUX),29,29,0,479,59,16.51,419,114.31,0,1,5,55,9,TC Barker,LUX
186,K Mishara (SL),21,21,2,476,76,25.05,367,129.7,0,3,2,45,20,K Mishara,SL
187,S Gooch (EST),13,13,1,466,72*,38.83,395,117.97,0,5,0,45,12,S Gooch,EST
188,TS Fray (BER),25,25,3,465,62*,21.13,493,94.32,0,2,0,35,8,TS Fray,BER
189,N Mugabe (KENYA),23,23,4,461,71,24.26,429,107.45,0,2,4,39,16,N Mugabe,KENYA
190,M Chadha (CAM),15,14,3,460,74,41.81,386,119.17,0,3,1,35,23,M Chadha,CAM
191,S Chandramohan (SGP),22,22,1,459,100,21.85,375,122.4,1,2,1,43,23,S Chandramohan,SGP
192,I Niyomugabo (RWN),21,21,4,449,59*,26.41,456,98.46,0,1,1,45,6,I Niyomugabo,RWN
193,JN Loftie-Eaton (NAM),20,19,0,447,65,23.52,317,141,0,1,0,49,15,JN Loftie-Eaton,NAM
194,AM Tribe (JER),12,12,2,447,73*,44.7,307,145.6,0,4,0,43,17,AM Tribe,JER
195,M van Lingen (NAM),22,22,0,446,67,20.27,373,119.57,0,2,2,54,12,M van Lingen,NAM
196,BFW de Leede (NED),16,16,5,445,91*,40.45,376,118.35,0,3,1,36,13,BFW de Leede,NED
197,AJ Finch (AUS),18,18,2,442,63,27.62,367,120.43,0,3,1,42,11,AJ Finch,AUS
198,JP Kotze (NAM),21,21,1,441,78,22.05,334,132.03,0,2,5,53,20,JP Kotze,NAM
199,RR Rossouw (SA),14,13,2,440,109,40,243,181.06,2,1,3,40,27,RR Rossouw,SA
200,PA Raikes (GIBR),12,12,1,438,74*,39.81,324,135.18,0,4,0,42,19,PA Raikes,GIBR
201,TP Ura (PNG),21,21,1,437,62,21.85,309,141.42,0,4,1,40,21,TP Ura,PNG
202,J Bulele (MOZ),16,16,2,436,62*,31.14,456,95.61,0,3,0,55,2,J Bulele,MOZ
203,KL Rahul (IND),16,16,1,434,62,28.93,343,126.53,0,6,1,27,26,KL Rahul,IND
204,F Damiao Couana (MOZ),17,17,1,430,67,26.87,371,115.9,0,3,1,50,9,F Damiao Couana,MOZ
205,AD Hales (ENG),15,15,1,430,86*,30.71,296,145.27,0,4,1,50,15,AD Hales,ENG
206,Muhammad Amir (MAS),25,24,1,430,80,18.69,367,117.16,0,2,4,44,13,Muhammad Amir,MAS
207,RA Sealy (CAY),18,18,2,427,73*,26.68,279,153.04,0,2,2,24,31,RA Sealy,CAY
208,AP Rajeevan (TAN),15,15,2,423,63,32.53,352,120.17,0,4,0,41,10,AP Rajeevan,TAN
209,Arun Yadav (TAN),11,11,1,421,86,42.1,274,153.64,0,3,0,48,19,Arun Yadav,TAN
210,S Singh (KENYA),22,22,4,420,54*,23.33,413,101.69,0,1,1,49,3,S Singh,KENYA
211,Mohammad Haris (PAK),21,21,1,417,107*,20.85,291,143.29,1,1,3,40,22,Mohammad Haris,PAK
212,M Gogev (BUL),11,11,1,416,77*,41.6,254,163.77,0,4,0,35,29,M Gogev,BUL
213,Kuldeep (POR),14,14,1,416,80,32,257,161.86,0,3,0,39,25,Kuldeep,POR
214,AR Naidoo (CAY),18,18,1,414,53*,24.35,389,106.42,0,1,2,37,11,AR Naidoo,CAY
215,JJ Huo (MOZ),20,20,4,413,107*,25.81,361,114.4,1,0,0,43,11,JJ Huo,MOZ
216,Aman Desai (SGP),28,28,0,411,64,14.67,350,117.42,0,2,5,40,13,Aman Desai,SGP
217,Ali Raza (BEL),22,22,0,410,64,18.63,250,164,0,2,2,47,24,Ali Raza,BEL
218,KJ Stagno (GIBR),9,9,0,408,101,45.33,208,196.15,1,2,0,27,35,KJ Stagno,GIBR
219,Naseem Khushi (OMA),15,15,0,405,69,27,227,178.41,0,3,1,32,30,Naseem Khushi,OMA
220,Zubair Ali (QAT),14,14,2,405,86,33.75,333,121.62,0,5,4,34,15,Zubair Ali,QAT
221,DS Bajwa (CAN),16,16,2,399,56,28.5,303,131.68,0,4,2,37,14,DS Bajwa,CAN
222,WAE Burton (SRB),19,19,3,398,84*,24.87,247,161.13,0,2,5,40,27,WAE Burton,SRB
223,MTMMJ Ave (COK),12,12,5,395,92*,56.42,333,118.61,0,3,0,36,15,MTMMJ Ave,COK
224,SO Hetmyer (WI),11,11,2,394,85,43.77,213,184.97,0,3,0,25,30,SO Hetmyer,WI
225,S Ivetic (SRB),13,13,4,394,65*,43.77,412,95.63,0,3,0,28,11,S Ivetic,SRB
226,SP Gomes (POR),12,12,4,386,82*,48.25,284,135.91,0,4,2,37,10,SP Gomes,POR
227,M Podosky (PHI),17,17,1,386,101,24.12,321,120.24,1,1,1,35,20,M Podosky,PHI
228,Namgay Thinley (BHU),26,26,1,385,100,15.4,309,124.59,1,0,1,32,20,Namgay Thinley,BHU
229,Chirag Suri (UAE),15,15,1,383,88,27.35,320,119.68,0,3,2,43,10,Chirag Suri,UAE
230,WG Jacks (ENG),21,21,0,383,40,18.23,280,136.78,0,0,1,40,15,WG Jacks,ENG
231,Aamir Kaleem (OMA),22,22,1,382,72*,18.19,317,120.5,0,3,2,45,8,Aamir Kaleem,OMA
232,Asif Khan (UAE),14,14,1,382,79,29.38,261,146.36,0,2,0,20,28,Asif Khan,UAE
233,Aziz Mohammad (BEL),16,16,0,381,72,23.81,274,139.05,0,3,1,41,21,Aziz Mohammad,BEL
234,R Lutaaya (UGA),26,26,0,380,70,14.61,299,127.09,0,1,5,43,9,R Lutaaya,UGA
235,Zahir Mohammed (HUN),14,14,0,380,85,27.14,215,176.74,0,3,0,26,31,Zahir Mohammed,HUN
236,O Harvey (GHA),20,19,3,379,107*,23.68,397,95.46,1,0,3,23,12,O Harvey,GHA
237,E Lewis (WI),17,17,1,376,91,23.5,268,140.29,0,3,2,31,26,E Lewis,WI
238,SKA Awiah (GHA),20,20,2,375,96*,20.83,377,99.46,0,1,1,40,7,SKA Awiah,GHA
239,AJ Mosca (ITA),11,11,4,374,70*,53.42,270,138.51,0,3,1,28,19,AJ Mosca,ITA
240,Musaddiq Ahmed (GER),10,10,0,374,107,37.4,211,177.25,1,1,0,47,22,Musaddiq Ahmed,GER
241,RR Sharan (CAM),22,22,2,374,86*,18.7,411,90.99,0,2,5,29,20,RR Sharan,CAM
242,Mohammad Ahnaff (QAT),15,15,2,373,60*,28.69,319,116.92,0,3,0,28,20,Mohammad Ahnaff,QAT
243,A Turay (SLE),23,23,2,370,78*,17.61,361,102.49,0,1,2,41,6,A Turay,SLE
244,OJ Hairs (SCOT),17,17,1,367,127*,22.93,220,166.81,1,2,3,39,22,OJ Hairs,SCOT
245,Ali Masood (EST),20,20,1,366,69*,19.26,373,98.12,0,2,0,33,7,Ali Masood,EST
246,MA Jones (SCOT),15,15,1,366,86,26.14,264,138.63,0,2,1,34,17,MA Jones,SCOT
247,Yasir Ali (ESP),19,19,3,364,65*,22.75,364,100,0,2,1,31,8,Yasir Ali,ESP
248,DC Smith (PHI),16,16,0,362,68,22.62,249,145.38,0,2,3,36,18,DC Smith,PHI
249,Salman Agha (PAK),14,14,1,357,76,27.46,221,161.53,0,2,0,37,18,Salman Agha,PAK
250,MB Kruger (NAM),20,20,1,357,59*,18.78,327,109.17,0,1,0,36,13,MB Kruger,NAM
251,S Muniandy (MAS),18,18,1,357,60*,21,330,108.18,0,1,1,32,7,S Muniandy,MAS
252,M Campopiano (ITA),11,11,3,356,87*,44.5,295,120.67,0,3,1,29,10,M Campopiano,ITA
253,Pargat Singh (CAN),20,18,0,354,89,19.66,291,121.64,0,2,3,30,13,Pargat Singh,CAN
254,IA De Silva (BUL),13,13,0,353,59,27.15,308,114.61,0,3,1,33,17,IA De Silva,BUL
255,V Ganesan (GER),15,15,2,350,61*,26.92,278,125.89,0,2,1,52,1,V Ganesan,GER
256,B Fitchet (GUE),20,20,0,349,41,17.45,286,122.02,0,0,0,44,11,B Fitchet,GUE
257,Raza Iqbal (NOR),19,19,1,349,64*,19.38,268,130.22,0,4,4,42,8,Raza Iqbal,NOR
258,A Limdawala (MWI),17,17,0,345,68,20.29,346,99.71,0,2,1,31,13,A Limdawala,MWI
259,Habib Khan (EST),13,13,0,339,90,26.07,243,139.5,0,1,1,33,17,Habib Khan,EST
260,Vikramjit Singh (NED),23,23,0,339,52,14.73,311,109,0,1,3,29,14,Vikramjit Singh,NED
261,Ahmed Hassan (SUI),15,15,1,338,59,24.14,275,122.9,0,1,0,20,21,Ahmed Hassan,SUI
262,D Doyle-Calle (ESP),17,16,1,337,50,22.46,275,122.54,0,1,0,29,16,D Doyle-Calle,ESP
263,Pyae Phyo Wai (MYAN),23,23,0,335,52,14.56,402,83.33,0,1,2,22,5,Pyae Phyo Wai,MYAN
264,D Myers (ZIM),20,20,1,334,96,17.57,265,126.03,0,1,2,30,13,D Myers,ZIM
265,S Bau (PNG),12,12,2,333,85,33.3,264,126.13,0,3,1,41,7,S Bau,PNG
266,JW Jenner (JER),9,9,1,332,80*,41.5,178,186.51,0,2,1,34,14,JW Jenner,JER
267,ND Laegsgaard (DEN),15,15,1,330,91,23.57,207,159.42,0,2,4,32,20,ND Laegsgaard,DEN
268,P Sharma (KENYA),22,22,2,330,43,16.5,314,105.09,0,0,1,39,6,P Sharma,KENYA
269,NG Collins (FIN),14,14,0,329,79,23.5,337,97.62,0,1,0,27,6,NG Collins,FIN
270,A Athanaze (WI),14,14,0,328,60,23.42,257,127.62,0,2,0,32,17,A Athanaze,WI
271,MW Short (AUS),17,17,1,325,66,20.31,208,156.25,0,1,1,31,18,MW Short,AUS
272,D Visser (Samoa),12,12,3,325,110*,36.11,229,141.92,2,0,1,41,12,D Visser,Samoa
273,AN Lascu (ROM),11,11,4,324,72*,46.28,220,147.27,0,3,0,43,13,AN Lascu,ROM
274,Sikandar Raza (ZIM),8,8,1,323,82,46.14,205,157.56,0,4,1,22,25,Sikandar Raza,ZIM
275,R Dianish (MLT),18,18,1,322,58,18.94,290,111.03,0,1,2,33,11,R Dianish,MLT
276,T Sandeep (SWZ),16,16,3,321,68,24.69,296,108.44,0,2,1,42,3,T Sandeep,SWZ
277,S Pradhan (BHU),20,20,0,314,59,15.7,350,89.71,0,1,1,37,3,S Pradhan,BHU
278,SC Williams (ZIM),13,13,1,314,60,26.16,235,133.61,0,2,1,36,5,SC Williams,ZIM
279,Aslam Khan (MAS),14,14,1,313,77,24.07,173,180.92,0,1,0,37,21,Aslam Khan,MAS
280,CJA Amini (PNG),14,14,1,309,91*,23.76,273,113.18,0,2,3,36,5,CJA Amini,PNG
281,SG Mangela (UGA),13,13,1,309,65*,25.75,257,120.23,0,2,1,29,4,SG Mangela,UGA
282,T Parima (COK),12,12,0,306,104,25.5,222,137.83,1,0,1,30,16,T Parima,COK
283,Talha Khan (GER),14,14,2,306,69*,25.5,268,114.17,0,2,2,23,9,Talha Khan,GER
284,Saif Hassan (BAN),13,13,1,305,69,25.41,237,128.69,0,3,2,15,23,Saif Hassan,BAN
285,Arslan Amjad (EST),19,19,1,304,63,16.88,294,103.4,0,2,4,23,11,Arslan Amjad,EST
286,I Danladi (NGA),13,13,1,303,64,25.25,250,121.2,0,2,0,27,10,I Danladi,NGA
287,Shoaib Khan (OMA),17,17,3,303,57,21.64,264,114.77,0,1,4,30,11,Shoaib Khan,OMA
288,BN Toube (CAM),15,15,1,303,49,21.64,308,98.37,0,0,0,36,8,BN Toube,CAM
289,AK Mohan (FIN),20,20,1,302,67*,15.89,353,85.55,0,2,2,18,11,AK Mohan,FIN
290,MS Chapman (NZ),15,15,1,300,94,21.42,215,139.53,0,2,2,23,16,MS Chapman,NZ
291,Muhammad Siddiqui (SVN),15,15,0,298,48,19.86,256,116.4,0,0,1,28,14,Muhammad Siddiqui,SVN
292,A Mundra (SWE),14,14,2,296,56*,24.66,207,142.99,0,1,1,32,15,A Mundra,SWE
293,Soumya Sarkar (BAN),18,18,1,294,43*,17.29,242,121.48,0,0,3,29,11,Soumya Sarkar,BAN
294,HB Dickson (COK),14,14,1,292,112*,22.46,208,140.38,1,1,3,31,11,HB Dickson,COK
295,HA Jackson (Fran),15,15,0,289,50,19.26,291,99.31,0,1,1,24,4,HA Jackson,Fran
296,JP Kaltapau (VAN),14,14,0,289,60,20.64,280,103.21,0,1,1,29,2,JP Kaltapau,VAN
297,J Broad (GER),9,9,2,288,62,41.14,241,119.5,0,3,0,26,3,J Broad,GER
298,Muhammad Haziq Aiman (MAS),12,12,0,288,113,24,162,177.77,1,0,2,26,21,Muhammad Haziq Aiman,MAS
299,Usman Khalid (KSA),12,12,1,284,75*,25.81,251,113.14,0,2,0,23,10,Usman Khalid,KSA
300,Muhammad Asim (Zamb),8,8,0,282,60,35.25,226,124.77,0,2,0,30,18,Muhammad Asim,Zamb
301,JG Bethell (ENG),14,14,0,282,55,20.14,209,134.92,0,1,0,27,14,JG Bethell,ENG
302,Muhammad Zohaib (UAE),15,15,1,282,50,20.14,279,101.07,0,1,0,28,6,Muhammad Zohaib,UAE
303,S Desungnoen (THA),29,29,2,280,42,10.37,342,81.87,0,0,5,25,9,S Desungnoen,THA
304,OE Olaleye (NGA),15,15,1,280,46*,20,270,103.7,0,0,1,21,7,OE Olaleye,NGA
305,Shah Abrar Hussain (CAM),10,10,1,279,74*,31,261,106.89,0,1,1,17,14,Shah Abrar Hussain,CAM
306,MG Erasmus (NAM),15,15,1,278,58,19.85,278,100,0,1,0,21,7,MG Erasmus,NAM
307,KD Abeyrathna (NOR),16,16,2,275,45,19.64,281,97.86,0,0,0,31,3,KD Abeyrathna,NOR
308,DM de Silva (SL),14,14,2,274,66*,22.83,222,123.42,0,1,2,27,5,DM de Silva,SL
309,Kushal Malla (NEP),11,11,1,274,137*,27.4,166,165.06,1,1,1,17,21,Kushal Malla,NEP
310,JA Burns (ITA),8,8,2,271,108*,45.16,195,138.97,1,1,1,26,10,JA Burns,ITA
311,J van Heerden (GER),9,9,3,271,53*,45.16,225,120.44,0,1,0,36,2,J van Heerden,GER
312,Gulbadin Naib (AFG),12,12,2,270,63,27,188,143.61,0,3,3,22,15,Gulbadin Naib,AFG
313,M Spoors (CAN),9,9,2,269,108*,38.42,225,119.55,1,1,1,30,6,M Spoors,CAN
314,Isa Zaroo (BUL),13,13,1,268,78*,22.33,192,139.58,0,2,1,33,11,Isa Zaroo,BUL
315,L Siaka (PNG),20,20,1,268,45,14.1,220,121.81,0,0,3,19,12,L Siaka,PNG
316,M Simpson-Parker (AUT),19,19,0,268,55,14.1,287,93.37,0,1,2,28,4,M Simpson-Parker,AUT
317,Imran Ali Butt (BHR),13,13,1,266,50,22.16,270,98.51,0,1,0,27,6,Imran Ali Butt,BHR
318,R Nehonde (BOT),10,10,2,266,49,33.25,274,97.08,0,0,0,19,4,R Nehonde,BOT
319,C Green (AUS),14,14,0,263,61,18.78,175,150.28,0,2,1,26,13,C Green,AUS
320,I Kaia (ZIM),16,16,0,263,54,16.43,255,103.13,0,1,1,25,5,I Kaia,ZIM
321,PS Athavale (OMA),12,12,1,262,54,23.81,211,124.17,0,2,1,30,6,PS Athavale,OMA
322,BI Dilruksha (SKOR),12,12,0,261,71,21.75,233,112.01,0,1,0,26,9,BI Dilruksha,SKOR
323,RB Patel (UGA),16,16,1,259,60*,17.26,306,84.64,0,1,1,35,1,RB Patel,UGA
324,IDA Damarell (GUE),12,12,2,257,51,25.7,247,104.04,0,1,0,26,5,IDA Damarell,GUE
325,DM Gondaria (KENYA),13,13,0,255,60,19.61,234,108.97,0,1,0,33,1,DM Gondaria,KENYA
326,Kashif Siddique (KSA),11,11,0,254,57,23.09,184,138.04,0,2,1,39,6,Kashif Siddique,KSA
327,D Ajekun (NGA),20,20,2,251,36,13.94,324,77.46,0,0,2,18,1,D Ajekun,NGA
328,JK Vifah (GHA),15,15,1,251,63*,17.92,234,107.26,0,2,1,20,6,JK Vifah,GHA
329,Ameer Saiyed (BOT),12,12,0,249,55,20.75,238,104.62,0,1,0,25,6,Ameer Saiyed,BOT
330,BM Pecic (SRB),9,9,1,247,102,30.87,151,163.57,1,1,0,22,13,BM Pecic,SRB
331,B Niaz (BEL),13,13,0,246,53,18.92,215,114.41,0,1,1,27,8,B Niaz,BEL
332,Hammad Mirza (OMA),12,12,1,244,51,22.18,228,107.01,0,2,1,26,6,Hammad Mirza,OMA
333,Mukhtar Ghulami (Fran),14,14,1,244,46,18.76,215,113.48,0,0,1,19,12,Mukhtar Ghulami,Fran
334,Shan Masood (PAK),10,10,1,244,56,27.11,209,116.74,0,2,2,22,2,Shan Masood,PAK
335,DJ Hooda (IND),5,5,1,243,104,60.75,147,165.3,1,0,0,23,12,DJ Hooda,IND
336,RR Pant (IND),13,13,1,242,42,20.16,186,130.1,0,0,1,29,9,RR Pant,IND
337,VS Padhaal (FIN),14,14,1,240,58,18.46,208,115.38,0,1,2,28,3,VS Padhaal,FIN
338,MJ Richardson (GER),11,11,2,240,59*,26.66,224,107.14,0,1,0,21,4,MJ Richardson,GER
339,Fanyan Mughal (MLT),14,14,1,238,56,18.3,213,111.73,0,1,0,22,12,Fanyan Mughal,MLT
340,BRM Taylor (ZIM),10,10,0,237,123,23.7,158,150,1,0,1,27,6,BRM Taylor,ZIM
341,Y Jalloh (SLE),16,16,1,235,72,15.66,276,85.14,0,2,3,19,1,Y Jalloh,SLE
342,R Rohan (SGP),19,19,0,235,46,12.36,280,83.92,0,0,3,22,7,R Rohan,SGP
343,D Norotam (POR),7,7,0,233,84,33.28,161,144.72,0,2,0,21,13,D Norotam,POR
344,NM Odhiambo (KENYA),11,11,0,233,67,21.18,181,128.72,0,1,1,25,6,NM Odhiambo,KENYA
345,SSM Stanislaus (MLT),9,9,0,233,62,25.88,230,101.3,0,1,0,17,8,SSM Stanislaus,MLT
346,MJ Guptill (NZ),10,10,0,232,45,23.2,189,122.75,0,0,0,22,8,MJ Guptill,NZ
347,GE Ngegba (SLE),20,20,3,227,38*,13.35,255,89.01,0,0,4,28,1,GE Ngegba,SLE
348,Shayan Jahangir (USA),10,10,2,227,49,28.37,183,124.04,0,0,1,21,8,Shayan Jahangir,USA
349,S Houghton (CRT),11,11,0,226,88,20.54,241,93.77,0,1,2,18,7,S Houghton,CRT
350,JM Bairstow (ENG),7,6,1,222,86*,44.4,157,141.4,0,2,0,19,12,JM Bairstow,ENG
351,Ilyas Ataullah (TKY),9,9,0,222,86,24.66,152,146.05,0,1,2,24,14,Ilyas Ataullah,TKY
352,M Raikes (GIBR),5,5,1,222,85,55.5,138,160.86,0,3,0,24,10,M Raikes,GIBR
353,B Arora (MLT),13,13,0,220,60,16.92,253,86.95,0,1,0,21,3,B Arora,MLT
354,A Ashokan (CZK-R),7,7,1,220,50*,36.66,191,115.18,0,1,0,12,7,A Ashokan,CZK-R
355,G Burrows (IOM),7,7,2,220,69*,44,178,123.59,0,3,0,22,4,G Burrows,IOM
356,A Shreshta (NGA),9,9,2,220,76,31.42,200,110,0,1,0,23,2,A Shreshta,NGA
357,Abhijeet Ahuja (HUN),13,13,0,216,75,16.61,227,95.15,0,1,2,14,5,Abhijeet Ahuja,HUN
358,Amar Naeem (AUT),12,12,1,216,66,19.63,185,116.75,0,1,0,19,12,Amar Naeem,AUT
359,PV Vuniwaqa (Fiji),7,7,0,216,45,30.85,132,163.63,0,0,1,16,19,PV Vuniwaqa,Fiji
360,A Mansale (VAN),9,9,0,215,82,23.88,169,127.21,0,2,1,20,7,A Mansale,VAN
361,SJ Cotter (Samoa),13,13,1,214,51,17.83,202,105.94,0,1,2,25,4,SJ Cotter,Samoa
362,Gaurav Tiwari (INA),11,11,3,214,56*,26.75,215,99.53,0,1,1,22,5,Gaurav Tiwari,INA
363,DMW Rawlins (BER),6,6,3,214,70,71.33,132,162.12,0,3,0,13,17,DMW Rawlins,BER
364,MO Kitunda (TAN),17,17,1,213,46,13.31,221,96.38,0,0,3,18,6,MO Kitunda,TAN
365,BM Duckett (ENG),9,9,0,212,84,23.55,127,166.92,0,2,2,29,6,BM Duckett,ENG
366,AUKDS Kalugala (CYP),14,14,0,212,42,15.14,182,116.48,0,0,1,25,7,AUKDS Kalugala,CYP
367,A McAuley (IOM),14,14,0,212,50,15.14,247,85.82,0,1,2,16,1,A McAuley,IOM
368,Osama Mahmood (SUI),10,10,1,212,53*,23.55,194,109.27,0,1,1,20,3,Osama Mahmood,SUI
369,L Steenkamp (NAM),9,9,0,212,58,23.55,165,128.48,0,2,0,21,7,L Steenkamp,NAM
370,Muhammad Fahad (TKY),4,4,0,211,120,52.75,89,237.07,1,1,1,21,17,Muhammad Fahad,TKY
371,CPPM Sadun (CYP),9,9,1,210,52*,26.25,211,99.52,0,1,0,17,3,CPPM Sadun,CYP
372,ZXM Vukusic (CRT),8,8,0,210,53,26.25,161,130.43,0,1,0,14,12,ZXM Vukusic,CRT
373,Abhishek Anand (JPN),12,12,1,208,55,18.9,176,118.18,0,1,1,18,13,Abhishek Anand,JPN
374,J Bangura (SLE),14,14,2,208,52*,17.33,222,93.69,0,1,2,18,4,J Bangura,SLE
375,A Augastin (TAN),9,8,1,207,61*,29.57,180,115,0,3,1,26,5,A Augastin,TAN
376,IK Gamantika (INA),15,15,1,206,38,14.71,233,88.41,0,0,1,15,5,IK Gamantika,INA
377,P Pushparajan (MLT),9,9,0,206,103,22.88,132,156.06,1,0,1,16,13,P Pushparajan,MLT
378,JJ Roy (ENG),11,11,0,206,52,18.72,198,104.04,0,1,1,17,10,JJ Roy,ENG
379,R Baaleri (GHA),13,13,3,204,56*,20.4,244,83.6,0,2,0,13,2,R Baaleri,GHA
380,A Ferguson (Arg),9,8,0,204,50,25.5,243,83.95,0,1,0,21,1,A Ferguson,Arg
381,P Heron (CAY),9,9,2,203,59,29,194,104.63,0,2,1,12,6,P Heron,CAY
382,DR Patankar (MLT),15,15,0,203,54,13.53,194,104.63,0,1,0,20,6,DR Patankar,MLT
383,RR Patel (KENYA),7,7,1,203,65,33.83,140,145,0,2,1,22,9,RR Patel,KENYA
384,Rony Talukdar (BAN),9,9,0,203,67,22.55,143,141.95,0,1,0,24,6,Rony Talukdar,BAN
385,N Knights (IOM),12,12,0,201,69,16.75,145,138.62,0,2,3,19,10,N Knights,IOM
386,Maaz Khan (LES),9,9,0,201,61,22.33,137,146.71,0,1,2,23,8,Maaz Khan,LES
387,W Miyauchi (JPN),9,8,0,201,72,25.12,177,113.55,0,2,1,24,1,W Miyauchi,JPN
388,LG Pretorius (SA),12,12,0,200,51,16.66,151,132.45,0,1,2,27,4,LG Pretorius,SA
389,KC Ramamoorthy (INA),12,12,0,200,33,16.66,165,121.21,0,0,2,17,9,KC Ramamoorthy,INA
390,S Ghimire (POR),6,6,1,199,53*,39.8,180,110.55,0,1,0,25,0,S Ghimire,POR
391,A Halbhavi (LUX),15,15,0,199,48,13.26,171,116.37,0,0,5,25,3,A Halbhavi,LUX
392,Y Saranonnakkun (THA),23,23,0,199,25,8.65,231,86.14,0,0,3,17,7,Y Saranonnakkun,THA
393,KK Lin Thu (MYAN),23,23,2,198,71,9.42,276,71.73,0,1,3,18,3,KK Lin Thu,MYAN
394,V Saini (ROM),9,9,2,198,91*,28.28,151,131.12,0,1,2,14,7,V Saini,ROM
395,Arjun Vinod (SUI),13,13,2,198,67,18,191,103.66,0,1,2,23,2,Arjun Vinod,SUI
396,G Stewart (ITA),4,4,0,197,76,49.25,110,179.09,0,2,0,15,17,G Stewart,ITA
397,T Suri (UAE),9,9,0,197,77,21.88,176,111.93,0,1,3,19,3,T Suri,UAE
398,G Thakur (MLT),8,8,1,197,62,28.14,152,129.6,0,1,0,23,5,G Thakur,MLT
399,HER Tyler (PHI),15,15,0,197,38,13.13,156,126.28,0,0,3,18,12,HER Tyler,PHI
400,GT Taylor (BHM),13,13,1,196,56*,16.33,221,88.68,0,1,2,19,10,GT Taylor,BHM
401,TWM Latham (NZ),8,8,1,194,64,27.71,171,113.45,0,1,1,20,3,TWM Latham,NZ
402,RW Chakabva (ZIM),17,17,0,193,31,11.35,169,114.2,0,0,4,26,6,RW Chakabva,ZIM
403,Manan Ali (KSA),12,11,1,193,52*,19.3,140,137.85,0,1,1,12,11,Manan Ali,KSA
404,T Perera (BOT),10,9,3,193,48,32.16,184,104.89,0,0,0,15,6,T Perera,BOT
405,RM Dorji (BHU),11,11,0,192,57,17.45,170,112.94,0,1,0,16,7,RM Dorji,BHU
406,Idrees Ul Haque (SUI),12,12,0,192,55,16,173,110.98,0,1,0,26,4,Idrees Ul Haque,SUI
407,Adnan Idrees (KUW),20,20,0,191,31,9.55,165,115.75,0,0,4,19,10,Adnan Idrees,KUW
408,Imran Asif (AUT),10,10,0,191,102,19.1,186,102.68,1,0,1,18,10,Imran Asif,AUT
409,AK Sah (NEP),12,12,0,191,41,15.91,158,120.88,0,0,1,16,11,AK Sah,NEP
410,M Kasselman (BOT),13,13,2,190,51,17.27,184,103.26,0,1,2,16,6,M Kasselman,BOT
411,Umar Nawaz (SWE),9,9,0,189,56,21,188,100.53,0,1,0,16,9,Umar Nawaz,SWE
412,Ali Nadeem (CAN),6,6,2,188,89,47,131,143.51,0,2,0,15,8,Ali Nadeem,CAN
413,Luqman Butt (CAM),8,8,1,188,41*,26.85,123,152.84,0,0,0,11,12,Luqman Butt,CAM
414,Shakib Al Hasan (BAN),7,7,2,188,68*,37.6,137,137.22,0,1,0,18,7,Shakib Al Hasan,BAN
415,CJ Bowes (NZ),11,11,0,187,54,17,156,119.87,0,1,1,27,2,CJ Bowes,NZ
416,GJ Delany (IRE),12,12,2,187,51*,18.7,145,128.96,0,1,2,12,9,GJ Delany,IRE
417,R Gaznavi (SGP),17,17,0,187,30,11,235,79.57,0,0,2,14,3,R Gaznavi,SGP
418,AD Dore (BER),12,12,1,186,33*,16.9,178,104.49,0,0,0,20,3,AD Dore,BER
419,DK Mathias (BHR),6,6,1,186,61,37.2,180,103.33,0,2,0,9,10,DK Mathias,BHR
420,KIC Asalanka (SL),13,13,1,185,39,15.41,171,108.18,0,0,2,13,7,KIC Asalanka,SL
421,Ikramullah Khan (QAT),9,9,0,185,55,20.55,169,109.46,0,2,1,17,7,Ikramullah Khan,QAT
422,G Malla (NEP),8,8,0,185,59,23.12,176,105.11,0,1,0,16,4,G Malla,NEP
423,Mohammad Yasin (ESP),12,12,0,185,34,15.41,163,113.49,0,0,1,19,6,Mohammad Yasin,ESP
424,C Pyle (GIBR),9,9,1,184,47,23,157,117.19,0,0,0,21,4,C Pyle,GIBR
425,Sazib Bhuiyan (CZK-R),11,11,0,184,59,16.72,128,143.75,0,2,2,25,5,Sazib Bhuiyan,CZK-R
426,Zain Ahmad (Fran),13,13,0,184,52,14.15,159,115.72,0,1,2,25,3,Zain Ahmad,Fran
427,D Rawat (CRC),12,12,2,182,62*,18.2,181,100.55,0,1,2,24,1,D Rawat,CRC
428,LH Rodrigues (BRA),12,12,2,182,51*,18.2,234,77.77,0,1,2,12,2,LH Rodrigues,BRA
429,J Vijay (POR),8,8,0,180,42,22.5,133,135.33,0,0,0,26,4,J Vijay,POR
430,Ahmad Ramdoni (INA),11,10,1,179,29*,19.88,278,64.38,0,0,0,16,2,Ahmad Ramdoni,INA
431,OGL Bascome (BER),10,9,0,179,54,19.88,115,155.65,0,1,1,9,17,OGL Bascome,BER
432,L Rossi (Arg),9,9,0,179,55,19.88,198,90.4,0,1,0,14,3,L Rossi,Arg
433,CG Williams (NAM),7,7,1,178,62*,29.66,180,98.88,0,1,0,14,2,CG Williams,NAM
434,Mazharul Islam (SEY),10,10,2,177,50,22.12,170,104.11,0,1,1,26,1,Mazharul Islam,SEY
435,Jakir Patel (Zamb),8,8,0,174,63,21.75,148,117.56,0,1,0,14,8,Jakir Patel,Zamb
436,Kamran Khan (QAT),10,10,0,173,37,17.3,119,145.37,0,0,0,19,10,Kamran Khan,QAT
437,Mehboob Ali (MLT),6,6,0,173,44,28.83,90,192.22,0,0,0,27,9,Mehboob Ali,MLT
438,Muhammed Manga (GMB),11,11,1,173,59*,17.3,216,80.09,0,1,1,10,4,Muhammed Manga,GMB
439,Mohammed Rizlan (QAT),5,5,1,171,72*,42.75,94,181.91,0,2,0,6,16,Mohammed Rizlan,QAT
440,Omid Mailk Khel (BEL),10,10,1,171,36,19,182,93.95,0,0,0,12,4,Omid Mailk Khel,BEL
441,Yasim Murtaza (HKG),9,9,0,171,58,19,143,119.58,0,1,0,22,4,Yasim Murtaza,HKG
442,T Jamtsho (BHU),13,13,0,170,51,13.07,163,104.29,0,1,3,14,7,T Jamtsho,BHU
443,PK Matautaava (VAN),12,12,1,170,37,15.45,172,98.83,0,0,1,9,6,PK Matautaava,VAN
444,AA Onikoyi (NGA),13,13,2,170,52*,15.45,210,80.95,0,1,3,12,3,AA Onikoyi,NGA
445,AA Senn (CYP),9,9,1,170,51,21.25,195,87.17,0,1,1,13,0,AA Senn,CYP
446,SM Solia (Samoa),6,6,0,170,62,28.33,133,127.81,0,1,0,10,9,SM Solia,Samoa
447,T Bavuma (SA),15,15,2,169,36,13,160,105.62,0,0,4,19,4,T Bavuma,SA
448,A Kainessie (SLE),11,11,0,169,40,15.36,170,99.41,0,0,1,19,2,A Kainessie,SLE
449,SA Wijeyeratne (CAN),9,9,1,169,51*,21.12,147,114.96,0,2,2,25,2,SA Wijeyeratne,CAN
450,H Niaz (Fran),10,10,0,168,53,16.8,117,143.58,0,1,1,17,8,H Niaz,Fran
451,DE Roache (Samoa),9,9,0,168,55,18.66,156,107.69,0,1,0,18,8,DE Roache,Samoa
452,LI Salomone (MOZ),13,13,0,167,79,12.84,199,83.91,0,1,3,19,3,LI Salomone,MOZ
453,Hamid Mahmood (SWE),6,6,1,166,69,33.2,159,104.4,0,2,1,16,2,Hamid Mahmood,SWE
454,Shahid Afridi (GER),11,11,0,166,53,15.09,96,172.91,0,1,1,14,14,Shahid Afridi,GER
455,WA Young (NZ),11,11,0,166,56,15.09,165,100.6,0,1,0,18,4,WA Young,NZ
456,DP Michael (Samoa),6,6,1,165,63*,33,137,120.43,0,2,0,12,7,DP Michael,Samoa
457,Paing Danu (MYAN),9,9,1,165,72*,20.62,165,100,0,1,1,12,10,Paing Danu,MYAN
458,R Pathan (CAN),8,8,0,165,73,20.62,113,146.01,0,1,3,20,5,R Pathan,CAN
459,Esam Rahman (JPN),6,6,0,164,64,27.33,119,137.81,0,1,1,19,7,Esam Rahman,JPN
460,A Parima (COK),11,11,0,164,34,14.9,154,106.49,0,0,2,21,4,A Parima,COK
461,H Deshan (SUI),7,7,0,162,76,23.14,122,132.78,0,1,1,19,5,H Deshan,SUI
462,ASF Sirah (PHI),9,9,1,161,58*,20.12,121,133.05,0,1,0,20,5,ASF Sirah,PHI
463,R Bakum (GHA),11,11,0,161,30,14.63,195,82.56,0,0,0,12,2,R Bakum,GHA
464,C Bevin (CRT),3,3,1,161,73*,80.5,142,113.38,0,1,0,14,2,C Bevin,CRT
465,TS Kamunhukamwe (ZIM),7,7,0,158,39,22.57,138,114.49,0,0,0,12,9,TS Kamunhukamwe,ZIM
466,BR McDermott (AUS),7,7,0,156,54,22.28,138,113.04,0,2,1,7,8,BR McDermott,AUS
467,LF Muller (BRA),9,9,0,156,45,17.33,143,109.09,0,0,0,16,3,LF Muller,BRA
468,ZM Tribe (JER),8,8,0,155,39,19.37,144,107.63,0,0,0,12,5,ZM Tribe,JER
469,Khaibar Deldar (HUN),7,7,0,154,49,22,119,129.41,0,0,0,16,7,Khaibar Deldar,HUN
470,C Tommy (VAN),9,9,0,154,35,17.11,155,99.35,0,0,0,14,4,C Tommy,VAN
471,SJ Myburgh (NED),10,10,0,152,39,15.2,143,106.29,0,0,2,15,6,SJ Myburgh,NED
472,Ghulam Abbas Butt (FIN),14,14,0,151,44,10.78,128,117.96,0,0,2,18,5,Ghulam Abbas Butt,FIN
473,NR Kumar (USA),7,7,0,151,64,21.57,124,121.77,0,1,0,10,8,NR Kumar,USA
474,S Thanikaithasan (DEN),8,8,2,151,41*,25.16,97,155.67,0,0,1,14,6,S Thanikaithasan,DEN
475,SSJ Brooks (WI),7,7,1,150,56*,25,150,100,0,1,1,12,6,SSJ Brooks,WI
476,VB Chikkannaiah (GER),7,7,0,150,50,21.42,135,111.11,0,1,0,14,5,VB Chikkannaiah,GER
477,K Waiswa (UGA),12,12,1,149,35*,13.54,154,96.75,0,0,1,17,4,K Waiswa,UGA
478,Ali Rahmon (NGA),7,7,1,148,64*,24.66,123,120.32,0,1,0,17,3,Ali Rahmon,NGA
479,Awais Ahmad (SWE),9,9,0,148,32,16.44,111,133.33,0,0,1,11,10,Awais Ahmad,SWE
480,LM Gabriel (LES),14,14,0,148,33,10.57,199,74.37,0,0,2,17,0,LM Gabriel,LES
481,Mahmud Jasat (PAN),8,8,0,148,35,18.5,190,77.89,0,0,0,11,2,Mahmud Jasat,PAN
482,TKP Rajapaksha (SEY),11,11,0,148,49,13.45,170,87.05,0,0,1,18,0,TKP Rajapaksha,SEY
483,LC Le Tissier (GUE),10,10,0,146,37,14.6,122,119.67,0,0,1,21,3,LC Le Tissier,GUE
484,GJ Maxwell (AUS),8,8,0,146,47,18.25,74,197.29,0,0,2,10,14,GJ Maxwell,AUS
485,Usman Ghani (AFG),8,8,0,146,59,18.25,150,97.33,0,1,0,14,4,Usman Ghani,AFG
486,Waji Ul Hassan (KSA),2,2,1,146,115*,146,90,162.22,1,0,0,17,4,Waji Ul Hassan,KSA
487,PR Santhanakrishnan (Mex),10,10,0,145,33,14.5,172,84.3,0,0,1,17,2,PR Santhanakrishnan,Mex
488,Usman Khan (PAK),8,7,0,145,39,20.71,112,129.46,0,0,0,13,5,Usman Khan,PAK
489,Adnan Mirza (QAT),11,11,0,144,30,13.09,126,114.28,0,0,0,22,2,Adnan Mirza,QAT
490,AA Jangoo (WI),5,5,2,144,74*,48,112,128.57,0,1,0,15,7,AA Jangoo,WI
491,Choudry Share Ali (SWE),6,6,1,142,61*,28.4,111,127.92,0,1,0,14,4,Choudry Share Ali,SWE
492,Kulwinderjeet Singh (PHI),7,7,1,142,46,23.66,87,163.21,0,0,1,17,8,Kulwinderjeet Singh,PHI
493,Avishka Iroshan (ROM),6,6,0,141,66,23.5,138,102.17,0,1,1,15,2,Avishka Iroshan,ROM
494,BF Mailata (Samoa),6,6,0,141,39,23.5,136,103.67,0,0,0,9,9,BF Mailata,Samoa
495,HE van der Dussen (SA),9,9,1,141,52*,17.62,124,113.7,0,1,1,16,5,HE van der Dussen,SA
496,Wei Guo Lei (CHN),11,11,0,141,70,12.81,178,79.21,0,1,4,14,5,Wei Guo Lei,CHN
497,V Sukumaran (UAE),6,6,0,140,50,23.33,113,123.89,0,1,1,14,6,V Sukumaran,UAE
498,A Manepalli (LUX),5,5,0,138,57,27.6,120,115,0,1,1,17,1,A Manepalli,LUX
499,VE Tembo (MOZ),10,10,0,138,26,13.8,143,96.5,0,0,1,13,6,VE Tembo,MOZ
500,Saghar Manzoor (CRT),9,9,1,137,38,17.12,115,119.13,0,0,2,15,6,Saghar Manzoor,CRT
501,Zeshan Arif (AUT),6,6,0,137,31,22.83,115,119.13,0,0,0,13,6,Zeshan Arif,AUT
502,HC Brook (ENG),3,3,0,133,100,44.33,81,164.19,1,0,0,14,5,HC Brook,ENG
503,K Modise (BOT),8,8,0,133,38,16.62,127,104.72,0,0,1,13,6,K Modise,BOT
504,F Banunaek (INA),10,9,0,131,54,14.55,160,81.87,0,1,3,8,4,F Banunaek,INA
505,Taher Muhammad (SVN),10,10,0,131,42,13.1,137,95.62,0,0,0,13,4,Taher Muhammad,SVN
506,Zeerak Chughtai (BUL),6,6,1,131,44,26.2,143,91.6,0,0,0,11,3,Zeerak Chughtai,BUL
507,IDM Latin (GIBR),4,4,0,130,89,32.5,99,131.31,0,1,1,10,6,IDM Latin,GIBR
508,P Suanchuai (THA),9,9,0,130,37,14.44,205,63.41,0,0,1,9,2,P Suanchuai,THA
509,SPD Smith (AUS),6,6,0,130,52,21.66,101,128.71,0,1,0,15,3,SPD Smith,AUS
510,K Irakoze (RWN),6,6,0,129,60,21.5,79,163.29,0,1,1,13,7,K Irakoze,RWN
511,J Mees (LUX),8,8,0,129,25,16.12,141,91.48,0,0,0,12,2,J Mees,LUX
512,S Crowie (STHEL),5,5,2,128,54*,42.66,150,85.33,0,1,0,14,1,S Crowie,STHEL
513,OJ Webster (IOM),5,5,0,127,48,25.4,88,144.31,0,0,0,13,5,OJ Webster,IOM
514,KK Ahuja (Mex),5,5,1,126,61*,31.5,110,114.54,0,1,0,15,4,KK Ahuja,Mex
515,SA Engelbrecht (NED),4,4,1,126,75,42,82,153.65,0,1,1,11,6,SA Engelbrecht,NED
516,S Hirugade (Mex),16,16,0,125,20,7.81,132,94.69,0,0,1,18,2,S Hirugade,Mex
517,Omar Rassol (BUL),3,3,1,125,99*,62.5,87,143.67,0,1,0,10,9,Omar Rassol,BUL
518,G Singhdeo (CRC),7,7,1,125,55,20.83,127,98.42,0,1,1,16,3,G Singhdeo,CRC
519,E Duff (BHM),11,11,0,124,31,11.27,189,65.6,0,0,1,12,0,E Duff,BHM
520,AJ Jabiri (TAN),13,13,0,123,27,9.46,208,59.13,0,0,2,10,1,AJ Jabiri,TAN
521,S Ravikumar (CRC),11,11,2,123,52,13.66,176,69.88,0,1,2,6,1,S Ravikumar,CRC
522,JM Vince (ENG),5,5,0,123,55,24.6,86,143.02,0,1,0,13,5,JM Vince,ENG
523,T Banton (ENG),5,5,0,122,73,24.4,78,156.41,0,1,0,10,8,T Banton,ENG
524,D Cleaver (NZ),6,6,1,122,78*,24.4,100,122,0,1,0,10,5,D Cleaver,NZ
525,Shariq Munir (QAT),7,7,0,122,41,17.42,98,124.48,0,0,0,11,5,Shariq Munir,QAT
526,Ahmer Bin (BHR),8,7,1,121,52*,20.16,102,118.62,0,1,0,12,5,Ahmer Bin,BHR
527,Hasan Nawaz (PAK),6,6,1,121,105*,24.2,64,189.06,1,0,3,10,9,Hasan Nawaz,PAK
528,Mohammad Nadeem (OMA),3,3,0,121,60,40.33,126,96.03,0,1,0,8,1,Mohammad Nadeem,OMA
529,A Shirai-Patmore (JPN),8,8,0,121,38,15.12,130,93.07,0,0,1,12,0,A Shirai-Patmore,JPN
530,MA Baig (MWI),5,4,1,120,74,40,111,108.1,0,1,0,13,1,MA Baig,MWI
531,L Bonner (Blz),4,4,1,120,70*,40,85,141.17,0,1,0,10,5,L Bonner,Blz
532,Marcelle Hanekom (CAM),9,9,1,118,33,14.75,126,93.65,0,0,2,13,1,Marcelle Hanekom,CAM
533,A Osei (GHA),5,5,0,117,72,23.4,144,81.25,0,1,0,10,1,A Osei,GHA
534,DS Airee (NEP),3,3,0,116,53,38.66,84,138.09,0,1,0,10,4,DS Airee,NEP
535,Khalid Shah (UAE),8,8,0,116,37,14.5,106,109.43,0,0,2,10,6,Khalid Shah,UAE
536,Mansoor Safi (AUT),3,3,1,116,80,58,54,214.81,0,1,0,10,9,Mansoor Safi,AUT
537,SB Wagh (Mex),7,7,0,116,51,16.57,148,78.37,0,1,0,10,0,SB Wagh,Mex
538,MP Breetzke (SA),7,7,1,115,51,19.16,87,132.18,0,1,0,9,6,MP Breetzke,SA
539,J Fraser-McGurk (AUS),8,8,0,115,50,14.37,86,133.72,0,1,2,16,3,J Fraser-McGurk,AUS
540,L Lamin (SLE),4,4,1,114,37,38,87,131.03,0,0,0,6,8,L Lamin,SLE
541,S Ramakrishnan (CZK-R),4,4,0,114,67,28.5,90,126.66,0,1,0,15,1,S Ramakrishnan,CZK-R
542,J Alegra (PHI),8,8,0,113,41,14.12,126,89.68,0,0,1,7,4,J Alegra,PHI
543,Azhar Andani (POR),9,9,0,113,29,12.55,150,75.33,0,0,0,12,0,Azhar Andani,POR
544,HK Kukreja (SGP),6,6,0,113,51,18.83,115,98.26,0,1,1,12,0,HK Kukreja,SGP
545,Rohit Kumar (ROM),6,6,0,112,27,18.66,87,128.73,0,0,0,16,4,Rohit Kumar,ROM
546,G Singh (Sur),5,5,3,112,39*,56,102,109.8,0,0,1,13,0,G Singh,Sur
547,J Trembeath-Moro (ESP),5,5,1,112,39,28,129,86.82,0,0,0,8,3,J Trembeath-Moro,ESP
548,Mehidy Hasan Miraz (BAN),5,5,0,111,46,22.2,93,119.35,0,0,0,10,3,Mehidy Hasan Miraz,BAN
549,SY Nihute (MWI),3,3,0,111,56,37,93,119.35,0,1,0,6,4,SY Nihute,MWI
550,MJ Scotland (BER),4,4,2,111,57*,55.5,108,102.77,0,1,0,8,2,MJ Scotland,BER
551,MD Gunathilaka (SL),10,10,0,110,38,11,93,118.27,0,0,3,10,5,MD Gunathilaka,SL
552,SM Tupou (Fiji),7,7,0,110,30,15.71,120,91.66,0,0,0,11,3,SM Tupou,Fiji
553,Habib Ahmadzai (AUT),7,7,1,109,39,18.16,100,109,0,0,1,11,2,Habib Ahmadzai,AUT
554,Rasheed Ali Mamadkhel (SVN),5,5,0,109,33,21.8,79,137.97,0,0,0,7,6,Rasheed Ali Mamadkhel,SVN
555,Jaspal Singh (MLT),6,6,2,108,65*,27,109,99.08,0,1,1,9,6,Jaspal Singh,MLT
556,Waqar Ul Hassan (KSA),5,5,1,108,44,27,98,110.2,0,0,1,11,3,Waqar Ul Hassan,KSA
557,Bilal Masud (EST),4,4,0,107,82,26.75,68,157.35,0,1,1,7,7,Bilal Masud,EST
558,J Chialoufas (CYP),7,7,1,107,37,17.83,109,98.16,0,0,3,8,3,J Chialoufas,CYP
559,Musa Shaheen (DEN),4,4,0,107,45,26.75,82,130.48,0,0,0,6,7,Musa Shaheen,DEN
560,S Nadigotla (ROM),11,11,0,107,41,9.72,134,79.85,0,0,1,8,2,S Nadigotla,ROM
561,HMHE Parsons (SKOR),8,8,0,107,47,13.37,85,125.88,0,0,0,10,6,HMHE Parsons,SKOR
562,I Tchakou (CAM),15,15,0,106,26,7.06,125,84.8,0,0,3,16,1,I Tchakou,CAM
563,EF Beard (IOM),7,7,0,105,35,15,90,116.66,0,0,2,13,2,EF Beard,IOM
564,Awais Ahmed (ESP),10,10,1,104,42,11.55,93,111.82,0,0,2,12,5,Awais Ahmed,ESP
565,SA Edwards (NED),4,4,2,104,48*,52,93,111.82,0,0,0,5,1,SA Edwards,NED
566,K Klesse (GER),3,3,0,104,42,34.66,95,109.47,0,0,0,9,3,K Klesse,GER
567,SKDT Madusanka (SEY),7,7,2,104,50*,20.8,103,100.97,0,1,1,8,3,SKDT Madusanka,SEY
568,D Marsic (CRT),6,6,0,104,37,17.33,152,68.42,0,0,0,9,2,D Marsic,CRT
569,V Mbazo (BOT),13,13,1,104,27,8.66,129,80.62,0,0,2,9,1,V Mbazo,BOT
570,WJ Cope (LUX),8,8,0,103,49,12.87,78,132.05,0,0,3,16,0,WJ Cope,LUX
571,F Khaliq (BEL),8,8,2,103,49*,17.16,94,109.57,0,0,1,9,1,F Khaliq,BEL
572,Tanzeel Sheikh (KENYA),8,8,0,103,48,12.87,81,127.16,0,0,2,12,5,Tanzeel Sheikh,KENYA
573,OJR Groves (SVN),2,2,1,102,74*,102,69,147.82,0,1,0,9,5,OJR Groves,SVN
574,Mustafa Omer (Fran),6,6,0,102,33,17,109,93.57,0,0,1,7,5,Mustafa Omer,Fran
575,JL Smith (ENG),3,3,0,102,60,34,51,200,0,1,0,8,7,JL Smith,ENG
576,A Yon (STHEL),6,6,1,102,67,20.4,87,117.24,0,1,2,7,5,A Yon,STHEL
577,RL Chase (WI),3,3,0,100,60,33.33,58,172.41,0,1,1,14,3,RL Chase,WI
578,PB Gouge (JER),2,2,0,100,52,50,65,153.84,0,1,0,4,7,PB Gouge,JER
579,PHKD Mendis (SL),6,6,0,100,37,16.66,93,107.52,0,0,0,9,5,PHKD Mendis,SL
580,CP Rizwan (UAE),3,3,2,100,48,100,84,119.04,0,0,0,6,3,CP Rizwan,UAE
581,M Sohel Patel (PAN),9,9,0,100,42,11.11,95,105.26,0,0,1,9,5,M Sohel Patel,PAN
582,Tarun Sharma (SVN),10,10,0,100,37,10,118,84.74,0,0,2,10,2,Tarun Sharma,SVN
583,CF Tlali (LES),7,7,0,100,42,14.28,108,92.59,0,0,2,6,3,CF Tlali,LES
584,Abhishek Ahuja (HUN),6,6,0,99,33,16.5,111,89.18,0,0,1,12,1,Abhishek Ahuja,HUN
585,Muhammad Moiz (ROM),11,11,0,99,25,9,71,139.43,0,0,3,10,6,Muhammad Moiz,ROM
586,Festus Benn (BHM),10,10,1,98,32*,10.88,135,72.59,0,0,1,9,2,Festus Benn,BHM
587,D la Cock (NAM),5,5,0,98,66,19.6,84,116.66,0,1,1,8,5,D la Cock,NAM
588,C Potgieter (POR),4,4,0,98,44,24.5,67,146.26,0,0,1,6,8,C Potgieter,POR
589,MJ Santner (NZ),4,4,1,98,77*,32.66,70,140,0,1,0,12,4,MJ Santner,NZ
590,RA Tripathi (IND),5,5,0,97,44,19.4,67,144.77,0,0,1,11,5,RA Tripathi,IND
591,Aaron Jones (USA),7,7,0,95,38,13.57,98,96.93,0,0,0,8,1,Aaron Jones,USA
592,Abdullah Khan Lodhi (TKY),4,4,0,95,36,23.75,109,87.15,0,0,0,10,0,Abdullah Khan Lodhi,TKY
593,SJ Baard (NAM),5,5,1,95,52*,23.75,98,96.93,0,1,0,10,1,SJ Baard,NAM
594,Waseem Yaqoob (LES),4,4,1,95,31,31.66,100,95,0,0,0,7,3,Waseem Yaqoob,LES
595,C Veretaki (Fiji),3,3,0,94,60,31.33,87,108.04,0,1,1,13,2,C Veretaki,Fiji
596,Aamir Lal (SKOR),5,5,0,93,48,18.6,50,186,0,0,0,4,9,Aamir Lal,SKOR
597,Aryan Lakra (UAE),7,7,1,93,63*,15.5,86,108.13,0,1,1,5,5,Aryan Lakra,UAE
598,Breeze Ahir (PAN),8,8,1,93,28*,13.28,108,86.11,0,0,1,9,1,Breeze Ahir,PAN
599,E Solomon (ISR),4,4,0,93,40,23.25,81,114.81,0,0,0,12,0,E Solomon,ISR
600,Thuya Aung (MYAN),7,6,0,93,37,15.5,141,65.95,0,0,0,7,3,Thuya Aung,MYAN
601,TH Tector (IRE),4,4,0,92,38,23,58,158.62,0,0,0,13,3,TH Tector,IRE
602,DA Mehta (TAN),8,8,1,91,36*,13,90,101.11,0,0,2,16,1,DA Mehta,TAN
603,Naeem Gull (SWZ),3,3,1,91,63*,45.5,79,115.18,0,1,0,13,2,Naeem Gull,SWZ
604,Noor Ali Zadran (AFG),3,3,0,91,51,30.33,89,102.24,0,1,0,10,3,Noor Ali Zadran,AFG
605,Omair Yousuf (PAK),7,7,2,91,24,18.2,83,109.63,0,0,1,8,3,Omair Yousuf,PAK
606,Anamul Haque (BAN),7,7,0,90,26,12.85,94,95.74,0,0,0,8,2,Anamul Haque,BAN
607,Ismail Ali (MDV),9,9,1,90,33,11.25,100,90,0,0,1,7,4,Ismail Ali,MDV
608,Shoaib Ahmed (CYP),5,5,0,90,30,18,84,107.14,0,0,1,10,2,Shoaib Ahmed,CYP
609,CP Turkich (CRT),6,6,0,89,20,14.83,143,62.23,0,0,0,6,0,CP Turkich,CRT
610,J Singye (BHU),5,5,0,88,46,17.6,132,66.66,0,0,0,4,0,J Singye,BHU
611,C Brennan (JER),5,5,1,87,67*,21.75,72,120.83,0,1,1,10,4,C Brennan,JER
612,B Kohler-Cadmore (GER),4,4,0,87,38,21.75,60,145,0,0,0,8,6,B Kohler-Cadmore,GER
613,I Takahashi (JPN),8,8,0,87,26,10.87,92,94.56,0,0,0,7,1,I Takahashi,JPN
614,B Bhandari (NEP),4,4,0,86,42,21.5,61,140.98,0,0,0,8,4,B Bhandari,NEP
615,Ibrahim Rahimi (NOR),6,6,0,86,25,14.33,61,140.98,0,0,0,6,6,Ibrahim Rahimi,NOR
616,Shafat Ali Syed (ESP),6,6,0,86,51,14.33,54,159.25,0,1,1,6,7,Shafat Ali Syed,ESP
617,P Stroud (Falk),5,5,0,86,51,17.2,92,93.47,0,1,0,6,4,P Stroud,Falk
618,JNX du Plooy (HUN),4,4,1,85,44*,28.33,61,139.34,0,0,0,3,5,JNX du Plooy,HUN
619,A Rajshekara (ROM),3,3,0,85,50,28.33,81,104.93,0,1,0,8,3,A Rajshekara,ROM
620,Ramanjot Singh (SVN),4,4,0,85,46,21.25,84,101.19,0,0,0,10,1,Ramanjot Singh,SVN
621,Ritik Tomar (CZK-R),6,6,0,85,37,14.16,96,88.54,0,0,0,8,2,Ritik Tomar,CZK-R
622,G Fatouros (GRC),4,4,0,84,50,21,72,116.66,0,1,0,7,4,G Fatouros,GRC
623,S Hook (EST),7,7,0,84,37,12,92,91.3,0,0,2,6,4,S Hook,EST
624,N Nuntarach (THA),13,13,0,84,24,6.46,130,64.61,0,0,2,6,1,N Nuntarach,THA
625,PR Surve (INA),3,3,1,84,46,42,68,123.52,0,0,0,8,3,PR Surve,INA
626,NR Welch (ZIM),6,6,0,84,25,14,79,106.32,0,0,1,11,1,NR Welch,ZIM
627,G Angeletti (Arg),9,9,1,83,18*,10.37,103,80.58,0,0,2,6,2,G Angeletti,Arg
628,D Long Martinez (ESP),2,2,0,83,79,41.5,56,148.21,0,1,0,8,4,D Long Martinez,ESP
629,K Sathish (SGP),5,5,0,83,26,16.6,78,106.41,0,0,0,10,2,K Sathish,SGP
630,SA Ahmad (DEN),3,3,0,82,44,27.33,69,118.84,0,0,0,10,1,SA Ahmad,DEN
631,Mirza Ahsan (AUT),5,5,0,81,57,16.2,55,147.27,0,1,1,11,3,Mirza Ahsan,AUT
632,Raja Shoaib (SKOR),5,5,0,81,33,16.2,105,77.14,0,0,0,11,0,Raja Shoaib,SKOR
633,Tshering Tashi (2) (BHU),6,6,0,81,38,13.5,106,76.41,0,0,0,6,3,Tshering Tashi,2
634,RP Burl (ZIM),3,3,0,80,35,26.66,51,156.86,0,0,0,8,3,RP Burl,ZIM
635,D Jansen (IOM),6,6,0,80,27,13.33,105,76.19,0,0,0,5,1,D Jansen,IOM
636,PV Rarotoga (Samoa),3,3,0,80,56,26.66,52,153.84,0,1,0,11,3,PV Rarotoga,Samoa
637,A Turkmen (TKY),3,3,1,80,40*,40,37,216.21,0,0,0,11,4,A Turkmen,TKY
638,G Venkateswaran (LUX),7,7,0,80,25,11.42,94,85.1,0,0,0,7,2,G Venkateswaran,LUX
639,Yahya Suhail (TLS),7,7,1,80,53*,13.33,151,52.98,0,1,0,7,1,Yahya Suhail,TLS
640,Atif Rasheed (FIN),6,6,0,79,29,13.16,86,91.86,0,0,2,7,2,Atif Rasheed,FIN
641,W Maximo (BRA),6,6,0,79,25,13.16,111,71.17,0,0,0,8,0,W Maximo,BRA
642,M Beitaki (Fiji),6,6,0,78,28,13,92,84.78,0,0,1,8,1,M Beitaki,Fiji
643,D Foxcroft (NZ),3,3,0,78,34,26,69,113.04,0,0,0,2,5,D Foxcroft,NZ
644,DS Maraiwai (Fiji),7,7,0,78,20,11.14,70,111.42,0,0,1,10,3,DS Maraiwai,Fiji
645,HS Nyakatawa (SWZ),6,6,0,78,29,13,131,59.54,0,0,0,12,0,HS Nyakatawa,SWZ
646,Arslan Basharat (HUN),4,4,0,77,54,19.25,81,95.06,0,1,0,5,3,Arslan Basharat,HUN
647,A Beresford-Peirse (CRT),4,4,0,77,35,19.25,101,76.23,0,0,0,3,2,A Beresford-Peirse,CRT
648,K Hinds (BHM),9,9,0,77,53,8.55,83,92.77,0,1,4,6,5,K Hinds,BHM
649,B Ito-Davis (JPN),5,5,0,77,29,15.4,67,114.92,0,0,0,5,0,B Ito-Davis,JPN
650,A Kaul (SGP),5,5,0,77,56,15.4,93,82.79,0,1,1,6,3,A Kaul,SGP
651,GR Russ (PHI),5,5,1,77,43*,19.25,97,79.38,0,0,2,6,0,GR Russ,PHI
652,Sachin Mandy (GER),5,5,0,77,34,15.4,84,91.66,0,0,1,7,2,Sachin Mandy,GER
653,N Acawei (Fiji),6,6,0,76,25,12.66,96,79.16,0,0,1,6,3,N Acawei,Fiji
654,K Doriga (PNG),9,8,2,76,32*,12.66,84,90.47,0,0,0,10,2,K Doriga,PNG
655,AE Isesele (NGA),7,7,2,76,44,15.2,65,116.92,0,0,1,6,4,AE Isesele,NGA
656,Mansoor Malangzai (BEL),3,3,0,76,33,25.33,47,161.7,0,0,0,8,4,Mansoor Malangzai,BEL
657,Muhammad Younis (BHR),7,7,0,76,30,10.85,92,82.6,0,0,1,8,0,Muhammad Younis,BHR
658,Zeeshan Maqsood (OMA),1,1,1,76,76*,0,44,172.72,0,1,0,6,5,Zeeshan Maqsood,OMA
659,J Dzulfikar (INA),8,8,1,75,25,10.71,101,74.25,0,0,0,7,1,J Dzulfikar,INA
660,M Gunasekara (CYP),4,4,1,75,30*,25,63,119.04,0,0,1,4,4,M Gunasekara,CYP
661,M Machado (POR),6,6,2,75,54*,18.75,66,113.63,0,1,0,9,2,M Machado,POR
662,Zain Asif (BUL),3,3,0,75,43,25,47,159.57,0,0,0,6,6,Zain Asif,BUL
663,Abdul Rahman (SGP),4,4,0,74,67,18.5,70,105.71,0,1,1,6,1,Abdul Rahman,SGP
664,GS Bajwa (ESP),3,3,1,74,38*,37,57,129.82,0,0,0,5,4,GS Bajwa,ESP
665,S Burdekin (CYP),8,8,0,74,29,9.25,81,91.35,0,0,1,8,3,S Burdekin,CYP
666,JN Dorji (BHU),8,8,0,74,30,9.25,97,76.28,0,0,2,8,0,JN Dorji,BHU
667,I Elec (TKY),10,10,0,74,52,7.4,127,58.26,0,1,3,5,3,I Elec,TKY
668,C Greenshields (POR),3,3,1,74,67*,37,58,127.58,0,1,0,7,3,C Greenshields,POR
669,S Kaveri (Mex),3,3,0,74,44,24.66,90,82.22,0,0,0,4,2,S Kaveri,Mex
670,J Masquater (TAN),6,6,0,74,32,12.33,105,70.47,0,0,1,9,2,J Masquater,TAN
671,D Muhumuza (UGA),4,4,1,74,50*,24.66,80,92.5,0,1,0,5,2,D Muhumuza,UGA
672,AT Nidamanuru (NED),6,6,0,74,36,12.33,63,117.46,0,0,2,5,5,AT Nidamanuru,NED
673,Saad Khan (KSA),6,6,0,74,27,12.33,88,84.09,0,0,0,8,2,Saad Khan,KSA
674,Saber Zakhil (BEL),2,2,1,74,51,74,32,231.25,0,1,0,1,8,Saber Zakhil,BEL
675,Sapan Mehta (FIN),5,5,0,74,33,14.8,82,90.24,0,0,0,3,0,Sapan Mehta,FIN
676,Yogev Nagavkar (ISR),4,4,0,74,39,18.5,100,74,0,0,1,8,0,Yogev Nagavkar,ISR
677,J Andrew (WI),4,4,0,73,35,18.25,69,105.79,0,0,0,5,4,J Andrew,WI
678,M Fontaine (HUN),3,3,1,73,49*,36.5,52,140.38,0,0,0,5,4,M Fontaine,HUN
679,D Nanda (INA),4,4,2,73,31,36.5,63,115.87,0,0,0,6,2,D Nanda,INA
680,AA Obanda (KENYA),8,8,0,73,21,9.12,80,91.25,0,0,1,10,2,AA Obanda,KENYA
681,Kim Daeyeon (SKOR),6,6,0,72,29,12,83,86.74,0,0,1,5,2,Kim Daeyeon,SKOR
682,T Tshose (BOT),3,3,0,72,60,24,40,180,0,1,1,8,2,T Tshose,BOT
683,Abdul Stanikzai (GER),5,5,0,71,24,14.2,88,80.68,0,0,1,4,3,Abdul Stanikzai,GER
684,O Casasola (Blz),7,7,0,71,25,10.14,120,59.16,0,0,1,6,0,O Casasola,Blz
685,G Chaturvedi (MLT),8,8,0,71,33,8.87,73,97.26,0,0,1,9,2,G Chaturvedi,MLT
686,Scott Austin (CYP),5,5,0,71,18,14.2,83,85.54,0,0,0,6,1,Scott Austin,CYP
687,JJ Atkinson (HKG),7,7,1,70,20,11.66,71,98.59,0,0,0,7,2,JJ Atkinson,HKG
688,A Kirschbaum (Arg),4,4,1,70,20,23.33,63,111.11,0,0,0,6,1,A Kirschbaum,Arg
689,H Lin Oo (MYAN),8,8,1,70,21*,10,74,94.59,0,0,2,8,1,H Lin Oo,MYAN
690,P Manning (CAY),5,5,0,70,31,14,93,75.26,0,0,1,6,1,P Manning,CAY
691,BBJL Perera (ITA),4,4,1,70,23*,23.33,70,100,0,0,0,6,3,BBJL Perera,ITA
692,A Saud (NEP),3,3,0,70,35,23.33,63,111.11,0,0,0,7,4,A Saud,NEP
693,K Sonavale (OMA),5,5,0,70,20,14,67,104.47,0,0,0,8,1,K Sonavale,OMA
694,W Boshoff (SWE),4,3,0,69,40,23,77,89.61,0,0,0,4,2,W Boshoff,SWE
695,ARA Chambers (POR),4,4,0,69,36,17.25,86,80.23,0,0,0,9,0,ARA Chambers,POR
696,J Linton (CAY),3,3,0,69,40,23,89,77.52,0,0,0,2,2,J Linton,CAY
697,Shamsullah Ehsan (TKY),7,7,0,69,39,9.85,91,75.82,0,0,1,7,0,Shamsullah Ehsan,TKY
698,J Daley (),2,2,1,68,56*,68,49,138.77,0,1,0,7,1,J Daley,
699,Darwish Rasooli (AFG),2,2,0,68,66,34,43,158.13,0,1,0,6,4,Darwish Rasooli,AFG
700,Firas Hussain (BUL),4,4,1,68,40*,22.66,70,97.14,0,0,1,7,1,Firas Hussain,BUL
701,Rohan Mustafa (UAE),2,2,0,68,49,34,55,123.63,0,0,0,5,2,Rohan Mustafa,UAE
702,Aizaz Khan (HKG),6,6,1,67,21*,13.4,65,103.07,0,0,0,8,0,Aizaz Khan,HKG
703,TLW Cooper (NED),2,2,0,67,35,33.5,48,139.58,0,0,0,4,3,TLW Cooper,NED
704,E Mathew (MLT),5,5,0,67,46,13.4,64,104.68,0,0,0,2,3,E Mathew,MLT
705,A McKnight (),2,2,0,67,40,33.5,74,90.54,0,0,0,6,2,A McKnight,
706,Mudassar Muhammad (GER),3,3,0,67,34,22.33,54,124.07,0,0,1,8,2,Mudassar Muhammad,GER
707,Muhammad Zafar Khan (TAN),5,5,2,67,24,22.33,55,121.81,0,0,0,15,0,Muhammad Zafar Khan,TAN
708,C Webster (IOM),2,2,1,67,59*,67,56,119.64,0,1,0,3,2,C Webster,IOM
709,Meet Ahir (PAN),3,3,1,66,43*,33,65,101.53,0,0,0,5,2,Meet Ahir,PAN
710,WSLK Narayana (ISR),4,4,0,66,32,16.5,53,124.52,0,0,0,10,1,WSLK Narayana,ISR
711,Sajid Khan Afridi (GRC),4,4,0,66,31,16.5,53,124.52,0,0,0,4,4,Sajid Khan Afridi,GRC
712,G Schachat (ISR),1,1,0,66,66,66,53,124.52,0,1,0,6,2,G Schachat,ISR
713,C Forbes (SWZ),6,6,0,65,26,10.83,89,73.03,0,0,1,8,1,C Forbes,SWZ
714,AE Paraam (SGP),3,3,0,65,31,21.66,51,127.45,0,0,0,10,0,AE Paraam,SGP
715,Sher Sahak (NOR),5,4,0,65,43,16.25,42,154.76,0,0,0,2,7,Sher Sahak,NOR
716,AWJ Auguste (WI),3,3,1,64,41*,32,41,156.09,0,0,0,6,4,AWJ Auguste,WI
717,C Bogdanos (GRC),2,2,1,64,39*,64,77,83.11,0,0,0,3,0,C Bogdanos,GRC
718,EN Gay (ITA),3,3,0,64,50,21.33,30,213.33,0,1,0,9,2,EN Gay,ITA
719,JS Iggo (SGP),6,6,0,64,31,10.66,79,81.01,0,0,1,4,1,JS Iggo,SGP
720,J Jagroo (BHM),4,4,0,64,34,16,83,77.1,0,0,0,4,2,J Jagroo,BHM
721,JM Joao (MOZ),4,4,0,64,22,16,56,114.28,0,0,0,9,0,JM Joao,MOZ
722,H Lin Aung (MYAN),10,10,0,64,20,6.4,102,62.74,0,0,2,3,3,H Lin Aung,MYAN
723,Abdur Rahman Sudais (SWE),5,5,1,63,36,15.75,58,108.62,0,0,0,4,4,Abdur Rahman Sudais,SWE
724,Azmatullah Omarzai (AFG),4,4,0,63,29,15.75,50,126,0,0,0,3,3,Azmatullah Omarzai,AFG
725,JD Freyone (GIBR),5,5,1,63,21*,15.75,74,85.13,0,0,0,7,0,JD Freyone,GIBR
726,Aditya Panwar (EST),1,1,0,62,62,62,45,137.77,0,1,0,3,4,Aditya Panwar,EST
727,BKB Corbin (CAY),5,5,0,62,19,12.4,58,106.89,0,0,0,8,2,BKB Corbin,CAY
728,NR Kirton (CAN),4,4,0,62,44,15.5,59,105.08,0,0,0,3,2,NR Kirton,CAN
729,A Nagarajan (QAT),4,4,0,62,28,15.5,71,87.32,0,0,0,7,1,A Nagarajan,QAT
730,K Nassoro (TAN),7,6,0,62,28,10.33,90,68.88,0,0,1,7,0,K Nassoro,TAN
731,KTK Rodrigo (MDV),6,6,1,62,37*,12.4,76,81.57,0,0,2,5,2,KTK Rodrigo,MDV
732,GH Smit (GUE),3,3,0,62,56,20.66,57,108.77,0,1,1,5,1,GH Smit,GUE
733,Zaid Soulat (BUL),3,3,2,62,44*,62,36,172.22,0,0,0,6,4,Zaid Soulat,BUL
734,WK Bitis (CRT),5,5,0,61,27,12.2,43,141.86,0,0,0,8,3,WK Bitis,CRT
735,UT Kaisala (Samoa),5,5,0,61,26,12.2,76,80.26,0,0,0,8,1,UT Kaisala,Samoa
736,ZB Lion-Cachet (NED),4,4,0,61,50,15.25,52,117.3,0,1,1,6,1,ZB Lion-Cachet,NED
737,Muhammad Babar (ESP),2,2,0,61,46,30.5,35,174.28,0,0,0,3,7,Muhammad Babar,ESP
738,S Navaratne (JPN),5,5,0,61,21,12.2,50,122,0,0,0,4,3,S Navaratne,JPN
739,Salvin Stanly (CAM),10,10,0,61,23,6.1,68,89.7,0,0,3,11,0,Salvin Stanly,CAM
740,WA Simpson (SGP),3,3,2,61,46*,61,49,124.48,0,0,0,2,3,WA Simpson,SGP
741,DVD Madampage (SKOR),7,7,0,60,22,8.57,73,82.19,0,0,0,5,2,DVD Madampage,SKOR
742,A Oxley (Blz),2,2,0,60,31,30,73,82.19,0,0,0,4,0,A Oxley,Blz
743,S Rungrueang (THA),7,7,0,60,46,8.57,63,95.23,0,0,3,5,4,S Rungrueang,THA
744,Chaudhary Akram (NOR),3,3,0,59,36,19.66,75,78.66,0,0,0,5,0,Chaudhary Akram,NOR
745,MH Cross (SCOT),6,6,0,59,28,9.83,56,105.35,0,0,0,10,0,MH Cross,SCOT
746,Kamrul Hasan (SWZ),2,2,0,59,49,29.5,39,151.28,0,0,0,4,6,Kamrul Hasan,SWZ
747,Rejaul Karim (BRA),3,3,0,59,38,19.66,48,122.91,0,0,0,10,1,Rejaul Karim,BRA
748,JT Smuts (ITA),6,5,0,59,22,11.8,44,134.09,0,0,1,6,4,JT Smuts,ITA
749,DR Tawake (Fiji),6,6,0,59,18,9.83,79,74.68,0,0,2,5,0,DR Tawake,Fiji
750,V Aritharan (GER),2,2,1,58,45*,58,24,241.66,0,0,0,2,7,V Aritharan,GER
751,EC D'Souza (UAE),4,4,0,58,34,14.5,58,100,0,0,0,5,0,EC D'Souza,UAE
752,A Langham (STHEL),5,5,0,58,39,11.6,51,113.72,0,0,1,4,2,A Langham,STHEL
753,J Evans (ISR),4,4,0,57,29,14.25,38,150,0,0,1,9,0,J Evans,ISR
754,RM Magare (CZK-R),6,6,0,57,31,9.5,61,93.44,0,0,2,6,1,RM Magare,CZK-R
755,B Masaba (UGA),5,5,0,57,32,11.4,77,74.02,0,0,1,7,0,B Masaba,UGA
756,KB Patil (Mex),5,5,0,57,24,11.4,82,69.51,0,0,0,4,0,KB Patil,Mex
757,S Gill (KENYA),2,2,0,56,35,28,57,98.24,0,0,0,4,1,S Gill,KENYA
758,Milind Kumar (USA),2,1,1,56,56*,0,38,147.36,0,1,0,4,3,Milind Kumar,USA
759,Muhaddis Muhaddis (INA),3,3,0,56,34,18.66,56,100,0,0,0,6,1,Muhaddis Muhaddis,INA
760,R Ramadhasyena (INA),1,1,1,56,56*,0,32,175,0,1,0,7,2,R Ramadhasyena,INA
761,Shaof Hassan (MDV),4,4,1,56,36*,18.66,55,101.81,0,0,0,8,0,Shaof Hassan,MDV
762,Ayyaz Qureshi (SVN),4,4,0,55,30,13.75,73,75.34,0,0,0,5,0,Ayyaz Qureshi,SVN
763,R Panchal (ESP),3,3,2,55,25*,55,70,78.57,0,0,0,1,2,R Panchal,ESP
764,KM Venkataswamy (CZK-R),1,1,0,55,55,55,41,134.14,0,1,0,3,2,KM Venkataswamy,CZK-R
765,Aslan Jafri (SGP),4,4,0,54,27,13.5,57,94.73,0,0,0,2,3,Aslan Jafri,SGP
766,CK Jasmat (Samoa),3,3,0,54,31,18,55,98.18,0,0,0,7,1,CK Jasmat,Samoa
767,P Jayeshbhai Patel (PAN),6,6,0,53,20,8.83,85,62.35,0,0,0,6,1,P Jayeshbhai Patel,PAN
768,JAD Lawrenson (JER),2,2,0,53,36,26.5,41,129.26,0,0,0,6,0,JAD Lawrenson,JER
769,D Pretorius (SA),4,4,0,53,29,13.25,40,132.5,0,0,1,4,5,D Pretorius,SA
770,Sheikh Rasik (HUN),1,1,0,53,53,53,31,170.96,0,1,0,3,4,Sheikh Rasik,HUN
771,Ziaur Rehman (FIN),6,6,0,53,29,8.83,56,94.64,0,0,0,5,1,Ziaur Rehman,FIN
772,GG Banner (Blz),2,2,0,52,34,26,40,130,0,0,0,6,3,GG Banner,Blz
773,GF Gomes (MOZ),1,1,0,52,52,52,31,167.74,0,1,0,6,2,GF Gomes,MOZ
774,WL Madsen (ITA),2,2,0,52,52,26,31,167.74,0,1,1,4,3,WL Madsen,ITA
775,BAD Manenti (ITA),5,5,0,52,22,10.4,43,120.93,0,0,1,7,2,BAD Manenti,ITA
776,Mohamed Rishwan (MDV),8,8,0,52,19,6.5,86,60.46,0,0,1,4,1,Mohamed Rishwan,MDV
777,Mohmedazim Abbasbhai (Zamb),4,4,0,52,26,13,58,89.65,0,0,1,8,0,Mohmedazim Abbasbhai,Zamb
778,Muhammad Tanveer (QAT),2,2,2,52,33*,0,29,179.31,0,0,0,2,5,Muhammad Tanveer,QAT
779,D Nikolov (BUL),5,5,0,52,42,10.4,47,110.63,0,0,2,6,2,D Nikolov,BUL
780,JD Allan (VAN),6,6,0,51,16,8.5,72,70.83,0,0,0,5,1,JD Allan,VAN
781,Raihan Hossain (TLS),5,5,0,51,19,10.2,87,58.62,0,0,0,3,0,Raihan Hossain,TLS
782,Ranjit Singh (AUT),2,2,0,51,51,25.5,34,150,0,1,1,6,1,Ranjit Singh,AUT
783,Said Hakim (BEL),2,2,0,51,27,25.5,47,108.51,0,0,0,9,0,Said Hakim,BEL
784,BA Stokes (ENG),2,2,1,51,42*,51,45,113.33,0,0,0,3,0,BA Stokes,ENG
785,GY Tomar (UGA),2,2,0,51,33,25.5,45,113.33,0,0,0,4,3,GY Tomar,UGA
786,S Bangera (ISR),5,5,0,50,23,10,62,80.64,0,0,1,5,0,S Bangera,ISR
787,JV Chand (Zamb),2,2,0,50,38,25,60,83.33,0,0,0,4,1,JV Chand,Zamb
788,Faisal Safi (Fran),3,3,0,50,43,16.66,45,111.11,0,0,1,10,0,Faisal Safi,Fran
789,G Gune (SGP),3,3,0,50,27,16.66,63,79.36,0,0,0,3,1,G Gune,SGP
790,Khalid Kail (OMA),1,1,1,50,50*,0,23,217.39,0,1,0,2,5,Khalid Kail,OMA
791,S Kharvi (INA),3,3,0,50,31,16.66,49,102.04,0,0,0,3,4,S Kharvi,INA
792,C Munoz-Mills (ESP),3,3,1,50,24*,25,35,142.85,0,0,0,3,3,C Munoz-Mills,ESP
793,F Achelam (UGA),2,2,0,49,25,24.5,45,108.88,0,0,0,2,3,F Achelam,UGA
794,S Adedeji (NGA),6,5,1,49,16,12.25,63,77.77,0,0,1,4,0,S Adedeji,NGA
795,P Magafas (GRC),3,3,0,49,30,16.33,50,98,0,0,0,5,0,P Magafas,GRC
796,Naseem Khan (CRT),5,5,0,49,27,9.8,56,87.5,0,0,0,5,2,Naseem Khan,CRT
797,Niv Nagavkar (ISR),2,2,0,49,25,24.5,38,128.94,0,0,0,4,1,Niv Nagavkar,ISR
798,S Ashwathnarayana (HUN),4,4,0,48,18,12,53,90.56,0,0,1,4,2,S Ashwathnarayana,HUN
799,D Brevis (SA),2,2,0,48,31,24,27,177.77,0,0,0,3,4,D Brevis,SA
800,S Chilemanya (NGA),6,6,0,48,17,8,63,76.19,0,0,1,1,1,S Chilemanya,NGA
801,Divyendra Singh (CZK-R),4,4,0,48,24,12,51,94.11,0,0,1,8,0,Divyendra Singh,CZK-R
802,Jun Hyunwoo (SKOR),3,3,0,48,26,16,50,96,0,0,0,2,4,Jun Hyunwoo,SKOR
803,Kapil Kumar (PHI),4,4,0,48,23,12,85,56.47,0,0,1,4,1,Kapil Kumar,PHI
804,K Hardat (Sur),5,5,0,47,26,9.4,50,94,0,0,1,7,0,K Hardat,Sur
805,Haseeb Ghafoor (KSA),1,1,1,47,47*,0,40,117.5,0,0,0,3,3,Haseeb Ghafoor,KSA
806,Hashmatullah Shahidi (AFG),2,2,0,47,36,23.5,54,87.03,0,0,0,5,0,Hashmatullah Shahidi,AFG
807,DJ Mitchell (NZ),4,4,1,47,18*,15.66,51,92.15,0,0,0,3,1,DJ Mitchell,NZ
808,Boio Ray (PNG),1,1,0,46,46,46,35,131.42,0,0,0,4,2,Boio Ray,PNG
809,MT Diaby (Mali),6,6,0,46,31,7.66,74,62.16,0,0,2,5,0,MT Diaby,Mali
810,Omid Rahimi (BEL),1,1,1,46,46*,0,25,184,0,0,0,1,5,Omid Rahimi,BEL
811,KA Vimlesh (ROM),2,2,0,46,39,23,48,95.83,0,0,0,5,0,KA Vimlesh,ROM
812,Abdullah Shahid (MDV),3,3,0,45,34,15,56,80.35,0,0,0,4,1,Abdullah Shahid,MDV
813,Baljit Singh (ITA),1,1,0,45,45,45,29,155.17,0,0,0,2,2,Baljit Singh,ITA
814,JR Barry (BHM),2,2,1,45,30*,45,79,56.96,0,0,0,3,1,JR Barry,BHM
815,M Dale-Bradley (GUE),3,3,0,45,26,15,41,109.75,0,0,0,6,0,M Dale-Bradley,GUE
816,Deng Jinqi (CHN),3,3,0,45,38,15,81,55.55,0,0,1,2,0,Deng Jinqi,CHN
817,AR Leo (STHEL),5,5,0,45,24,9,60,75,0,0,1,3,0,AR Leo,STHEL
818,HV Mandhyan (HUN),6,6,0,45,15,7.5,69,65.21,0,0,0,5,0,HV Mandhyan,HUN
819,Muhammad Usman (EST),2,2,0,45,43,22.5,38,118.42,0,0,0,1,3,Muhammad Usman,EST
820,AR Odedara (OMA),8,8,0,45,15,5.62,63,71.42,0,0,3,5,0,AR Odedara,OMA
821,Vineet Shah (INA),4,4,1,45,18,15,59,76.27,0,0,0,2,0,Vineet Shah,INA
822,Afif Hossain (BAN),2,2,0,44,24,22,31,141.93,0,0,0,3,3,Afif Hossain,BAN
823,Delroy Leo (STHEL),2,2,0,44,31,22,55,80,0,0,0,1,2,Delroy Leo,STHEL
824,L Hermida (Mex),3,3,1,44,26,22,78,56.41,0,0,0,3,0,L Hermida,Mex
825,Rohit Limbu (BHU),4,4,0,44,27,11,72,61.11,0,0,1,5,1,Rohit Limbu,BHU
826,KH Abe (JPN),8,7,0,43,15,6.14,66,65.15,0,0,1,6,0,KH Abe,JPN
827,LJ Barker (GUE),3,3,0,43,25,14.33,45,95.55,0,0,0,7,1,LJ Barker,GUE
828,LR Gaonkar (PAN),4,4,0,43,23,10.75,55,78.18,0,0,0,1,1,LR Gaonkar,PAN
829,HS Gericke (MLT),2,2,0,43,24,21.5,36,119.44,0,0,0,4,1,HS Gericke,MLT
830,J Gumbie (ZIM),3,3,0,43,17,14.33,52,82.69,0,0,0,6,0,J Gumbie,ZIM
831,Ismaeel Zia (SWE),4,4,0,43,22,10.75,54,79.62,0,0,1,6,0,Ismaeel Zia,SWE
832,Junaid Mehmood (NOR),2,2,1,43,30*,43,42,102.38,0,0,0,5,1,Junaid Mehmood,NOR
833,Shahil Momin (AUT),1,1,0,43,43,43,43,100,0,0,0,2,1,Shahil Momin,AUT
834,Asim Ashraf (GMB),3,3,0,42,19,14,76,55.26,0,0,0,5,0,Asim Ashraf,GMB
835,E Robinson (GUE),1,1,0,42,42,42,54,77.77,0,0,0,2,1,E Robinson,GUE
836,Amoluk Singh (GHA),3,3,0,42,34,14,54,77.77,0,0,0,6,0,Amoluk Singh,GHA
837,VA Singh (Sur),4,4,0,42,30,10.5,58,72.41,0,0,1,2,0,VA Singh,Sur
838,Zhuang Zelin (CHN),6,6,0,42,33,7,65,64.61,0,0,3,2,0,Zhuang Zelin,CHN
839,MM Ali (ENG),4,4,0,41,15,10.25,43,95.34,0,0,0,3,1,MM Ali,ENG
840,G Bakiweyem (GHA),2,2,1,41,41*,41,41,100,0,0,1,0,1,G Bakiweyem,GHA
841,Gurpreet Singh (Mex),1,1,0,41,41,41,29,141.37,0,0,0,2,2,Gurpreet Singh,Mex
842,P Khari (CZK-R),2,2,0,41,28,20.5,39,105.12,0,0,0,5,0,P Khari,CZK-R
843,NMS Param (SGP),2,2,0,41,32,20.5,44,93.18,0,0,0,6,0,NMS Param,SGP
844,AD Algar (ESP),2,2,1,40,28,40,50,80,0,0,0,2,1,AD Algar,ESP
845,T de Zorzi (SA),2,2,0,40,33,20,26,153.84,0,0,0,5,1,T de Zorzi,SA
846,G Ganbold (MNG),10,10,1,40,12,4.44,105,38.09,0,0,1,1,0,G Ganbold,MNG
847,M Gouws (GIBR),4,3,0,40,22,13.33,26,153.84,0,0,0,4,2,M Gouws,GIBR
848,J Pant (LUX),1,1,0,40,40,40,29,137.93,0,0,0,4,1,J Pant,LUX
849,P Sarraf (NEP),4,4,0,40,20,10,45,88.88,0,0,1,6,1,P Sarraf,NEP
850,M Smith (),3,3,0,40,17,13.33,48,83.33,0,0,0,2,3,M Smith,
851,S Tosic (SRB),1,1,0,40,40,40,52,76.92,0,0,0,2,0,S Tosic,SRB
852,AC Agar (AUS),2,2,0,39,26,19.5,44,88.63,0,0,0,3,1,AC Agar,AUS
853,Alam Nakash (SKOR),3,3,0,39,24,13,44,88.63,0,0,0,2,1,Alam Nakash,SKOR
854,Khin Aye (MYAN),9,9,0,39,17,4.33,111,35.13,0,0,3,2,0,Khin Aye,MYAN
855,B Sharki (NEP),2,2,0,39,27,19.5,26,150,0,0,0,4,1,B Sharki,NEP
856,GJ van Rensburg (NAM),3,3,0,39,19,13,60,65,0,0,0,4,0,GJ van Rensburg,NAM
857,J Chaturanga (BHR),3,3,0,38,20,12.66,36,105.55,0,0,1,5,1,J Chaturanga,BHR
858,R Davson (BHM),3,3,0,38,30,12.66,45,84.44,0,0,0,5,0,R Davson,BHM
859,Irfan Hafejee (PAN),4,4,0,38,33,9.5,51,74.5,0,0,1,4,0,Irfan Hafejee,PAN
860,Kashif Abbas (KSA),3,3,0,38,19,12.66,40,95,0,0,0,7,0,Kashif Abbas,KSA
861,A Martel (GUE),4,4,0,38,20,9.5,37,102.7,0,0,0,5,2,A Martel,GUE
862,J Alexander (Falk),4,4,0,37,24,9.25,65,56.92,0,0,0,3,0,J Alexander,Falk
863,G Caisley (BRA),7,7,0,37,21,5.28,52,71.15,0,0,2,3,1,G Caisley,BRA
864,J Danikula (CRT),3,3,0,37,19,12.33,61,60.65,0,0,0,3,0,J Danikula,CRT
865,J Rasu (VAN),2,2,0,37,24,18.5,37,100,0,0,0,4,0,J Rasu,VAN
866,Samir Patel (LES),2,2,0,37,26,18.5,31,119.35,0,0,0,6,0,Samir Patel,LES
867,S Sankar (KSA),1,1,0,37,37,37,37,100,0,0,0,3,0,S Sankar,KSA
868,Waleed Rana (ITA),3,3,0,37,25,12.33,48,77.08,0,0,0,2,1,Waleed Rana,ITA
869,L Emilio (MOZ),4,4,0,36,24,9,57,63.15,0,0,1,4,0,L Emilio,MOZ
870,D Ganesh (CRC),1,1,1,36,36*,0,29,124.13,0,0,0,4,1,D Ganesh,CRC
871,Imran Ameer (MLT),5,5,0,36,16,7.2,49,73.46,0,0,1,4,1,Imran Ameer,MLT
872,B Isaac (STHEL),2,2,0,36,34,18,60,60,0,0,0,1,0,B Isaac,STHEL
873,Mirza Baig (PAK),3,3,1,36,32*,18,29,124.13,0,0,1,5,2,Mirza Baig,PAK
874,D Suzuki (JPN),7,7,1,36,13,6,47,76.59,0,0,1,5,0,D Suzuki,JPN
875,RM Jariwala (USA),1,1,0,35,35,35,31,112.9,0,0,0,4,0,RM Jariwala,USA
876,Manan Bashir (BUL),3,3,0,35,22,11.66,31,112.9,0,0,0,3,3,Manan Bashir,BUL
877,SK Patel (USA),2,2,0,35,24,17.5,37,94.59,0,0,0,2,0,SK Patel,USA
878,Rahat Kazi (TLS),8,8,0,35,13,4.37,64,54.68,0,0,3,1,1,Rahat Kazi,TLS
879,LA Simango (MOZ),2,2,0,35,18,17.5,44,79.54,0,0,0,6,0,LA Simango,MOZ
880,MWR Stokes (GUE),3,3,1,35,18,17.5,38,92.1,0,0,0,3,0,MWR Stokes,GUE
881,S Thakor (TAN),4,4,0,35,17,8.75,23,152.17,0,0,0,4,2,S Thakor,TAN
882,Waqas Haider (SWE),3,3,1,35,19,17.5,21,166.66,0,0,0,4,2,Waqas Haider,SWE
883,RGA Amah (CAM),4,4,0,34,19,8.5,45,75.55,0,0,1,3,0,RGA Amah,CAM
884,RR Bastiansz (MLT),3,3,0,34,24,11.33,36,94.44,0,0,0,2,1,RR Bastiansz,MLT
885,SJ French (Samoa),4,4,0,34,27,8.5,57,59.64,0,0,1,2,0,SJ French,Samoa
886,Mohamed Coulibaly (Mali),12,12,0,34,6,2.83,105,32.38,0,0,1,2,0,Mohamed Coulibaly,Mali
887,Mohammad Naim (BAN),5,5,0,34,13,6.8,56,60.71,0,0,0,3,0,Mohammad Naim,BAN
888,Munim Shahriar (BAN),5,5,0,34,17,6.8,47,72.34,0,0,0,5,0,Munim Shahriar,BAN
889,G Murali (CRC),1,1,0,34,34,34,34,100,0,0,0,2,2,G Murali,CRC
890,Sompal Kami (NEP),4,4,0,34,12,8.5,32,106.25,0,0,0,4,1,Sompal Kami,NEP
891,W Wotu (VAN),2,2,0,34,24,17,33,103.03,0,0,0,2,2,W Wotu,VAN
892,Yusuf Ebrahim (PAN),5,5,0,34,14,6.8,71,47.88,0,0,0,1,0,Yusuf Ebrahim,PAN
893,Faisal Mehmood (BEL),2,2,0,33,23,16.5,25,132,0,0,0,5,1,Faisal Mehmood,BEL
894,Ijaz Hussain (ROM),2,2,0,33,17,16.5,32,103.12,0,0,0,4,1,Ijaz Hussain,ROM
895,SA Jumbe (TAN),2,2,0,33,28,16.5,22,150,0,0,0,5,1,SA Jumbe,TAN
896,Khurram Nawaz (OMA),1,1,1,33,33*,0,12,275,0,0,0,5,2,Khurram Nawaz,OMA
897,CS MacLeod (SCOT),1,1,0,33,33,33,24,137.5,0,0,0,3,1,CS MacLeod,SCOT
898,Mohammad Shahzad (AFG),3,3,0,33,20,11,42,78.57,0,0,0,4,1,Mohammad Shahzad,AFG
899,S Ravichandran (JPN),3,3,0,33,19,11,33,100,0,0,0,3,1,S Ravichandran,JPN
900,Sohel Patel (PAN),3,3,0,33,22,11,30,110,0,0,0,4,0,Sohel Patel,PAN
901,R Theruvath (QAT),4,4,0,33,15,8.25,33,100,0,0,1,4,1,R Theruvath,QAT
902,Abdul Hashmi (DEN),5,5,1,32,30*,8,39,82.05,0,0,3,5,0,Abdul Hashmi,DEN
903,TA Blundell (NZ),2,2,0,32,28,16,19,168.42,0,0,0,6,0,TA Blundell,NZ
904,AM Hardie (AUS),2,2,0,32,16,16,28,114.28,0,0,0,5,0,AM Hardie,AUS
905,S Jegannathan (INA),3,3,1,32,18,16,53,60.37,0,0,0,3,0,S Jegannathan,INA
906,MR Kumar (UAE),3,3,1,32,17,16,40,80,0,0,0,2,1,MR Kumar,UAE
907,P Mishra (BUL),6,6,0,32,13,5.33,36,88.88,0,0,1,4,1,P Mishra,BUL
908,S Movva (CAN),1,1,0,32,32,32,30,106.66,0,0,0,3,1,S Movva,CAN
909,Najjam Shahzad (POR),1,1,0,32,32,32,27,118.51,0,0,0,1,3,Najjam Shahzad,POR
910,JD Newton (CRT),4,4,0,32,26,8,51,62.74,0,0,2,2,1,JD Newton,CRT
911,Sahil Chauhan (EST),1,1,0,32,32,32,19,168.42,0,0,0,2,3,Sahil Chauhan,EST
912,Walid Sahibzada (BEL),2,2,0,32,32,16,37,86.48,0,0,1,2,1,Walid Sahibzada,BEL
913,Aqib Iqbal (AUT),1,1,0,31,31,31,30,103.33,0,0,0,3,1,Aqib Iqbal,AUT
914,LA Burns (ESP),1,1,1,31,31*,0,23,134.78,0,0,0,3,0,LA Burns,ESP
915,R Coker (SLE),6,6,0,31,12,5.16,59,52.54,0,0,1,3,0,R Coker,SLE
916,Huang Junjie (CHN),5,5,0,31,17,6.2,87,35.63,0,0,2,1,0,Huang Junjie,CHN
917,D Khanal (NEP),3,3,0,31,18,10.33,35,88.57,0,0,0,4,1,D Khanal,NEP
918,Muhammad Khan (HKG),5,5,0,31,18,6.2,40,77.5,0,0,3,3,2,Muhammad Khan,HKG
919,R Nath (TKY),2,2,0,31,28,15.5,38,81.57,0,0,0,5,0,R Nath,TKY
920,AAP Rivero (Arg),2,1,0,31,31,31,42,73.8,0,0,0,1,1,AAP Rivero,Arg
921,Sabbir Rahman (BAN),4,4,0,31,14,7.75,36,86.11,0,0,1,3,1,Sabbir Rahman,BAN
922,Shaheryar Butt (BEL),2,2,0,31,25,15.5,24,129.16,0,0,0,3,2,Shaheryar Butt,BEL
923,K Suttisan (THA),2,2,0,31,26,15.5,39,79.48,0,0,0,4,0,K Suttisan,THA
924,C Tear (SCOT),3,3,0,31,16,10.33,46,67.39,0,0,0,2,1,C Tear,SCOT
925,G Toka (PNG),2,2,0,31,29,15.5,27,114.81,0,0,0,3,1,G Toka,PNG
926,A Gbla (SLE),3,3,0,30,15,10,32,93.75,0,0,0,4,0,A Gbla,SLE
927,AS Mehmi (GRC),2,2,0,30,29,15,28,107.14,0,0,0,5,0,AS Mehmi,GRC
928,E Niyomugabo (RWN),2,2,0,30,20,15,22,136.36,0,0,0,3,1,E Niyomugabo,RWN
929,S Kollery (BOT),1,1,0,29,29,29,41,70.73,0,0,0,4,0,S Kollery,BOT
930,Maqsood Ahmad (BEL),1,1,0,29,29,29,21,138.09,0,0,0,5,0,Maqsood Ahmad,BEL
931,Numan Ahmadzai (SUI),2,2,1,29,28*,29,38,76.31,0,0,0,2,1,Numan Ahmadzai,SUI
932,Aadil Bhaiyat (SWZ),4,4,0,28,21,7,31,90.32,0,0,1,2,1,Aadil Bhaiyat,SWZ
933,Andre Jarju (GMB),6,6,0,28,15,4.66,72,38.88,0,0,1,3,0,Andre Jarju,GMB
934,J Barker (LUX),4,4,0,28,19,7,41,68.29,0,0,0,2,0,J Barker,LUX
935,MP Biddappa (PHI),3,3,0,28,26,9.33,54,51.85,0,0,1,3,0,MP Biddappa,PHI
936,Hassan Rasheed (MDV),2,2,1,28,21*,28,33,84.84,0,0,0,4,0,Hassan Rasheed,MDV
937,Hisham Shaikh (KSA),1,1,0,28,28,28,39,71.79,0,0,0,0,0,Hisham Shaikh,KSA
938,Ibrahim Kpaka (SLE),6,6,0,28,18,4.66,37,75.67,0,0,2,3,0,Ibrahim Kpaka,SLE
939,Jaikumar Thakur (CRT),4,4,0,28,20,7,51,54.9,0,0,0,1,0,Jaikumar Thakur,CRT
940,Junaid Aziz (BHR),2,2,0,28,23,14,46,60.86,0,0,0,0,1,Junaid Aziz,BHR
941,AR Ramjani (UGA),2,2,0,28,20,14,24,116.66,0,0,0,3,1,AR Ramjani,UGA
942,S Seelan (INA),1,1,0,28,28,28,28,100,0,0,0,3,0,S Seelan,INA
943,RV Viraj (CAM),3,3,0,28,22,9.33,46,60.86,0,0,1,5,0,RV Viraj,CAM
944,Yaseer Nazeer (BHR),1,1,0,28,28,28,15,186.66,0,0,0,6,0,Yaseer Nazeer,BHR
945,KM Awala (GHA),2,2,0,27,22,13.5,29,93.1,0,0,0,2,0,KM Awala,GHA
946,LE Dlamini (SWZ),3,3,0,27,14,9,35,77.14,0,0,0,2,1,LE Dlamini,SWZ
947,Jordan O'Brien (FIN),5,5,0,27,9,5.4,40,67.5,0,0,1,1,1,Jordan O'Brien,FIN
948,Muhammad Umar (KUW),2,2,0,27,26,13.5,37,72.97,0,0,0,2,1,Muhammad Umar,KUW
949,R Sakurano-Thomas (JPN),2,2,0,27,16,13.5,37,72.97,0,0,0,1,0,R Sakurano-Thomas,JPN
950,Sobu George (MLT),1,1,0,27,27,27,21,128.57,0,0,0,4,0,Sobu George,MLT
951,D Teinaki (COK),2,2,0,27,16,13.5,29,93.1,0,0,0,1,3,D Teinaki,COK
952,OSB Tilley (CRT),3,3,0,27,21,9,34,79.41,0,0,0,5,0,OSB Tilley,CRT
953,S Tuitoga (Fiji),2,2,0,27,27,13.5,33,81.81,0,0,1,3,1,S Tuitoga,Fiji
954,D Wiese (NAM),1,1,0,27,27,27,12,225,0,0,0,2,2,D Wiese,NAM
955,TV Badri Narayanan (CRC),3,3,1,26,19,13,41,63.41,0,0,1,1,1,TV Badri Narayanan,CRC
956,YI Kachhalia (PAN),5,5,0,26,14,5.2,43,60.46,0,0,1,2,0,YI Kachhalia,PAN
957,Kau Qalo (Fiji),1,1,0,26,26,26,27,96.29,0,0,0,2,1,Kau Qalo,Fiji
958,C Madande (ZIM),4,4,0,26,8,6.5,44,59.09,0,0,0,0,1,C Madande,ZIM
959,A Natubhai Ahir (PAN),2,2,0,26,25,13,24,108.33,0,0,0,2,1,A Natubhai Ahir,PAN
960,Towhid Hridoy (BAN),3,3,0,26,12,8.66,32,81.25,0,0,0,1,0,Towhid Hridoy,BAN
961,Wasim Ali (OMA),2,2,1,26,25*,26,22,118.18,0,0,0,1,2,Wasim Ali,OMA
962,DGAPD Wiswi (INA),1,1,1,26,26*,0,13,200,0,0,0,4,1,DGAPD Wiswi,INA
963,IK Darmawan (INA),3,3,0,25,16,8.33,34,73.52,0,0,1,3,0,IK Darmawan,INA
964,H Jangariya (SWZ),1,1,0,25,25,25,19,131.57,0,0,0,5,0,H Jangariya,SWZ
965,S Kamate (Mali),4,4,0,25,12,6.25,43,58.13,0,0,0,4,0,S Kamate,Mali
966,JDA Richardson (BER),2,2,0,25,15,12.5,32,78.12,0,0,0,3,0,JDA Richardson,BER
967,T Stubbs (SA),2,2,0,25,14,12.5,20,125,0,0,0,2,1,T Stubbs,SA
968,M Vivekanandan (MNG),6,6,0,25,11,4.16,74,33.78,0,0,3,2,0,M Vivekanandan,MNG
969,Afsar Zazai (AFG),1,1,0,24,24,24,24,100,0,0,0,1,1,Afsar Zazai,AFG
970,Amjad Sher (FIN),2,2,1,24,18*,24,27,88.88,0,0,0,1,1,Amjad Sher,FIN
971,Azin Rafeeg (MDV),2,2,1,24,24*,24,17,141.17,0,0,1,3,1,Azin Rafeeg,MDV
972,AR Balla (CAM),5,5,2,24,7,8,84,28.57,0,0,0,0,0,AR Balla,CAM
973,S Dube (IND),2,2,0,24,22,12,21,114.28,0,0,0,1,1,S Dube,IND
974,S Gulecha (SGP),2,2,0,24,23,12,30,80,0,0,0,1,2,S Gulecha,SGP
975,C Hartmann (IOM),2,2,0,24,24,12,30,80,0,0,1,4,0,C Hartmann,IOM
976,Haseebullah Khan (PAK),2,2,0,24,24,12,22,109.09,0,0,1,3,0,Haseebullah Khan,PAK
977,JM Polarouthu (HUN),2,2,1,24,22*,24,23,104.34,0,0,0,0,1,JM Polarouthu,HUN
978,Aslam Mohammad (GRC),2,2,0,23,14,11.5,30,76.66,0,0,0,2,0,Aslam Mohammad,GRC
979,SR Bhudia (KENYA),1,1,0,23,23,23,14,164.28,0,0,0,5,0,SR Bhudia,KENYA
980,MG Bracewell (NZ),1,1,0,23,23,23,21,109.52,0,0,0,2,1,MG Bracewell,NZ
981,AC Douglas (BER),1,1,0,23,23,23,16,143.75,0,0,0,2,2,AC Douglas,BER
982,NH Ekanayake (BHM),3,3,0,23,19,7.66,30,76.66,0,0,0,3,1,NH Ekanayake,BHM
983,I Kamara (SLE),4,4,1,23,16,7.66,44,52.27,0,0,0,2,0,I Kamara,SLE
984,G Manan (ROM),4,4,0,23,7,5.75,21,109.52,0,0,0,1,2,G Manan,ROM
985,ZE Matsinhe (MOZ),1,1,0,23,23,23,26,88.46,0,0,0,3,0,ZE Matsinhe,MOZ
986,GD Phillips (NZ),1,1,0,23,23,23,16,143.75,0,0,0,1,1,GD Phillips,NZ
987,Ravinderpal Singh (CAN),1,1,0,23,23,23,13,176.92,0,0,0,2,1,Ravinderpal Singh,CAN
988,Rohail Nazir (PAK),2,2,0,23,13,11.5,23,100,0,0,0,0,3,Rohail Nazir,PAK
989,D Sheeli (KUW),2,2,0,23,17,11.5,17,135.29,0,0,0,2,2,D Sheeli,KUW
990,Usman Arif (NOR),3,3,0,23,22,7.66,23,100,0,0,1,2,1,Usman Arif,NOR
991,Zeeshan Goraya (AUT),2,2,0,23,18,11.5,22,104.54,0,0,0,3,1,Zeeshan Goraya,AUT
992,Gulsan Jha (NEP),1,1,0,22,22,22,24,91.66,0,0,0,3,0,Gulsan Jha,NEP
993,Gurdeep Singh (KENYA),1,1,0,22,22,22,24,91.66,0,0,0,1,1,Gurdeep Singh,KENYA
994,V Hirlal (Sur),4,4,0,22,7,5.5,44,50,0,0,0,2,0,V Hirlal,Sur
995,Janak Prakash (SGP),1,1,0,22,22,22,12,183.33,0,0,0,1,1,Janak Prakash,SGP
996,M Kulfiwala (SWZ),3,3,0,22,21,7.33,21,104.76,0,0,1,4,0,M Kulfiwala,SWZ
997,S Loday (BHU),1,1,0,22,22,22,25,88,0,0,0,1,0,S Loday,BHU
998,Mohamed Azzam (MDV),3,3,0,22,14,7.33,31,70.96,0,0,0,1,1,Mohamed Azzam,MDV
999,Nazril Rahman (MAS),2,2,0,22,20,11,19,115.78,0,0,0,1,1,Nazril Rahman,MAS
1000,AM Rajpurohit (GMB),2,2,0,22,22,11,29,75.86,0,0,1,2,1,AM Rajpurohit,GMB
1001,SD Valjalo (CRT),3,3,0,22,14,7.33,30,73.33,0,0,0,2,0,SD Valjalo,CRT
1002,Aarif Sheikh (NEP),1,1,1,21,21*,0,27,77.77,0,0,0,1,0,Aarif Sheikh,NEP
1003,Abdul Hai Muhammad (BEL),3,3,0,21,21,7,14,150,0,0,2,2,2,Abdul Hai Muhammad,BEL
1004,JB Abega (CAM),4,4,0,21,11,5.25,44,47.72,0,0,0,0,0,JB Abega,CAM
1005,Alexandros Karvelas (GRC),2,2,0,21,11,10.5,27,77.77,0,0,0,2,0,Alexandros Karvelas,GRC
1006,Bilal Tahir (KUW),1,1,1,21,21*,0,12,175,0,0,0,1,2,Bilal Tahir,KUW
1007,A Davidson Soler (ESP),1,1,1,21,21*,0,11,190.9,0,0,0,0,1,A Davidson Soler,ESP
1008,E Hasahya (UGA),5,5,0,21,9,4.2,28,75,0,0,0,3,0,E Hasahya,UGA
1009,T Horpinitch (SEY),3,3,0,21,9,7,42,50,0,0,0,3,0,T Horpinitch,SEY
1010,KA Jadhav (CAM),3,3,0,21,12,7,48,43.75,0,0,0,2,0,KA Jadhav,CAM
1011,D Johnson (Falk),3,3,0,21,15,7,35,60,0,0,1,2,0,D Johnson,Falk
1012,Mohammad Bhaidu (Zamb),3,3,0,21,17,7,33,63.63,0,0,1,3,0,Mohammad Bhaidu,Zamb
1013,AR Patel (IND),1,1,0,21,21,21,21,100,0,0,0,1,1,AR Patel,IND
1014,R Sheshadri (SGP),3,3,1,21,15*,10.5,22,95.45,0,0,0,1,1,R Sheshadri,SGP
1015,MRJ Watt (SCOT),4,4,0,21,9,5.25,27,77.77,0,0,0,3,0,MRJ Watt,SCOT
1016,GPK Wijesingha (MDV),1,1,0,21,21,21,25,84,0,0,0,1,1,GPK Wijesingha,MDV
1017,Eric Phiri (SWZ),4,4,0,20,10,5,27,74.07,0,0,1,3,0,Eric Phiri,SWZ
1018,Ihsanullah (AFG),1,1,0,20,20,20,14,142.85,0,0,0,4,0,Ihsanullah,AFG
1019,TM Macalou (Mali),6,6,0,20,14,3.33,65,30.76,0,0,2,2,0,TM Macalou,Mali
1020,M Magagula (SWZ),1,1,0,20,20,20,25,80,0,0,0,3,0,M Magagula,SWZ
1021,MF Manjate (MOZ),3,3,0,20,12,6.66,40,50,0,0,1,3,0,MF Manjate,MOZ
1022,Mayank Nagayach (LUX),2,2,0,20,18,10,22,90.9,0,0,0,1,1,Mayank Nagayach,LUX
1023,OK Mohamed (CIV),5,5,0,20,10,4,59,33.89,0,0,1,2,0,OK Mohamed,CIV
1024,Noorkhan Ahmedi (SUI),1,1,0,20,20,20,11,181.81,0,0,0,2,1,Noorkhan Ahmedi,SUI
1025,N Salekar (THA),3,3,0,20,13,6.66,26,76.92,0,0,0,2,0,N Salekar,THA
1026,S Santhirakumaran (Fran),3,3,0,20,11,6.66,36,55.55,0,0,0,0,0,S Santhirakumaran,Fran
1027,Usman Patel (KUW),3,3,0,20,16,6.66,32,62.5,0,0,1,2,0,Usman Patel,KUW
1028,JM Vujnovich (CRT),3,3,0,20,20,6.66,46,43.47,0,0,2,1,0,JM Vujnovich,CRT
1029,S Wickramasekara (CZK-R),1,1,0,20,20,20,5,400,0,0,0,2,2,S Wickramasekara,CZK-R
1030,S Barediya (SWZ),2,2,0,19,17,9.5,25,76,0,0,0,2,0,S Barediya,SWZ
1031,R Bharathan (CRC),3,3,0,19,14,6.33,29,65.51,0,0,1,2,0,R Bharathan,CRC
1032,S Bogdos (GRC),1,1,0,19,19,19,38,50,0,0,0,1,0,S Bogdos,GRC
1033,ML Bojang (GMB),3,3,0,19,11,6.33,32,59.37,0,0,0,1,1,ML Bojang,GMB
1034,J Coetzee (THA),1,1,0,19,19,19,17,111.76,0,0,0,1,1,J Coetzee,THA
1035,MS Diawara (Mali),3,3,0,19,11,6.33,57,33.33,0,0,1,2,0,MS Diawara,Mali
1036,ST Doheny (IRE),3,3,0,19,15,6.33,21,90.47,0,0,0,2,0,ST Doheny,IRE
1037,Faraaz Mehti Abbas (FIN),1,1,0,19,19,19,15,126.66,0,0,0,2,0,Faraaz Mehti Abbas,FIN
1038,KJ Ferrary (GIBR),1,1,0,19,19,19,18,105.55,0,0,0,1,0,KJ Ferrary,GIBR
1039,J Figy (UAE),2,2,0,19,19,9.5,30,63.33,0,0,1,1,1,J Figy,UAE
1040,S Foster (CAY),2,2,0,19,12,9.5,23,82.6,0,0,0,1,0,S Foster,CAY
1041,H Hiri (PNG),1,1,0,19,19,19,28,67.85,0,0,0,2,0,H Hiri,PNG
1042,Ibrahim Sesay (SLE),4,4,2,19,11*,9.5,23,82.6,0,0,1,2,0,Ibrahim Sesay,SLE
1043,M Kpaka (SLE),3,3,0,19,15,6.33,48,39.58,0,0,0,0,0,M Kpaka,SLE
1044,L Maphane (BOT),2,2,0,19,19,9.5,41,46.34,0,0,1,1,0,L Maphane,BOT
1045,SM Nash (Samoa),3,3,0,19,16,6.33,28,67.85,0,0,1,3,0,SM Nash,Samoa
1046,A Bhadauria (LUX),1,1,0,19,19,19,13,146.15,0,0,0,4,0,A Bhadauria,LUX
1047,RK Singh (Mex),4,4,0,19,13,4.75,41,46.34,0,0,1,2,0,RK Singh,Mex
1048,M Akhigbe (NGA),2,2,0,18,14,9,20,90,0,0,0,2,0,M Akhigbe,NGA
1049,C Chete (MWI),1,1,0,18,18,18,20,90,0,0,0,2,0,C Chete,MWI
1050,S Grover (CZK-R),4,4,0,18,17,4.5,22,81.81,0,0,2,2,1,S Grover,CZK-R
1051,Haider Butt (BHR),2,2,0,18,18,9,14,128.57,0,0,1,4,0,Haider Butt,BHR
1052,Abduljabar Jabarkhail (BEL),1,1,0,18,18,18,11,163.63,0,0,0,3,0,Abduljabar Jabarkhail,BEL
1053,Maidul Islam (EST),3,3,0,18,9,6,20,90,0,0,0,3,0,Maidul Islam,EST
1054,GM Ntambalika (MWI),2,2,1,18,10,18,19,94.73,0,0,0,2,0,GM Ntambalika,MWI
1055,JTS Sumerauer (JER),5,5,0,18,9,3.6,20,90,0,0,2,4,0,JTS Sumerauer,JER
1056,SF Tiai (Samoa),1,1,0,18,18,18,14,128.57,0,0,0,1,1,SF Tiai,Samoa
1057,Akhil Anil (TAN),2,1,0,17,17,17,18,94.44,0,0,0,0,1,Akhil Anil,TAN
1058,GD Arta (INA),5,5,1,17,9*,4.25,25,68,0,0,3,0,1,GD Arta,INA
1059,G Bruno (),2,2,0,17,9,8.5,9,188.88,0,0,0,4,0,G Bruno,
1060,N Chejay (BHU),2,2,0,17,10,8.5,34,50,0,0,0,1,0,N Chejay,BHU
1061,G Chohan (PHI),2,2,0,17,17,8.5,34,50,0,0,1,2,0,G Chohan,PHI
1062,JM Cox (ENG),2,2,0,17,17,8.5,14,121.42,0,0,1,3,0,JM Cox,ENG
1063,Fayaz Mohammad (BUL),2,2,0,17,12,8.5,13,130.76,0,0,0,3,0,Fayaz Mohammad,BUL
1064,Muhammad Asim (QAT),2,2,0,17,10,8.5,17,100,0,0,0,1,1,Muhammad Asim,QAT
1065,Mustapha Suwareh (GMB),6,6,0,17,7,2.83,31,54.83,0,0,2,3,0,Mustapha Suwareh,GMB
1066,P Pustoslemsek (SVN),2,2,0,17,9,8.5,36,47.22,0,0,0,2,0,P Pustoslemsek,SVN
1067,Shahnawaz Patel (Zamb),3,3,0,17,12,5.66,26,65.38,0,0,0,2,0,Shahnawaz Patel,Zamb
1068,F Stoman (POR),1,1,0,17,17,17,21,80.95,0,0,0,1,1,F Stoman,POR
1069,OR Willis (CAY),3,3,0,17,9,5.66,42,40.47,0,0,0,0,0,OR Willis,CAY
1070,E Yaver (TKY),1,1,0,17,17,17,16,106.25,0,0,0,2,0,E Yaver,TKY
1071,Ali Abbas (KSA),3,3,0,16,12,5.33,30,53.33,0,0,1,2,0,Ali Abbas,KSA
1072,Baseer Khan (AUT),2,1,0,16,16,16,18,88.88,0,0,0,0,1,Baseer Khan,AUT
1073,P Bosnjak (CRT),3,3,0,16,7,5.33,14,114.28,0,0,0,3,0,P Bosnjak,CRT
1074,L Croospulle (SL),1,1,0,16,16,16,12,133.33,0,0,0,2,1,L Croospulle,SL
1075,S Delai (Fiji),1,1,0,16,16,16,29,55.17,0,0,0,3,0,S Delai,Fiji
1076,WIA Fernando (SL),5,5,0,16,6,3.2,21,76.19,0,0,1,2,1,WIA Fernando,SL
1077,MW Forde (WI),1,1,0,16,16,16,12,133.33,0,0,0,0,2,MW Forde,WI
1078,Harmeet Singh (USA),1,1,0,16,16,16,12,133.33,0,0,0,1,1,Harmeet Singh,USA
1079,K Jaikaran (Sur),2,2,0,16,9,8,38,42.1,0,0,0,2,0,K Jaikaran,Sur
1080,DB Lakhani (SWE),1,1,0,16,16,16,12,133.33,0,0,0,2,0,DB Lakhani,SWE
1081,ME Leoela (LES),5,5,0,16,11,3.2,28,57.14,0,0,1,1,0,ME Leoela,LES
1082,Manish Sharma (CAM),3,3,0,16,15,5.33,37,43.24,0,0,1,3,0,Manish Sharma,CAM
1083,M Mariyappan (SEY),1,1,0,16,16,16,20,80,0,0,0,1,0,M Mariyappan,SEY
1084,A Otwani (UGA),3,3,0,16,16,5.33,14,114.28,0,0,2,2,1,A Otwani,UGA
1085,M Shumba (ZIM),2,2,0,16,8,8,25,64,0,0,0,2,0,M Shumba,ZIM
1086,J Suleman (SWZ),2,2,0,16,16,8,19,84.21,0,0,1,1,1,J Suleman,SWZ
1087,F Suluoto (Samoa),3,3,0,16,13,5.33,33,48.48,0,0,0,2,0,F Suluoto,Samoa
1088,DC Thomas (WI),3,3,0,16,10,5.33,20,80,0,0,0,3,0,DC Thomas,WI
1089,D Wheatley (BHM),1,1,0,16,16,16,11,145.45,0,0,0,3,0,D Wheatley,BHM
1090,J West (GIBR),2,2,0,16,11,8,34,47.05,0,0,0,1,0,J West,GIBR
1091,Abubacarr Kuyateh (GMB),2,2,0,15,15,7.5,19,78.94,0,0,1,3,0,Abubacarr Kuyateh,GMB
1092,JEA Doctora (PHI),2,2,0,15,15,7.5,28,53.57,0,0,1,1,0,JEA Doctora,PHI
1093,M Gill (CAN),1,1,0,15,15,15,20,75,0,0,0,0,0,M Gill,CAN
1094,Asif Iqbal (SKOR),2,2,0,15,13,7.5,14,107.14,0,0,0,3,0,Asif Iqbal,SKOR
1095,S Jamil (BEL),1,1,0,15,15,15,19,78.94,0,0,0,3,0,S Jamil,BEL
1096,Kashif Daud (UAE),1,1,0,15,15,15,14,107.14,0,0,0,0,1,Kashif Daud,UAE
1097,Lokesh Bam (NEP),4,4,0,15,9,3.75,15,100,0,0,2,2,1,Lokesh Bam,NEP
1098,Muslim Yar (GER),2,2,0,15,14,7.5,13,115.38,0,0,0,1,0,Muslim Yar,GER
1099,S Natsagdorj (MNG),4,4,0,15,11,3.75,59,25.42,0,0,0,0,0,S Natsagdorj,MNG
1100,A Randhawa (AUT),1,1,1,15,15*,0,10,150,0,0,0,1,1,A Randhawa,AUT
1101,Bilal Hassun (UGA),1,1,1,14,14*,0,7,200,0,0,0,3,0,Bilal Hassun,UGA
1102,ML Castillo (Blz),3,3,0,14,9,4.66,21,66.66,0,0,0,3,0,ML Castillo,Blz
1103,MS Diakite (Mali),3,3,0,14,10,4.66,31,45.16,0,0,1,2,0,MS Diakite,Mali
1104,BM Dlamini (SWZ),4,4,0,14,10,3.5,24,58.33,0,0,2,3,0,BM Dlamini,SWZ
1105,Haider Ali (PAK),4,3,0,14,11,4.66,20,70,0,0,1,0,0,Haider Ali,PAK
1106,C Hinze (JPN),1,1,0,14,14,14,13,107.69,0,0,0,1,0,C Hinze,JPN
1107,A Kheterpal (HUN),1,1,0,14,14,14,9,155.55,0,0,0,1,1,A Kheterpal,HUN
1108,Khushdil Shah (PAK),1,1,0,14,14,14,10,140,0,0,0,1,1,Khushdil Shah,PAK
1109,Muhammad Saleem (BRA),2,2,0,14,10,7,16,87.5,0,0,0,2,0,Muhammad Saleem,BRA
1110,Mujibur Ali (OMA),2,2,0,14,9,7,22,63.63,0,0,0,1,0,Mujibur Ali,OMA
1111,V Rathinasamy (CRT),2,2,0,14,13,7,28,50,0,0,0,1,1,V Rathinasamy,CRT
1112,CM Rocca (GIBR),1,1,0,14,14,14,19,73.68,0,0,0,2,0,CM Rocca,GIBR
1113,Sazzad Hosen (BEL),2,2,0,14,9,7,15,93.33,0,0,0,2,0,Sazzad Hosen,BEL
1114,Sohaib Khan (UAE),2,2,0,14,11,7,17,82.35,0,0,0,1,1,Sohaib Khan,UAE
1115,Suhail Sattar (TLS),1,1,0,14,14,14,15,93.33,0,0,0,0,1,Suhail Sattar,TLS
1116,H Upadhyay (MNG),4,4,0,14,8,3.5,33,42.42,0,0,0,0,0,H Upadhyay,MNG
1117,Bilal Ahmad Mir (SKOR),1,1,0,13,13,13,9,144.44,0,0,0,1,1,Bilal Ahmad Mir,SKOR
1118,M Kadyan (BUL),3,3,0,13,10,4.33,20,65,0,0,1,1,0,M Kadyan,BUL
1119,DAM Louis (QAT),2,2,0,13,12,6.5,15,86.66,0,0,0,1,1,DAM Louis,QAT
1120,K Mirpuri (GIBR),1,1,0,13,13,13,17,76.47,0,0,0,1,0,K Mirpuri,GIBR
1121,Mohammad Amin (KUW),1,1,0,13,13,13,14,92.85,0,0,0,1,1,Mohammad Amin,KUW
1122,M Montgomery (GER),1,1,0,13,13,13,19,68.42,0,0,0,1,0,M Montgomery,GER
1123,Muhammad Amin (SWZ),4,4,0,13,5,3.25,21,61.9,0,0,1,3,0,Muhammad Amin,SWZ
1124,P Murungi (UGA),1,1,0,13,13,13,16,81.25,0,0,0,2,0,P Murungi,UGA
1125,Shahbaz Badar (BHR),5,5,0,13,8,2.6,22,59.09,0,0,3,2,0,Shahbaz Badar,BHR
1126,JK Theodore (GHA),2,2,0,13,8,6.5,12,108.33,0,0,0,2,0,JK Theodore,GHA
1127,Vishal Sharma (NOR),1,1,0,13,13,13,15,86.66,0,0,0,2,0,Vishal Sharma,NOR
1128,D Young (STHEL),2,2,0,13,13,6.5,14,92.85,0,0,1,1,1,D Young,STHEL
1129,Abhilash Patil (Mex),1,1,0,12,12,12,28,42.85,0,0,0,0,0,Abhilash Patil,Mex
1130,PS Bais (Mex),1,1,0,12,12,12,10,120,0,0,0,3,0,PS Bais,Mex
1131,L Canessane (Fran),2,2,0,12,8,6,14,85.71,0,0,0,2,0,L Canessane,Fran
1132,KU Carty (WI),3,3,0,12,10,4,30,40,0,0,0,0,0,KU Carty,WI
1133,FFJ Heo (INA),3,3,0,12,12,4,17,70.58,0,0,2,0,1,FFJ Heo,INA
1134,V Jagannivasan (CZK-R),2,2,0,12,12,6,22,54.54,0,0,1,1,0,V Jagannivasan,CZK-R
1135,Jason Lui (HKG),1,1,1,12,12*,0,16,75,0,0,0,2,0,Jason Lui,HKG
1136,M Khojbariya (SWZ),5,5,0,12,9,2.4,22,54.54,0,0,3,1,0,M Khojbariya,SWZ
1137,LJ Leokaoke (LES),3,3,0,12,8,4,33,36.36,0,0,0,1,0,LJ Leokaoke,LES
1138,A Mutreja (SGP),3,3,0,12,9,4,15,80,0,0,1,2,0,A Mutreja,SGP
1139,Nadeem Khan (OMA),1,1,0,12,12,12,14,85.71,0,0,0,2,0,Nadeem Khan,OMA
1140,Nouman Butt (NOR),2,2,0,12,7,6,15,80,0,0,0,2,0,Nouman Butt,NOR
1141,NN Odhiambo (KENYA),2,2,1,12,7*,12,7,171.42,0,0,0,2,0,NN Odhiambo,KENYA
1142,MV Pavlovic (SRB),1,1,0,12,12,12,15,80,0,0,0,2,0,MV Pavlovic,SRB
1143,JR Philippe (AUS),2,2,0,12,8,6,11,109.09,0,0,0,3,0,JR Philippe,AUS
1144,Saif-Ul Islam (NOR),2,2,0,12,6,6,26,46.15,0,0,0,1,0,Saif-Ul Islam,NOR
1145,Sarfraz Rao (Falk),4,4,0,12,11,3,30,40,0,0,2,1,0,Sarfraz Rao,Falk
1146,Syed Faizan Tahir (KSA),2,2,0,12,7,6,19,63.15,0,0,0,0,0,Syed Faizan Tahir,KSA
1147,Syed Naqvi (ITA),4,4,0,12,6,3,24,50,0,0,1,0,0,Syed Naqvi,ITA
1148,Umair Qasim (SWZ),1,1,0,12,12,12,11,109.09,0,0,0,0,1,Umair Qasim,SWZ
1149,Wahidullah Sahak (NOR),3,3,0,12,9,4,12,100,0,0,0,2,0,Wahidullah Sahak,NOR
1150,Zubaid Akbari (AFG),4,4,0,12,5,3,17,70.58,0,0,0,2,0,Zubaid Akbari,AFG
1151,Ahmed Hassan (MDV),2,2,0,11,10,5.5,22,50,0,0,0,1,0,Ahmed Hassan,MDV
1152,Amar Sharma (MLT),1,1,0,11,11,11,13,84.61,0,0,0,1,0,Amar Sharma,MLT
1153,AR Bisht (OMA),1,1,0,11,11,11,14,78.57,0,0,0,0,0,AR Bisht,OMA
1154,FE Carava (MOZ),1,1,0,11,11,11,27,40.74,0,0,0,0,0,FE Carava,MOZ
1155,RA Herman (SA),2,2,0,11,10,5.5,17,64.7,0,0,0,2,0,RA Herman,SA
1156,J Hill (PHI),2,2,0,11,11,5.5,31,35.48,0,0,1,0,0,J Hill,PHI
1157,Jitin Singh (TAN),5,4,0,11,6,2.75,26,42.3,0,0,1,1,0,Jitin Singh,TAN
1158,J Liyanage (SL),1,1,0,11,11,11,17,64.7,0,0,0,0,0,J Liyanage,SL
1159,A Manousis (GRC),2,2,0,11,11,5.5,10,110,0,0,1,1,1,A Manousis,GRC
1160,A Mucyodusenge (RWN),3,3,0,11,9,3.66,24,45.83,0,0,1,1,0,A Mucyodusenge,RWN
1161,Muhammad Arfan (UAE),1,1,0,11,11,11,8,137.5,0,0,0,2,0,Muhammad Arfan,UAE
1162,K Shivam (CRC),3,3,0,11,4,3.66,42,26.19,0,0,0,0,0,K Shivam,CRC
1163,A Shukla (CRT),4,4,0,11,8,2.75,27,40.74,0,0,1,1,0,A Shukla,CRT
1164,Syed Tameem (QAT),1,1,0,11,11,11,22,50,0,0,0,0,0,Syed Tameem,QAT
1165,Tarun Sharma (Mex),1,1,0,11,11,11,12,91.66,0,0,0,1,0,Tarun Sharma,Mex
1166,H Thaker (CAN),1,1,0,11,11,11,9,122.22,0,0,0,1,0,H Thaker,CAN
1167,A Uniyal (Chile),2,2,0,11,8,5.5,26,42.3,0,0,0,0,0,A Uniyal,Chile
1168,RL Vitas (SRB),1,1,0,11,11,11,18,61.11,0,0,0,1,0,RL Vitas,SRB
1169,N Wijesekera (AUT),3,3,0,11,6,3.66,38,28.94,0,0,0,0,0,N Wijesekera,AUT
1170,Ashish Gupta (INA),4,3,0,10,8,3.33,17,58.82,0,0,0,0,1,Ashish Gupta,INA
1171,KMA Aziz (CIV),3,3,0,10,10,3.33,35,28.57,0,0,2,2,0,KMA Aziz,CIV
1172,Fareed Shius (MDV),1,1,0,10,10,10,21,47.61,0,0,0,2,0,Fareed Shius,MDV
1173,GC Galanis (GRC),2,2,0,10,6,5,14,71.42,0,0,0,2,0,GC Galanis,GRC
1174,Imran Khan (POR),2,2,0,10,10,5,14,71.42,0,0,1,2,0,Imran Khan,POR
1175,A Johnmary (Fran),1,1,0,10,10,10,8,125,0,0,0,2,0,A Johnmary,Fran
1176,S Jora (NEP),1,1,0,10,10,10,13,76.92,0,0,0,1,0,S Jora,NEP
1177,E Kuyumcu (TKY),1,1,0,10,10,10,32,31.25,0,0,0,0,0,E Kuyumcu,TKY
1178,Rajkumar Rajendran (MAS),2,2,0,10,8,5,17,58.82,0,0,0,0,1,Rajkumar Rajendran,MAS
1179,C Roberts (Fran),2,2,0,10,9,5,17,58.82,0,0,0,1,0,C Roberts,Fran
1180,T Rossi (Arg),2,2,0,10,9,5,12,83.33,0,0,0,1,0,T Rossi,Arg
1181,E Rukiriza (RWN),1,1,0,10,10,10,8,125,0,0,0,0,1,E Rukiriza,RWN
1182,Sajid Patel (LES),2,2,0,10,8,5,13,76.92,0,0,0,1,0,Sajid Patel,LES
1183,Tayyab Tahir (PAK),1,1,0,10,10,10,9,111.11,0,0,0,2,0,Tayyab Tahir,PAK
1184,Wang Liuyang (CHN),3,3,0,10,7,3.33,21,47.61,0,0,1,1,0,Wang Liuyang,CHN
1185,Aminullah Tanha (NOR),4,4,0,9,4,2.25,27,33.33,0,0,1,2,0,Aminullah Tanha,NOR
1186,JW Batinibulu (Fiji),1,1,0,9,9,9,16,56.25,0,0,0,0,0,JW Batinibulu,Fiji
1187,A Conteh (GMB),1,1,0,9,9,9,22,40.9,0,0,0,1,0,A Conteh,GMB
1188,S Daniel (SL),1,1,0,9,9,9,6,150,0,0,0,2,0,S Daniel,SL
1189,JC Darji (TAN),1,1,0,9,9,9,11,81.81,0,0,0,1,0,JC Darji,TAN
1190,W Dlamini (SWZ),2,2,0,9,5,4.5,6,150,0,0,0,2,0,W Dlamini,SWZ
1191,D Hardware (),2,2,1,9,7*,9,24,37.5,0,0,0,0,0,D Hardware,
1192,JMV Junior (Fiji),1,1,0,9,9,9,5,180,0,0,0,0,1,JMV Junior,Fiji
1193,JS Malhotra (USA),1,1,0,9,9,9,14,64.28,0,0,0,1,0,JS Malhotra,USA
1194,D Matla (SVN),2,2,0,9,9,4.5,29,31.03,0,0,1,0,0,D Matla,SVN
1195,B Namsrai (MNG),6,6,0,9,5,1.5,43,20.93,0,0,3,1,0,B Namsrai,MNG
1196,OB Nightingale (GUE),1,1,1,9,9*,0,6,150,0,0,0,1,0,OB Nightingale,GUE
1197,AAA Patel (LES),1,1,0,9,9,9,7,128.57,0,0,0,1,0,AAA Patel,LES
1198,H Rashid (SWZ),1,1,0,9,9,9,11,81.81,0,0,0,1,0,H Rashid,SWZ
1199,Safvan Patel (PAN),1,1,0,9,9,9,12,75,0,0,0,0,0,Safvan Patel,PAN
1200,TNM Soleh (INA),1,1,0,9,9,9,21,42.85,0,0,0,0,0,TNM Soleh,INA
1201,M Taniyama (JPN),1,1,0,9,9,9,9,100,0,0,0,0,0,M Taniyama,JPN
1202,P Baghel (CZK-R),1,1,0,8,8,8,7,114.28,0,0,0,2,0,P Baghel,CZK-R
1203,A Bushell (GUE),1,1,0,8,8,8,14,57.14,0,0,0,1,0,A Bushell,GUE
1204,P Deol (CYP),1,1,0,8,8,8,18,44.44,0,0,0,1,0,P Deol,CYP
1205,H Klaasen (SA),1,1,0,8,8,8,13,61.53,0,0,0,1,0,H Klaasen,SA
1206,S Murari (CRC),1,1,0,8,8,8,6,133.33,0,0,0,0,1,S Murari,CRC
1207,Myat Thu Aung (MYAN),1,1,0,8,8,8,13,61.53,0,0,0,1,0,Myat Thu Aung,MYAN
1208,DL Richards (STHEL),2,2,0,8,4,4,7,114.28,0,0,0,1,0,DL Richards,STHEL
1209,D Sabir (BER),2,2,0,8,8,4,4,200,0,0,1,2,0,D Sabir,BER
1210,Sajid Cheema (KSA),1,1,0,8,8,8,8,100,0,0,0,2,0,Sajid Cheema,KSA
1211,XSD Smith (Sur),1,1,0,8,8,8,8,100,0,0,0,1,0,XSD Smith,Sur
1212,C Stephenson (Blz),2,2,0,8,8,4,11,72.72,0,0,1,1,0,C Stephenson,Blz
1213,RA Tappin (BHM),3,3,0,8,6,2.66,35,22.85,0,0,1,0,0,RA Tappin,BHM
1214,Yasar Haroon (BRA),2,2,0,8,7,4,22,36.36,0,0,0,1,0,Yasar Haroon,BRA
1215,Ali Yalmaz (HUN),1,1,0,7,7,7,4,175,0,0,0,0,1,Ali Yalmaz,HUN
1216,J Clough (IOM),2,2,0,7,4,3.5,16,43.75,0,0,0,0,0,J Clough,IOM
1217,PF Gallagher (FIN),2,2,0,7,7,3.5,8,87.5,0,0,1,1,0,PF Gallagher,FIN
1218,Hasan Yanar (TKY),1,1,0,7,7,7,19,36.84,0,0,0,0,0,Hasan Yanar,TKY
1219,E Kahamker (ISR),1,1,0,7,7,7,13,53.84,0,0,0,1,0,E Kahamker,ISR
1220,P Karoho (PNG),1,1,0,7,7,7,10,70,0,0,0,1,0,P Karoho,PNG
1221,D Finau (Samoa),1,1,0,7,7,7,13,53.84,0,0,0,1,0,D Finau,Samoa
1222,AV Lazarus (THA),2,2,0,7,4,3.5,7,100,0,0,0,1,0,AV Lazarus,THA
1223,E Otgonbayar (MNG),5,4,0,7,3,1.75,38,18.42,0,0,0,0,0,E Otgonbayar,MNG
1224,DK Pallekonda (SVN),2,2,0,7,6,3.5,12,58.33,0,0,0,1,0,DK Pallekonda,SVN
1225,Ali Nayyer (SUI),1,1,0,7,7,7,5,140,0,0,0,1,0,Ali Nayyer,SUI
1226,Shakkir Kassim (QAT),1,1,0,7,7,7,8,87.5,0,0,0,1,0,Shakkir Kassim,QAT
1227,R Sharma (SGP),1,1,1,7,7*,0,2,350,0,0,0,0,1,R Sharma,SGP
1228,C Sudarsanan (MLT),1,1,0,7,7,7,9,77.77,0,0,0,1,0,C Sudarsanan,MLT
1229,Zuhair Muhammad (KSA),2,2,0,7,5,3.5,16,43.75,0,0,0,0,0,Zuhair Muhammad,KSA
1230,MC Alex (CIV),2,2,0,6,5,3,11,54.54,0,0,0,1,0,MC Alex,CIV
1231,A Amado (ISR),1,1,0,6,6,6,9,66.66,0,0,0,1,0,A Amado,ISR
1232,Amandeep Singh (POR),1,1,0,6,6,6,7,85.71,0,0,0,1,0,Amandeep Singh,POR
1233,JW Bartlett (Chile),2,2,0,6,5,3,16,37.5,0,0,0,0,0,JW Bartlett,Chile
1234,JP Greaves (WI),1,1,0,6,6,6,5,120,0,0,0,0,0,JP Greaves,WI
1235,S Henry (Falk),1,1,0,6,6,6,14,42.85,0,0,0,1,0,S Henry,Falk
1236,Ibrahim Hassan (MDV),1,1,0,6,6,6,11,54.54,0,0,0,0,0,Ibrahim Hassan,MDV
1237,Jai Sinh (SUI),1,1,0,6,6,6,11,54.54,0,0,0,0,0,Jai Sinh,SUI
1238,A Maheshwari (CRT),2,2,0,6,6,3,16,37.5,0,0,1,0,0,A Maheshwari,CRT
1239,J Martins (POR),1,1,0,6,6,6,4,150,0,0,0,1,0,J Martins,POR
1240,NM Salonen (FIN),3,3,0,6,6,2,24,25,0,0,2,0,0,NM Salonen,FIN
1241,Shenjian Zheng (CHN),1,1,0,6,6,6,13,46.15,0,0,0,1,0,Shenjian Zheng,CHN
1242,R Shepherd (WI),1,1,0,6,6,6,5,120,0,0,0,0,1,R Shepherd,WI
1243,K Tathgur (CAN),2,2,0,6,3,3,16,37.5,0,0,0,0,0,K Tathgur,CAN
1244,D Traore (Mali),2,2,0,6,6,3,15,40,0,0,1,0,0,D Traore,Mali
1245,DJ Turkich (CRT),1,1,0,6,6,6,14,42.85,0,0,0,0,0,DJ Turkich,CRT
1246,P Yevugah (GHA),2,2,0,6,4,3,9,66.66,0,0,0,0,0,P Yevugah,GHA
1247,Avi Dixit (SGP),2,2,0,5,3,2.5,8,62.5,0,0,0,0,0,Avi Dixit,SGP
1248,Basil Hameed (UAE),2,2,0,5,3,2.5,7,71.42,0,0,0,0,0,Basil Hameed,UAE
1249,DE Burgess (Samoa),1,1,0,5,5,5,11,45.45,0,0,0,0,0,DE Burgess,Samoa
1250,GF Cardos (TLS),1,1,0,5,5,5,19,26.31,0,0,0,0,0,GF Cardos,TLS
1251,M Cohen (ISR),1,1,0,5,5,5,15,33.33,0,0,0,0,0,M Cohen,ISR
1252,MNK Fernando (SL),1,1,0,5,5,5,8,62.5,0,0,0,1,0,MNK Fernando,SL
1253,AA Hawoe (INA),2,1,1,5,5*,0,2,250,0,0,0,1,0,AA Hawoe,INA
1254,Izaz Ali (SVN),3,3,0,5,4,1.66,11,45.45,0,0,1,0,0,Izaz Ali,SVN
1255,A Ilaoa (Samoa),1,1,0,5,5,5,6,83.33,0,0,0,1,0,A Ilaoa,Samoa
1256,Imran (AFG),1,1,0,5,5,5,9,55.55,0,0,0,1,0,Imran,AFG
1257,Ismaila Tamba (GMB),1,1,0,5,5,5,11,45.45,0,0,0,1,0,Ismaila Tamba,GMB
1258,Javed Maroofkhail (NOR),1,1,1,5,5*,0,6,83.33,0,0,0,1,0,Javed Maroofkhail,NOR
1259,ML Kostic (SRB),1,1,0,5,5,5,9,55.55,0,0,0,1,0,ML Kostic,SRB
1260,JS Kundi (KENYA),1,1,0,5,5,5,5,100,0,0,0,1,0,JS Kundi,KENYA
1261,Mahmudul Hasan Joy (BAN),2,2,0,5,5,2.5,10,50,0,0,1,0,0,Mahmudul Hasan Joy,BAN
1262,D Mendonca (TLS),2,2,0,5,5,2.5,13,38.46,0,0,1,0,0,D Mendonca,TLS
1263,Mohammad Ishaq (AFG),1,1,0,5,5,5,10,50,0,0,0,0,0,Mohammad Ishaq,AFG
1264,J Pakhiaokajee (THA),4,4,0,5,2,1.25,18,27.77,0,0,1,0,0,J Pakhiaokajee,THA
1265,BC Sahin (TKY),1,1,0,5,5,5,12,41.66,0,0,0,1,0,BC Sahin,TKY
1266,S Sola (Samoa),2,2,0,5,5,2.5,7,71.42,0,0,1,1,0,S Sola,Samoa
1267,AL Stephen (VAN),1,1,0,5,5,5,11,45.45,0,0,0,0,0,AL Stephen,VAN
1268,Swann Htet Ko Ko (MYAN),2,2,0,5,5,2.5,23,21.73,0,0,1,0,0,Swann Htet Ko Ko,MYAN
1269,Adnan Tahir (ESP),1,1,0,4,4,4,5,80,0,0,0,0,0,Adnan Tahir,ESP
1270,PS Airee (NEP),1,1,0,4,4,4,14,28.57,0,0,0,0,0,PS Airee,NEP
1271,A Andrews (SUI),1,1,0,4,4,4,6,66.66,0,0,0,1,0,A Andrews,SUI
1272,MO Bacarese (GIBR),1,1,0,4,4,4,18,22.22,0,0,0,0,0,MO Bacarese,GIBR
1273,M Bhatia (SGP),2,2,0,4,2,2,9,44.44,0,0,0,0,0,M Bhatia,SGP
1274,FA Cossa (MOZ),1,1,0,4,4,4,8,50,0,0,0,0,0,FA Cossa,MOZ
1275,ADS Fletcher (WI),2,2,0,4,4,2,15,26.66,0,0,1,0,0,ADS Fletcher,WI
1276,J Ghelzai (AUT),1,1,0,4,4,4,6,66.66,0,0,0,0,0,J Ghelzai,AUT
1277,D Issiaka (CIV),3,3,0,4,2,1.33,29,13.79,0,0,1,0,0,D Issiaka,CIV
1278,CN Kakuru (UGA),2,1,0,4,4,4,4,100,0,0,0,1,0,CN Kakuru,UGA
1279,Mohammad Nawaz (3) (PAK),1,1,0,4,4,4,11,36.36,0,0,0,0,0,Mohammad Nawaz,3
1280,Murat Yilmaz (TKY),1,1,0,4,4,4,4,100,0,0,0,1,0,Murat Yilmaz,TKY
1281,Nasrulla Rana (HKG),2,2,0,4,2,2,9,44.44,0,0,0,0,0,Nasrulla Rana,HKG
1282,Nyein Cham Soe (MYAN),1,1,0,4,4,4,7,57.14,0,0,0,0,0,Nyein Cham Soe,MYAN
1283,V Pulibanti (CRT),1,1,0,4,4,4,15,26.66,0,0,0,1,0,V Pulibanti,CRT
1284,A Reyes (GIBR),1,1,0,4,4,4,5,80,0,0,0,1,0,A Reyes,GIBR
1285,Rizwan Mahmood (DEN),1,1,0,4,4,4,11,36.36,0,0,0,0,0,Rizwan Mahmood,DEN
1286,Sathya Narayanan (SUI),1,1,1,4,4*,0,10,40,0,0,0,0,0,Sathya Narayanan,SUI
1287,Sharveen Surendran (MAS),1,1,1,4,4*,0,11,36.36,0,0,0,0,0,Sharveen Surendran,MAS
1288,NJA Smith (PHI),2,2,0,4,4,2,9,44.44,0,0,1,0,0,NJA Smith,PHI
1289,M Ozturk (TKY),1,1,0,4,4,4,11,36.36,0,0,0,0,0,M Ozturk,TKY
1290,M Vaik (EST),1,1,0,4,4,4,22,18.18,0,0,0,0,0,M Vaik,EST
1291,KY Wilfried (CIV),2,2,0,4,4,2,17,23.52,0,0,1,0,0,KY Wilfried,CIV
1292,P Abanda (CAM),2,2,0,3,2,1.5,13,23.07,0,0,0,0,0,P Abanda,CAM
1293,Abdul Shakoor (ROM),1,1,0,3,3,3,6,50,0,0,0,0,0,Abdul Shakoor,ROM
1294,Amir Zaib (POR),2,2,0,3,3,1.5,5,60,0,0,1,0,0,Amir Zaib,POR
1295,Ayaan Khan (OMA),2,1,0,3,3,3,5,60,0,0,0,0,0,Ayaan Khan,OMA
1296,S Barnett (IOM),2,2,0,3,3,1.5,10,30,0,0,1,0,0,S Barnett,IOM
1297,E Beukes (CAM),1,1,0,3,3,3,6,50,0,0,0,0,0,E Beukes,CAM
1298,S Elayaperumal (Mex),1,1,0,3,3,3,12,25,0,0,0,0,0,S Elayaperumal,Mex
1299,Lee Kangmin (SKOR),1,1,0,3,3,3,9,33.33,0,0,0,0,0,Lee Kangmin,SKOR
1300,Muhammad Qasim (MLT),1,1,0,3,3,3,5,60,0,0,0,0,0,Muhammad Qasim,MLT
1301,N Naranbaatar (MNG),4,4,0,3,2,0.75,31,9.67,0,0,2,0,0,N Naranbaatar,MNG
1302,IP Swaney (SGP),1,1,0,3,3,3,2,150,0,0,0,0,0,IP Swaney,SGP
1303,E Sebareme (RWN),1,1,0,3,3,3,11,27.27,0,0,0,0,0,E Sebareme,RWN
1304,L Smith (Fran),1,1,0,3,3,3,11,27.27,0,0,0,0,0,L Smith,Fran
1305,EG Taylor (Chile),1,1,0,3,3,3,26,11.53,0,0,0,0,0,EG Taylor,Chile
1306,Tian Sen Qun (CHN),1,1,0,3,3,3,10,30,0,0,0,0,0,Tian Sen Qun,CHN
1307,SH Venugopal (SGP),1,1,0,3,3,3,5,60,0,0,0,0,0,SH Venugopal,SGP
1308,V Vijh (LUX),1,1,0,3,3,3,12,25,0,0,0,0,0,V Vijh,LUX
1309,Vimal Kumar (PHI),1,1,0,3,3,3,16,18.75,0,0,0,0,0,Vimal Kumar,PHI
1310,T Wangchuk (BHU),1,1,0,3,3,3,7,42.85,0,0,0,0,0,T Wangchuk,BHU
1311,Abu Zar (SWE),2,2,0,2,2,1,5,40,0,0,1,0,0,Abu Zar,SWE
1312,A Ahmadhel (BUL),1,1,0,2,2,2,6,33.33,0,0,0,0,0,A Ahmadhel,BUL
1313,Akash Babu (QAT),2,2,0,2,2,1,5,40,0,0,1,0,0,Akash Babu,QAT
1314,B Angeltti (Arg),2,2,0,2,2,1,5,40,0,0,1,0,0,B Angeltti,Arg
1315,A Awasthi (CRT),1,1,0,2,2,2,8,25,0,0,0,0,0,A Awasthi,CRT
1316,NN Banner (Blz),1,1,0,2,2,2,6,33.33,0,0,0,0,0,NN Banner,Blz
1317,R Chopra (UAE),1,1,0,2,2,2,4,50,0,0,0,0,0,R Chopra,UAE
1318,Devender Singh (GHA),1,1,0,2,2,2,4,50,0,0,0,0,0,Devender Singh,GHA
1319,A Dhar (CAY),1,1,0,2,2,2,6,33.33,0,0,0,0,0,A Dhar,CAY
1320,Hassan Khan (GER),2,2,0,2,2,1,5,40,0,0,1,0,0,Hassan Khan,GER
1321,AF Ifill (CAY),1,1,0,2,2,2,6,33.33,0,0,0,0,0,AF Ifill,CAY
1322,D Jamyansuren (MNG),2,2,0,2,2,1,31,6.45,0,0,1,0,0,D Jamyansuren,MNG
1323,N Khanna (MLT),2,2,0,2,1,1,8,25,0,0,0,0,0,N Khanna,MLT
1324,Khawaja Nafay (PAK),1,1,0,2,2,2,3,66.66,0,0,0,0,0,Khawaja Nafay,PAK
1325,Luke Ward (IOM),1,1,0,2,2,2,7,28.57,0,0,0,0,0,Luke Ward,IOM
1326,S Maduranga (SKOR),1,1,0,2,2,2,4,50,0,0,0,0,0,S Maduranga,SKOR
1327,Mihir Patel (CAN),1,1,0,2,2,2,2,100,0,0,0,0,0,Mihir Patel,CAN
1328,Muhammad Naeem (CAM),2,2,0,2,2,1,4,50,0,0,1,0,0,Muhammad Naeem,CAM
1329,T Munyonga (ZIM),1,1,0,2,2,2,6,33.33,0,0,0,0,0,T Munyonga,ZIM
1330,LA Musiani (Arg),2,2,0,2,2,1,7,28.57,0,0,1,0,0,LA Musiani,Arg
1331,Najibullah Zadran (AFG),1,1,0,2,2,2,3,66.66,0,0,0,0,0,Najibullah Zadran,AFG
1332,DM Nakrani (UGA),1,1,0,2,2,2,5,40,0,0,0,0,0,DM Nakrani,UGA
1333,CB Ondoa (CAM),1,1,0,2,2,2,16,12.5,0,0,0,0,0,CB Ondoa,CAM
1334,Ousman Bah (GMB),1,1,0,2,2,2,6,33.33,0,0,0,0,0,Ousman Bah,GMB
1335,H Pile (GIBR),1,1,0,2,2,2,6,33.33,0,0,0,0,0,H Pile,GIBR
1336,R Powell (WI),1,1,0,2,2,2,3,66.66,0,0,0,0,0,R Powell,WI
1337,PBB Rajapaksa (SL),1,1,0,2,2,2,3,66.66,0,0,0,0,0,PBB Rajapaksa,SL
1338,T Ramautar (Sur),1,1,0,2,2,2,3,66.66,0,0,0,0,0,T Ramautar,Sur
1339,Rhys Burinaga (PHI),1,1,0,2,2,2,6,33.33,0,0,0,0,0,Rhys Burinaga,PHI
1340,Rizwan Mangera (PAN),1,1,0,2,2,2,6,33.33,0,0,0,0,0,Rizwan Mangera,PAN
1341,Sandeep Goud (BHM),1,1,0,2,2,2,21,9.52,0,0,0,0,0,Sandeep Goud,BHM
1342,L Sanogo (Mali),1,1,0,2,2,2,8,25,0,0,0,0,0,L Sanogo,Mali
1343,C Shivakumar (SGP),1,1,0,2,2,2,6,33.33,0,0,0,0,0,C Shivakumar,SGP
1344,Sufyan Yousaf (OMA),1,1,0,2,2,2,4,50,0,0,0,0,0,Sufyan Yousaf,OMA
1345,Sulaiman Ali (BUL),1,1,0,2,2,2,4,50,0,0,0,0,0,Sulaiman Ali,BUL
1346,E Van Reenen (SRB),1,1,0,2,2,2,6,33.33,0,0,0,0,0,E Van Reenen,SRB
1347,Xie Kunkun (CHN),1,1,0,2,2,2,12,16.66,0,0,0,0,0,Xie Kunkun,CHN
1348,Yousif Wali (BHR),1,1,0,2,2,2,2,100,0,0,0,0,0,Yousif Wali,BHR
1349,RDB Ahir (PAN),1,1,0,1,1,1,2,50,0,0,0,0,0,RDB Ahir,PAN
1350,J Byrappa (Mex),1,1,0,1,1,1,9,11.11,0,0,0,0,0,J Byrappa,Mex
1351,TD Chaoana (LES),1,1,0,1,1,1,11,9.09,0,0,0,0,0,TD Chaoana,LES
1352,A Daxini (CRT),1,1,0,1,1,1,4,25,0,0,0,0,0,A Daxini,CRT
1353,R Escobar (Arg),2,2,0,1,1,0.5,8,12.5,0,0,1,0,0,R Escobar,Arg
1354,L Fereti (Samoa),1,1,0,1,1,1,3,33.33,0,0,0,0,0,L Fereti,Samoa
1355,Hasnain Ul Wahab (OMA),1,1,0,1,1,1,3,33.33,0,0,0,0,0,Hasnain Ul Wahab,OMA
1356,DF Jacobs (THA),1,1,0,1,1,1,10,10,0,0,0,0,0,DF Jacobs,THA
1357,Javid Patel (Zamb),1,1,0,1,1,1,8,12.5,0,0,0,0,0,Javid Patel,Zamb
1358,Karim Janat (AFG),1,1,0,1,1,1,3,33.33,0,0,0,0,0,Karim Janat,AFG
1359,B Masauko (MWI),1,1,0,1,1,1,4,25,0,0,0,0,0,B Masauko,MWI
1360,A Mene-Ejegi (SRB),1,1,0,1,1,1,3,33.33,0,0,0,0,0,A Mene-Ejegi,SRB
1361,Mohsin Shabbir (KSA),1,1,0,1,1,1,5,20,0,0,0,0,0,Mohsin Shabbir,KSA
1362,Y Naing Tun (MYAN),1,1,0,1,1,1,8,12.5,0,0,0,0,0,Y Naing Tun,MYAN
1363,Naveena Shetty (BHR),3,3,0,1,1,0.33,6,16.66,0,0,2,0,0,Naveena Shetty,BHR
1364,Nay Lin Htun (MYAN),2,2,0,1,1,0.5,8,12.5,0,0,1,0,0,Nay Lin Htun,MYAN
1365,J Pook (Blz),1,1,0,1,1,1,4,25,0,0,0,0,0,J Pook,Blz
1366,Rashid Hashmi (CRT),1,1,0,1,1,1,14,7.14,0,0,0,0,0,Rashid Hashmi,CRT
1367,Riazat Ali Shah (UGA),1,1,0,1,1,1,4,25,0,0,0,0,0,Riazat Ali Shah,UGA
1368,L Ruane (FIN),1,1,0,1,1,1,5,20,0,0,0,0,0,L Ruane,FIN
1369,Bilal Safdar (NOR),1,1,0,1,1,1,5,20,0,0,0,0,0,Bilal Safdar,NOR
1370,Salman Patel (Zamb),1,1,0,1,1,1,5,20,0,0,0,0,0,Salman Patel,Zamb
1371,D Samarawickrama (ITA),1,1,0,1,1,1,7,14.28,0,0,0,0,0,D Samarawickrama,ITA
1372,P Thongsa (THA),1,1,0,1,1,1,3,33.33,0,0,0,0,0,P Thongsa,THA
1373,B Tuyizere (RWN),1,1,0,1,1,1,6,16.66,0,0,0,0,0,B Tuyizere,RWN
1374,Zahoor Ahmad (KSA),1,1,0,1,1,1,5,20,0,0,0,0,0,Zahoor Ahmad,KSA
1375,Zakir Hasan (BAN),2,2,0,1,1,0.5,8,12.5,0,0,1,0,0,Zakir Hasan,BAN
1376,CC Machado (BRA),1,1,0,0,0,0,4,0,0,0,1,0,0,CC Machado,BRA
1377,Abdullah Shafique (PAK),2,2,0,0,0,0,3,0,0,0,2,0,0,Abdullah Shafique,PAK
1378,Abrar Bilal (AUT),1,1,0,0,0,0,2,0,0,0,1,0,0,Abrar Bilal,AUT
1379,G Aburto (Chile),1,1,0,0,0,0,4,0,0,0,1,0,0,G Aburto,Chile
1380,KO Altamirano (CRC),1,1,0,0,0,0,7,0,0,0,1,0,0,KO Altamirano,CRC
1381,Anoop Orsu (LUX),1,1,0,0,0,0,3,0,0,0,1,0,0,Anoop Orsu,LUX
1382,Arnav Manoj (SGP),3,3,0,0,0,0,7,0,0,0,3,0,0,Arnav Manoj,SGP
1383,P Arora (Mex),2,2,0,0,0,0,4,0,0,0,2,0,0,P Arora,Mex
1384,RD Atangana (CAM),1,1,0,0,0,0,2,0,0,0,1,0,0,RD Atangana,CAM
1385,Azeem Nazir (SUI),1,1,0,0,0,0,2,0,0,0,1,0,0,Azeem Nazir,SUI
1386,D Berthe (Mali),1,1,0,0,0,0,2,0,0,0,1,0,0,D Berthe,Mali
1387,L Berthe (Mali),2,2,1,0,0*,0,5,0,0,0,1,0,0,L Berthe,Mali
1388,IW Budiarta (INA),1,1,0,0,0,0,1,0,0,0,1,0,0,IW Budiarta,INA
1389,G Cupido (SUI),2,2,0,0,0,0,3,0,0,0,2,0,0,G Cupido,SUI
1390,YP Dayal (Sur),1,1,0,0,0,0,1,0,0,0,1,0,0,YP Dayal,Sur
1391,STRA de Silva (SEY),1,1,0,0,0,0,3,0,0,0,1,0,0,STRA de Silva,SEY
1392,L Erdenebulgan (MNG),2,2,0,0,0,0,9,0,0,0,2,0,0,L Erdenebulgan,MNG
1393,EF Faalupega (Samoa),1,1,0,0,0,0,3,0,0,0,1,0,0,EF Faalupega,Samoa
1394,Garret Banner (Blz),1,1,0,0,0,0,1,0,0,0,1,0,0,Garret Banner,Blz
1395,AK Gokoel (Sur),1,1,0,0,0,0,8,0,0,0,1,0,0,AK Gokoel,Sur
1396,R Goodwin (PHI),1,1,0,0,0,0,5,0,0,0,1,0,0,R Goodwin,PHI
1397,SU Halarnkar (CRC),1,1,0,0,0,0,1,0,0,0,1,0,0,SU Halarnkar,CRC
1398,DJ Hawoe (INA),1,1,0,0,0,0,1,0,0,0,1,0,0,DJ Hawoe,INA
1399,JO Holder (WI),2,2,0,0,0,0,7,0,0,0,2,0,0,JO Holder,WI
1400,AS Hundal (CAN),1,1,0,0,0,0,4,0,0,0,1,0,0,AS Hundal,CAN
1401,A Husain (Arg),1,1,1,0,0*,0,1,0,0,0,0,0,0,A Husain,Arg
1402,K Kato-Stafford (JPN),1,1,0,0,0,0,2,0,0,0,1,0,0,K Kato-Stafford,JPN
1403,S Koppolu (SVN),1,1,0,0,0,0,3,0,0,0,1,0,0,S Koppolu,SVN
1404,Manpreet Singh (SGP),1,1,0,0,0,0,1,0,0,0,1,0,0,Manpreet Singh,SGP
1405,Md Ariyan (ROM),1,1,0,0,0,0,1,0,0,0,1,0,0,Md Ariyan,ROM
1406,PK Mohanarangam (Mex),1,1,0,0,0,0,2,0,0,0,1,0,0,PK Mohanarangam,Mex
1407,J Pakeman (Blz),1,1,0,0,0,0,1,0,0,0,1,0,0,J Pakeman,Blz
1408,C Rubagumya (RWN),1,1,0,0,0,0,2,0,0,0,1,0,0,C Rubagumya,RWN
1409,J Scheffer (Falk),1,1,0,0,0,0,0,0,0,0,1,0,0,J Scheffer,Falk
1410,M Sidibe (Mali),2,2,0,0,0,0,4,0,0,0,2,0,0,M Sidibe,Mali
1411,B Terbish (MNG),2,2,0,0,0,0,11,0,0,0,2,0,0,B Terbish,MNG
1412,NK Tiwari (CYP),1,1,0,0,0,0,1,0,0,0,1,0,0,NK Tiwari,CYP
1413,AN Toube (CAM),1,1,0,0,0,0,2,0,0,0,1,0,0,AN Toube,CAM
1414,J Umanath (Mex),1,1,0,0,0,0,3,0,0,0,1,0,0,J Umanath,Mex
1415,P Useni (NGA),1,1,0,0,0,0,1,0,0,0,1,0,0,P Useni,NGA
1416,HGV Vare (PNG),1,1,0,0,0,0,4,0,0,0,1,0,0,HGV Vare,PNG
1417,Vivek Dixit (LUX),1,1,0,0,0,0,1,0,0,0,1,0,0,Vivek Dixit,LUX
1418,A Busing-Volschenk (NAM),1,1,0,0,0,0,1,0,0,0,1,0,0,A Busing-Volschenk,NAM
1419,Xie Qiulai (CHN),1,1,0,0,0,0,2,0,0,0,1,0,0,Xie Qiulai,CHN
1420,Zabiullah Zahid (SWE),1,1,0,0,0,0,1,0,0,0,1,0,0,Zabiullah Zahid,SWE
1421,BAA Zammitt (GIBR),1,1,0,0,0,0,6,0,0,0,1,0,0,BAA Zammitt,GIBR
1422,Zou Kui (CHN),1,1,0,0,0,0,1,0,0,0,1,0,0,Zou Kui,CHN
1423,Khalid Zahid (SWE),1,0,0,0,0,0,0,0,0,0,0,0,0,Khalid Zahid,SWE
1424,B Balala (MWI),1,0,0,0,0,0,0,0,0,0,0,0,0,B Balala,MWI
1425,Ghulam Ahmadi (GER),1,0,0,0,0,0,0,0,0,0,0,0,0,Ghulam Ahmadi,GER
1426,RK Kiseto (TAN),1,0,0,0,0,0,0,0,0,0,0,0,0,RK Kiseto,TAN
1427,RM Koda (INA),1,0,0,0,0,0,0,0,0,0,0,0,0,RM Koda,INA
1428,A Morris (CAY),1,0,0,0,0,0,0,0,0,0,0,0,0,A Morris,CAY
1429,SO Ngoche (KENYA),1,0,0,0,0,0,0,0,0,0,0,0,0,SO Ngoche,KENYA
1430,IO Okpe (NGA),1,0,0,0,0,0,0,0,0,0,0,0,0,IO Okpe,NGA
1431,LN Oluoch (KENYA),3,0,0,0,0,0,0,0,0,0,0,0,0,LN Oluoch,KENYA
1432,B Pondani (MWI),1,0,0,0,0,0,0,0,0,0,0,0,0,B Pondani,MWI
1433,CR Richards (STHEL),1,0,0,0,0,0,0,0,0,0,0,0,0,CR Richards,STHEL
1434,Robert Raina (THA),1,0,0,0,0,0,0,0,0,0,0,0,0,Robert Raina,THA
1435,O Sam Arthur (CRC),1,0,0,0,0,0,0,0,0,0,0,0,0,O Sam Arthur,CRC
1436,D St Ange (),1,0,0,0,0,0,0,0,0,0,0,0,0,D St Ange,
